_id;publication_id;auteur_id;contenu;date;aimes;reponses
000400000000000000000001;000300000000000000000111;000100000000000000000042;Bien equipe !;2026-08-18 04:34:00;"00010000000000000000004c;000100000000000000000034;000100000000000000000020";"[{""_id"": {""$oid"": ""000800000000000000000001""}, ""auteur_id"": {""$oid"": ""000100000000000000000001""}, ""contenu"": ""Merci pour le partage."", ""date"": {""$date"": ""2026-08-20T05:15:00Z""}, ""aimes"": []}]"
000400000000000000000002;000300000000000000000111;000100000000000000000066;Bien equipe !;2026-08-21 21:27:00;"00010000000000000000004d;000100000000000000000040;000100000000000000000083;000100000000000000000088";"[{""_id"": {""$oid"": ""000800000000000000000002""}, ""auteur_id"": {""$oid"": ""000100000000000000000001""}, ""contenu"": ""Avec plaisir."", ""date"": {""$date"": ""2026-08-24T09:33:00Z""}, ""aimes"": []}]"
000400000000000000000003;000300000000000000000111;000100000000000000000044;Le necessaire.;2026-08-15 17:56:00;"000100000000000000000093;00010000000000000000005c;000100000000000000000028;00010000000000000000003f";
000400000000000000000004;000300000000000000000132;00010000000000000000006f;Mes jambes tremblent.;2026-08-19 14:43:00;"000100000000000000000044;000100000000000000000092;00010000000000000000006b;000100000000000000000057";
000400000000000000000005;000300000000000000000132;000100000000000000000050;Mes jambes tremblent.;2026-08-25 20:21:00;"00010000000000000000005b;000100000000000000000075;000100000000000000000082;00010000000000000000001e";
000400000000000000000006;000300000000000000000132;00010000000000000000002e;Pas pour moi.;2026-08-23 22:57:00;;
000400000000000000000007;000300000000000000000150;000100000000000000000080;Cette deadline a bien de la chance.;2026-08-31 05:23:00;000100000000000000000071;
000400000000000000000008;000300000000000000000150;00010000000000000000001d;Haha, on te croit sur parole.;2026-08-29 00:48:00;"000100000000000000000007;00010000000000000000002a";
000400000000000000000009;000300000000000000000150;000100000000000000000038;Le cafe fait tout le travail, alors.;2026-08-29 21:22:00;00010000000000000000007a;
00040000000000000000000a;000300000000000000000155;000100000000000000000065;Elles sont magnifiques.;2026-08-24 12:48:00;;
00040000000000000000000b;000300000000000000000155;000100000000000000000048;Elles sont magnifiques.;2026-08-23 18:46:00;"00010000000000000000005e;00010000000000000000001a";
00040000000000000000000c;000300000000000000000155;000100000000000000000016;Superbe choix.;2026-08-25 06:35:00;"000100000000000000000015;000100000000000000000020;000100000000000000000005;00010000000000000000005a";
00040000000000000000000d;000300000000000000000199;000100000000000000000003;Passionnant !;2026-09-03 02:37:00;"00010000000000000000002a;00010000000000000000000a;00010000000000000000007b;00010000000000000000004b";
00040000000000000000000e;000300000000000000000199;000100000000000000000058;L'electronique, quel art.;2026-09-08 14:13:00;000100000000000000000072;
00040000000000000000000f;000300000000000000000199;00010000000000000000006d;Tu pourrais l'expliquer ?;2026-09-07 09:52:00;000100000000000000000035;
000400000000000000000010;0003000000000000000001a8;000100000000000000000037;Interessant, merci pour l'info.;2026-09-09 02:36:00;000100000000000000000075;
000400000000000000000011;0003000000000000000001a8;000100000000000000000033;Tres instructif.;2026-09-14 02:55:00;"000100000000000000000086;000100000000000000000038;00010000000000000000006c";
000400000000000000000012;0003000000000000000001a8;000100000000000000000096;Interessant, merci pour l'info.;2026-09-07 12:22:00;;"[{""_id"": {""$oid"": ""000800000000000000000003""}, ""auteur_id"": {""$oid"": ""000100000000000000000001""}, ""contenu"": ""Sympa !"", ""date"": {""$date"": ""2026-09-07T22:25:00Z""}, ""aimes"": []}, {""_id"": {""$oid"": ""000800000000000000000004""}, ""auteur_id"": {""$oid"": ""000100000000000000000001""}, ""contenu"": ""J'aime bien."", ""date"": {""$date"": ""2026-09-08T20:29:00Z""}, ""aimes"": []}]"
000400000000000000000013;0003000000000000000001b2;000100000000000000000043;J'aime bien.;2026-09-08 23:04:00;"000100000000000000000086;000100000000000000000063";
000400000000000000000014;0003000000000000000001b2;000100000000000000000093;Belle photo.;2026-09-14 16:46:00;000100000000000000000080;
000400000000000000000015;0003000000000000000001b2;000100000000000000000013;Belle photo.;2026-09-10 23:51:00;00010000000000000000001d;
000400000000000000000016;0003000000000000000001e4;000100000000000000000008;Continue comme ca.;2026-09-19 21:16:00;"000100000000000000000090;000100000000000000000032;000100000000000000000011;00010000000000000000008f";
000400000000000000000017;0003000000000000000001e4;000100000000000000000076;Courage, tu geres !;2026-09-18 06:12:00;;"[{""_id"": {""$oid"": ""000800000000000000000005""}, ""auteur_id"": {""$oid"": ""00010000000000000000000e""}, ""contenu"": ""Merci !"", ""date"": {""$date"": ""2026-09-18T21:28:00Z""}, ""aimes"": []}, {""_id"": {""$oid"": ""000800000000000000000006""}, ""auteur_id"": {""$oid"": ""00010000000000000000003c""}, ""contenu"": ""J'aime bien."", ""date"": {""$date"": ""2026-09-20T20:06:00Z""}, ""aimes"": []}]"
000400000000000000000018;0003000000000000000001e4;000100000000000000000023;Courage, tu geres !;2026-09-22 23:53:00;"000100000000000000000016;000100000000000000000050";
000400000000000000000019;0003000000000000000001f6;000100000000000000000086;J'aime bien.;2026-09-22 03:52:00;;"[{""_id"": {""$oid"": ""000800000000000000000007""}, ""auteur_id"": {""$oid"": ""000100000000000000000075""}, ""contenu"": ""Merci !"", ""date"": {""$date"": ""2026-09-24T02:24:00Z""}, ""aimes"": []}]"
00040000000000000000001a;0003000000000000000001f6;000100000000000000000088;J'aime bien.;2026-09-19 20:23:00;;
00040000000000000000001b;0003000000000000000001f6;000100000000000000000002;J'aime bien.;2026-09-25 09:49:00;"000100000000000000000016;000100000000000000000029;000100000000000000000020";"[{""_id"": {""$oid"": ""000800000000000000000008""}, ""auteur_id"": {""$oid"": ""000100000000000000000001""}, ""contenu"": ""Merci !"", ""date"": {""$date"": ""2026-09-27T09:32:00Z""}, ""aimes"": []}]"
00040000000000000000001c;000300000000000000000208;000100000000000000000087;Je me pose la meme question.;2026-09-28 08:12:00;"00010000000000000000002f;00010000000000000000003f";
00040000000000000000001d;000300000000000000000208;000100000000000000000054;Incroyable.;2026-09-28 04:05:00;00010000000000000000003d;
00040000000000000000001e;000300000000000000000208;000100000000000000000037;A voir un jour.;2026-09-22 03:57:00;"000100000000000000000085;000100000000000000000077;00010000000000000000005a;00010000000000000000001e";
00040000000000000000001f;000300000000000000000195;000100000000000000000077;Belle ambiance.;2026-09-05 02:36:00;;
000400000000000000000020;000300000000000000000202;00010000000000000000005a;J'aime bien.;2026-09-21 07:21:00;"00010000000000000000008a;00010000000000000000000f;000100000000000000000070;000100000000000000000001";
000400000000000000000021;000300000000000000000253;000100000000000000000075;Bon courage pour les exams !;2026-10-03 04:08:00;000100000000000000000048;
000400000000000000000022;00030000000000000000020a;000100000000000000000019;Sympa !;2026-09-24 08:20:00;"000100000000000000000084;00010000000000000000008c;00010000000000000000006d";
000400000000000000000023;000300000000000000000005;000100000000000000000080;J'aime bien.;2026-06-16 08:43:00;"000100000000000000000054;000100000000000000000058;00010000000000000000008b";
000400000000000000000024;0003000000000000000000a5;000100000000000000000057;J'aime bien.;2026-07-15 11:17:00;;
000400000000000000000025;000300000000000000000075;00010000000000000000004f;Courage, tu geres !;2026-07-09 04:03:00;"00010000000000000000006e;000100000000000000000057;00010000000000000000001b;00010000000000000000008b";"[{""_id"": {""$oid"": ""000800000000000000000009""}, ""auteur_id"": {""$oid"": ""000100000000000000000020""}, ""contenu"": ""J'aime bien."", ""date"": {""$date"": ""2026-07-10T10:05:00Z""}, ""aimes"": []}, {""_id"": {""$oid"": ""00080000000000000000000a""}, ""auteur_id"": {""$oid"": ""00010000000000000000004b""}, ""contenu"": ""Belle publication."", ""date"": {""$date"": ""2026-07-10T12:29:00Z""}, ""aimes"": []}]"
000400000000000000000026;000300000000000000000009;000100000000000000000020;Sympa !;2026-06-13 00:02:00;;
000400000000000000000027;00030000000000000000014c;00010000000000000000004f;Belle reflexion.;2026-08-31 14:24:00;"000100000000000000000046;000100000000000000000053;00010000000000000000000c;000100000000000000000043";
000400000000000000000028;00030000000000000000018b;000100000000000000000014;Continue comme ca.;2026-08-31 21:39:00;"000100000000000000000073;000100000000000000000042;000100000000000000000009";"[{""_id"": {""$oid"": ""00080000000000000000000b""}, ""auteur_id"": {""$oid"": ""000100000000000000000034""}, ""contenu"": ""Sympa !"", ""date"": {""$date"": ""2026-09-02T04:40:00Z""}, ""aimes"": []}, {""_id"": {""$oid"": ""00080000000000000000000c""}, ""auteur_id"": {""$oid"": ""00010000000000000000002a""}, ""contenu"": ""Merci pour le partage."", ""date"": {""$date"": ""2026-09-02T17:42:00Z""}, ""aimes"": []}]"
000400000000000000000029;000300000000000000000108;000100000000000000000073;Merci de l'avertissement.;2026-08-18 02:13:00;"000100000000000000000091;000100000000000000000083;00010000000000000000005d";
00040000000000000000002a;00030000000000000000018d;00010000000000000000007b;Tellement vrai.;2026-09-03 09:29:00;;
00040000000000000000002b;0003000000000000000001b7;000100000000000000000032;Merci de partager.;2026-09-08 06:11:00;"000100000000000000000027;00010000000000000000006e;00010000000000000000004b";
00040000000000000000002c;000300000000000000000117;000100000000000000000018;Sympa !;2026-08-18 23:30:00;"000100000000000000000074;00010000000000000000008a;000100000000000000000052;000100000000000000000038";
00040000000000000000002d;000300000000000000000164;000100000000000000000075;Cette deadline a bien de la chance.;2026-08-30 21:41:00;"00010000000000000000005c;000100000000000000000086";"[{""_id"": {""$oid"": ""00080000000000000000000d""}, ""auteur_id"": {""$oid"": ""00010000000000000000008e""}, ""contenu"": ""Sympa !"", ""date"": {""$date"": ""2026-09-01T05:05:00Z""}, ""aimes"": []}]"
00040000000000000000002e;0003000000000000000001ed;000100000000000000000001;Merci pour ce rappel.;2026-09-20 06:25:00;"000100000000000000000004;000100000000000000000046;000100000000000000000071;000100000000000000000001";
00040000000000000000002f;000300000000000000000100;00010000000000000000004c;J'aime bien.;2026-08-09 06:10:00;000100000000000000000064;
000400000000000000000030;0003000000000000000001cd;000100000000000000000048;Belle journee !;2026-09-12 06:18:00;"000100000000000000000065;000100000000000000000095";
000400000000000000000031;00030000000000000000024b;00010000000000000000002e;Salut, bonne energie.;2026-10-04 19:11:00;"000100000000000000000024;00010000000000000000000d;000100000000000000000039;000100000000000000000029";
000400000000000000000032;0003000000000000000001f2;000100000000000000000036;Profite bien.;2026-09-19 23:02:00;;
000400000000000000000033;000300000000000000000191;000100000000000000000075;Belle photo.;2026-09-04 15:21:00;000100000000000000000013;
000400000000000000000034;0003000000000000000001dc;000100000000000000000029;Belle photo.;2026-09-16 22:17:00;000100000000000000000058;"[{""_id"": {""$oid"": ""00080000000000000000000e""}, ""auteur_id"": {""$oid"": ""000100000000000000000076""}, ""contenu"": ""Merci !"", ""date"": {""$date"": ""2026-09-17T06:41:00Z""}, ""aimes"": []}, {""_id"": {""$oid"": ""00080000000000000000000f""}, ""auteur_id"": {""$oid"": ""000100000000000000000020""}, ""contenu"": ""Belle publication."", ""date"": {""$date"": ""2026-09-19T01:40:00Z""}, ""aimes"": []}]"
000400000000000000000035;0003000000000000000001ed;000100000000000000000078;Merci pour ce rappel.;2026-09-21 17:57:00;"00010000000000000000000c;000100000000000000000035;000100000000000000000008;000100000000000000000034";"[{""_id"": {""$oid"": ""000800000000000000000010""}, ""auteur_id"": {""$oid"": ""000100000000000000000056""}, ""contenu"": ""Merci !"", ""date"": {""$date"": ""2026-09-22T09:27:00Z""}, ""aimes"": []}]"
000400000000000000000036;000300000000000000000029;000100000000000000000046;Moi non plus, jamais !;2026-06-19 04:23:00;"000100000000000000000057;000100000000000000000031;000100000000000000000021";
000400000000000000000037;00030000000000000000015a;000100000000000000000063;Cette deadline a bien de la chance.;2026-08-30 04:40:00;"000100000000000000000045;000100000000000000000072;000100000000000000000071;000100000000000000000008";
000400000000000000000038;00030000000000000000013e;000100000000000000000081;Je veux y aller !;2026-08-29 15:04:00;;"[{""_id"": {""$oid"": ""000800000000000000000011""}, ""auteur_id"": {""$oid"": ""000100000000000000000007""}, ""contenu"": ""Merci pour le partage."", ""date"": {""$date"": ""2026-09-01T11:25:00Z""}, ""aimes"": []}]"
000400000000000000000039;00030000000000000000020a;000100000000000000000033;Belle photo.;2026-10-01 05:14:00;;
00040000000000000000003a;0003000000000000000001c1;00010000000000000000000e;Salut, bonne energie.;2026-09-19 00:21:00;;
00040000000000000000003b;000300000000000000000010;00010000000000000000007d;Tu pourrais l'expliquer ?;2026-06-16 06:22:00;000100000000000000000064;
00040000000000000000003c;000300000000000000000173;000100000000000000000091;Le cafe fait tout le travail, alors.;2026-09-01 17:39:00;"000100000000000000000002;000100000000000000000054";"[{""_id"": {""$oid"": ""000800000000000000000012""}, ""auteur_id"": {""$oid"": ""00010000000000000000003e""}, ""contenu"": ""J'aime bien."", ""date"": {""$date"": ""2026-09-02T07:14:00Z""}, ""aimes"": []}, {""_id"": {""$oid"": ""000800000000000000000013""}, ""auteur_id"": {""$oid"": ""000100000000000000000015""}, ""contenu"": ""J'aime bien."", ""date"": {""$date"": ""2026-09-03T21:12:00Z""}, ""aimes"": []}]"
00040000000000000000003d;000300000000000000000236;000100000000000000000043;Bien recu, je m'en occupe.;2026-10-02 03:13:00;"000100000000000000000020;000100000000000000000087;000100000000000000000027";
00040000000000000000003e;00030000000000000000008e;00010000000000000000004b;Je comprends ce sentiment.;2026-07-18 16:59:00;"000100000000000000000012;000100000000000000000047";
00040000000000000000003f;0003000000000000000001f8;00010000000000000000002c;Beau souvenir.;2026-09-24 04:09:00;;
000400000000000000000040;000300000000000000000169;000100000000000000000041;Reviens vite.;2026-08-27 01:38:00;"000100000000000000000081;000100000000000000000079;00010000000000000000002d;00010000000000000000006c";
000400000000000000000041;00030000000000000000002a;000100000000000000000036;On se croirait dans un reve.;2026-06-26 23:10:00;000100000000000000000016;
000400000000000000000042;0003000000000000000000ae;00010000000000000000002a;Bien equipe !;2026-07-19 23:39:00;"000100000000000000000096;000100000000000000000087;000100000000000000000029;000100000000000000000020";
000400000000000000000043;00030000000000000000015f;000100000000000000000052;Joli.;2026-08-31 08:59:00;"000100000000000000000020;000100000000000000000037;000100000000000000000024";
000400000000000000000044;0003000000000000000001eb;000100000000000000000002;L'histoire nous enseigne.;2026-09-20 08:11:00;"00010000000000000000005a;00010000000000000000006c";
000400000000000000000045;00030000000000000000002a;000100000000000000000076;Quel endroit splendide.;2026-06-28 00:17:00;"00010000000000000000001d;000100000000000000000077";
000400000000000000000046;000300000000000000000123;000100000000000000000062;J'aime bien.;2026-08-21 16:37:00;"00010000000000000000005f;000100000000000000000071";"[{""_id"": {""$oid"": ""000800000000000000000014""}, ""auteur_id"": {""$oid"": ""000100000000000000000086""}, ""contenu"": ""Merci !"", ""date"": {""$date"": ""2026-08-21T22:47:00Z""}, ""aimes"": []}, {""_id"": {""$oid"": ""000800000000000000000015""}, ""auteur_id"": {""$oid"": ""00010000000000000000001a""}, ""contenu"": ""Avec plaisir."", ""date"": {""$date"": ""2026-08-24T04:15:00Z""}, ""aimes"": []}]"
000400000000000000000047;00030000000000000000001e;000100000000000000000067;J'aime bien.;2026-06-20 15:39:00;"000100000000000000000067;000100000000000000000060;00010000000000000000007a";
000400000000000000000048;000300000000000000000080;00010000000000000000006f;Je veux y aller !;2026-07-11 21:52:00;"000100000000000000000065;00010000000000000000000c;000100000000000000000090";
000400000000000000000049;000300000000000000000058;00010000000000000000005b;Je veux y aller !;2026-06-28 16:22:00;;"[{""_id"": {""$oid"": ""000800000000000000000016""}, ""auteur_id"": {""$oid"": ""000100000000000000000024""}, ""contenu"": ""Merci pour le partage."", ""date"": {""$date"": ""2026-06-29T16:22:00Z""}, ""aimes"": []}, {""_id"": {""$oid"": ""000800000000000000000017""}, ""auteur_id"": {""$oid"": ""00010000000000000000008e""}, ""contenu"": ""Sympa !"", ""date"": {""$date"": ""2026-06-30T04:08:00Z""}, ""aimes"": []}]"
00040000000000000000004a;0003000000000000000001a4;00010000000000000000004b;Reviser, toujours reviser.;2026-09-11 15:16:00;"000100000000000000000088;000100000000000000000023;00010000000000000000008f";
00040000000000000000004b;000300000000000000000197;000100000000000000000054;Le necessaire.;2026-09-06 20:52:00;"00010000000000000000004d;000100000000000000000047";
00040000000000000000004c;000300000000000000000147;000100000000000000000025;Belle photo.;2026-08-23 10:45:00;"00010000000000000000002c;00010000000000000000008a;000100000000000000000078;00010000000000000000003c";"[{""_id"": {""$oid"": ""000800000000000000000018""}, ""auteur_id"": {""$oid"": ""00010000000000000000008e""}, ""contenu"": ""Avec plaisir."", ""date"": {""$date"": ""2026-08-23T13:43:00Z""}, ""aimes"": []}]"
00040000000000000000004d;0003000000000000000000d7;000100000000000000000088;Dis-moi l'heure et j'arrive.;2026-08-03 09:20:00;;
00040000000000000000004e;0003000000000000000001fc;00010000000000000000005b;Sympa !;2026-09-23 03:25:00;"00010000000000000000006b;00010000000000000000006f";
00040000000000000000004f;000300000000000000000197;000100000000000000000056;Bien equipe !;2026-09-08 00:58:00;;"[{""_id"": {""$oid"": ""000800000000000000000019""}, ""auteur_id"": {""$oid"": ""000100000000000000000017""}, ""contenu"": ""Belle publication."", ""date"": {""$date"": ""2026-09-08T05:01:00Z""}, ""aimes"": []}]"
000400000000000000000050;0003000000000000000001a4;00010000000000000000008d;Reviser, toujours reviser.;2026-09-13 03:07:00;00010000000000000000003e;
000400000000000000000051;00030000000000000000011f;000100000000000000000006;Belle concentration.;2026-08-16 10:47:00;"000100000000000000000041;000100000000000000000081";"[{""_id"": {""$oid"": ""00080000000000000000001a""}, ""auteur_id"": {""$oid"": ""000100000000000000000083""}, ""contenu"": ""Avec plaisir."", ""date"": {""$date"": ""2026-08-16T12:21:00Z""}, ""aimes"": []}]"
000400000000000000000052;0003000000000000000001ef;000100000000000000000089;Belle photo.;2026-09-21 05:26:00;"000100000000000000000060;000100000000000000000023";
000400000000000000000053;000300000000000000000201;000100000000000000000049;Tellement romantique.;2026-09-23 08:50:00;"000100000000000000000075;000100000000000000000086";"[{""_id"": {""$oid"": ""00080000000000000000001b""}, ""auteur_id"": {""$oid"": ""00010000000000000000001b""}, ""contenu"": ""Sympa !"", ""date"": {""$date"": ""2026-09-24T04:58:00Z""}, ""aimes"": []}, {""_id"": {""$oid"": ""00080000000000000000001c""}, ""auteur_id"": {""$oid"": ""000100000000000000000032""}, ""contenu"": ""Merci !"", ""date"": {""$date"": ""2026-09-24T18:09:00Z""}, ""aimes"": []}]"
000400000000000000000054;0003000000000000000001da;000100000000000000000086;Le necessaire.;2026-09-17 14:41:00;"000100000000000000000066;00010000000000000000006d";"[{""_id"": {""$oid"": ""00080000000000000000001d""}, ""auteur_id"": {""$oid"": ""000100000000000000000020""}, ""contenu"": ""Avec plaisir."", ""date"": {""$date"": ""2026-09-18T08:17:00Z""}, ""aimes"": []}, {""_id"": {""$oid"": ""00080000000000000000001e""}, ""auteur_id"": {""$oid"": ""000100000000000000000020""}, ""contenu"": ""Avec plaisir."", ""date"": {""$date"": ""2026-09-19T03:13:00Z""}, ""aimes"": []}]"
000400000000000000000055;000300000000000000000033;000100000000000000000070;Courage.;2026-06-23 00:58:00;"000100000000000000000094;00010000000000000000005b;00010000000000000000008a;000100000000000000000070";
000400000000000000000056;00030000000000000000019a;000100000000000000000056;Sympa !;2026-09-05 02:09:00;"000100000000000000000096;00010000000000000000001d;00010000000000000000006f;000100000000000000000022";"[{""_id"": {""$oid"": ""00080000000000000000001f""}, ""auteur_id"": {""$oid"": ""000100000000000000000054""}, ""contenu"": ""Sympa !"", ""date"": {""$date"": ""2026-09-07T04:35:00Z""}, ""aimes"": []}]"
000400000000000000000057;000300000000000000000121;000100000000000000000044;Belle photo.;2026-08-21 05:00:00;"00010000000000000000006c;00010000000000000000002c;000100000000000000000033";
000400000000000000000058;0003000000000000000001a9;000100000000000000000066;Continue comme ca.;2026-09-14 23:51:00;"000100000000000000000024;00010000000000000000006f";
000400000000000000000059;00030000000000000000013b;000100000000000000000088;Je vois bien un film ici.;2026-08-24 03:06:00;"000100000000000000000076;000100000000000000000031;000100000000000000000070;00010000000000000000007c";
00040000000000000000005a;000300000000000000000212;000100000000000000000086;Sympa !;2026-09-23 18:40:00;00010000000000000000007f;
00040000000000000000005b;00030000000000000000003f;000100000000000000000014;A voir un jour.;2026-06-29 02:45:00;"000100000000000000000051;000100000000000000000021;000100000000000000000003;000100000000000000000031";
00040000000000000000005c;00030000000000000000015b;000100000000000000000034;Courage, tu geres !;2026-09-01 01:35:00;000100000000000000000020;
00040000000000000000005d;000300000000000000000109;00010000000000000000005f;Quel endroit splendide.;2026-08-19 02:33:00;00010000000000000000004f;"[{""_id"": {""$oid"": ""000800000000000000000020""}, ""auteur_id"": {""$oid"": ""000100000000000000000047""}, ""contenu"": ""Avec plaisir."", ""date"": {""$date"": ""2026-08-21T12:34:00Z""}, ""aimes"": []}]"
00040000000000000000005e;000300000000000000000190;000100000000000000000046;Haha, on te croit sur parole.;2026-09-05 04:55:00;;
00040000000000000000005f;0003000000000000000001bd;000100000000000000000031;Belle photo.;2026-09-13 11:46:00;00010000000000000000003d;
000400000000000000000060;000300000000000000000225;000100000000000000000037;J'aime bien.;2026-10-03 12:09:00;00010000000000000000004a;
000400000000000000000061;0003000000000000000000c0;000100000000000000000031;Sympa !;2026-08-02 04:44:00;"000100000000000000000004;00010000000000000000003d";"[{""_id"": {""$oid"": ""000800000000000000000021""}, ""auteur_id"": {""$oid"": ""000100000000000000000084""}, ""contenu"": ""Avec plaisir."", ""date"": {""$date"": ""2026-08-03T19:57:00Z""}, ""aimes"": []}]"
000400000000000000000062;000300000000000000000011;00010000000000000000000e;Mes jambes tremblent.;2026-06-20 13:36:00;"000100000000000000000087;000100000000000000000049;000100000000000000000011;000100000000000000000047";
000400000000000000000063;000300000000000000000133;00010000000000000000002a;Belle photo.;2026-08-19 09:07:00;;"[{""_id"": {""$oid"": ""000800000000000000000022""}, ""auteur_id"": {""$oid"": ""000100000000000000000014""}, ""contenu"": ""J'aime bien."", ""date"": {""$date"": ""2026-08-20T05:31:00Z""}, ""aimes"": []}, {""_id"": {""$oid"": ""000800000000000000000023""}, ""auteur_id"": {""$oid"": ""000100000000000000000088""}, ""contenu"": ""Belle publication."", ""date"": {""$date"": ""2026-08-21T15:58:00Z""}, ""aimes"": []}]"
000400000000000000000064;000300000000000000000084;000100000000000000000037;Trop mignon.;2026-07-16 16:50:00;"00010000000000000000000e;000100000000000000000096;000100000000000000000091;000100000000000000000078";
000400000000000000000065;0003000000000000000000c6;000100000000000000000007;Sympa !;2026-07-27 12:40:00;"000100000000000000000034;000100000000000000000017";
000400000000000000000066;00030000000000000000016d;00010000000000000000006a;Je veux y aller !;2026-09-02 22:11:00;"000100000000000000000039;00010000000000000000007e;000100000000000000000070";"[{""_id"": {""$oid"": ""000800000000000000000024""}, ""auteur_id"": {""$oid"": ""000100000000000000000084""}, ""contenu"": ""Belle publication."", ""date"": {""$date"": ""2026-09-04T23:32:00Z""}, ""aimes"": []}, {""_id"": {""$oid"": ""000800000000000000000025""}, ""auteur_id"": {""$oid"": ""000100000000000000000084""}, ""contenu"": ""Belle publication."", ""date"": {""$date"": ""2026-09-05T05:17:00Z""}, ""aimes"": []}]"
000400000000000000000067;0003000000000000000000f3;00010000000000000000005c;J'ai appris quelque chose.;2026-08-08 15:37:00;;
000400000000000000000068;0003000000000000000001e2;000100000000000000000072;Belle photo.;2026-09-16 16:04:00;000100000000000000000057;
000400000000000000000069;0003000000000000000001a1;000100000000000000000024;Important de s'en souvenir.;2026-09-08 01:42:00;"000100000000000000000078;000100000000000000000019";
00040000000000000000006a;000300000000000000000253;00010000000000000000000e;Bon courage pour les exams !;2026-10-04 03:38:00;"000100000000000000000040;000100000000000000000095";
00040000000000000000006b;0003000000000000000001ec;000100000000000000000038;J'aime bien.;2026-09-26 15:48:00;000100000000000000000045;
00040000000000000000006c;000300000000000000000063;00010000000000000000002e;Magnifique !;2026-07-05 17:55:00;;
00040000000000000000006d;0003000000000000000000dc;00010000000000000000005a;Sympa !;2026-07-31 14:49:00;000100000000000000000042;
00040000000000000000006e;0003000000000000000001eb;00010000000000000000003a;Important de s'en souvenir.;2026-09-24 13:18:00;"000100000000000000000029;000100000000000000000079;00010000000000000000008b";
00040000000000000000006f;0003000000000000000001fd;000100000000000000000055;Tellement vrai.;2026-09-26 09:46:00;00010000000000000000004a;
000400000000000000000070;000300000000000000000248;000100000000000000000073;Cette deadline a bien de la chance.;2026-10-03 23:42:00;"000100000000000000000012;000100000000000000000022;00010000000000000000000c;000100000000000000000039";
000400000000000000000071;0003000000000000000000e7;000100000000000000000074;Bon courage pour les exams !;2026-08-03 08:09:00;000100000000000000000072;
000400000000000000000072;000300000000000000000099;00010000000000000000005a;Salut, bonne energie.;2026-07-19 19:03:00;"000100000000000000000051;000100000000000000000077";
000400000000000000000073;00030000000000000000022f;00010000000000000000000d;Sympa !;2026-09-30 01:48:00;;
000400000000000000000074;0003000000000000000001f5;00010000000000000000006d;Belle reflexion.;2026-09-25 20:13:00;;
000400000000000000000075;000300000000000000000233;000100000000000000000066;Sympa !;2026-10-01 07:42:00;;
000400000000000000000076;000300000000000000000195;000100000000000000000048;Ca fait reveur.;2026-09-03 18:45:00;000100000000000000000065;
000400000000000000000077;0003000000000000000001e1;000100000000000000000048;Merci, pareil pour toi.;2026-09-18 11:08:00;"00010000000000000000006c;000100000000000000000018;000100000000000000000041;000100000000000000000026";
000400000000000000000078;0003000000000000000001bb;00010000000000000000001c;On dirait un decor de cauchemar.;2026-09-16 22:46:00;;
000400000000000000000079;0003000000000000000001d9;00010000000000000000000f;A tout de suite.;2026-09-19 04:23:00;"000100000000000000000066;000100000000000000000081;00010000000000000000003e";
00040000000000000000007a;000300000000000000000176;000100000000000000000053;A tout de suite.;2026-08-29 18:06:00;"000100000000000000000073;00010000000000000000008c;000100000000000000000052;00010000000000000000007c";
00040000000000000000007b;0003000000000000000000db;00010000000000000000001c;Sympa !;2026-07-31 13:57:00;00010000000000000000008b;
00040000000000000000007c;00030000000000000000001e;000100000000000000000060;Sympa !;2026-06-17 07:59:00;000100000000000000000058;"[{""_id"": {""$oid"": ""000800000000000000000026""}, ""auteur_id"": {""$oid"": ""000100000000000000000084""}, ""contenu"": ""Avec plaisir."", ""date"": {""$date"": ""2026-06-18T14:48:00Z""}, ""aimes"": []}]"
00040000000000000000007d;0003000000000000000000de;000100000000000000000085;Merci pour la lecon.;2026-08-09 00:00:00;"000100000000000000000073;000100000000000000000055;000100000000000000000049";
00040000000000000000007e;000300000000000000000108;000100000000000000000069;Prudence !;2026-08-15 19:58:00;"00010000000000000000002b;00010000000000000000008e;000100000000000000000050";
00040000000000000000007f;0003000000000000000001c4;000100000000000000000048;J'ai appris quelque chose.;2026-09-17 21:07:00;"00010000000000000000006a;000100000000000000000088";"[{""_id"": {""$oid"": ""000800000000000000000027""}, ""auteur_id"": {""$oid"": ""000100000000000000000047""}, ""contenu"": ""Avec plaisir."", ""date"": {""$date"": ""2026-09-18T12:54:00Z""}, ""aimes"": []}, {""_id"": {""$oid"": ""000800000000000000000028""}, ""auteur_id"": {""$oid"": ""000100000000000000000086""}, ""contenu"": ""Avec plaisir."", ""date"": {""$date"": ""2026-09-18T18:02:00Z""}, ""aimes"": []}]"
000400000000000000000080;000300000000000000000212;000100000000000000000076;Belle photo.;2026-10-02 15:50:00;"00010000000000000000006a;000100000000000000000034";
000400000000000000000081;0003000000000000000001b7;00010000000000000000008e;Merci de partager.;2026-09-09 01:33:00;000100000000000000000051;
000400000000000000000082;000300000000000000000102;000100000000000000000012;Belle journee !;2026-08-20 05:46:00;;
000400000000000000000083;000300000000000000000127;000100000000000000000081;Le cafe fait tout le travail, alors.;2026-08-22 06:10:00;"000100000000000000000091;00010000000000000000005d";
000400000000000000000084;0003000000000000000000e3;000100000000000000000096;Bon gout.;2026-08-06 04:46:00;;
000400000000000000000085;00030000000000000000004f;00010000000000000000000b;Important de s'en souvenir.;2026-07-05 14:27:00;000100000000000000000073;
000400000000000000000086;000300000000000000000056;000100000000000000000052;Ca donne a penser.;2026-06-28 17:37:00;"000100000000000000000085;000100000000000000000042";
000400000000000000000087;00030000000000000000004b;000100000000000000000025;Tendance.;2026-06-25 10:09:00;"000100000000000000000057;00010000000000000000005b";"[{""_id"": {""$oid"": ""000800000000000000000029""}, ""auteur_id"": {""$oid"": ""000100000000000000000012""}, ""contenu"": ""Merci pour le partage."", ""date"": {""$date"": ""2026-06-25T16:54:00Z""}, ""aimes"": []}]"
000400000000000000000088;0003000000000000000001b9;00010000000000000000007b;On se croirait dans un reve.;2026-09-15 04:34:00;000100000000000000000075;
000400000000000000000089;0003000000000000000000a5;000100000000000000000022;Belle photo.;2026-07-18 04:48:00;;
00040000000000000000008a;000300000000000000000116;000100000000000000000046;Merci de partager.;2026-08-13 14:55:00;"000100000000000000000037;00010000000000000000000f";
00040000000000000000008b;00030000000000000000024d;00010000000000000000007b;Moi aussi j'ai peur.;2026-10-03 18:54:00;"000100000000000000000014;000100000000000000000039;00010000000000000000007d;000100000000000000000028";
00040000000000000000008c;000300000000000000000136;000100000000000000000073;Magnifique !;2026-08-26 09:43:00;;
00040000000000000000008d;000300000000000000000174;000100000000000000000034;Merci, pareil pour toi.;2026-08-31 20:23:00;"000100000000000000000031;000100000000000000000028";
00040000000000000000008e;0003000000000000000000e9;00010000000000000000002b;Courage a eux.;2026-08-09 20:00:00;;
00040000000000000000008f;000300000000000000000250;000100000000000000000050;Sympa !;2026-10-04 07:33:00;"000100000000000000000043;000100000000000000000007;000100000000000000000076;00010000000000000000006f";
000400000000000000000090;000300000000000000000230;000100000000000000000054;Le cafe fait tout le travail, alors.;2026-10-04 18:20:00;00010000000000000000000e;
000400000000000000000091;000300000000000000000197;000100000000000000000054;Bien equipe !;2026-09-06 15:06:00;"000100000000000000000080;000100000000000000000068";
000400000000000000000092;000300000000000000000238;000100000000000000000077;Ok pour samedi.;2026-09-28 04:24:00;"000100000000000000000090;000100000000000000000039";"[{""_id"": {""$oid"": ""00080000000000000000002a""}, ""auteur_id"": {""$oid"": ""00010000000000000000002a""}, ""contenu"": ""Merci pour le partage."", ""date"": {""$date"": ""2026-09-29T02:30:00Z""}, ""aimes"": []}, {""_id"": {""$oid"": ""00080000000000000000002b""}, ""auteur_id"": {""$oid"": ""000100000000000000000067""}, ""contenu"": ""J'aime bien."", ""date"": {""$date"": ""2026-09-29T07:53:00Z""}, ""aimes"": []}]"
000400000000000000000093;00030000000000000000018f;00010000000000000000004c;Cette deadline a bien de la chance.;2026-09-08 10:03:00;"000100000000000000000050;000100000000000000000036;000100000000000000000085;000100000000000000000069";
000400000000000000000094;0003000000000000000000c0;000100000000000000000082;J'aime bien.;2026-07-26 05:49:00;"000100000000000000000005;000100000000000000000088";
000400000000000000000095;00030000000000000000014c;000100000000000000000054;Ca donne a penser.;2026-08-26 01:03:00;"00010000000000000000002b;000100000000000000000093;00010000000000000000007b";
000400000000000000000096;0003000000000000000000e9;000100000000000000000030;Courage a eux.;2026-08-07 00:54:00;000100000000000000000025;
000400000000000000000097;000300000000000000000172;00010000000000000000002e;Superbe choix.;2026-09-01 13:59:00;"00010000000000000000003f;00010000000000000000004e;00010000000000000000006a";
000400000000000000000098;00030000000000000000016a;000100000000000000000089;Efficace.;2026-09-04 19:25:00;00010000000000000000007a;
000400000000000000000099;0003000000000000000001c6;00010000000000000000000f;Dieu est bon.;2026-09-18 22:27:00;000100000000000000000032;
00040000000000000000009a;000300000000000000000074;00010000000000000000003e;Belle photo.;2026-07-08 03:42:00;"000100000000000000000066;00010000000000000000001b;00010000000000000000000c";
00040000000000000000009b;000300000000000000000060;00010000000000000000005c;Belle photo.;2026-06-30 14:11:00;"000100000000000000000063;000100000000000000000017;00010000000000000000008c;00010000000000000000000d";
00040000000000000000009c;000300000000000000000015;000100000000000000000062;Quelle experience.;2026-06-19 17:32:00;"000100000000000000000063;000100000000000000000086;000100000000000000000079;00010000000000000000002c";
00040000000000000000009d;000300000000000000000031;000100000000000000000046;Belle photo.;2026-06-22 22:31:00;;
00040000000000000000009e;000300000000000000000082;000100000000000000000040;On se croirait dans un reve.;2026-07-15 16:29:00;"00010000000000000000005d;000100000000000000000016;000100000000000000000086;00010000000000000000006e";
00040000000000000000009f;0003000000000000000001a8;000100000000000000000054;Interessant, merci pour l'info.;2026-09-10 07:22:00;"000100000000000000000046;00010000000000000000000d";
0004000000000000000000a0;000300000000000000000219;000100000000000000000091;Un vrai bonheur simple.;2026-09-29 21:02:00;00010000000000000000001a;
0004000000000000000000a1;000300000000000000000108;00010000000000000000008d;Prudence !;2026-08-14 08:24:00;"000100000000000000000095;000100000000000000000031;000100000000000000000045";
0004000000000000000000a2;000300000000000000000163;000100000000000000000089;Sympa !;2026-08-30 02:24:00;00010000000000000000007f;
0004000000000000000000a3;000300000000000000000062;00010000000000000000007f;Courage, tu geres !;2026-07-07 07:07:00;"00010000000000000000008e;000100000000000000000001;000100000000000000000018;000100000000000000000029";
0004000000000000000000a4;0003000000000000000001e9;000100000000000000000087;Belle ambiance.;2026-09-26 09:24:00;00010000000000000000003e;"[{""_id"": {""$oid"": ""00080000000000000000002c""}, ""auteur_id"": {""$oid"": ""00010000000000000000007e""}, ""contenu"": ""Sympa !"", ""date"": {""$date"": ""2026-09-26T09:50:00Z""}, ""aimes"": []}, {""_id"": {""$oid"": ""00080000000000000000002d""}, ""auteur_id"": {""$oid"": ""00010000000000000000007e""}, ""contenu"": ""Merci !"", ""date"": {""$date"": ""2026-09-28T17:04:00Z""}, ""aimes"": []}]"
0004000000000000000000a5;00030000000000000000004a;000100000000000000000096;Sympa !;2026-06-25 05:07:00;;
0004000000000000000000a6;000300000000000000000037;000100000000000000000032;Mes jambes tremblent.;2026-06-23 20:58:00;000100000000000000000012;
0004000000000000000000a7;000300000000000000000104;00010000000000000000004c;Sympa !;2026-08-20 00:28:00;000100000000000000000020;"[{""_id"": {""$oid"": ""00080000000000000000002e""}, ""auteur_id"": {""$oid"": ""000100000000000000000028""}, ""contenu"": ""J'aime bien."", ""date"": {""$date"": ""2026-08-20T03:47:00Z""}, ""aimes"": []}]"
0004000000000000000000a8;000300000000000000000167;00010000000000000000004e;J'ai appris quelque chose.;2026-09-01 18:38:00;000100000000000000000009;
0004000000000000000000a9;00030000000000000000007a;00010000000000000000001d;Belle ambiance.;2026-07-08 02:58:00;;
0004000000000000000000aa;0003000000000000000000e7;00010000000000000000003f;Meme situation ici.;2026-08-03 04:01:00;"000100000000000000000052;000100000000000000000067;000100000000000000000094";
0004000000000000000000ab;00030000000000000000019d;000100000000000000000004;J'aime bien.;2026-09-02 14:19:00;;
0004000000000000000000ac;00030000000000000000008a;000100000000000000000096;Tellement vrai.;2026-07-16 11:46:00;;
0004000000000000000000ad;00030000000000000000002f;000100000000000000000077;Sympa !;2026-06-23 20:12:00;00010000000000000000004c;
0004000000000000000000ae;0003000000000000000001d0;000100000000000000000050;Courage.;2026-09-17 22:21:00;"00010000000000000000007c;00010000000000000000001e;000100000000000000000060;000100000000000000000013";
0004000000000000000000af;00030000000000000000012b;000100000000000000000052;Le necessaire.;2026-08-21 13:06:00;"00010000000000000000001e;000100000000000000000078;00010000000000000000000f";
0004000000000000000000b0;00030000000000000000008c;00010000000000000000008f;Beau souvenir.;2026-07-14 14:59:00;"000100000000000000000003;00010000000000000000008c;000100000000000000000034;000100000000000000000049";"[{""_id"": {""$oid"": ""00080000000000000000002f""}, ""auteur_id"": {""$oid"": ""000100000000000000000084""}, ""contenu"": ""Sympa !"", ""date"": {""$date"": ""2026-07-16T12:22:00Z""}, ""aimes"": []}, {""_id"": {""$oid"": ""000800000000000000000030""}, ""auteur_id"": {""$oid"": ""000100000000000000000084""}, ""contenu"": ""Sympa !"", ""date"": {""$date"": ""2026-07-17T04:26:00Z""}, ""aimes"": []}]"
0004000000000000000000b1;0003000000000000000000c8;000100000000000000000093;Cette deadline a bien de la chance.;2026-08-02 22:07:00;;"[{""_id"": {""$oid"": ""000800000000000000000031""}, ""auteur_id"": {""$oid"": ""000100000000000000000084""}, ""contenu"": ""J'aime bien."", ""date"": {""$date"": ""2026-08-04T22:38:00Z""}, ""aimes"": []}]"
0004000000000000000000b2;0003000000000000000000f5;000100000000000000000007;J'aime bien.;2026-08-10 17:18:00;00010000000000000000002e;
0004000000000000000000b3;000300000000000000000057;000100000000000000000044;Belle photo.;2026-07-05 10:14:00;"00010000000000000000002a;00010000000000000000005d;000100000000000000000026";"[{""_id"": {""$oid"": ""000800000000000000000032""}, ""auteur_id"": {""$oid"": ""000100000000000000000024""}, ""contenu"": ""Belle publication."", ""date"": {""$date"": ""2026-07-07T14:03:00Z""}, ""aimes"": []}]"
0004000000000000000000b4;0003000000000000000001e2;00010000000000000000000b;Belle photo.;2026-09-17 02:46:00;"00010000000000000000002b;000100000000000000000088";"[{""_id"": {""$oid"": ""000800000000000000000033""}, ""auteur_id"": {""$oid"": ""00010000000000000000001a""}, ""contenu"": ""J'aime bien."", ""date"": {""$date"": ""2026-09-18T19:51:00Z""}, ""aimes"": []}]"
0004000000000000000000b5;0003000000000000000001b8;000100000000000000000071;Belle photo.;2026-09-09 18:32:00;;
0004000000000000000000b6;00030000000000000000012a;00010000000000000000001a;Le cafe fait tout le travail, alors.;2026-08-26 23:00:00;"000100000000000000000082;00010000000000000000001d;00010000000000000000006f";
0004000000000000000000b7;000300000000000000000095;000100000000000000000079;Salut, bonne energie.;2026-07-21 04:25:00;"000100000000000000000023;000100000000000000000002;00010000000000000000002e";
0004000000000000000000b8;0003000000000000000000cc;000100000000000000000053;Continue comme ca.;2026-07-28 01:27:00;"000100000000000000000042;00010000000000000000002c;00010000000000000000006f";
0004000000000000000000b9;0003000000000000000000cd;000100000000000000000073;Sympa !;2026-07-29 18:54:00;00010000000000000000000b;
0004000000000000000000ba;000300000000000000000107;000100000000000000000094;Salut, bonne energie.;2026-08-14 20:44:00;"000100000000000000000048;000100000000000000000014;000100000000000000000010;000100000000000000000058";"[{""_id"": {""$oid"": ""000800000000000000000034""}, ""auteur_id"": {""$oid"": ""000100000000000000000004""}, ""contenu"": ""Belle publication."", ""date"": {""$date"": ""2026-08-15T02:24:00Z""}, ""aimes"": []}, {""_id"": {""$oid"": ""000800000000000000000035""}, ""auteur_id"": {""$oid"": ""00010000000000000000003f""}, ""contenu"": ""Merci pour le partage."", ""date"": {""$date"": ""2026-08-17T17:35:00Z""}, ""aimes"": []}]"
0004000000000000000000bb;000300000000000000000071;000100000000000000000008;Le cafe fait tout le travail, alors.;2026-07-08 21:05:00;;
0004000000000000000000bc;000300000000000000000058;000100000000000000000088;C'est ou exactement ?;2026-06-30 07:19:00;"00010000000000000000004b;00010000000000000000006a;00010000000000000000007e;000100000000000000000073";
0004000000000000000000bd;00030000000000000000019c;000100000000000000000010;Quelle scene !;2026-09-04 23:55:00;"000100000000000000000070;000100000000000000000074";
0004000000000000000000be;0003000000000000000001d6;00010000000000000000002b;Efficace.;2026-09-13 05:58:00;000100000000000000000007;
0004000000000000000000bf;00030000000000000000023e;000100000000000000000061;Belle photo.;2026-10-02 00:48:00;;
0004000000000000000000c0;0003000000000000000000a0;000100000000000000000058;Belle photo.;2026-07-20 08:29:00;;
0004000000000000000000c1;000300000000000000000139;000100000000000000000094;Belle photo.;2026-08-25 09:09:00;000100000000000000000075;
0004000000000000000000c2;00030000000000000000004c;000100000000000000000073;Important de s'en souvenir.;2026-06-27 10:39:00;"000100000000000000000030;000100000000000000000091;000100000000000000000007;00010000000000000000001f";
0004000000000000000000c3;000300000000000000000158;000100000000000000000017;Trop mignon.;2026-08-30 04:28:00;;
0004000000000000000000c4;0003000000000000000000fc;00010000000000000000005e;Le cafe fait tout le travail, alors.;2026-08-09 06:32:00;000100000000000000000063;"[{""_id"": {""$oid"": ""000800000000000000000036""}, ""auteur_id"": {""$oid"": ""00010000000000000000002a""}, ""contenu"": ""Merci pour le partage."", ""date"": {""$date"": ""2026-08-09T08:33:00Z""}, ""aimes"": []}]"
0004000000000000000000c5;000300000000000000000204;000100000000000000000089;Bonjour a toi aussi !;2026-09-20 03:43:00;"000100000000000000000051;000100000000000000000011;000100000000000000000079";"[{""_id"": {""$oid"": ""000800000000000000000037""}, ""auteur_id"": {""$oid"": ""00010000000000000000008e""}, ""contenu"": ""Belle publication."", ""date"": {""$date"": ""2026-09-21T01:47:00Z""}, ""aimes"": []}]"
0004000000000000000000c6;000300000000000000000169;000100000000000000000047;Reviens vite.;2026-08-31 12:11:00;;
0004000000000000000000c7;0003000000000000000000b6;000100000000000000000077;Ca donne a penser.;2026-07-21 05:54:00;"00010000000000000000005b;000100000000000000000071;000100000000000000000092;000100000000000000000070";
0004000000000000000000c8;0003000000000000000000e7;000100000000000000000083;Bon courage pour les exams !;2026-08-08 17:33:00;;
0004000000000000000000c9;000300000000000000000117;00010000000000000000002b;Sympa !;2026-08-22 09:28:00;"000100000000000000000007;00010000000000000000004f;00010000000000000000004d";
0004000000000000000000ca;00030000000000000000015f;00010000000000000000008d;Joli.;2026-09-01 20:23:00;;"[{""_id"": {""$oid"": ""000800000000000000000038""}, ""auteur_id"": {""$oid"": ""000100000000000000000028""}, ""contenu"": ""Merci !"", ""date"": {""$date"": ""2026-09-02T00:56:00Z""}, ""aimes"": []}]"
0004000000000000000000cb;00030000000000000000006b;000100000000000000000047;Tellement vrai.;2026-07-12 00:56:00;"000100000000000000000080;000100000000000000000067;000100000000000000000077";
0004000000000000000000cc;000300000000000000000054;000100000000000000000071;Ca donne envie de partir.;2026-07-01 14:46:00;"000100000000000000000022;000100000000000000000045";
0004000000000000000000cd;000300000000000000000163;00010000000000000000003f;Sympa !;2026-08-29 20:04:00;"00010000000000000000000a;000100000000000000000092;000100000000000000000028";
0004000000000000000000ce;000300000000000000000032;00010000000000000000001a;Belle photo.;2026-06-25 11:27:00;;
0004000000000000000000cf;000300000000000000000188;00010000000000000000007d;Sympa !;2026-09-04 08:24:00;000100000000000000000028;
0004000000000000000000d0;00030000000000000000013e;000100000000000000000036;C'est ou exactement ?;2026-08-26 15:22:00;"000100000000000000000031;000100000000000000000027";"[{""_id"": {""$oid"": ""000800000000000000000039""}, ""auteur_id"": {""$oid"": ""00010000000000000000003b""}, ""contenu"": ""J'aime bien."", ""date"": {""$date"": ""2026-08-28T04:08:00Z""}, ""aimes"": []}, {""_id"": {""$oid"": ""00080000000000000000003a""}, ""auteur_id"": {""$oid"": ""00010000000000000000002a""}, ""contenu"": ""J'aime bien."", ""date"": {""$date"": ""2026-08-28T15:13:00Z""}, ""aimes"": []}]"
0004000000000000000000d1;0003000000000000000000d0;000100000000000000000010;Merci pour la lecon.;2026-08-03 23:15:00;"00010000000000000000002f;000100000000000000000089;000100000000000000000045;000100000000000000000087";
0004000000000000000000d2;000300000000000000000232;000100000000000000000092;Sympa !;2026-10-03 17:04:00;"000100000000000000000081;000100000000000000000080";
0004000000000000000000d3;0003000000000000000001de;00010000000000000000004a;J'aime bien.;2026-09-19 22:42:00;"000100000000000000000031;000100000000000000000038;000100000000000000000057;000100000000000000000079";
0004000000000000000000d4;00030000000000000000015d;000100000000000000000005;Tellement juste.;2026-08-26 09:41:00;;
0004000000000000000000d5;0003000000000000000000ad;00010000000000000000003f;L'electronique, quel art.;2026-07-24 17:00:00;"000100000000000000000033;000100000000000000000088;00010000000000000000004f";
0004000000000000000000d6;0003000000000000000001b7;00010000000000000000001d;Merci de partager.;2026-09-11 01:38:00;000100000000000000000075;
0004000000000000000000d7;0003000000000000000001fc;000100000000000000000007;Belle photo.;2026-09-25 15:18:00;"000100000000000000000059;000100000000000000000022;00010000000000000000003e";
0004000000000000000000d8;0003000000000000000000e9;000100000000000000000014;Impressionnant.;2026-08-09 04:11:00;"000100000000000000000068;00010000000000000000002b;000100000000000000000028";
0004000000000000000000d9;0003000000000000000001cc;000100000000000000000012;Belle reflexion.;2026-09-14 08:50:00;000100000000000000000050;
0004000000000000000000da;00030000000000000000018b;000100000000000000000007;Courage, tu geres !;2026-09-03 20:47:00;;
0004000000000000000000db;0003000000000000000000c6;00010000000000000000006b;Belle photo.;2026-07-30 23:31:00;;
0004000000000000000000dc;000300000000000000000245;00010000000000000000000c;Sympa !;2026-10-02 02:49:00;;
0004000000000000000000dd;0003000000000000000001a5;000100000000000000000060;Le necessaire.;2026-09-09 13:54:00;"00010000000000000000002e;00010000000000000000006b";
0004000000000000000000de;000300000000000000000134;000100000000000000000063;Belle photo.;2026-08-24 01:18:00;"00010000000000000000005d;00010000000000000000001f";"[{""_id"": {""$oid"": ""00080000000000000000003b""}, ""auteur_id"": {""$oid"": ""000100000000000000000014""}, ""contenu"": ""Merci pour le partage."", ""date"": {""$date"": ""2026-08-24T21:24:00Z""}, ""aimes"": []}, {""_id"": {""$oid"": ""00080000000000000000003c""}, ""auteur_id"": {""$oid"": ""000100000000000000000014""}, ""contenu"": ""Belle publication."", ""date"": {""$date"": ""2026-08-25T03:51:00Z""}, ""aimes"": []}]"
0004000000000000000000df;00030000000000000000012d;000100000000000000000063;Sympa !;2026-08-26 04:46:00;"00010000000000000000004b;000100000000000000000026";
0004000000000000000000e0;0003000000000000000001fe;000100000000000000000016;Sympa !;2026-09-19 17:14:00;;"[{""_id"": {""$oid"": ""00080000000000000000003d""}, ""auteur_id"": {""$oid"": ""000100000000000000000056""}, ""contenu"": ""Avec plaisir."", ""date"": {""$date"": ""2026-09-20T14:16:00Z""}, ""aimes"": []}, {""_id"": {""$oid"": ""00080000000000000000003e""}, ""auteur_id"": {""$oid"": ""000100000000000000000044""}, ""contenu"": ""Merci pour le partage."", ""date"": {""$date"": ""2026-09-21T10:35:00Z""}, ""aimes"": []}]"
0004000000000000000000e1;000300000000000000000031;00010000000000000000008f;Sympa !;2026-06-26 08:20:00;"000100000000000000000061;00010000000000000000003d";
0004000000000000000000e2;0003000000000000000000bd;000100000000000000000083;Passionnant !;2026-07-25 06:04:00;00010000000000000000001d;
0004000000000000000000e3;00030000000000000000002d;000100000000000000000020;Belle concentration.;2026-06-24 02:40:00;"00010000000000000000002d;000100000000000000000041;000100000000000000000064;00010000000000000000004a";
0004000000000000000000e4;000300000000000000000052;00010000000000000000002f;Cette deadline a bien de la chance.;2026-07-03 11:35:00;"00010000000000000000002d;000100000000000000000041;000100000000000000000071";
0004000000000000000000e5;0003000000000000000000bd;000100000000000000000036;L'electronique, quel art.;2026-07-27 20:16:00;"000100000000000000000088;00010000000000000000007f;000100000000000000000060;000100000000000000000092";
0004000000000000000000e6;0003000000000000000000bd;00010000000000000000001f;Passionnant !;2026-07-28 07:01:00;;
0004000000000000000000e7;0003000000000000000000c7;000100000000000000000078;Belle concentration.;2026-07-29 18:17:00;"000100000000000000000014;000100000000000000000088";
0004000000000000000000e8;0003000000000000000000d9;00010000000000000000003a;Continue comme ca.;2026-08-02 10:59:00;00010000000000000000003d;
0004000000000000000000e9;000300000000000000000139;000100000000000000000015;J'aime bien.;2026-08-23 11:09:00;000100000000000000000043;
0004000000000000000000ea;0003000000000000000001a7;00010000000000000000005b;Courage, tu geres !;2026-09-14 00:58:00;;
0004000000000000000000eb;00030000000000000000002a;000100000000000000000082;Magnifique !;2026-06-19 11:27:00;;"[{""_id"": {""$oid"": ""00080000000000000000003f""}, ""auteur_id"": {""$oid"": ""000100000000000000000089""}, ""contenu"": ""Belle publication."", ""date"": {""$date"": ""2026-06-20T09:56:00Z""}, ""aimes"": []}, {""_id"": {""$oid"": ""000800000000000000000040""}, ""auteur_id"": {""$oid"": ""000100000000000000000042""}, ""contenu"": ""Avec plaisir."", ""date"": {""$date"": ""2026-06-20T22:18:00Z""}, ""aimes"": []}]"
0004000000000000000000ec;0003000000000000000000cd;000100000000000000000013;Sympa !;2026-07-30 05:02:00;"00010000000000000000006c;000100000000000000000064;00010000000000000000001e";
0004000000000000000000ed;0003000000000000000000db;000100000000000000000007;J'aime bien.;2026-08-04 11:31:00;"00010000000000000000003f;000100000000000000000073;000100000000000000000050";
0004000000000000000000ee;000300000000000000000205;00010000000000000000001b;J'aime bien.;2026-09-29 23:46:00;;"[{""_id"": {""$oid"": ""000800000000000000000041""}, ""auteur_id"": {""$oid"": ""000100000000000000000085""}, ""contenu"": ""Merci !"", ""date"": {""$date"": ""2026-10-02T21:22:00Z""}, ""aimes"": []}]"
0004000000000000000000ef;00030000000000000000005d;000100000000000000000063;J'aime bien.;2026-07-02 16:16:00;;"[{""_id"": {""$oid"": ""000800000000000000000042""}, ""auteur_id"": {""$oid"": ""000100000000000000000045""}, ""contenu"": ""Sympa !"", ""date"": {""$date"": ""2026-07-03T17:46:00Z""}, ""aimes"": []}]"
0004000000000000000000f0;000300000000000000000246;00010000000000000000001b;Je me pose la meme question.;2026-10-01 13:26:00;;
0004000000000000000000f1;000300000000000000000068;000100000000000000000024;Important de s'en souvenir.;2026-07-10 06:38:00;"00010000000000000000000c;000100000000000000000001;000100000000000000000042";
0004000000000000000000f2;00030000000000000000017a;000100000000000000000019;Belle photo.;2026-08-30 12:52:00;00010000000000000000008f;
0004000000000000000000f3;000300000000000000000141;00010000000000000000002b;J'aime bien.;2026-08-29 13:21:00;000100000000000000000023;
0004000000000000000000f4;0003000000000000000001bc;00010000000000000000001d;Sympa !;2026-09-10 19:13:00;"000100000000000000000066;000100000000000000000062;000100000000000000000074";"[{""_id"": {""$oid"": ""000800000000000000000043""}, ""auteur_id"": {""$oid"": ""00010000000000000000008d""}, ""contenu"": ""Belle publication."", ""date"": {""$date"": ""2026-09-11T22:18:00Z""}, ""aimes"": []}, {""_id"": {""$oid"": ""000800000000000000000044""}, ""auteur_id"": {""$oid"": ""000100000000000000000015""}, ""contenu"": ""Avec plaisir."", ""date"": {""$date"": ""2026-09-12T22:21:00Z""}, ""aimes"": []}]"
0004000000000000000000f5;00030000000000000000007a;000100000000000000000083;Ca fait reveur.;2026-07-09 01:47:00;000100000000000000000042;"[{""_id"": {""$oid"": ""000800000000000000000045""}, ""auteur_id"": {""$oid"": ""000100000000000000000012""}, ""contenu"": ""Sympa !"", ""date"": {""$date"": ""2026-07-09T22:03:00Z""}, ""aimes"": []}]"
0004000000000000000000f6;00030000000000000000016a;00010000000000000000003a;Bien equipe !;2026-08-26 00:35:00;"00010000000000000000002c;000100000000000000000040;000100000000000000000089";
0004000000000000000000f7;000300000000000000000204;00010000000000000000006d;Belle journee !;2026-09-20 14:24:00;"00010000000000000000005f;00010000000000000000002c;000100000000000000000085;000100000000000000000053";
0004000000000000000000f8;000300000000000000000117;000100000000000000000047;J'aime bien.;2026-08-18 09:47:00;"000100000000000000000070;000100000000000000000037;00010000000000000000007e";
0004000000000000000000f9;0003000000000000000000db;000100000000000000000081;Sympa !;2026-08-01 23:10:00;"000100000000000000000051;000100000000000000000080";
0004000000000000000000fa;000300000000000000000103;00010000000000000000007c;Continue comme ca.;2026-08-17 15:18:00;"000100000000000000000036;000100000000000000000064;000100000000000000000072;000100000000000000000070";
0004000000000000000000fb;000300000000000000000213;000100000000000000000005;J'aime bien.;2026-09-28 11:36:00;;
0004000000000000000000fc;0003000000000000000000a2;00010000000000000000000b;Reviens vite.;2026-07-18 22:53:00;"00010000000000000000008a;00010000000000000000001b";
0004000000000000000000fd;000300000000000000000081;000100000000000000000053;Oui, tres cinematographique.;2026-07-07 10:50:00;"00010000000000000000000f;00010000000000000000003d;000100000000000000000058;000100000000000000000070";
0004000000000000000000fe;00030000000000000000003f;000100000000000000000007;A voir un jour.;2026-06-23 08:52:00;"000100000000000000000063;00010000000000000000006d;000100000000000000000004";
0004000000000000000000ff;00030000000000000000014b;000100000000000000000050;Belle photo.;2026-08-26 21:24:00;"000100000000000000000065;000100000000000000000005;00010000000000000000007d";
000400000000000000000100;000300000000000000000218;000100000000000000000054;Beau souvenir.;2026-09-24 05:38:00;;
000400000000000000000101;0003000000000000000001dd;000100000000000000000018;Je veux y aller !;2026-09-20 06:58:00;000100000000000000000024;
000400000000000000000102;00030000000000000000024a;000100000000000000000062;Je vois bien un film ici.;2026-10-03 03:07:00;;
000400000000000000000103;0003000000000000000001e6;000100000000000000000065;Sympa !;2026-09-16 10:44:00;"000100000000000000000059;000100000000000000000096";
000400000000000000000104;00030000000000000000014c;00010000000000000000004c;Tellement vrai.;2026-08-22 17:06:00;000100000000000000000053;
000400000000000000000105;0003000000000000000000ca;000100000000000000000069;Sympa !;2026-07-31 03:09:00;"00010000000000000000003f;000100000000000000000079";
000400000000000000000106;0003000000000000000000f8;000100000000000000000075;J'aime bien.;2026-08-16 06:43:00;"00010000000000000000000a;000100000000000000000073";
000400000000000000000107;0003000000000000000001cc;00010000000000000000008e;Ca donne a penser.;2026-09-16 09:53:00;"000100000000000000000076;00010000000000000000003a";
000400000000000000000108;000300000000000000000092;00010000000000000000007d;Tellement vrai.;2026-07-13 09:15:00;"000100000000000000000028;000100000000000000000055";
000400000000000000000109;00030000000000000000022d;000100000000000000000014;Belle journee !;2026-09-28 08:01:00;000100000000000000000029;"[{""_id"": {""$oid"": ""000800000000000000000046""}, ""auteur_id"": {""$oid"": ""00010000000000000000008e""}, ""contenu"": ""J'aime bien."", ""date"": {""$date"": ""2026-09-29T17:22:00Z""}, ""aimes"": []}, {""_id"": {""$oid"": ""000800000000000000000047""}, ""auteur_id"": {""$oid"": ""000100000000000000000084""}, ""contenu"": ""Avec plaisir."", ""date"": {""$date"": ""2026-09-29T19:50:00Z""}, ""aimes"": []}]"
00040000000000000000010a;000300000000000000000187;000100000000000000000094;A tout de suite.;2026-09-05 19:50:00;"000100000000000000000047;000100000000000000000091;00010000000000000000006e;000100000000000000000054";
00040000000000000000010b;0003000000000000000000ab;00010000000000000000002b;Belle concentration.;2026-07-19 14:12:00;"000100000000000000000042;000100000000000000000096;000100000000000000000091";
00040000000000000000010c;0003000000000000000001e4;00010000000000000000000f;Belle concentration.;2026-09-17 06:58:00;;"[{""_id"": {""$oid"": ""000800000000000000000048""}, ""auteur_id"": {""$oid"": ""000100000000000000000085""}, ""contenu"": ""Merci pour le partage."", ""date"": {""$date"": ""2026-09-17T09:45:00Z""}, ""aimes"": []}]"
00040000000000000000010d;000300000000000000000025;000100000000000000000010;Belle reflexion.;2026-06-24 06:28:00;"000100000000000000000093;000100000000000000000016";
00040000000000000000010e;0003000000000000000001b4;000100000000000000000021;Magnifique !;2026-09-10 20:52:00;"00010000000000000000007c;000100000000000000000061;000100000000000000000040;000100000000000000000056";"[{""_id"": {""$oid"": ""000800000000000000000049""}, ""auteur_id"": {""$oid"": ""00010000000000000000008c""}, ""contenu"": ""Sympa !"", ""date"": {""$date"": ""2026-09-13T00:22:00Z""}, ""aimes"": []}, {""_id"": {""$oid"": ""00080000000000000000004a""}, ""auteur_id"": {""$oid"": ""000100000000000000000079""}, ""contenu"": ""Belle publication."", ""date"": {""$date"": ""2026-09-13T09:50:00Z""}, ""aimes"": []}]"
00040000000000000000010f;00030000000000000000000b;00010000000000000000002a;Sympa !;2026-06-17 14:21:00;"000100000000000000000022;000100000000000000000070";
000400000000000000000110;000300000000000000000060;00010000000000000000002c;J'aime bien.;2026-06-29 15:22:00;"000100000000000000000025;000100000000000000000006";
000400000000000000000111;00030000000000000000012f;000100000000000000000066;Belle photo.;2026-08-27 22:00:00;"000100000000000000000014;000100000000000000000012;000100000000000000000087";
000400000000000000000112;0003000000000000000001c5;00010000000000000000002b;Merci de partager.;2026-09-16 08:17:00;000100000000000000000086;
000400000000000000000113;000300000000000000000128;00010000000000000000002f;Mes jambes tremblent.;2026-08-25 08:36:00;"000100000000000000000031;000100000000000000000038;000100000000000000000082;00010000000000000000000b";
000400000000000000000114;00030000000000000000017b;000100000000000000000017;Continue comme ca.;2026-08-29 14:19:00;;
000400000000000000000115;0003000000000000000000d9;00010000000000000000007d;Belle concentration.;2026-07-31 02:47:00;;
000400000000000000000116;0003000000000000000001fa;00010000000000000000005b;Ca donne envie de partir.;2026-09-20 19:12:00;000100000000000000000010;
000400000000000000000117;000300000000000000000063;000100000000000000000083;Quel endroit splendide.;2026-07-10 00:36:00;;
000400000000000000000118;00030000000000000000022c;000100000000000000000089;Belle photo.;2026-10-03 22:25:00;"00010000000000000000000e;00010000000000000000002f;000100000000000000000005";
000400000000000000000119;000300000000000000000001;000100000000000000000033;J'aime bien.;2026-06-08 07:54:00;"00010000000000000000000d;000100000000000000000029;000100000000000000000012;000100000000000000000009";
00040000000000000000011a;000300000000000000000201;00010000000000000000006a;Tellement romantique.;2026-09-21 23:17:00;"000100000000000000000080;000100000000000000000076;000100000000000000000077";
00040000000000000000011b;0003000000000000000001e3;000100000000000000000045;Belle photo.;2026-09-18 07:37:00;"000100000000000000000061;000100000000000000000050;00010000000000000000005c";
00040000000000000000011c;00030000000000000000013a;00010000000000000000005b;Important de s'en souvenir.;2026-08-23 03:11:00;000100000000000000000041;
00040000000000000000011d;000300000000000000000210;000100000000000000000083;J'aime bien.;2026-09-23 17:31:00;"000100000000000000000034;00010000000000000000005c";
00040000000000000000011e;000300000000000000000178;00010000000000000000001d;A tout de suite.;2026-08-29 08:00:00;"000100000000000000000035;000100000000000000000093;000100000000000000000051";
00040000000000000000011f;000300000000000000000176;000100000000000000000061;A tout de suite.;2026-08-30 08:09:00;"000100000000000000000023;000100000000000000000032;000100000000000000000040;000100000000000000000031";
000400000000000000000120;000300000000000000000235;000100000000000000000016;L'histoire nous enseigne.;2026-09-29 23:54:00;;
000400000000000000000121;000300000000000000000187;000100000000000000000008;Profite bien.;2026-09-06 15:00:00;;
000400000000000000000122;00030000000000000000008b;000100000000000000000077;Je veux y aller !;2026-07-09 00:56:00;;"[{""_id"": {""$oid"": ""00080000000000000000004b""}, ""auteur_id"": {""$oid"": ""00010000000000000000007f""}, ""contenu"": ""J'aime bien."", ""date"": {""$date"": ""2026-07-10T08:59:00Z""}, ""aimes"": []}, {""_id"": {""$oid"": ""00080000000000000000004c""}, ""auteur_id"": {""$oid"": ""000100000000000000000005""}, ""contenu"": ""Belle publication."", ""date"": {""$date"": ""2026-07-11T11:13:00Z""}, ""aimes"": []}]"
000400000000000000000123;000300000000000000000066;000100000000000000000052;Reviens vite.;2026-07-09 00:45:00;"00010000000000000000004f;000100000000000000000082";
000400000000000000000124;0003000000000000000001ff;00010000000000000000007c;L'electronique, quel art.;2026-09-24 03:40:00;"000100000000000000000040;00010000000000000000000e;00010000000000000000002d";"[{""_id"": {""$oid"": ""00080000000000000000004d""}, ""auteur_id"": {""$oid"": ""000100000000000000000020""}, ""contenu"": ""Avec plaisir."", ""date"": {""$date"": ""2026-09-24T22:15:00Z""}, ""aimes"": []}, {""_id"": {""$oid"": ""00080000000000000000004e""}, ""auteur_id"": {""$oid"": ""000100000000000000000023""}, ""contenu"": ""Avec plaisir."", ""date"": {""$date"": ""2026-09-26T19:40:00Z""}, ""aimes"": []}]"
000400000000000000000125;00030000000000000000017e;00010000000000000000000a;Belle photo.;2026-09-01 01:06:00;"000100000000000000000035;000100000000000000000075;000100000000000000000077;00010000000000000000001d";"[{""_id"": {""$oid"": ""00080000000000000000004f""}, ""auteur_id"": {""$oid"": ""00010000000000000000002a""}, ""contenu"": ""Merci pour le partage."", ""date"": {""$date"": ""2026-09-01T13:19:00Z""}, ""aimes"": []}, {""_id"": {""$oid"": ""000800000000000000000050""}, ""auteur_id"": {""$oid"": ""00010000000000000000002a""}, ""contenu"": ""Belle publication."", ""date"": {""$date"": ""2026-09-03T07:02:00Z""}, ""aimes"": []}]"
000400000000000000000126;00030000000000000000009c;00010000000000000000002a;Salut, bonne energie.;2026-07-17 08:56:00;"000100000000000000000088;000100000000000000000090";
000400000000000000000127;000300000000000000000116;000100000000000000000016;Ca fait chaud au coeur.;2026-08-19 22:52:00;"00010000000000000000004d;00010000000000000000005c;000100000000000000000016;000100000000000000000063";
000400000000000000000128;00030000000000000000023d;000100000000000000000057;Cette deadline a bien de la chance.;2026-10-03 09:10:00;"000100000000000000000047;000100000000000000000051;000100000000000000000065;00010000000000000000004c";
000400000000000000000129;000300000000000000000089;00010000000000000000004e;Mes jambes tremblent.;2026-07-13 23:35:00;00010000000000000000003d;
00040000000000000000012a;0003000000000000000000c0;000100000000000000000002;Belle photo.;2026-07-24 16:22:00;00010000000000000000004e;
00040000000000000000012b;000300000000000000000139;00010000000000000000000a;Belle photo.;2026-08-28 07:01:00;"00010000000000000000005e;000100000000000000000055;000100000000000000000042;00010000000000000000007f";
00040000000000000000012c;000300000000000000000183;000100000000000000000003;C'est ou exactement ?;2026-09-07 21:22:00;"00010000000000000000003b;00010000000000000000006d;00010000000000000000007e;000100000000000000000025";"[{""_id"": {""$oid"": ""000800000000000000000051""}, ""auteur_id"": {""$oid"": ""00010000000000000000007d""}, ""contenu"": ""Sympa !"", ""date"": {""$date"": ""2026-09-08T06:28:00Z""}, ""aimes"": []}, {""_id"": {""$oid"": ""000800000000000000000052""}, ""auteur_id"": {""$oid"": ""00010000000000000000004e""}, ""contenu"": ""J'aime bien."", ""date"": {""$date"": ""2026-09-10T17:45:00Z""}, ""aimes"": []}]"
00040000000000000000012d;00030000000000000000003f;000100000000000000000059;A voir un jour.;2026-06-22 06:59:00;;
00040000000000000000012e;0003000000000000000000ca;00010000000000000000000f;J'aime bien.;2026-08-05 06:38:00;;
00040000000000000000012f;000300000000000000000137;00010000000000000000000d;Bien equipe !;2026-08-25 02:57:00;"00010000000000000000003e;000100000000000000000046;00010000000000000000006d";
000400000000000000000130;000300000000000000000204;00010000000000000000000b;Belle journee !;2026-09-27 22:41:00;;
000400000000000000000131;0003000000000000000000bc;00010000000000000000003a;J'aime bien.;2026-07-30 13:04:00;"000100000000000000000021;000100000000000000000017;000100000000000000000063";
000400000000000000000132;0003000000000000000000e7;000100000000000000000045;Bon courage pour les exams !;2026-08-06 05:31:00;"000100000000000000000059;00010000000000000000004a;00010000000000000000002e";
000400000000000000000133;000300000000000000000020;000100000000000000000082;Incroyable.;2026-06-24 21:50:00;000100000000000000000090;
000400000000000000000134;00030000000000000000003a;000100000000000000000067;Efficace.;2026-06-27 03:16:00;"000100000000000000000018;00010000000000000000005b";
000400000000000000000135;00030000000000000000024b;00010000000000000000000e;Belle journee !;2026-10-03 02:12:00;"000100000000000000000083;000100000000000000000012;000100000000000000000059;00010000000000000000005c";
000400000000000000000136;000300000000000000000100;000100000000000000000079;Belle photo.;2026-08-10 02:43:00;"00010000000000000000006b;000100000000000000000015;00010000000000000000006c";
000400000000000000000137;0003000000000000000001fa;000100000000000000000040;Je veux y aller !;2026-09-25 03:17:00;;
000400000000000000000138;000300000000000000000211;000100000000000000000092;Reviens vite.;2026-09-25 11:21:00;000100000000000000000064;
000400000000000000000139;00030000000000000000006a;000100000000000000000041;Belle photo.;2026-07-06 14:30:00;"00010000000000000000005f;000100000000000000000051;00010000000000000000001f;00010000000000000000006a";
00040000000000000000013a;000300000000000000000079;00010000000000000000001e;On se croirait dans un reve.;2026-07-06 15:05:00;"00010000000000000000006b;000100000000000000000031";
00040000000000000000013b;0003000000000000000001f5;000100000000000000000030;Ca donne a penser.;2026-09-19 06:27:00;;
00040000000000000000013c;0003000000000000000000d0;000100000000000000000084;Merci pour la lecon.;2026-07-29 06:44:00;"000100000000000000000012;000100000000000000000021;000100000000000000000015";
00040000000000000000013d;0003000000000000000000c9;000100000000000000000027;Continue comme ca.;2026-08-03 01:52:00;"000100000000000000000050;00010000000000000000008f;000100000000000000000064";
00040000000000000000013e;000300000000000000000102;000100000000000000000096;Salut, bonne energie.;2026-08-16 05:11:00;"000100000000000000000093;000100000000000000000082;000100000000000000000069";
00040000000000000000013f;00030000000000000000006a;000100000000000000000033;Sympa !;2026-07-02 16:42:00;;
000400000000000000000140;000300000000000000000226;000100000000000000000059;Sympa !;2026-09-27 07:51:00;"000100000000000000000035;000100000000000000000064";
000400000000000000000141;000300000000000000000241;000100000000000000000054;J'aime bien.;2026-09-30 23:26:00;;
000400000000000000000142;0003000000000000000001f2;000100000000000000000091;Profite bien.;2026-09-20 11:17:00;"000100000000000000000003;00010000000000000000001d;00010000000000000000007d;000100000000000000000064";"[{""_id"": {""$oid"": ""000800000000000000000053""}, ""auteur_id"": {""$oid"": ""000100000000000000000084""}, ""contenu"": ""J'aime bien."", ""date"": {""$date"": ""2026-09-21T07:48:00Z""}, ""aimes"": []}]"
000400000000000000000143;0003000000000000000000d5;000100000000000000000035;Trop mignon.;2026-07-29 04:03:00;"000100000000000000000081;00010000000000000000006d;00010000000000000000003f;000100000000000000000078";
000400000000000000000144;00030000000000000000009f;000100000000000000000005;Belle photo.;2026-07-20 06:51:00;000100000000000000000064;
000400000000000000000145;0003000000000000000000f3;000100000000000000000002;Interessant, merci pour l'info.;2026-08-09 14:02:00;000100000000000000000004;
000400000000000000000146;0003000000000000000001b0;000100000000000000000058;Belle photo.;2026-09-08 09:48:00;00010000000000000000005b;
000400000000000000000147;000300000000000000000070;00010000000000000000007f;On se croirait dans un reve.;2026-07-08 14:42:00;"00010000000000000000002b;000100000000000000000086";
000400000000000000000148;000300000000000000000195;000100000000000000000051;Trop mignon.;2026-09-10 10:38:00;00010000000000000000004f;"[{""_id"": {""$oid"": ""000800000000000000000054""}, ""auteur_id"": {""$oid"": ""000100000000000000000029""}, ""contenu"": ""Belle publication."", ""date"": {""$date"": ""2026-09-10T11:59:00Z""}, ""aimes"": []}, {""_id"": {""$oid"": ""000800000000000000000055""}, ""auteur_id"": {""$oid"": ""000100000000000000000042""}, ""contenu"": ""Belle publication."", ""date"": {""$date"": ""2026-09-13T00:55:00Z""}, ""aimes"": []}]"
000400000000000000000149;00030000000000000000015e;000100000000000000000088;Je veux y aller !;2026-08-26 13:51:00;"000100000000000000000035;000100000000000000000054;000100000000000000000021";
00040000000000000000014a;000300000000000000000002;00010000000000000000003c;Quel endroit splendide.;2026-06-17 00:01:00;;
00040000000000000000014b;0003000000000000000001f7;00010000000000000000001e;Joli.;2026-09-24 22:09:00;;
00040000000000000000014c;000300000000000000000033;000100000000000000000040;Prenez soin de vous.;2026-06-26 14:11:00;"000100000000000000000034;000100000000000000000011";"[{""_id"": {""$oid"": ""000800000000000000000056""}, ""auteur_id"": {""$oid"": ""000100000000000000000020""}, ""contenu"": ""Avec plaisir."", ""date"": {""$date"": ""2026-06-26T19:05:00Z""}, ""aimes"": []}, {""_id"": {""$oid"": ""000800000000000000000057""}, ""auteur_id"": {""$oid"": ""000100000000000000000096""}, ""contenu"": ""Merci !"", ""date"": {""$date"": ""2026-06-28T14:42:00Z""}, ""aimes"": []}]"
00040000000000000000014d;000300000000000000000112;00010000000000000000001b;Important de s'en souvenir.;2026-08-13 15:29:00;"000100000000000000000015;000100000000000000000078;00010000000000000000007d;000100000000000000000008";
00040000000000000000014e;000300000000000000000197;000100000000000000000056;Le necessaire.;2026-09-08 16:31:00;"00010000000000000000003b;000100000000000000000065;00010000000000000000004e";
00040000000000000000014f;000300000000000000000093;00010000000000000000007b;Ca donne envie de partir.;2026-07-13 01:10:00;000100000000000000000029;
000400000000000000000150;0003000000000000000000f0;00010000000000000000006b;Tu pourrais l'expliquer ?;2026-08-07 19:11:00;"000100000000000000000003;000100000000000000000032";
000400000000000000000151;000300000000000000000227;000100000000000000000034;Superbe choix.;2026-10-03 17:37:00;000100000000000000000048;
000400000000000000000152;00030000000000000000022a;000100000000000000000010;Sympa !;2026-09-28 06:53:00;"000100000000000000000033;00010000000000000000001c";
000400000000000000000153;0003000000000000000001e3;000100000000000000000027;J'aime bien.;2026-09-17 06:54:00;"000100000000000000000021;000100000000000000000073";
000400000000000000000154;00030000000000000000022e;000100000000000000000055;Sympa !;2026-10-01 10:33:00;"000100000000000000000058;00010000000000000000000d;000100000000000000000040;00010000000000000000000e";
000400000000000000000155;0003000000000000000001f5;000100000000000000000060;Tellement vrai.;2026-09-22 13:25:00;;
000400000000000000000156;0003000000000000000000a4;000100000000000000000075;Superbe choix.;2026-07-24 09:03:00;"000100000000000000000082;00010000000000000000003d;000100000000000000000081;00010000000000000000002c";"[{""_id"": {""$oid"": ""000800000000000000000058""}, ""auteur_id"": {""$oid"": ""000100000000000000000086""}, ""contenu"": ""Merci !"", ""date"": {""$date"": ""2026-07-25T10:57:00Z""}, ""aimes"": []}, {""_id"": {""$oid"": ""000800000000000000000059""}, ""auteur_id"": {""$oid"": ""000100000000000000000086""}, ""contenu"": ""Merci pour le partage."", ""date"": {""$date"": ""2026-07-26T22:54:00Z""}, ""aimes"": []}]"
000400000000000000000157;0003000000000000000001a1;000100000000000000000022;Merci pour ce rappel.;2026-09-12 23:06:00;"000100000000000000000094;000100000000000000000017";"[{""_id"": {""$oid"": ""00080000000000000000005a""}, ""auteur_id"": {""$oid"": ""000100000000000000000047""}, ""contenu"": ""J'aime bien."", ""date"": {""$date"": ""2026-09-14T11:16:00Z""}, ""aimes"": []}]"
000400000000000000000158;0003000000000000000001b7;00010000000000000000005a;Merci de partager.;2026-09-12 10:46:00;"000100000000000000000071;00010000000000000000006a";
000400000000000000000159;00030000000000000000001f;00010000000000000000005a;Sympa !;2026-06-17 00:35:00;000100000000000000000064;
00040000000000000000015a;00030000000000000000001f;00010000000000000000001c;J'aime bien.;2026-06-22 05:47:00;"000100000000000000000091;000100000000000000000007";
00040000000000000000015b;0003000000000000000001dd;000100000000000000000023;Je veux y aller !;2026-09-21 01:07:00;"00010000000000000000004c;000100000000000000000031;000100000000000000000042;000100000000000000000052";
00040000000000000000015c;00030000000000000000022e;000100000000000000000076;Belle photo.;2026-10-02 05:42:00;"000100000000000000000014;00010000000000000000003d;00010000000000000000008b";
00040000000000000000015d;000300000000000000000146;00010000000000000000008b;Dis-moi l'heure et j'arrive.;2026-08-26 16:16:00;;
00040000000000000000015e;000300000000000000000250;000100000000000000000009;Sympa !;2026-10-04 17:42:00;"000100000000000000000059;000100000000000000000067";
00040000000000000000015f;00030000000000000000001f;000100000000000000000073;Sympa !;2026-06-21 14:40:00;"00010000000000000000005e;000100000000000000000031;000100000000000000000063;000100000000000000000004";
000400000000000000000160;000300000000000000000163;000100000000000000000094;Sympa !;2026-09-01 00:31:00;000100000000000000000076;
000400000000000000000161;0003000000000000000001d5;000100000000000000000045;Ca donne envie de partir.;2026-09-17 13:45:00;"00010000000000000000003b;000100000000000000000069";
000400000000000000000162;000300000000000000000049;000100000000000000000009;J'aime bien.;2026-07-02 09:23:00;;
000400000000000000000163;00030000000000000000007b;000100000000000000000072;Sympa !;2026-07-07 18:31:00;"00010000000000000000008d;00010000000000000000001a;000100000000000000000012;000100000000000000000029";"[{""_id"": {""$oid"": ""00080000000000000000005b""}, ""auteur_id"": {""$oid"": ""000100000000000000000054""}, ""contenu"": ""Avec plaisir."", ""date"": {""$date"": ""2026-07-09T22:22:00Z""}, ""aimes"": []}]"
000400000000000000000164;000300000000000000000057;000100000000000000000003;J'aime bien.;2026-07-06 03:51:00;"000100000000000000000066;00010000000000000000007b;00010000000000000000006e";
000400000000000000000165;0003000000000000000000a4;000100000000000000000039;Elles sont magnifiques.;2026-07-20 04:02:00;"00010000000000000000003a;000100000000000000000061;00010000000000000000005d;00010000000000000000006c";"[{""_id"": {""$oid"": ""00080000000000000000005c""}, ""auteur_id"": {""$oid"": ""000100000000000000000034""}, ""contenu"": ""Belle publication."", ""date"": {""$date"": ""2026-07-21T01:32:00Z""}, ""aimes"": []}]"
000400000000000000000166;0003000000000000000001cf;00010000000000000000007c;Sympa !;2026-09-11 11:45:00;"000100000000000000000001;000100000000000000000059;000100000000000000000068;000100000000000000000054";
000400000000000000000167;000300000000000000000034;00010000000000000000007f;Incroyable.;2026-06-29 22:54:00;"000100000000000000000069;00010000000000000000007e;00010000000000000000007b;000100000000000000000009";
000400000000000000000168;000300000000000000000074;000100000000000000000052;Belle photo.;2026-07-08 05:50:00;00010000000000000000003f;
000400000000000000000169;000300000000000000000227;000100000000000000000014;Tres elegant.;2026-09-30 04:44:00;;
00040000000000000000016a;00030000000000000000006b;000100000000000000000058;Tellement vrai.;2026-07-05 08:37:00;"00010000000000000000007f;00010000000000000000003e;00010000000000000000000d;00010000000000000000005b";
00040000000000000000016b;000300000000000000000182;000100000000000000000086;Haha, on te croit sur parole.;2026-09-04 10:14:00;;
00040000000000000000016c;000300000000000000000130;00010000000000000000002b;Je l'envoie ce soir.;2026-08-22 08:06:00;00010000000000000000002e;
00040000000000000000016d;0003000000000000000000f8;00010000000000000000006d;Belle photo.;2026-08-12 02:27:00;;"[{""_id"": {""$oid"": ""00080000000000000000005d""}, ""auteur_id"": {""$oid"": ""000100000000000000000086""}, ""contenu"": ""Avec plaisir."", ""date"": {""$date"": ""2026-08-12T04:50:00Z""}, ""aimes"": []}, {""_id"": {""$oid"": ""00080000000000000000005e""}, ""auteur_id"": {""$oid"": ""000100000000000000000091""}, ""contenu"": ""Merci !"", ""date"": {""$date"": ""2026-08-12T06:14:00Z""}, ""aimes"": []}]"
00040000000000000000016e;0003000000000000000000ef;000100000000000000000019;C'est ou exactement ?;2026-08-13 06:43:00;"000100000000000000000078;000100000000000000000004";
00040000000000000000016f;000300000000000000000019;00010000000000000000000b;J'aime bien.;2026-06-14 04:56:00;"000100000000000000000042;000100000000000000000065";"[{""_id"": {""$oid"": ""00080000000000000000005f""}, ""auteur_id"": {""$oid"": ""000100000000000000000009""}, ""contenu"": ""Belle publication."", ""date"": {""$date"": ""2026-06-15T18:44:00Z""}, ""aimes"": []}]"
000400000000000000000170;000300000000000000000174;000100000000000000000071;Un vrai bonheur simple.;2026-09-05 15:53:00;"000100000000000000000080;000100000000000000000049";
000400000000000000000171;00030000000000000000010d;00010000000000000000003f;Incroyable.;2026-08-16 10:28:00;"000100000000000000000009;00010000000000000000008e;000100000000000000000047;00010000000000000000001b";
000400000000000000000172;000300000000000000000196;000100000000000000000036;Belle photo.;2026-09-02 05:16:00;"000100000000000000000061;000100000000000000000080;000100000000000000000012;000100000000000000000087";
000400000000000000000173;000300000000000000000034;00010000000000000000003a;A voir un jour.;2026-06-21 22:03:00;"000100000000000000000041;00010000000000000000002d;00010000000000000000005c;000100000000000000000012";"[{""_id"": {""$oid"": ""000800000000000000000060""}, ""auteur_id"": {""$oid"": ""00010000000000000000005a""}, ""contenu"": ""Belle publication."", ""date"": {""$date"": ""2026-06-24T17:58:00Z""}, ""aimes"": []}]"
000400000000000000000174;0003000000000000000001bc;00010000000000000000001b;J'aime bien.;2026-09-09 18:09:00;;
000400000000000000000175;000300000000000000000224;000100000000000000000034;Le necessaire.;2026-10-04 08:04:00;;
000400000000000000000176;0003000000000000000000aa;000100000000000000000095;Joli.;2026-07-20 13:47:00;000100000000000000000040;"[{""_id"": {""$oid"": ""000800000000000000000061""}, ""auteur_id"": {""$oid"": ""000100000000000000000028""}, ""contenu"": ""Merci pour le partage."", ""date"": {""$date"": ""2026-07-22T06:55:00Z""}, ""aimes"": []}, {""_id"": {""$oid"": ""000800000000000000000062""}, ""auteur_id"": {""$oid"": ""000100000000000000000028""}, ""contenu"": ""Avec plaisir."", ""date"": {""$date"": ""2026-07-22T15:33:00Z""}, ""aimes"": []}]"
000400000000000000000177;00030000000000000000007e;000100000000000000000090;J'aime bien.;2026-07-12 23:31:00;"000100000000000000000078;000100000000000000000064;00010000000000000000006f";
000400000000000000000178;00030000000000000000019b;000100000000000000000052;C'est ou exactement ?;2026-09-09 18:35:00;"000100000000000000000094;000100000000000000000052;000100000000000000000013;000100000000000000000034";
000400000000000000000179;00030000000000000000010d;000100000000000000000050;A voir un jour.;2026-08-11 18:16:00;"000100000000000000000079;00010000000000000000008d;000100000000000000000038;000100000000000000000089";
00040000000000000000017a;0003000000000000000000e1;000100000000000000000078;Salut, bonne energie.;2026-08-04 09:40:00;000100000000000000000006;
00040000000000000000017b;0003000000000000000001e5;000100000000000000000050;Belle journee !;2026-09-16 19:27:00;00010000000000000000002a;
00040000000000000000017c;00030000000000000000005d;000100000000000000000093;J'aime bien.;2026-07-06 15:20:00;"000100000000000000000003;00010000000000000000002f;000100000000000000000063";
00040000000000000000017d;0003000000000000000000d4;000100000000000000000063;Sympa !;2026-07-30 17:48:00;"000100000000000000000020;00010000000000000000005a;000100000000000000000050";
00040000000000000000017e;000300000000000000000236;000100000000000000000091;Je l'envoie ce soir.;2026-09-28 13:21:00;00010000000000000000003a;
00040000000000000000017f;0003000000000000000001e3;00010000000000000000000b;J'aime bien.;2026-09-16 08:17:00;"00010000000000000000000f;000100000000000000000058;000100000000000000000071";
000400000000000000000180;00030000000000000000002a;000100000000000000000074;Quel endroit splendide.;2026-06-23 06:58:00;;
000400000000000000000181;000300000000000000000222;000100000000000000000063;A voir un jour.;2026-09-26 14:10:00;"00010000000000000000008e;000100000000000000000023;000100000000000000000009;00010000000000000000003b";
000400000000000000000182;0003000000000000000001a8;000100000000000000000011;J'ai appris quelque chose.;2026-09-07 03:20:00;"000100000000000000000071;000100000000000000000046";
000400000000000000000183;000300000000000000000212;00010000000000000000007e;Sympa !;2026-09-27 00:28:00;000100000000000000000004;
000400000000000000000184;000300000000000000000155;000100000000000000000037;Tres elegant.;2026-08-28 08:38:00;000100000000000000000061;"[{""_id"": {""$oid"": ""000800000000000000000063""}, ""auteur_id"": {""$oid"": ""00010000000000000000002c""}, ""contenu"": ""Merci !"", ""date"": {""$date"": ""2026-08-29T19:01:00Z""}, ""aimes"": []}, {""_id"": {""$oid"": ""000800000000000000000064""}, ""auteur_id"": {""$oid"": ""00010000000000000000007e""}, ""contenu"": ""Sympa !"", ""date"": {""$date"": ""2026-08-30T03:56:00Z""}, ""aimes"": []}]"
000400000000000000000185;00030000000000000000010f;000100000000000000000053;Belle photo.;2026-08-16 06:58:00;;
000400000000000000000186;000300000000000000000177;000100000000000000000031;Dis-moi l'heure et j'arrive.;2026-09-01 18:51:00;"000100000000000000000043;00010000000000000000005e;000100000000000000000019";
000400000000000000000187;000300000000000000000197;000100000000000000000015;Le necessaire.;2026-09-04 18:58:00;00010000000000000000005b;
000400000000000000000188;0003000000000000000001b9;000100000000000000000072;Quel endroit splendide.;2026-09-16 18:49:00;"000100000000000000000089;000100000000000000000026;000100000000000000000053;000100000000000000000024";
000400000000000000000189;000300000000000000000153;000100000000000000000090;Bonne idee de lieu.;2026-08-31 00:48:00;"00010000000000000000000d;00010000000000000000001d;000100000000000000000086;00010000000000000000005e";
00040000000000000000018a;00030000000000000000015d;00010000000000000000001b;Sage parole.;2026-09-02 16:01:00;"00010000000000000000006f;00010000000000000000007a";
00040000000000000000018b;0003000000000000000001ac;000100000000000000000040;J'ai appris quelque chose.;2026-09-15 02:46:00;;
00040000000000000000018c;000300000000000000000074;000100000000000000000052;J'aime bien.;2026-07-10 15:53:00;"00010000000000000000007f;00010000000000000000000a;00010000000000000000005f";
00040000000000000000018d;0003000000000000000001e5;000100000000000000000030;Salut, bonne energie.;2026-09-23 14:53:00;;
00040000000000000000018e;00030000000000000000016c;00010000000000000000008d;C'est ou exactement ?;2026-08-28 07:34:00;;
00040000000000000000018f;000300000000000000000071;00010000000000000000003b;Cette deadline a bien de la chance.;2026-07-06 14:16:00;;
000400000000000000000190;0003000000000000000001eb;00010000000000000000002f;L'histoire nous enseigne.;2026-09-26 01:04:00;"00010000000000000000000e;000100000000000000000040;00010000000000000000004d";
000400000000000000000191;000300000000000000000209;00010000000000000000005a;Sympa !;2026-09-26 00:00:00;00010000000000000000008b;
000400000000000000000192;000300000000000000000187;00010000000000000000001c;Profite bien.;2026-09-01 15:24:00;000100000000000000000048;
000400000000000000000193;000300000000000000000043;000100000000000000000053;J'aime bien.;2026-06-27 17:44:00;000100000000000000000068;"[{""_id"": {""$oid"": ""000800000000000000000065""}, ""auteur_id"": {""$oid"": ""000100000000000000000052""}, ""contenu"": ""Avec plaisir."", ""date"": {""$date"": ""2026-06-29T04:00:00Z""}, ""aimes"": []}]"
000400000000000000000194;0003000000000000000000b0;000100000000000000000032;J'aime bien.;2026-07-25 00:10:00;00010000000000000000002b;
000400000000000000000195;00030000000000000000015f;000100000000000000000046;Joli.;2026-09-01 18:12:00;"000100000000000000000017;000100000000000000000061;00010000000000000000001d";
000400000000000000000196;000300000000000000000226;000100000000000000000088;Sympa !;2026-10-04 10:22:00;"000100000000000000000061;000100000000000000000095;000100000000000000000077;000100000000000000000041";
000400000000000000000197;0003000000000000000000aa;00010000000000000000007d;Joli.;2026-07-22 01:57:00;000100000000000000000079;
000400000000000000000198;00030000000000000000004b;000100000000000000000007;Bon gout.;2026-06-26 21:21:00;"000100000000000000000079;000100000000000000000090";
000400000000000000000199;000300000000000000000049;000100000000000000000073;Sympa !;2026-07-02 22:57:00;"000100000000000000000087;000100000000000000000019;000100000000000000000093";
00040000000000000000019a;000300000000000000000005;000100000000000000000031;Sympa !;2026-06-09 23:17:00;000100000000000000000093;
00040000000000000000019b;000300000000000000000033;000100000000000000000049;Prenez soin de vous.;2026-06-21 03:11:00;00010000000000000000003a;
00040000000000000000019c;0003000000000000000001eb;000100000000000000000025;Important de s'en souvenir.;2026-09-23 00:33:00;"000100000000000000000030;00010000000000000000005a;00010000000000000000003e";
00040000000000000000019d;000300000000000000000241;00010000000000000000005b;J'aime bien.;2026-10-04 07:49:00;000100000000000000000016;"[{""_id"": {""$oid"": ""000800000000000000000066""}, ""auteur_id"": {""$oid"": ""000100000000000000000047""}, ""contenu"": ""Merci pour le partage."", ""date"": {""$date"": ""2026-10-04T12:53:00Z""}, ""aimes"": []}, {""_id"": {""$oid"": ""000800000000000000000067""}, ""auteur_id"": {""$oid"": ""000100000000000000000081""}, ""contenu"": ""Merci pour le partage."", ""date"": {""$date"": ""2026-10-04T17:38:00Z""}, ""aimes"": []}]"
00040000000000000000019e;0003000000000000000001a5;000100000000000000000043;Bien equipe !;2026-09-14 00:56:00;000100000000000000000082;"[{""_id"": {""$oid"": ""000800000000000000000068""}, ""auteur_id"": {""$oid"": ""000100000000000000000059""}, ""contenu"": ""Belle publication."", ""date"": {""$date"": ""2026-09-14T02:59:00Z""}, ""aimes"": []}]"
00040000000000000000019f;0003000000000000000000f7;000100000000000000000027;Belle concentration.;2026-08-12 01:51:00;"000100000000000000000003;00010000000000000000004f";
0004000000000000000001a0;000300000000000000000162;000100000000000000000074;Salut, bonne energie.;2026-08-31 22:30:00;"00010000000000000000005d;000100000000000000000072;00010000000000000000001a";
0004000000000000000001a1;00030000000000000000007a;00010000000000000000006e;Belle ambiance.;2026-07-15 12:44:00;"000100000000000000000024;000100000000000000000018;000100000000000000000032";
0004000000000000000001a2;00030000000000000000004f;000100000000000000000027;Merci pour ce rappel.;2026-07-05 12:39:00;;
0004000000000000000001a3;000300000000000000000204;000100000000000000000087;Bonjour a toi aussi !;2026-09-24 20:23:00;"00010000000000000000008a;00010000000000000000002d;000100000000000000000036;000100000000000000000006";"[{""_id"": {""$oid"": ""000800000000000000000069""}, ""auteur_id"": {""$oid"": ""00010000000000000000008a""}, ""contenu"": ""J'aime bien."", ""date"": {""$date"": ""2026-09-25T17:40:00Z""}, ""aimes"": []}, {""_id"": {""$oid"": ""00080000000000000000006a""}, ""auteur_id"": {""$oid"": ""000100000000000000000036""}, ""contenu"": ""J'aime bien."", ""date"": {""$date"": ""2026-09-26T00:33:00Z""}, ""aimes"": []}]"
0004000000000000000001a4;000300000000000000000100;000100000000000000000095;J'aime bien.;2026-08-10 20:14:00;"00010000000000000000002e;000100000000000000000086;00010000000000000000004b";
0004000000000000000001a5;000300000000000000000065;000100000000000000000067;J'aime bien.;2026-07-06 16:30:00;000100000000000000000065;
0004000000000000000001a6;000300000000000000000223;000100000000000000000061;Sympa !;2026-09-26 02:31:00;;
0004000000000000000001a7;0003000000000000000001f1;00010000000000000000008f;Bien equipe !;2026-09-20 23:40:00;"000100000000000000000029;000100000000000000000065;000100000000000000000027";
0004000000000000000001a8;0003000000000000000001ee;000100000000000000000084;L'histoire nous enseigne.;2026-09-26 13:07:00;"000100000000000000000080;000100000000000000000049";"[{""_id"": {""$oid"": ""00080000000000000000006b""}, ""auteur_id"": {""$oid"": ""000100000000000000000068""}, ""contenu"": ""Merci !"", ""date"": {""$date"": ""2026-09-26T16:42:00Z""}, ""aimes"": []}]"
0004000000000000000001a9;000300000000000000000012;000100000000000000000094;Je veux y aller !;2026-06-13 22:25:00;000100000000000000000042;
0004000000000000000001aa;000300000000000000000117;00010000000000000000003a;Sympa !;2026-08-21 02:42:00;"00010000000000000000006f;00010000000000000000002e;000100000000000000000025";"[{""_id"": {""$oid"": ""00080000000000000000006c""}, ""auteur_id"": {""$oid"": ""000100000000000000000022""}, ""contenu"": ""J'aime bien."", ""date"": {""$date"": ""2026-08-22T08:43:00Z""}, ""aimes"": []}]"
0004000000000000000001ab;000300000000000000000218;000100000000000000000088;Merci de partager.;2026-09-26 13:37:00;"000100000000000000000013;00010000000000000000004b";
0004000000000000000001ac;000300000000000000000065;000100000000000000000001;Belle photo.;2026-07-07 11:54:00;"000100000000000000000061;000100000000000000000027;00010000000000000000002a;000100000000000000000094";
0004000000000000000001ad;00030000000000000000017a;00010000000000000000001a;Sympa !;2026-08-29 04:27:00;;
0004000000000000000001ae;00030000000000000000013b;000100000000000000000050;Oui, tres cinematographique.;2026-08-23 12:38:00;;
0004000000000000000001af;0003000000000000000000be;000100000000000000000063;Tellement romantique.;2026-08-01 20:21:00;;
0004000000000000000001b0;0003000000000000000000c1;000100000000000000000010;Amen.;2026-07-26 14:28:00;"00010000000000000000006c;000100000000000000000005";
0004000000000000000001b1;00030000000000000000017a;000100000000000000000081;J'aime bien.;2026-09-02 15:07:00;"000100000000000000000034;000100000000000000000083";
0004000000000000000001b2;000300000000000000000139;00010000000000000000001a;Belle photo.;2026-08-26 22:03:00;"00010000000000000000008c;00010000000000000000004a;000100000000000000000052;000100000000000000000079";"[{""_id"": {""$oid"": ""00080000000000000000006d""}, ""auteur_id"": {""$oid"": ""000100000000000000000023""}, ""contenu"": ""Merci pour le partage."", ""date"": {""$date"": ""2026-08-27T03:21:00Z""}, ""aimes"": []}, {""_id"": {""$oid"": ""00080000000000000000006e""}, ""auteur_id"": {""$oid"": ""000100000000000000000007""}, ""contenu"": ""J'aime bien."", ""date"": {""$date"": ""2026-08-28T19:41:00Z""}, ""aimes"": []}]"
0004000000000000000001b3;000300000000000000000240;00010000000000000000002e;Sympa !;2026-10-04 19:44:00;"00010000000000000000005a;00010000000000000000000f;00010000000000000000002e";
0004000000000000000001b4;0003000000000000000000f4;000100000000000000000047;Continue comme ca.;2026-08-07 10:40:00;"000100000000000000000032;000100000000000000000059;000100000000000000000045;000100000000000000000042";
0004000000000000000001b5;0003000000000000000000e3;000100000000000000000004;Tendance.;2026-08-06 20:04:00;"000100000000000000000007;00010000000000000000002c";"[{""_id"": {""$oid"": ""00080000000000000000006f""}, ""auteur_id"": {""$oid"": ""000100000000000000000004""}, ""contenu"": ""Belle publication."", ""date"": {""$date"": ""2026-08-08T16:58:00Z""}, ""aimes"": []}]"
0004000000000000000001b6;0003000000000000000000bb;00010000000000000000003f;Profite bien.;2026-07-30 00:25:00;;
0004000000000000000001b7;00030000000000000000002d;00010000000000000000006d;Belle concentration.;2026-06-24 10:11:00;"000100000000000000000057;00010000000000000000003c;000100000000000000000039;000100000000000000000033";
0004000000000000000001b8;00030000000000000000014f;000100000000000000000036;Ca donne a penser.;2026-08-28 15:57:00;"000100000000000000000094;000100000000000000000052;00010000000000000000005c";
0004000000000000000001b9;00030000000000000000011f;000100000000000000000042;Courage, tu geres !;2026-08-24 10:01:00;"00010000000000000000008e;00010000000000000000002b;00010000000000000000004b;000100000000000000000095";
0004000000000000000001ba;000300000000000000000236;00010000000000000000002e;Il sera pret avant vendredi.;2026-09-29 11:43:00;00010000000000000000000d;"[{""_id"": {""$oid"": ""000800000000000000000070""}, ""auteur_id"": {""$oid"": ""000100000000000000000042""}, ""contenu"": ""Merci pour le partage."", ""date"": {""$date"": ""2026-10-01T20:58:00Z""}, ""aimes"": []}]"
0004000000000000000001bb;000300000000000000000170;000100000000000000000084;Ca donne envie de partir.;2026-09-02 23:22:00;"000100000000000000000024;00010000000000000000001d";
0004000000000000000001bc;00030000000000000000009d;000100000000000000000072;Magnifique !;2026-07-18 01:01:00;00010000000000000000006b;
0004000000000000000001bd;0003000000000000000000f0;00010000000000000000006f;Passionnant !;2026-08-05 20:33:00;"00010000000000000000000f;00010000000000000000007b";
0004000000000000000001be;000300000000000000000216;000100000000000000000049;Interessant, merci pour l'info.;2026-10-01 14:12:00;00010000000000000000005e;"[{""_id"": {""$oid"": ""000800000000000000000071""}, ""auteur_id"": {""$oid"": ""00010000000000000000003c""}, ""contenu"": ""Belle publication."", ""date"": {""$date"": ""2026-10-01T18:09:00Z""}, ""aimes"": []}]"
0004000000000000000001bf;0003000000000000000000cb;00010000000000000000000c;Belle photo.;2026-08-04 18:15:00;"000100000000000000000066;000100000000000000000027";
0004000000000000000001c0;000300000000000000000174;00010000000000000000003e;Joie partagee.;2026-09-03 06:28:00;"00010000000000000000000d;00010000000000000000003c";
0004000000000000000001c1;000300000000000000000042;00010000000000000000007d;Merci pour ce rappel.;2026-06-29 23:01:00;000100000000000000000096;
0004000000000000000001c2;000300000000000000000102;000100000000000000000046;Salut, bonne energie.;2026-08-12 04:34:00;"000100000000000000000087;000100000000000000000005";
0004000000000000000001c3;00030000000000000000023e;00010000000000000000001b;J'aime bien.;2026-10-01 00:21:00;"000100000000000000000042;000100000000000000000019;00010000000000000000004a";
0004000000000000000001c4;0003000000000000000001a6;000100000000000000000090;C'est ou exactement ?;2026-09-09 20:50:00;"00010000000000000000000c;000100000000000000000084;000100000000000000000052;000100000000000000000006";
0004000000000000000001c5;000300000000000000000162;000100000000000000000056;Belle journee !;2026-08-25 14:22:00;"00010000000000000000007f;00010000000000000000001c;000100000000000000000056;000100000000000000000096";
0004000000000000000001c6;000300000000000000000256;00010000000000000000006a;Important de s'en souvenir.;2026-10-04 05:23:00;;"[{""_id"": {""$oid"": ""000800000000000000000072""}, ""auteur_id"": {""$oid"": ""000100000000000000000037""}, ""contenu"": ""J'aime bien."", ""date"": {""$date"": ""2026-10-04T08:30:00Z""}, ""aimes"": []}]"
0004000000000000000001c7;000300000000000000000245;000100000000000000000046;Belle photo.;2026-09-30 20:16:00;"000100000000000000000079;000100000000000000000093";
0004000000000000000001c8;00030000000000000000007c;00010000000000000000003d;Je vois bien un film ici.;2026-07-13 02:58:00;;"[{""_id"": {""$oid"": ""000800000000000000000073""}, ""auteur_id"": {""$oid"": ""000100000000000000000029""}, ""contenu"": ""J'aime bien."", ""date"": {""$date"": ""2026-07-15T23:24:00Z""}, ""aimes"": []}]"
0004000000000000000001c9;000300000000000000000063;000100000000000000000008;Quel endroit splendide.;2026-07-02 13:32:00;"000100000000000000000088;000100000000000000000082;000100000000000000000047";
0004000000000000000001ca;00030000000000000000004c;000100000000000000000089;Merci pour ce rappel.;2026-06-29 07:26:00;00010000000000000000007b;
0004000000000000000001cb;00030000000000000000018f;000100000000000000000005;Le cafe fait tout le travail, alors.;2026-09-09 14:09:00;"000100000000000000000061;000100000000000000000002;000100000000000000000072";
0004000000000000000001cc;00030000000000000000021a;000100000000000000000096;J'aime bien.;2026-09-26 03:46:00;;
0004000000000000000001cd;00030000000000000000003e;00010000000000000000004b;Sympa !;2026-07-01 08:33:00;000100000000000000000002;
0004000000000000000001ce;000300000000000000000026;000100000000000000000090;Courage, tu geres !;2026-06-18 20:54:00;"000100000000000000000085;000100000000000000000036;000100000000000000000081";
0004000000000000000001cf;0003000000000000000000c5;000100000000000000000028;Courage, tu geres !;2026-07-30 02:51:00;"000100000000000000000096;000100000000000000000049;000100000000000000000002;00010000000000000000004f";
0004000000000000000001d0;000300000000000000000059;000100000000000000000039;Elles sont magnifiques.;2026-07-04 16:31:00;;
0004000000000000000001d1;000300000000000000000042;000100000000000000000068;L'histoire nous enseigne.;2026-06-22 09:13:00;;"[{""_id"": {""$oid"": ""000800000000000000000074""}, ""auteur_id"": {""$oid"": ""00010000000000000000007c""}, ""contenu"": ""Merci pour le partage."", ""date"": {""$date"": ""2026-06-22T18:52:00Z""}, ""aimes"": []}, {""_id"": {""$oid"": ""000800000000000000000075""}, ""auteur_id"": {""$oid"": ""00010000000000000000006f""}, ""contenu"": ""Merci !"", ""date"": {""$date"": ""2026-06-23T06:19:00Z""}, ""aimes"": []}]"
0004000000000000000001d2;0003000000000000000000fb;000100000000000000000038;J'ai appris quelque chose.;2026-08-16 00:27:00;000100000000000000000067;
0004000000000000000001d3;000300000000000000000210;00010000000000000000007a;Belle photo.;2026-09-28 17:39:00;"000100000000000000000045;000100000000000000000029;000100000000000000000084";"[{""_id"": {""$oid"": ""000800000000000000000076""}, ""auteur_id"": {""$oid"": ""000100000000000000000042""}, ""contenu"": ""Merci pour le partage."", ""date"": {""$date"": ""2026-09-29T11:26:00Z""}, ""aimes"": []}, {""_id"": {""$oid"": ""000800000000000000000077""}, ""auteur_id"": {""$oid"": ""000100000000000000000027""}, ""contenu"": ""Avec plaisir."", ""date"": {""$date"": ""2026-09-30T09:58:00Z""}, ""aimes"": []}]"
0004000000000000000001d4;0003000000000000000001d1;000100000000000000000049;Courage, tu geres !;2026-09-20 18:24:00;00010000000000000000005c;
0004000000000000000001d5;000300000000000000000217;00010000000000000000003e;J'aime bien.;2026-09-30 08:19:00;"00010000000000000000000b;000100000000000000000086;00010000000000000000008a";
0004000000000000000001d6;000300000000000000000097;000100000000000000000059;Bonne idee de lieu.;2026-07-14 11:43:00;"00010000000000000000003d;00010000000000000000004b;000100000000000000000008";
0004000000000000000001d7;000300000000000000000077;000100000000000000000019;J'aime bien.;2026-07-06 12:27:00;"00010000000000000000004e;000100000000000000000075;000100000000000000000055";
0004000000000000000001d8;00030000000000000000009f;000100000000000000000047;J'aime bien.;2026-07-22 18:05:00;"000100000000000000000077;00010000000000000000000a;000100000000000000000047";
0004000000000000000001d9;0003000000000000000001b3;00010000000000000000000b;Belle photo.;2026-09-14 08:26:00;"000100000000000000000012;000100000000000000000050;00010000000000000000005e;000100000000000000000064";
0004000000000000000001da;000300000000000000000009;000100000000000000000058;Belle photo.;2026-06-16 11:37:00;000100000000000000000063;
0004000000000000000001db;000300000000000000000052;00010000000000000000001a;Cette deadline a bien de la chance.;2026-07-05 19:50:00;000100000000000000000041;
0004000000000000000001dc;000300000000000000000213;000100000000000000000006;Belle photo.;2026-09-26 22:55:00;"000100000000000000000095;000100000000000000000019;00010000000000000000000e;000100000000000000000085";
0004000000000000000001dd;000300000000000000000210;000100000000000000000006;J'aime bien.;2026-09-25 22:41:00;"000100000000000000000051;00010000000000000000006e;000100000000000000000048";
0004000000000000000001de;00030000000000000000022c;000100000000000000000037;J'aime bien.;2026-09-26 10:17:00;00010000000000000000001b;
0004000000000000000001df;0003000000000000000000f5;000100000000000000000081;Belle photo.;2026-08-14 04:29:00;"000100000000000000000012;00010000000000000000006d;000100000000000000000094";
0004000000000000000001e0;000300000000000000000237;00010000000000000000001a;Belle photo.;2026-10-02 10:19:00;00010000000000000000003c;
0004000000000000000001e1;000300000000000000000129;000100000000000000000027;Superbe choix.;2026-08-20 17:22:00;;
0004000000000000000001e2;000300000000000000000032;000100000000000000000009;Belle photo.;2026-06-23 05:14:00;"00010000000000000000008f;00010000000000000000006c;000100000000000000000074";
0004000000000000000001e3;00030000000000000000009b;00010000000000000000001d;Belle journee !;2026-07-14 11:10:00;00010000000000000000008d;
0004000000000000000001e4;0003000000000000000001d8;000100000000000000000057;Reviens vite.;2026-09-20 06:21:00;;
0004000000000000000001e5;000300000000000000000007;00010000000000000000002b;A voir un jour.;2026-06-15 03:46:00;"000100000000000000000083;00010000000000000000005e;00010000000000000000002b;000100000000000000000043";
0004000000000000000001e6;00030000000000000000005b;000100000000000000000095;J'aime bien.;2026-07-05 23:23:00;"000100000000000000000007;000100000000000000000088;00010000000000000000004b";
0004000000000000000001e7;00030000000000000000009d;00010000000000000000001a;On se croirait dans un reve.;2026-07-22 00:08:00;"000100000000000000000056;00010000000000000000005f;000100000000000000000032;000100000000000000000078";
0004000000000000000001e8;0003000000000000000001f7;00010000000000000000003b;Bon gout.;2026-09-18 21:57:00;000100000000000000000075;
0004000000000000000001e9;0003000000000000000001cc;000100000000000000000075;Tellement vrai.;2026-09-13 19:31:00;"000100000000000000000042;00010000000000000000008d";"[{""_id"": {""$oid"": ""000800000000000000000078""}, ""auteur_id"": {""$oid"": ""00010000000000000000005f""}, ""contenu"": ""J'aime bien."", ""date"": {""$date"": ""2026-09-13T21:07:00Z""}, ""aimes"": []}, {""_id"": {""$oid"": ""000800000000000000000079""}, ""auteur_id"": {""$oid"": ""000100000000000000000020""}, ""contenu"": ""J'aime bien."", ""date"": {""$date"": ""2026-09-16T02:14:00Z""}, ""aimes"": []}]"
0004000000000000000001ea;0003000000000000000000a0;000100000000000000000019;Sympa !;2026-07-17 10:53:00;;
0004000000000000000001eb;00030000000000000000009a;000100000000000000000010;Sympa !;2026-07-21 16:26:00;"00010000000000000000005f;00010000000000000000006a;00010000000000000000000c";
0004000000000000000001ec;000300000000000000000107;000100000000000000000027;Bonjour a toi aussi !;2026-08-14 03:08:00;;
0004000000000000000001ed;0003000000000000000001e3;000100000000000000000096;Sympa !;2026-09-19 04:38:00;"00010000000000000000007d;000100000000000000000029;000100000000000000000096";
0004000000000000000001ee;0003000000000000000001ea;00010000000000000000006b;Sympa !;2026-09-23 03:07:00;"000100000000000000000081;000100000000000000000055;00010000000000000000004f;000100000000000000000028";
0004000000000000000001ef;000300000000000000000128;000100000000000000000076;Mes jambes tremblent.;2026-08-19 23:07:00;"00010000000000000000007d;000100000000000000000094;000100000000000000000027;000100000000000000000060";
0004000000000000000001f0;000300000000000000000012;00010000000000000000001f;Ca donne envie de partir.;2026-06-22 15:02:00;"000100000000000000000032;00010000000000000000006a;000100000000000000000069";
0004000000000000000001f1;0003000000000000000001d5;00010000000000000000005b;Je veux y aller !;2026-09-15 21:12:00;"000100000000000000000077;000100000000000000000090;00010000000000000000003f;00010000000000000000007c";
0004000000000000000001f2;00030000000000000000017a;000100000000000000000081;Belle photo.;2026-08-28 23:45:00;000100000000000000000025;
0004000000000000000001f3;0003000000000000000001bc;00010000000000000000005c;Sympa !;2026-09-16 13:32:00;"00010000000000000000007f;000100000000000000000076;00010000000000000000001f";
0004000000000000000001f4;00030000000000000000018c;000100000000000000000090;Belle concentration.;2026-09-03 03:49:00;;
0004000000000000000001f5;000300000000000000000183;00010000000000000000001c;C'est ou exactement ?;2026-09-04 02:30:00;;
0004000000000000000001f6;000300000000000000000193;00010000000000000000002a;Courage, tu geres !;2026-09-01 09:31:00;"000100000000000000000061;000100000000000000000010";
0004000000000000000001f7;00030000000000000000016a;000100000000000000000043;Le necessaire.;2026-08-29 10:03:00;00010000000000000000007b;"[{""_id"": {""$oid"": ""00080000000000000000007a""}, ""auteur_id"": {""$oid"": ""000100000000000000000069""}, ""contenu"": ""J'aime bien."", ""date"": {""$date"": ""2026-08-30T19:54:00Z""}, ""aimes"": []}]"
0004000000000000000001f8;00030000000000000000014b;000100000000000000000007;Belle photo.;2026-08-27 02:50:00;000100000000000000000054;"[{""_id"": {""$oid"": ""00080000000000000000007b""}, ""auteur_id"": {""$oid"": ""000100000000000000000073""}, ""contenu"": ""Sympa !"", ""date"": {""$date"": ""2026-08-28T10:49:00Z""}, ""aimes"": []}]"
0004000000000000000001f9;000300000000000000000186;000100000000000000000003;Bon gout.;2026-09-03 15:29:00;000100000000000000000076;
0004000000000000000001fa;000300000000000000000225;000100000000000000000029;Sympa !;2026-10-02 04:31:00;"000100000000000000000036;000100000000000000000084";
0004000000000000000001fb;000300000000000000000109;00010000000000000000008e;On se croirait dans un reve.;2026-08-19 00:15:00;"000100000000000000000050;000100000000000000000040";"[{""_id"": {""$oid"": ""00080000000000000000007c""}, ""auteur_id"": {""$oid"": ""00010000000000000000002b""}, ""contenu"": ""Sympa !"", ""date"": {""$date"": ""2026-08-19T10:44:00Z""}, ""aimes"": []}, {""_id"": {""$oid"": ""00080000000000000000007d""}, ""auteur_id"": {""$oid"": ""000100000000000000000077""}, ""contenu"": ""Belle publication."", ""date"": {""$date"": ""2026-08-21T20:12:00Z""}, ""aimes"": []}]"
0004000000000000000001fc;0003000000000000000000f6;000100000000000000000013;Sympa !;2026-08-11 14:00:00;"000100000000000000000012;000100000000000000000052;000100000000000000000083;000100000000000000000050";
0004000000000000000001fd;000300000000000000000125;00010000000000000000006d;Courage, tu geres !;2026-08-20 16:11:00;"00010000000000000000006c;00010000000000000000000e";
0004000000000000000001fe;00030000000000000000001f;00010000000000000000004a;J'aime bien.;2026-06-20 00:20:00;00010000000000000000000c;
0004000000000000000001ff;00030000000000000000014e;000100000000000000000008;Belle photo.;2026-08-27 08:21:00;;
000400000000000000000200;000300000000000000000210;000100000000000000000053;Belle photo.;2026-10-01 00:03:00;;
000400000000000000000201;00030000000000000000020a;000100000000000000000084;Sympa !;2026-09-26 10:23:00;"000100000000000000000008;000100000000000000000079";
000400000000000000000202;00030000000000000000012f;00010000000000000000003a;Sympa !;2026-08-19 10:59:00;;
000400000000000000000203;000300000000000000000057;00010000000000000000006f;Belle photo.;2026-07-01 14:46:00;"00010000000000000000004a;000100000000000000000002";
000400000000000000000204;000300000000000000000018;000100000000000000000054;Trop mignon.;2026-06-16 15:06:00;"000100000000000000000029;00010000000000000000001e";
000400000000000000000205;00030000000000000000018c;00010000000000000000006b;Belle concentration.;2026-09-06 02:07:00;00010000000000000000002b;
000400000000000000000206;000300000000000000000075;000100000000000000000082;Courage, tu geres !;2026-07-14 03:31:00;"00010000000000000000008d;000100000000000000000004;00010000000000000000005e";
000400000000000000000207;0003000000000000000000b8;00010000000000000000008f;On dirait un decor de cauchemar.;2026-07-22 09:55:00;;
000400000000000000000208;0003000000000000000001a3;00010000000000000000007e;Haha, on te croit sur parole.;2026-09-10 01:22:00;000100000000000000000061;
000400000000000000000209;00030000000000000000000e;000100000000000000000073;Un vrai bonheur simple.;2026-06-18 17:27:00;"000100000000000000000063;00010000000000000000004c;00010000000000000000005c;000100000000000000000056";
00040000000000000000020a;0003000000000000000001f5;000100000000000000000061;Ca donne a penser.;2026-09-19 06:57:00;;
00040000000000000000020b;0003000000000000000001a9;000100000000000000000008;Belle concentration.;2026-09-10 14:38:00;"00010000000000000000007f;000100000000000000000045;00010000000000000000004b;000100000000000000000018";"[{""_id"": {""$oid"": ""00080000000000000000007e""}, ""auteur_id"": {""$oid"": ""00010000000000000000005e""}, ""contenu"": ""Sympa !"", ""date"": {""$date"": ""2026-09-11T17:10:00Z""}, ""aimes"": []}, {""_id"": {""$oid"": ""00080000000000000000007f""}, ""auteur_id"": {""$oid"": ""000100000000000000000029""}, ""contenu"": ""Sympa !"", ""date"": {""$date"": ""2026-09-12T07:34:00Z""}, ""aimes"": []}]"
00040000000000000000020c;000300000000000000000213;000100000000000000000021;J'aime bien.;2026-10-02 03:58:00;"000100000000000000000096;00010000000000000000008c;000100000000000000000070;00010000000000000000002d";
00040000000000000000020d;0003000000000000000000e8;000100000000000000000053;Sympa !;2026-08-08 21:20:00;"000100000000000000000040;000100000000000000000051;00010000000000000000006f";
00040000000000000000020e;00030000000000000000002c;000100000000000000000007;A tout de suite.;2026-06-19 04:58:00;"000100000000000000000059;000100000000000000000011";
00040000000000000000020f;0003000000000000000001a3;00010000000000000000001f;Cette deadline a bien de la chance.;2026-09-05 14:51:00;"00010000000000000000005d;000100000000000000000014;000100000000000000000096";
000400000000000000000210;0003000000000000000001eb;000100000000000000000035;Merci pour ce rappel.;2026-09-22 14:07:00;"000100000000000000000056;000100000000000000000038;000100000000000000000012;00010000000000000000002d";
000400000000000000000211;0003000000000000000001c9;000100000000000000000076;Je comprends ce sentiment.;2026-09-20 07:18:00;"000100000000000000000088;000100000000000000000006";
000400000000000000000212;0003000000000000000001b3;000100000000000000000011;Belle photo.;2026-09-14 22:34:00;00010000000000000000001d;
000400000000000000000213;000300000000000000000134;000100000000000000000073;Sympa !;2026-08-22 10:46:00;"000100000000000000000047;000100000000000000000061;000100000000000000000014";
000400000000000000000214;000300000000000000000229;00010000000000000000007b;Je veux y aller !;2026-09-27 07:17:00;"000100000000000000000040;000100000000000000000027";
000400000000000000000215;0003000000000000000000b0;000100000000000000000025;Belle photo.;2026-07-20 01:21:00;"00010000000000000000000b;000100000000000000000083;000100000000000000000019";
000400000000000000000216;00030000000000000000011f;000100000000000000000001;Continue comme ca.;2026-08-16 19:00:00;;
000400000000000000000217;00030000000000000000024a;00010000000000000000002b;Oui, tres cinematographique.;2026-10-04 18:45:00;"00010000000000000000008f;00010000000000000000008a;000100000000000000000046;00010000000000000000000c";
000400000000000000000218;0003000000000000000000d7;000100000000000000000090;Ok pour samedi.;2026-08-05 10:38:00;"000100000000000000000040;000100000000000000000073";
000400000000000000000219;000300000000000000000077;00010000000000000000004f;J'aime bien.;2026-07-12 05:16:00;;
00040000000000000000021a;0003000000000000000000d8;000100000000000000000023;J'ai appris quelque chose.;2026-08-03 12:24:00;"000100000000000000000040;000100000000000000000003;000100000000000000000004;000100000000000000000086";
00040000000000000000021b;000300000000000000000215;000100000000000000000005;A voir un jour.;2026-09-26 20:56:00;"000100000000000000000004;000100000000000000000055;000100000000000000000083;00010000000000000000000b";
00040000000000000000021c;00030000000000000000010e;00010000000000000000008d;Important de s'en souvenir.;2026-08-13 14:24:00;000100000000000000000049;
00040000000000000000021d;0003000000000000000001e9;000100000000000000000066;Belle ambiance.;2026-09-20 19:27:00;;
00040000000000000000021e;000300000000000000000252;00010000000000000000000d;Merci pour la lecon.;2026-10-03 15:27:00;000100000000000000000058;
00040000000000000000021f;00030000000000000000016c;000100000000000000000086;Je veux y aller !;2026-09-03 14:34:00;"00010000000000000000000a;000100000000000000000030;00010000000000000000001c;00010000000000000000003d";
000400000000000000000220;000300000000000000000088;000100000000000000000012;Belle concentration.;2026-07-09 21:46:00;"00010000000000000000004e;00010000000000000000006c;000100000000000000000006;000100000000000000000024";
000400000000000000000221;000300000000000000000074;000100000000000000000014;Belle photo.;2026-07-07 00:44:00;"000100000000000000000073;00010000000000000000006d;000100000000000000000043";
000400000000000000000222;000300000000000000000257;000100000000000000000025;Tellement vrai.;2026-10-04 18:41:00;"000100000000000000000096;000100000000000000000053";"[{""_id"": {""$oid"": ""000800000000000000000080""}, ""auteur_id"": {""$oid"": ""000100000000000000000081""}, ""contenu"": ""J'aime bien."", ""date"": {""$date"": ""2026-10-04T19:03:00Z""}, ""aimes"": []}, {""_id"": {""$oid"": ""000800000000000000000081""}, ""auteur_id"": {""$oid"": ""00010000000000000000000e""}, ""contenu"": ""Merci pour le partage."", ""date"": {""$date"": ""2026-10-04T19:51:00Z""}, ""aimes"": []}]"
000400000000000000000223;00030000000000000000010c;000100000000000000000015;Cette deadline a bien de la chance.;2026-08-13 14:05:00;000100000000000000000001;
000400000000000000000224;0003000000000000000001b8;000100000000000000000007;Sympa !;2026-09-10 11:02:00;"000100000000000000000065;00010000000000000000005b;00010000000000000000007e";"[{""_id"": {""$oid"": ""000800000000000000000082""}, ""auteur_id"": {""$oid"": ""00010000000000000000005b""}, ""contenu"": ""Avec plaisir."", ""date"": {""$date"": ""2026-09-13T04:41:00Z""}, ""aimes"": []}, {""_id"": {""$oid"": ""000800000000000000000083""}, ""auteur_id"": {""$oid"": ""00010000000000000000006f""}, ""contenu"": ""J'aime bien."", ""date"": {""$date"": ""2026-09-13T09:34:00Z""}, ""aimes"": []}]"
000400000000000000000225;0003000000000000000001c8;000100000000000000000080;Courage, tu geres !;2026-09-18 03:03:00;"000100000000000000000092;000100000000000000000066;00010000000000000000004b;00010000000000000000001a";"[{""_id"": {""$oid"": ""000800000000000000000084""}, ""auteur_id"": {""$oid"": ""00010000000000000000004a""}, ""contenu"": ""Sympa !"", ""date"": {""$date"": ""2026-09-19T01:08:00Z""}, ""aimes"": []}]"
000400000000000000000226;0003000000000000000001b2;000100000000000000000067;J'aime bien.;2026-09-09 21:29:00;"000100000000000000000025;000100000000000000000091;000100000000000000000053";
000400000000000000000227;000300000000000000000164;000100000000000000000031;Haha, on te croit sur parole.;2026-09-03 19:21:00;000100000000000000000006;
000400000000000000000228;0003000000000000000000c7;00010000000000000000007a;Continue comme ca.;2026-07-27 17:16:00;"00010000000000000000007e;000100000000000000000063;000100000000000000000042;000100000000000000000019";
000400000000000000000229;000300000000000000000078;000100000000000000000030;Belle photo.;2026-07-10 15:47:00;"00010000000000000000008c;000100000000000000000066";"[{""_id"": {""$oid"": ""000800000000000000000085""}, ""auteur_id"": {""$oid"": ""000100000000000000000092""}, ""contenu"": ""Merci pour le partage."", ""date"": {""$date"": ""2026-07-12T03:28:00Z""}, ""aimes"": []}]"
00040000000000000000022a;000300000000000000000157;00010000000000000000001f;Prenez soin de vous.;2026-08-29 15:33:00;"000100000000000000000082;000100000000000000000034";
00040000000000000000022b;000300000000000000000043;000100000000000000000095;Sympa !;2026-06-25 05:32:00;"000100000000000000000039;00010000000000000000005f;000100000000000000000046;000100000000000000000048";
00040000000000000000022c;000300000000000000000155;000100000000000000000026;Tres elegant.;2026-08-31 11:42:00;"00010000000000000000005b;000100000000000000000091;00010000000000000000008c;000100000000000000000083";
00040000000000000000022d;0003000000000000000001e0;000100000000000000000020;Salut, bonne energie.;2026-09-21 22:16:00;"000100000000000000000025;000100000000000000000076;000100000000000000000070";"[{""_id"": {""$oid"": ""000800000000000000000086""}, ""auteur_id"": {""$oid"": ""000100000000000000000063""}, ""contenu"": ""J'aime bien."", ""date"": {""$date"": ""2026-09-23T18:56:00Z""}, ""aimes"": []}, {""_id"": {""$oid"": ""000800000000000000000087""}, ""auteur_id"": {""$oid"": ""000100000000000000000026""}, ""contenu"": ""Merci pour le partage."", ""date"": {""$date"": ""2026-09-23T22:39:00Z""}, ""aimes"": []}]"
00040000000000000000022e;00030000000000000000013e;00010000000000000000002b;Ca donne envie de partir.;2026-08-21 14:07:00;000100000000000000000016;
00040000000000000000022f;00030000000000000000007c;00010000000000000000002e;Je vois bien un film ici.;2026-07-11 22:26:00;;
000400000000000000000230;0003000000000000000000ed;00010000000000000000008a;Prenez soin de vous.;2026-08-06 03:02:00;"000100000000000000000057;000100000000000000000079";
000400000000000000000231;00030000000000000000007e;000100000000000000000091;Sympa !;2026-07-16 08:46:00;000100000000000000000023;
000400000000000000000232;00030000000000000000019a;000100000000000000000048;Belle photo.;2026-09-02 06:25:00;"000100000000000000000005;000100000000000000000023";"[{""_id"": {""$oid"": ""000800000000000000000088""}, ""auteur_id"": {""$oid"": ""000100000000000000000007""}, ""contenu"": ""Belle publication."", ""date"": {""$date"": ""2026-09-03T23:30:00Z""}, ""aimes"": []}, {""_id"": {""$oid"": ""000800000000000000000089""}, ""auteur_id"": {""$oid"": ""000100000000000000000042""}, ""contenu"": ""Avec plaisir."", ""date"": {""$date"": ""2026-09-05T05:17:00Z""}, ""aimes"": []}]"
000400000000000000000233;00030000000000000000006c;000100000000000000000063;Meme situation ici.;2026-07-10 03:48:00;"000100000000000000000075;00010000000000000000003a";
000400000000000000000234;0003000000000000000001f6;00010000000000000000005f;Sympa !;2026-09-26 03:08:00;"000100000000000000000040;000100000000000000000013";
000400000000000000000235;000300000000000000000154;000100000000000000000008;Haha, on te croit sur parole.;2026-09-01 03:55:00;;
000400000000000000000236;000300000000000000000109;000100000000000000000089;On se croirait dans un reve.;2026-08-16 14:37:00;"000100000000000000000078;000100000000000000000093;00010000000000000000000d";
000400000000000000000237;00030000000000000000000e;00010000000000000000006e;Un vrai bonheur simple.;2026-06-17 01:52:00;"000100000000000000000079;00010000000000000000007c";
000400000000000000000238;000300000000000000000215;000100000000000000000023;A voir un jour.;2026-10-02 01:28:00;000100000000000000000083;"[{""_id"": {""$oid"": ""00080000000000000000008a""}, ""auteur_id"": {""$oid"": ""00010000000000000000008e""}, ""contenu"": ""Merci pour le partage."", ""date"": {""$date"": ""2026-10-02T01:35:00Z""}, ""aimes"": []}]"
000400000000000000000239;0003000000000000000001c0;00010000000000000000001f;Salut, bonne energie.;2026-09-12 10:31:00;000100000000000000000065;
00040000000000000000023a;000300000000000000000018;000100000000000000000005;Belle ambiance.;2026-06-23 09:39:00;"000100000000000000000025;000100000000000000000023";"[{""_id"": {""$oid"": ""00080000000000000000008b""}, ""auteur_id"": {""$oid"": ""000100000000000000000079""}, ""contenu"": ""Merci !"", ""date"": {""$date"": ""2026-06-25T16:29:00Z""}, ""aimes"": []}, {""_id"": {""$oid"": ""00080000000000000000008c""}, ""auteur_id"": {""$oid"": ""00010000000000000000007f""}, ""contenu"": ""Belle publication."", ""date"": {""$date"": ""2026-06-26T00:45:00Z""}, ""aimes"": []}]"
00040000000000000000023b;000300000000000000000076;000100000000000000000055;On dirait un decor de cauchemar.;2026-07-07 19:41:00;000100000000000000000023;
00040000000000000000023c;000300000000000000000210;000100000000000000000045;Belle photo.;2026-09-23 22:34:00;"000100000000000000000074;00010000000000000000002f;000100000000000000000075";
00040000000000000000023d;0003000000000000000000db;000100000000000000000075;J'aime bien.;2026-08-02 23:00:00;"00010000000000000000000d;00010000000000000000002b";
00040000000000000000023e;000300000000000000000228;000100000000000000000023;Ca donne envie de partir.;2026-10-03 10:17:00;"000100000000000000000030;000100000000000000000018";
00040000000000000000023f;0003000000000000000001d5;000100000000000000000044;Je veux y aller !;2026-09-15 22:59:00;;
000400000000000000000240;000300000000000000000094;00010000000000000000003b;J'aime bien.;2026-07-19 16:21:00;000100000000000000000096;
000400000000000000000241;000300000000000000000144;000100000000000000000020;Belle photo.;2026-08-29 20:30:00;"000100000000000000000082;00010000000000000000004d;00010000000000000000002e;000100000000000000000005";
000400000000000000000242;000300000000000000000171;000100000000000000000012;J'aime bien.;2026-09-01 12:03:00;"000100000000000000000090;000100000000000000000040;00010000000000000000005f;000100000000000000000081";
000400000000000000000243;000300000000000000000163;00010000000000000000000f;Belle photo.;2026-08-28 18:26:00;;
000400000000000000000244;00030000000000000000002b;000100000000000000000064;J'aime bien.;2026-06-25 14:06:00;00010000000000000000002e;
000400000000000000000245;000300000000000000000031;000100000000000000000087;J'aime bien.;2026-06-24 00:39:00;;
000400000000000000000246;000300000000000000000109;000100000000000000000027;Magnifique !;2026-08-15 05:26:00;"00010000000000000000007a;00010000000000000000004b;00010000000000000000006a";
000400000000000000000247;000300000000000000000163;000100000000000000000063;J'aime bien.;2026-08-30 09:28:00;;
000400000000000000000248;000300000000000000000079;000100000000000000000087;Quel endroit splendide.;2026-07-15 00:03:00;00010000000000000000006b;
000400000000000000000249;000300000000000000000031;000100000000000000000015;Belle photo.;2026-06-22 15:01:00;"00010000000000000000004b;000100000000000000000054;000100000000000000000096;000100000000000000000023";
00040000000000000000024a;00030000000000000000007c;000100000000000000000011;Je vois bien un film ici.;2026-07-07 14:57:00;"00010000000000000000002d;00010000000000000000003b;000100000000000000000056";
00040000000000000000024b;00030000000000000000009e;00010000000000000000000e;J'ai appris quelque chose.;2026-07-14 20:41:00;00010000000000000000007f;
00040000000000000000024c;0003000000000000000001af;00010000000000000000007e;J'ai failli glisser la-bas.;2026-09-12 23:32:00;000100000000000000000082;
00040000000000000000024d;0003000000000000000001b6;000100000000000000000062;J'aime bien.;2026-09-11 20:39:00;"00010000000000000000007f;000100000000000000000077;000100000000000000000092;000100000000000000000016";
00040000000000000000024e;0003000000000000000000d8;00010000000000000000007c;Interessant, merci pour l'info.;2026-08-05 08:43:00;000100000000000000000006;
00040000000000000000024f;0003000000000000000001eb;00010000000000000000000c;Important de s'en souvenir.;2026-09-23 12:07:00;;
000400000000000000000250;000300000000000000000250;000100000000000000000008;Sympa !;2026-10-02 21:18:00;"000100000000000000000069;00010000000000000000006b;00010000000000000000000f;000100000000000000000066";
000400000000000000000251;000300000000000000000256;000100000000000000000058;Merci pour ce rappel.;2026-10-04 05:33:00;"00010000000000000000001a;000100000000000000000004;000100000000000000000083";"[{""_id"": {""$oid"": ""00080000000000000000008d""}, ""auteur_id"": {""$oid"": ""000100000000000000000053""}, ""contenu"": ""Sympa !"", ""date"": {""$date"": ""2026-10-04T10:10:00Z""}, ""aimes"": []}, {""_id"": {""$oid"": ""00080000000000000000008e""}, ""auteur_id"": {""$oid"": ""000100000000000000000028""}, ""contenu"": ""Merci !"", ""date"": {""$date"": ""2026-10-04T18:17:00Z""}, ""aimes"": []}]"
000400000000000000000252;000300000000000000000002;000100000000000000000003;On se croirait dans un reve.;2026-06-07 11:14:00;"000100000000000000000084;00010000000000000000007c";
000400000000000000000253;00030000000000000000012b;000100000000000000000030;Efficace.;2026-08-21 09:40:00;"00010000000000000000006d;00010000000000000000005a;000100000000000000000021";"[{""_id"": {""$oid"": ""00080000000000000000008f""}, ""auteur_id"": {""$oid"": ""00010000000000000000007c""}, ""contenu"": ""Avec plaisir."", ""date"": {""$date"": ""2026-08-23T12:05:00Z""}, ""aimes"": []}]"
000400000000000000000254;000300000000000000000004;00010000000000000000004d;Sympa !;2026-06-17 22:15:00;"00010000000000000000001e;000100000000000000000075";
000400000000000000000255;000300000000000000000159;000100000000000000000019;Cette deadline a bien de la chance.;2026-08-31 00:09:00;"000100000000000000000011;00010000000000000000002f";
000400000000000000000256;00030000000000000000022a;00010000000000000000004e;Belle photo.;2026-09-28 04:37:00;00010000000000000000003d;
000400000000000000000257;000300000000000000000221;000100000000000000000054;Mes jambes tremblent.;2026-09-27 02:42:00;"000100000000000000000073;00010000000000000000007c";
000400000000000000000258;00030000000000000000015d;000100000000000000000081;Merci pour la lecon.;2026-08-29 19:30:00;000100000000000000000064;
000400000000000000000259;000300000000000000000191;000100000000000000000087;Belle photo.;2026-09-06 16:14:00;;
00040000000000000000025a;000300000000000000000175;000100000000000000000018;On dirait un decor de cauchemar.;2026-09-04 13:55:00;000100000000000000000083;"[{""_id"": {""$oid"": ""000800000000000000000090""}, ""auteur_id"": {""$oid"": ""000100000000000000000022""}, ""contenu"": ""Merci pour le partage."", ""date"": {""$date"": ""2026-09-04T14:00:00Z""}, ""aimes"": []}, {""_id"": {""$oid"": ""000800000000000000000091""}, ""auteur_id"": {""$oid"": ""000100000000000000000079""}, ""contenu"": ""Sympa !"", ""date"": {""$date"": ""2026-09-06T11:46:00Z""}, ""aimes"": []}]"
00040000000000000000025b;0003000000000000000001de;000100000000000000000014;J'aime bien.;2026-09-23 22:47:00;"00010000000000000000000a;00010000000000000000007c;000100000000000000000044;000100000000000000000065";
00040000000000000000025c;0003000000000000000000f8;000100000000000000000065;J'aime bien.;2026-08-15 14:27:00;"000100000000000000000046;00010000000000000000007a;000100000000000000000027";
00040000000000000000025d;0003000000000000000001d9;000100000000000000000018;Profite bien.;2026-09-19 03:14:00;"00010000000000000000003f;00010000000000000000000d;000100000000000000000038;000100000000000000000028";"[{""_id"": {""$oid"": ""000800000000000000000092""}, ""auteur_id"": {""$oid"": ""000100000000000000000042""}, ""contenu"": ""Merci pour le partage."", ""date"": {""$date"": ""2026-09-20T07:39:00Z""}, ""aimes"": []}]"
00040000000000000000025e;00030000000000000000011a;00010000000000000000005b;On se croirait dans un reve.;2026-08-23 06:07:00;"000100000000000000000025;00010000000000000000005d";
00040000000000000000025f;00030000000000000000013a;000100000000000000000055;L'histoire nous enseigne.;2026-08-25 23:07:00;"00010000000000000000007e;000100000000000000000035;000100000000000000000052";
000400000000000000000260;0003000000000000000001ac;000100000000000000000003;Interessant, merci pour l'info.;2026-09-11 07:40:00;;
000400000000000000000261;000300000000000000000101;000100000000000000000081;Magnifique !;2026-08-11 04:05:00;"00010000000000000000004d;000100000000000000000077;000100000000000000000063;000100000000000000000045";
000400000000000000000262;0003000000000000000001d2;000100000000000000000027;Bon courage pour les exams !;2026-09-20 17:29:00;000100000000000000000061;
000400000000000000000263;000300000000000000000098;000100000000000000000017;Tres elegant.;2026-07-15 10:37:00;"000100000000000000000035;000100000000000000000068;00010000000000000000003d;00010000000000000000001c";
000400000000000000000264;000300000000000000000233;000100000000000000000094;Sympa !;2026-10-02 03:59:00;"000100000000000000000052;000100000000000000000011;000100000000000000000057;000100000000000000000065";"[{""_id"": {""$oid"": ""000800000000000000000093""}, ""auteur_id"": {""$oid"": ""000100000000000000000056""}, ""contenu"": ""Avec plaisir."", ""date"": {""$date"": ""2026-10-03T01:42:00Z""}, ""aimes"": []}, {""_id"": {""$oid"": ""000800000000000000000094""}, ""auteur_id"": {""$oid"": ""00010000000000000000002a""}, ""contenu"": ""Merci !"", ""date"": {""$date"": ""2026-10-04T19:10:00Z""}, ""aimes"": []}]"
000400000000000000000265;0003000000000000000001ea;000100000000000000000068;Sympa !;2026-09-19 09:53:00;"000100000000000000000034;000100000000000000000064;000100000000000000000026";
000400000000000000000266;000300000000000000000226;00010000000000000000001f;Sympa !;2026-09-26 00:20:00;"000100000000000000000043;00010000000000000000000f;000100000000000000000073";
000400000000000000000267;0003000000000000000000e0;000100000000000000000084;Merci de l'avertissement.;2026-08-06 03:39:00;;
000400000000000000000268;000300000000000000000176;00010000000000000000004e;Profite bien.;2026-09-02 22:22:00;00010000000000000000006b;"[{""_id"": {""$oid"": ""000800000000000000000095""}, ""auteur_id"": {""$oid"": ""00010000000000000000002a""}, ""contenu"": ""Avec plaisir."", ""date"": {""$date"": ""2026-09-05T03:30:00Z""}, ""aimes"": []}]"
000400000000000000000269;0003000000000000000001ef;00010000000000000000005e;J'aime bien.;2026-09-19 05:52:00;000100000000000000000052;
00040000000000000000026a;000300000000000000000156;00010000000000000000006a;Tellement juste.;2026-09-01 12:08:00;"000100000000000000000079;000100000000000000000010;000100000000000000000056";
00040000000000000000026b;0003000000000000000001c1;00010000000000000000005e;Salut, bonne energie.;2026-09-13 02:52:00;;
00040000000000000000026c;0003000000000000000000ad;00010000000000000000007a;L'electronique, quel art.;2026-07-18 19:24:00;"000100000000000000000063;000100000000000000000019;000100000000000000000054;00010000000000000000004b";
00040000000000000000026d;000300000000000000000071;00010000000000000000008e;Le cafe fait tout le travail, alors.;2026-07-05 16:06:00;;
00040000000000000000026e;000300000000000000000220;00010000000000000000000d;Je vois bien un film ici.;2026-10-02 04:11:00;"000100000000000000000093;000100000000000000000032;000100000000000000000079;000100000000000000000044";"[{""_id"": {""$oid"": ""000800000000000000000096""}, ""auteur_id"": {""$oid"": ""000100000000000000000014""}, ""contenu"": ""Belle publication."", ""date"": {""$date"": ""2026-10-02T13:34:00Z""}, ""aimes"": []}]"
00040000000000000000026f;000300000000000000000166;000100000000000000000091;Belle photo.;2026-08-25 15:53:00;"000100000000000000000016;000100000000000000000023;000100000000000000000012";"[{""_id"": {""$oid"": ""000800000000000000000097""}, ""auteur_id"": {""$oid"": ""000100000000000000000070""}, ""contenu"": ""Sympa !"", ""date"": {""$date"": ""2026-08-26T18:05:00Z""}, ""aimes"": []}]"
000400000000000000000270;0003000000000000000000d1;000100000000000000000088;Quel endroit splendide.;2026-07-30 18:17:00;"00010000000000000000008f;000100000000000000000029";"[{""_id"": {""$oid"": ""000800000000000000000098""}, ""auteur_id"": {""$oid"": ""000100000000000000000016""}, ""contenu"": ""J'aime bien."", ""date"": {""$date"": ""2026-08-01T18:49:00Z""}, ""aimes"": []}, {""_id"": {""$oid"": ""000800000000000000000099""}, ""auteur_id"": {""$oid"": ""000100000000000000000011""}, ""contenu"": ""J'aime bien."", ""date"": {""$date"": ""2026-08-02T01:07:00Z""}, ""aimes"": []}]"
000400000000000000000271;000300000000000000000080;000100000000000000000028;Je veux y aller !;2026-07-09 21:52:00;00010000000000000000008c;
000400000000000000000272;0003000000000000000001fe;000100000000000000000054;Sympa !;2026-09-25 12:43:00;"000100000000000000000032;000100000000000000000002;000100000000000000000027";
000400000000000000000273;00030000000000000000007a;000100000000000000000026;Belle ambiance.;2026-07-12 13:00:00;00010000000000000000003a;
000400000000000000000274;000300000000000000000015;00010000000000000000003e;Quelle experience.;2026-06-17 19:59:00;"000100000000000000000087;000100000000000000000080;00010000000000000000001b";
000400000000000000000275;0003000000000000000000cb;000100000000000000000061;Belle photo.;2026-08-04 13:41:00;"000100000000000000000069;00010000000000000000004d;00010000000000000000007d;000100000000000000000029";
000400000000000000000276;00030000000000000000002a;00010000000000000000006b;On se croirait dans un reve.;2026-06-24 17:59:00;"000100000000000000000045;00010000000000000000006a;000100000000000000000047";
000400000000000000000277;0003000000000000000000b8;00010000000000000000005e;Moi non plus, jamais !;2026-07-25 11:40:00;;"[{""_id"": {""$oid"": ""00080000000000000000009a""}, ""auteur_id"": {""$oid"": ""000100000000000000000020""}, ""contenu"": ""Sympa !"", ""date"": {""$date"": ""2026-07-27T18:53:00Z""}, ""aimes"": []}]"
000400000000000000000278;000300000000000000000165;00010000000000000000008e;A tout de suite.;2026-08-29 11:29:00;"00010000000000000000008c;00010000000000000000000d;00010000000000000000008b;00010000000000000000007b";
000400000000000000000279;000300000000000000000088;000100000000000000000051;Belle concentration.;2026-07-13 14:53:00;;
00040000000000000000027a;0003000000000000000001a3;00010000000000000000003f;Haha, on te croit sur parole.;2026-09-12 18:46:00;;
00040000000000000000027b;000300000000000000000049;000100000000000000000053;Belle photo.;2026-06-30 06:12:00;"000100000000000000000041;000100000000000000000080";"[{""_id"": {""$oid"": ""00080000000000000000009b""}, ""auteur_id"": {""$oid"": ""000100000000000000000090""}, ""contenu"": ""J'aime bien."", ""date"": {""$date"": ""2026-07-02T01:30:00Z""}, ""aimes"": []}]"
00040000000000000000027c;0003000000000000000001c4;000100000000000000000012;J'ai appris quelque chose.;2026-09-10 21:41:00;"00010000000000000000008d;00010000000000000000006e;000100000000000000000061;000100000000000000000032";
00040000000000000000027d;00030000000000000000022d;000100000000000000000063;Belle journee !;2026-10-03 23:01:00;000100000000000000000039;
00040000000000000000027e;00030000000000000000003f;00010000000000000000003d;Je me pose la meme question.;2026-06-25 09:30:00;"000100000000000000000093;000100000000000000000069";
00040000000000000000027f;00030000000000000000016e;00010000000000000000002e;Ca fait chaud au coeur.;2026-08-28 21:54:00;000100000000000000000028;
000400000000000000000280;000300000000000000000136;000100000000000000000009;On se croirait dans un reve.;2026-08-21 07:22:00;;
000400000000000000000281;0003000000000000000000d6;000100000000000000000059;Tu pourrais l'expliquer ?;2026-07-28 00:23:00;"000100000000000000000035;00010000000000000000008d";
000400000000000000000282;00030000000000000000019b;000100000000000000000014;Je veux y aller !;2026-09-05 01:36:00;;
000400000000000000000283;00030000000000000000024b;000100000000000000000053;Bonjour a toi aussi !;2026-10-04 17:35:00;"00010000000000000000007b;000100000000000000000091;00010000000000000000006e;00010000000000000000002a";"[{""_id"": {""$oid"": ""00080000000000000000009c""}, ""auteur_id"": {""$oid"": ""000100000000000000000003""}, ""contenu"": ""Avec plaisir."", ""date"": {""$date"": ""2026-10-04T17:37:00Z""}, ""aimes"": []}, {""_id"": {""$oid"": ""00080000000000000000009d""}, ""auteur_id"": {""$oid"": ""000100000000000000000041""}, ""contenu"": ""Belle publication."", ""date"": {""$date"": ""2026-10-04T19:29:00Z""}, ""aimes"": []}]"
000400000000000000000284;0003000000000000000001e6;000100000000000000000078;J'aime bien.;2026-09-17 02:05:00;"000100000000000000000074;00010000000000000000003d;000100000000000000000069";
000400000000000000000285;00030000000000000000010a;000100000000000000000062;J'aime bien.;2026-08-11 14:24:00;"000100000000000000000095;00010000000000000000001e";
000400000000000000000286;0003000000000000000000fa;000100000000000000000090;Belle photo.;2026-08-08 14:14:00;"00010000000000000000003c;000100000000000000000064;000100000000000000000070";
000400000000000000000287;0003000000000000000000de;00010000000000000000005e;Merci pour la lecon.;2026-08-02 14:49:00;"000100000000000000000087;00010000000000000000005a;000100000000000000000074;00010000000000000000004d";
000400000000000000000288;000300000000000000000173;000100000000000000000083;Cette deadline a bien de la chance.;2026-09-05 11:53:00;"00010000000000000000005d;000100000000000000000074";
000400000000000000000289;000300000000000000000237;00010000000000000000001e;J'aime bien.;2026-09-30 16:50:00;"00010000000000000000002f;000100000000000000000057";"[{""_id"": {""$oid"": ""00080000000000000000009e""}, ""auteur_id"": {""$oid"": ""000100000000000000000042""}, ""contenu"": ""J'aime bien."", ""date"": {""$date"": ""2026-10-01T10:33:00Z""}, ""aimes"": []}, {""_id"": {""$oid"": ""00080000000000000000009f""}, ""auteur_id"": {""$oid"": ""000100000000000000000044""}, ""contenu"": ""Avec plaisir."", ""date"": {""$date"": ""2026-10-02T12:36:00Z""}, ""aimes"": []}]"
00040000000000000000028a;0003000000000000000000d0;00010000000000000000007c;Tellement juste.;2026-07-30 12:34:00;"00010000000000000000003d;000100000000000000000071";
00040000000000000000028b;000300000000000000000012;00010000000000000000002a;Ca donne envie de partir.;2026-06-13 22:01:00;"000100000000000000000085;000100000000000000000079;000100000000000000000056;000100000000000000000060";"[{""_id"": {""$oid"": ""0008000000000000000000a0""}, ""auteur_id"": {""$oid"": ""000100000000000000000014""}, ""contenu"": ""Merci !"", ""date"": {""$date"": ""2026-06-14T03:57:00Z""}, ""aimes"": []}, {""_id"": {""$oid"": ""0008000000000000000000a1""}, ""auteur_id"": {""$oid"": ""000100000000000000000084""}, ""contenu"": ""J'aime bien."", ""date"": {""$date"": ""2026-06-15T00:55:00Z""}, ""aimes"": []}]"
00040000000000000000028c;000300000000000000000029;000100000000000000000080;On dirait un decor de cauchemar.;2026-06-25 11:41:00;000100000000000000000021;
00040000000000000000028d;000300000000000000000097;000100000000000000000030;Bonne idee de lieu.;2026-07-22 01:59:00;;
00040000000000000000028e;000300000000000000000213;000100000000000000000010;Belle photo.;2026-09-26 17:15:00;"00010000000000000000005a;00010000000000000000001e";
00040000000000000000028f;000300000000000000000223;00010000000000000000003d;J'aime bien.;2026-09-27 22:49:00;"000100000000000000000049;000100000000000000000009";
000400000000000000000290;00030000000000000000005d;000100000000000000000053;J'aime bien.;2026-07-07 10:13:00;000100000000000000000047;
000400000000000000000291;0003000000000000000000a5;00010000000000000000004e;Sympa !;2026-07-17 15:43:00;"00010000000000000000001b;000100000000000000000023;000100000000000000000031";
000400000000000000000292;000300000000000000000104;00010000000000000000003d;Sympa !;2026-08-13 16:41:00;"000100000000000000000057;00010000000000000000003d;000100000000000000000034";
000400000000000000000293;0003000000000000000001ab;000100000000000000000031;Reviens vite.;2026-09-15 00:44:00;"000100000000000000000079;000100000000000000000051";
000400000000000000000294;0003000000000000000001fa;000100000000000000000069;C'est ou exactement ?;2026-09-18 14:07:00;"000100000000000000000030;00010000000000000000001f;000100000000000000000068;000100000000000000000001";
000400000000000000000295;0003000000000000000001db;000100000000000000000075;Belle ambiance.;2026-09-19 17:12:00;"000100000000000000000079;000100000000000000000082";
000400000000000000000296;000300000000000000000122;00010000000000000000008f;Belle photo.;2026-08-18 12:35:00;000100000000000000000078;
000400000000000000000297;000300000000000000000240;000100000000000000000037;Belle photo.;2026-10-01 04:14:00;"000100000000000000000007;000100000000000000000092;000100000000000000000080";"[{""_id"": {""$oid"": ""0008000000000000000000a2""}, ""auteur_id"": {""$oid"": ""000100000000000000000076""}, ""contenu"": ""Merci !"", ""date"": {""$date"": ""2026-10-03T02:56:00Z""}, ""aimes"": []}, {""_id"": {""$oid"": ""0008000000000000000000a3""}, ""auteur_id"": {""$oid"": ""000100000000000000000076""}, ""contenu"": ""J'aime bien."", ""date"": {""$date"": ""2026-10-03T17:49:00Z""}, ""aimes"": []}]"
000400000000000000000298;000300000000000000000018;000100000000000000000093;Ca fait reveur.;2026-06-19 20:05:00;"000100000000000000000003;00010000000000000000000f";
000400000000000000000299;0003000000000000000001b0;00010000000000000000006f;J'aime bien.;2026-09-09 11:41:00;;
00040000000000000000029a;000300000000000000000214;000100000000000000000011;Pas pour moi.;2026-10-01 10:37:00;000100000000000000000026;"[{""_id"": {""$oid"": ""0008000000000000000000a4""}, ""auteur_id"": {""$oid"": ""00010000000000000000004a""}, ""contenu"": ""Avec plaisir."", ""date"": {""$date"": ""2026-10-01T16:34:00Z""}, ""aimes"": []}, {""_id"": {""$oid"": ""0008000000000000000000a5""}, ""auteur_id"": {""$oid"": ""000100000000000000000005""}, ""contenu"": ""Merci !"", ""date"": {""$date"": ""2026-10-02T03:28:00Z""}, ""aimes"": []}]"
00040000000000000000029b;0003000000000000000001f0;000100000000000000000064;Sympa !;2026-09-21 16:56:00;"00010000000000000000004e;000100000000000000000015";"[{""_id"": {""$oid"": ""0008000000000000000000a6""}, ""auteur_id"": {""$oid"": ""000100000000000000000059""}, ""contenu"": ""J'aime bien."", ""date"": {""$date"": ""2026-09-22T10:15:00Z""}, ""aimes"": []}]"
00040000000000000000029c;000300000000000000000072;00010000000000000000005a;Beau souvenir.;2026-07-09 07:12:00;"000100000000000000000072;000100000000000000000052;000100000000000000000035";
00040000000000000000029d;000300000000000000000182;00010000000000000000008f;Le cafe fait tout le travail, alors.;2026-09-07 16:19:00;000100000000000000000048;
00040000000000000000029e;000300000000000000000151;000100000000000000000051;Quelle experience.;2026-08-29 09:58:00;;"[{""_id"": {""$oid"": ""0008000000000000000000a7""}, ""auteur_id"": {""$oid"": ""000100000000000000000009""}, ""contenu"": ""Sympa !"", ""date"": {""$date"": ""2026-08-30T22:01:00Z""}, ""aimes"": []}, {""_id"": {""$oid"": ""0008000000000000000000a8""}, ""auteur_id"": {""$oid"": ""000100000000000000000055""}, ""contenu"": ""Belle publication."", ""date"": {""$date"": ""2026-08-31T12:16:00Z""}, ""aimes"": []}]"
00040000000000000000029f;00030000000000000000005b;00010000000000000000005e;Belle photo.;2026-06-30 04:10:00;"00010000000000000000007b;000100000000000000000025;000100000000000000000070;000100000000000000000086";
0004000000000000000002a0;000300000000000000000031;000100000000000000000038;Sympa !;2026-06-27 09:53:00;"000100000000000000000007;00010000000000000000005a;000100000000000000000016";
0004000000000000000002a1;000300000000000000000027;000100000000000000000031;Belle concentration.;2026-06-18 12:27:00;"00010000000000000000002f;000100000000000000000011;000100000000000000000021";
0004000000000000000002a2;0003000000000000000001de;000100000000000000000054;J'aime bien.;2026-09-15 16:13:00;00010000000000000000008e;
0004000000000000000002a3;000300000000000000000146;000100000000000000000075;Ok pour samedi.;2026-08-30 20:36:00;"000100000000000000000028;00010000000000000000001d;00010000000000000000004a;000100000000000000000093";"[{""_id"": {""$oid"": ""0008000000000000000000a9""}, ""auteur_id"": {""$oid"": ""00010000000000000000007c""}, ""contenu"": ""Belle publication."", ""date"": {""$date"": ""2026-09-01T05:22:00Z""}, ""aimes"": []}]"
0004000000000000000002a4;00030000000000000000017b;000100000000000000000028;Continue comme ca.;2026-09-01 02:50:00;"000100000000000000000088;000100000000000000000038";"[{""_id"": {""$oid"": ""0008000000000000000000aa""}, ""auteur_id"": {""$oid"": ""00010000000000000000001b""}, ""contenu"": ""Belle publication."", ""date"": {""$date"": ""2026-09-01T03:02:00Z""}, ""aimes"": []}, {""_id"": {""$oid"": ""0008000000000000000000ab""}, ""auteur_id"": {""$oid"": ""000100000000000000000084""}, ""contenu"": ""Merci !"", ""date"": {""$date"": ""2026-09-01T05:25:00Z""}, ""aimes"": []}]"
0004000000000000000002a5;0003000000000000000001b9;000100000000000000000009;On se croirait dans un reve.;2026-09-13 00:11:00;"000100000000000000000035;00010000000000000000006d;000100000000000000000085;000100000000000000000020";
0004000000000000000002a6;0003000000000000000001c6;00010000000000000000006d;Dieu est bon.;2026-09-15 11:33:00;"000100000000000000000091;00010000000000000000005c";"[{""_id"": {""$oid"": ""0008000000000000000000ac""}, ""auteur_id"": {""$oid"": ""00010000000000000000006d""}, ""contenu"": ""Avec plaisir."", ""date"": {""$date"": ""2026-09-16T17:41:00Z""}, ""aimes"": []}, {""_id"": {""$oid"": ""0008000000000000000000ad""}, ""auteur_id"": {""$oid"": ""00010000000000000000000c""}, ""contenu"": ""J'aime bien."", ""date"": {""$date"": ""2026-09-16T22:34:00Z""}, ""aimes"": []}]"
0004000000000000000002a7;0003000000000000000000db;000100000000000000000073;Belle photo.;2026-08-09 10:04:00;"00010000000000000000001a;000100000000000000000001";
0004000000000000000002a8;000300000000000000000207;00010000000000000000002e;J'aime bien.;2026-09-29 22:57:00;"00010000000000000000007c;000100000000000000000022;00010000000000000000005b";
0004000000000000000002a9;00030000000000000000019c;000100000000000000000004;Je vois bien un film ici.;2026-09-05 17:41:00;000100000000000000000037;"[{""_id"": {""$oid"": ""0008000000000000000000ae""}, ""auteur_id"": {""$oid"": ""00010000000000000000008b""}, ""contenu"": ""Merci pour le partage."", ""date"": {""$date"": ""2026-09-07T08:11:00Z""}, ""aimes"": []}, {""_id"": {""$oid"": ""0008000000000000000000af""}, ""auteur_id"": {""$oid"": ""000100000000000000000081""}, ""contenu"": ""Sympa !"", ""date"": {""$date"": ""2026-09-07T15:26:00Z""}, ""aimes"": []}]"
0004000000000000000002aa;0003000000000000000001c2;000100000000000000000059;Le cafe fait tout le travail, alors.;2026-09-15 13:50:00;"000100000000000000000027;00010000000000000000000c;000100000000000000000087";
0004000000000000000002ab;000300000000000000000201;00010000000000000000006d;Ce serait parfait pour une ceremonie.;2026-09-20 21:50:00;;
0004000000000000000002ac;0003000000000000000000c8;00010000000000000000004a;Le cafe fait tout le travail, alors.;2026-07-27 04:12:00;"000100000000000000000095;00010000000000000000003f";
0004000000000000000002ad;00030000000000000000005b;00010000000000000000001e;J'aime bien.;2026-07-02 17:25:00;;
0004000000000000000002ae;0003000000000000000001ee;00010000000000000000006e;Important de s'en souvenir.;2026-09-26 12:16:00;;
0004000000000000000002af;00030000000000000000002b;000100000000000000000059;Belle photo.;2026-06-26 07:17:00;"000100000000000000000017;00010000000000000000003c;000100000000000000000049";
0004000000000000000002b0;000300000000000000000069;000100000000000000000005;J'aime bien.;2026-07-10 00:32:00;"00010000000000000000000c;00010000000000000000000b";
0004000000000000000002b1;0003000000000000000001c5;000100000000000000000013;Merci de partager.;2026-09-13 18:02:00;;
0004000000000000000002b2;00030000000000000000023a;00010000000000000000000e;Oui, tres cinematographique.;2026-09-30 03:32:00;"000100000000000000000093;00010000000000000000000a;000100000000000000000063";
0004000000000000000002b3;000300000000000000000106;000100000000000000000050;Continue comme ca.;2026-08-18 04:06:00;000100000000000000000056;
0004000000000000000002b4;0003000000000000000001cc;000100000000000000000075;Tellement vrai.;2026-09-19 05:24:00;"00010000000000000000000b;00010000000000000000003a;000100000000000000000065;000100000000000000000037";
0004000000000000000002b5;000300000000000000000136;00010000000000000000003a;Quel endroit splendide.;2026-08-21 21:08:00;00010000000000000000002b;
0004000000000000000002b6;0003000000000000000001ec;00010000000000000000004e;J'aime bien.;2026-09-21 08:51:00;;
0004000000000000000002b7;00030000000000000000002b;00010000000000000000007e;Sympa !;2026-06-19 01:26:00;00010000000000000000005a;
0004000000000000000002b8;0003000000000000000000c0;000100000000000000000011;Belle photo.;2026-08-02 19:27:00;000100000000000000000043;
0004000000000000000002b9;0003000000000000000001fa;000100000000000000000087;Ca donne envie de partir.;2026-09-26 04:41:00;"000100000000000000000067;000100000000000000000040;00010000000000000000000a";
0004000000000000000002ba;000300000000000000000087;00010000000000000000000b;C'est ou exactement ?;2026-07-17 06:56:00;"00010000000000000000001b;00010000000000000000004e";"[{""_id"": {""$oid"": ""0008000000000000000000b0""}, ""auteur_id"": {""$oid"": ""00010000000000000000008d""}, ""contenu"": ""J'aime bien."", ""date"": {""$date"": ""2026-07-19T04:58:00Z""}, ""aimes"": []}, {""_id"": {""$oid"": ""0008000000000000000000b1""}, ""auteur_id"": {""$oid"": ""00010000000000000000008e""}, ""contenu"": ""Merci pour le partage."", ""date"": {""$date"": ""2026-07-19T10:01:00Z""}, ""aimes"": []}]"
0004000000000000000002bb;000300000000000000000253;000100000000000000000015;Reviser, toujours reviser.;2026-10-04 17:09:00;"00010000000000000000000e;000100000000000000000091;000100000000000000000095";
0004000000000000000002bc;000300000000000000000044;000100000000000000000082;Belle photo.;2026-06-28 08:42:00;;
0004000000000000000002bd;00030000000000000000000b;000100000000000000000082;Belle photo.;2026-06-11 12:55:00;"000100000000000000000090;00010000000000000000001b;00010000000000000000003a;000100000000000000000005";
0004000000000000000002be;00030000000000000000014b;000100000000000000000032;Belle photo.;2026-08-29 09:51:00;"00010000000000000000001c;00010000000000000000002f;00010000000000000000008d;000100000000000000000019";
0004000000000000000002bf;0003000000000000000000fb;00010000000000000000005e;Interessant, merci pour l'info.;2026-08-08 14:16:00;00010000000000000000005a;"[{""_id"": {""$oid"": ""0008000000000000000000b2""}, ""auteur_id"": {""$oid"": ""000100000000000000000028""}, ""contenu"": ""J'aime bien."", ""date"": {""$date"": ""2026-08-09T07:09:00Z""}, ""aimes"": []}, {""_id"": {""$oid"": ""0008000000000000000000b3""}, ""auteur_id"": {""$oid"": ""000100000000000000000054""}, ""contenu"": ""J'aime bien."", ""date"": {""$date"": ""2026-08-09T18:19:00Z""}, ""aimes"": []}]"
0004000000000000000002c0;000300000000000000000249;000100000000000000000003;Belle benediction.;2026-10-03 18:21:00;"00010000000000000000007e;000100000000000000000048";"[{""_id"": {""$oid"": ""0008000000000000000000b4""}, ""auteur_id"": {""$oid"": ""000100000000000000000068""}, ""contenu"": ""J'aime bien."", ""date"": {""$date"": ""2026-10-04T00:38:00Z""}, ""aimes"": []}, {""_id"": {""$oid"": ""0008000000000000000000b5""}, ""auteur_id"": {""$oid"": ""00010000000000000000002a""}, ""contenu"": ""J'aime bien."", ""date"": {""$date"": ""2026-10-04T17:37:00Z""}, ""aimes"": []}]"
0004000000000000000002c1;000300000000000000000021;00010000000000000000005f;Continue comme ca.;2026-06-16 22:49:00;"000100000000000000000082;000100000000000000000074;00010000000000000000001f;000100000000000000000078";
0004000000000000000002c2;00030000000000000000010b;00010000000000000000003c;Profite bien.;2026-08-19 07:50:00;"000100000000000000000019;00010000000000000000006d;00010000000000000000000a";
0004000000000000000002c3;0003000000000000000001d1;000100000000000000000087;Courage, tu geres !;2026-09-13 16:29:00;"000100000000000000000041;000100000000000000000073";
0004000000000000000002c4;0003000000000000000001d9;000100000000000000000017;Profite bien.;2026-09-18 14:59:00;"00010000000000000000001b;00010000000000000000005f";
0004000000000000000002c5;000300000000000000000164;000100000000000000000030;Le cafe fait tout le travail, alors.;2026-08-30 09:17:00;"000100000000000000000025;00010000000000000000006b;00010000000000000000004a;00010000000000000000005f";
0004000000000000000002c6;0003000000000000000000a4;000100000000000000000042;Tres elegant.;2026-07-15 20:11:00;;
0004000000000000000002c7;0003000000000000000001f2;000100000000000000000071;Reviens vite.;2026-09-26 07:03:00;;
0004000000000000000002c8;000300000000000000000010;000100000000000000000042;Tu pourrais l'expliquer ?;2026-06-19 17:42:00;000100000000000000000006;
0004000000000000000002c9;0003000000000000000001eb;000100000000000000000032;Important de s'en souvenir.;2026-09-26 15:58:00;"000100000000000000000040;000100000000000000000065;000100000000000000000054";
0004000000000000000002ca;00030000000000000000014a;000100000000000000000052;Ca donne a penser.;2026-08-25 13:49:00;"000100000000000000000001;00010000000000000000007d;000100000000000000000049";
0004000000000000000002cb;00030000000000000000013d;000100000000000000000036;Belle photo.;2026-08-23 13:53:00;;
0004000000000000000002cc;00030000000000000000000d;00010000000000000000002d;Important de s'en souvenir.;2026-06-16 20:35:00;"000100000000000000000031;000100000000000000000049";
0004000000000000000002cd;0003000000000000000001ad;000100000000000000000048;Belle photo.;2026-09-09 16:50:00;;
0004000000000000000002ce;0003000000000000000000bc;000100000000000000000090;Belle photo.;2026-07-24 21:17:00;;"[{""_id"": {""$oid"": ""0008000000000000000000b6""}, ""auteur_id"": {""$oid"": ""00010000000000000000002a""}, ""contenu"": ""Avec plaisir."", ""date"": {""$date"": ""2026-07-25T23:31:00Z""}, ""aimes"": []}, {""_id"": {""$oid"": ""0008000000000000000000b7""}, ""auteur_id"": {""$oid"": ""00010000000000000000002a""}, ""contenu"": ""Belle publication."", ""date"": {""$date"": ""2026-07-26T12:08:00Z""}, ""aimes"": []}]"
0004000000000000000002cf;00030000000000000000023b;000100000000000000000003;Belle photo.;2026-10-02 08:03:00;00010000000000000000005d;
0004000000000000000002d0;0003000000000000000001b3;000100000000000000000026;Belle photo.;2026-09-13 04:52:00;"00010000000000000000008b;000100000000000000000081;000100000000000000000010";
0004000000000000000002d1;00030000000000000000019d;000100000000000000000083;J'aime bien.;2026-09-05 19:49:00;000100000000000000000004;
0004000000000000000002d2;00030000000000000000022a;000100000000000000000055;Sympa !;2026-09-27 10:55:00;"000100000000000000000031;000100000000000000000035;00010000000000000000004f";
0004000000000000000002d3;000300000000000000000055;000100000000000000000009;J'aime bien.;2026-07-05 01:50:00;"000100000000000000000037;00010000000000000000007e;000100000000000000000088;00010000000000000000001b";
0004000000000000000002d4;000300000000000000000137;00010000000000000000005c;Bien equipe !;2026-08-21 02:13:00;"000100000000000000000040;00010000000000000000003f;000100000000000000000028";
0004000000000000000002d5;0003000000000000000000bf;00010000000000000000006a;J'aime bien.;2026-07-25 12:53:00;"000100000000000000000071;00010000000000000000004b;000100000000000000000070";
0004000000000000000002d6;0003000000000000000001ad;000100000000000000000033;Sympa !;2026-09-11 21:34:00;"00010000000000000000004b;000100000000000000000063;00010000000000000000008a;000100000000000000000073";
0004000000000000000002d7;00030000000000000000000f;000100000000000000000077;A voir un jour.;2026-06-21 10:48:00;000100000000000000000094;
0004000000000000000002d8;000300000000000000000036;00010000000000000000004b;Sympa !;2026-06-23 14:33:00;;
0004000000000000000002d9;00030000000000000000001c;000100000000000000000034;On se croirait dans un reve.;2026-06-19 09:17:00;"000100000000000000000029;000100000000000000000068;000100000000000000000069";
0004000000000000000002da;000300000000000000000142;000100000000000000000025;Ca donne envie de partir.;2026-08-24 03:01:00;;
0004000000000000000002db;000300000000000000000249;000100000000000000000018;Dieu est bon.;2026-10-02 14:25:00;"000100000000000000000081;000100000000000000000036;000100000000000000000030";
0004000000000000000002dc;000300000000000000000026;000100000000000000000009;Continue comme ca.;2026-06-19 21:53:00;;"[{""_id"": {""$oid"": ""0008000000000000000000b8""}, ""auteur_id"": {""$oid"": ""00010000000000000000006b""}, ""contenu"": ""J'aime bien."", ""date"": {""$date"": ""2026-06-21T06:40:00Z""}, ""aimes"": []}]"
0004000000000000000002dd;000300000000000000000183;000100000000000000000059;C'est ou exactement ?;2026-09-01 06:53:00;"000100000000000000000089;000100000000000000000039;000100000000000000000031;000100000000000000000034";
0004000000000000000002de;000300000000000000000125;00010000000000000000001b;Continue comme ca.;2026-08-25 07:18:00;;
0004000000000000000002df;000300000000000000000113;000100000000000000000085;C'est ou exactement ?;2026-08-12 18:46:00;"000100000000000000000039;000100000000000000000081;000100000000000000000088;00010000000000000000005e";"[{""_id"": {""$oid"": ""0008000000000000000000b9""}, ""auteur_id"": {""$oid"": ""000100000000000000000055""}, ""contenu"": ""Merci !"", ""date"": {""$date"": ""2026-08-12T23:01:00Z""}, ""aimes"": []}, {""_id"": {""$oid"": ""0008000000000000000000ba""}, ""auteur_id"": {""$oid"": ""000100000000000000000055""}, ""contenu"": ""Belle publication."", ""date"": {""$date"": ""2026-08-13T12:57:00Z""}, ""aimes"": []}]"
0004000000000000000002e0;0003000000000000000001de;000100000000000000000056;Belle photo.;2026-09-15 06:05:00;;"[{""_id"": {""$oid"": ""0008000000000000000000bb""}, ""auteur_id"": {""$oid"": ""000100000000000000000019""}, ""contenu"": ""J'aime bien."", ""date"": {""$date"": ""2026-09-16T00:01:00Z""}, ""aimes"": []}, {""_id"": {""$oid"": ""0008000000000000000000bc""}, ""auteur_id"": {""$oid"": ""00010000000000000000003e""}, ""contenu"": ""Merci !"", ""date"": {""$date"": ""2026-09-18T00:17:00Z""}, ""aimes"": []}]"
0004000000000000000002e1;00030000000000000000007c;000100000000000000000053;Oui, tres cinematographique.;2026-07-13 06:24:00;"00010000000000000000006e;000100000000000000000004;000100000000000000000081";
0004000000000000000002e2;0003000000000000000001cd;00010000000000000000000a;Belle journee !;2026-09-13 15:49:00;"000100000000000000000010;00010000000000000000004b";
0004000000000000000002e3;0003000000000000000000af;000100000000000000000066;Je veux y aller !;2026-07-18 22:32:00;000100000000000000000025;
0004000000000000000002e4;000300000000000000000173;000100000000000000000051;Cette deadline a bien de la chance.;2026-09-02 10:11:00;000100000000000000000026;
0004000000000000000002e5;00030000000000000000012b;000100000000000000000058;Efficace.;2026-08-19 08:41:00;00010000000000000000006e;
0004000000000000000002e6;000300000000000000000228;000100000000000000000023;Je veux y aller !;2026-09-28 09:48:00;000100000000000000000011;
0004000000000000000002e7;000300000000000000000008;000100000000000000000010;Je suis partant !;2026-06-15 21:20:00;"00010000000000000000007b;000100000000000000000095";
0004000000000000000002e8;000300000000000000000196;000100000000000000000081;J'aime bien.;2026-09-08 19:48:00;"00010000000000000000005b;000100000000000000000030;00010000000000000000006d";"[{""_id"": {""$oid"": ""0008000000000000000000bd""}, ""auteur_id"": {""$oid"": ""00010000000000000000007e""}, ""contenu"": ""Sympa !"", ""date"": {""$date"": ""2026-09-10T12:54:00Z""}, ""aimes"": []}]"
0004000000000000000002e9;000300000000000000000241;000100000000000000000069;Belle photo.;2026-10-02 06:47:00;;
0004000000000000000002ea;0003000000000000000000ae;00010000000000000000008a;Bien equipe !;2026-07-20 22:24:00;"00010000000000000000008f;00010000000000000000002a;00010000000000000000001e";
0004000000000000000002eb;000300000000000000000188;00010000000000000000004c;Sympa !;2026-08-30 04:41:00;"000100000000000000000033;00010000000000000000000e;000100000000000000000087";
0004000000000000000002ec;000300000000000000000196;000100000000000000000075;Sympa !;2026-09-01 22:07:00;"000100000000000000000005;000100000000000000000032;000100000000000000000003;000100000000000000000028";
0004000000000000000002ed;0003000000000000000000a1;000100000000000000000007;Ca donne envie de partir.;2026-07-14 20:02:00;"00010000000000000000002e;000100000000000000000066;00010000000000000000000b";
0004000000000000000002ee;0003000000000000000001b8;00010000000000000000008e;J'aime bien.;2026-09-07 19:53:00;"00010000000000000000007f;00010000000000000000004a";
0004000000000000000002ef;0003000000000000000000c0;000100000000000000000085;Belle photo.;2026-07-28 06:38:00;"000100000000000000000086;000100000000000000000089;000100000000000000000088;00010000000000000000002c";
0004000000000000000002f0;000300000000000000000055;000100000000000000000011;Sympa !;2026-06-29 11:29:00;000100000000000000000036;"[{""_id"": {""$oid"": ""0008000000000000000000be""}, ""auteur_id"": {""$oid"": ""00010000000000000000006b""}, ""contenu"": ""Merci pour le partage."", ""date"": {""$date"": ""2026-07-02T07:53:00Z""}, ""aimes"": []}]"
0004000000000000000002f1;00030000000000000000001a;00010000000000000000002d;Je n'oserais jamais.;2026-06-15 17:28:00;000100000000000000000054;
0004000000000000000002f2;0003000000000000000000e2;000100000000000000000043;Belle journee !;2026-08-01 12:27:00;"00010000000000000000003d;000100000000000000000016";"[{""_id"": {""$oid"": ""0008000000000000000000bf""}, ""auteur_id"": {""$oid"": ""00010000000000000000008d""}, ""contenu"": ""J'aime bien."", ""date"": {""$date"": ""2026-08-03T20:35:00Z""}, ""aimes"": []}]"
0004000000000000000002f3;00030000000000000000020d;000100000000000000000083;Tu pourrais l'expliquer ?;2026-09-28 15:28:00;"000100000000000000000045;000100000000000000000075";
0004000000000000000002f4;0003000000000000000001e6;000100000000000000000015;Belle photo.;2026-09-16 19:07:00;"000100000000000000000086;00010000000000000000003e;00010000000000000000007b;00010000000000000000005a";"[{""_id"": {""$oid"": ""0008000000000000000000c0""}, ""auteur_id"": {""$oid"": ""000100000000000000000046""}, ""contenu"": ""Belle publication."", ""date"": {""$date"": ""2026-09-18T00:14:00Z""}, ""aimes"": []}]"
0004000000000000000002f5;0003000000000000000000b9;00010000000000000000005e;A voir un jour.;2026-07-29 08:41:00;;
0004000000000000000002f6;0003000000000000000000f6;000100000000000000000048;J'aime bien.;2026-08-10 20:30:00;"00010000000000000000005d;00010000000000000000000a;000100000000000000000004";
0004000000000000000002f7;000300000000000000000029;000100000000000000000081;Moi non plus, jamais !;2026-06-27 08:51:00;"000100000000000000000095;00010000000000000000000e;000100000000000000000031;00010000000000000000001e";
0004000000000000000002f8;00030000000000000000017f;000100000000000000000088;J'aime bien.;2026-09-07 12:05:00;;"[{""_id"": {""$oid"": ""0008000000000000000000c1""}, ""auteur_id"": {""$oid"": ""00010000000000000000003b""}, ""contenu"": ""Merci !"", ""date"": {""$date"": ""2026-09-09T15:33:00Z""}, ""aimes"": []}]"
0004000000000000000002f9;00030000000000000000004a;000100000000000000000049;Sympa !;2026-06-26 08:21:00;"00010000000000000000006c;000100000000000000000095";
0004000000000000000002fa;000300000000000000000050;00010000000000000000006d;Ce serait parfait pour une ceremonie.;2026-06-29 11:34:00;"000100000000000000000034;000100000000000000000036;000100000000000000000054;000100000000000000000030";"[{""_id"": {""$oid"": ""0008000000000000000000c2""}, ""auteur_id"": {""$oid"": ""000100000000000000000016""}, ""contenu"": ""J'aime bien."", ""date"": {""$date"": ""2026-06-29T13:50:00Z""}, ""aimes"": []}]"
0004000000000000000002fb;0003000000000000000000d1;000100000000000000000002;Magnifique !;2026-08-01 19:28:00;;"[{""_id"": {""$oid"": ""0008000000000000000000c3""}, ""auteur_id"": {""$oid"": ""00010000000000000000007e""}, ""contenu"": ""Avec plaisir."", ""date"": {""$date"": ""2026-08-03T12:46:00Z""}, ""aimes"": []}]"
0004000000000000000002fc;0003000000000000000000d0;000100000000000000000065;Tellement juste.;2026-08-05 11:57:00;"00010000000000000000003b;00010000000000000000003c;00010000000000000000001e";
0004000000000000000002fd;0003000000000000000001c3;000100000000000000000063;On dirait un decor de cauchemar.;2026-09-11 01:03:00;000100000000000000000031;
0004000000000000000002fe;00030000000000000000015f;00010000000000000000001b;Tendance.;2026-08-24 15:13:00;"000100000000000000000052;000100000000000000000078";"[{""_id"": {""$oid"": ""0008000000000000000000c4""}, ""auteur_id"": {""$oid"": ""000100000000000000000028""}, ""contenu"": ""Merci !"", ""date"": {""$date"": ""2026-08-27T01:02:00Z""}, ""aimes"": []}]"
0004000000000000000002ff;000300000000000000000057;000100000000000000000041;Sympa !;2026-06-27 12:25:00;"000100000000000000000093;00010000000000000000005d;000100000000000000000008;00010000000000000000008e";
000400000000000000000300;0003000000000000000001b7;000100000000000000000039;Beau souvenir.;2026-09-14 20:28:00;;
000400000000000000000301;0003000000000000000001cd;000100000000000000000045;Bonjour a toi aussi !;2026-09-16 10:43:00;"000100000000000000000029;00010000000000000000006b";
000400000000000000000302;000300000000000000000257;00010000000000000000003a;Belle reflexion.;2026-10-04 16:07:00;"00010000000000000000006f;00010000000000000000003e;00010000000000000000005d";
000400000000000000000303;0003000000000000000001a0;00010000000000000000008c;Profite bien.;2026-09-07 04:06:00;"00010000000000000000001a;00010000000000000000000e;000100000000000000000066";"[{""_id"": {""$oid"": ""0008000000000000000000c5""}, ""auteur_id"": {""$oid"": ""000100000000000000000020""}, ""contenu"": ""Merci !"", ""date"": {""$date"": ""2026-09-09T13:09:00Z""}, ""aimes"": []}]"
000400000000000000000304;000300000000000000000054;00010000000000000000006b;C'est ou exactement ?;2026-06-30 12:41:00;00010000000000000000004c;
000400000000000000000305;000300000000000000000095;000100000000000000000096;Belle journee !;2026-07-13 13:47:00;"000100000000000000000071;000100000000000000000072;00010000000000000000004a";
000400000000000000000306;000300000000000000000240;000100000000000000000038;Sympa !;2026-10-03 16:55:00;"000100000000000000000079;000100000000000000000016";
000400000000000000000307;000300000000000000000107;000100000000000000000081;Bonjour a toi aussi !;2026-08-15 07:52:00;"00010000000000000000007f;00010000000000000000005a;00010000000000000000002a";
000400000000000000000308;000300000000000000000207;00010000000000000000003a;Belle photo.;2026-09-22 09:29:00;"000100000000000000000087;00010000000000000000001e;000100000000000000000067;00010000000000000000008e";
000400000000000000000309;0003000000000000000001a5;000100000000000000000040;Bien equipe !;2026-09-05 22:36:00;"00010000000000000000001e;000100000000000000000018";
00040000000000000000030a;000300000000000000000056;000100000000000000000012;Ca donne a penser.;2026-06-30 00:05:00;"000100000000000000000071;000100000000000000000038;000100000000000000000014";"[{""_id"": {""$oid"": ""0008000000000000000000c6""}, ""auteur_id"": {""$oid"": ""000100000000000000000042""}, ""contenu"": ""Merci pour le partage."", ""date"": {""$date"": ""2026-07-02T03:11:00Z""}, ""aimes"": []}, {""_id"": {""$oid"": ""0008000000000000000000c7""}, ""auteur_id"": {""$oid"": ""000100000000000000000081""}, ""contenu"": ""Merci pour le partage."", ""date"": {""$date"": ""2026-07-02T16:40:00Z""}, ""aimes"": []}]"
00040000000000000000030b;000300000000000000000033;000100000000000000000036;Je comprends ce sentiment.;2026-06-25 10:07:00;"000100000000000000000052;00010000000000000000000e";"[{""_id"": {""$oid"": ""0008000000000000000000c8""}, ""auteur_id"": {""$oid"": ""000100000000000000000001""}, ""contenu"": ""J'aime bien."", ""date"": {""$date"": ""2026-06-27T05:36:00Z""}, ""aimes"": []}, {""_id"": {""$oid"": ""0008000000000000000000c9""}, ""auteur_id"": {""$oid"": ""000100000000000000000020""}, ""contenu"": ""Merci !"", ""date"": {""$date"": ""2026-06-28T03:02:00Z""}, ""aimes"": []}]"
00040000000000000000030c;0003000000000000000000ec;00010000000000000000008c;Courage, tu geres !;2026-08-07 10:01:00;000100000000000000000042;
00040000000000000000030d;0003000000000000000001d8;000100000000000000000019;A tout de suite.;2026-09-15 00:49:00;"000100000000000000000068;000100000000000000000017;000100000000000000000077";
00040000000000000000030e;0003000000000000000001b0;000100000000000000000045;Belle photo.;2026-09-10 19:35:00;000100000000000000000089;"[{""_id"": {""$oid"": ""0008000000000000000000ca""}, ""auteur_id"": {""$oid"": ""00010000000000000000006b""}, ""contenu"": ""Avec plaisir."", ""date"": {""$date"": ""2026-09-11T04:45:00Z""}, ""aimes"": []}]"
00040000000000000000030f;0003000000000000000001e3;000100000000000000000071;J'aime bien.;2026-09-16 12:01:00;;
000400000000000000000310;000300000000000000000170;000100000000000000000076;Je veux y aller !;2026-08-28 19:48:00;"000100000000000000000043;000100000000000000000004;000100000000000000000008";"[{""_id"": {""$oid"": ""0008000000000000000000cb""}, ""auteur_id"": {""$oid"": ""000100000000000000000052""}, ""contenu"": ""Merci !"", ""date"": {""$date"": ""2026-08-29T23:32:00Z""}, ""aimes"": []}]"
000400000000000000000311;0003000000000000000001cc;000100000000000000000065;Belle reflexion.;2026-09-18 06:16:00;"000100000000000000000014;000100000000000000000020";"[{""_id"": {""$oid"": ""0008000000000000000000cc""}, ""auteur_id"": {""$oid"": ""000100000000000000000020""}, ""contenu"": ""J'aime bien."", ""date"": {""$date"": ""2026-09-20T10:54:00Z""}, ""aimes"": []}, {""_id"": {""$oid"": ""0008000000000000000000cd""}, ""auteur_id"": {""$oid"": ""00010000000000000000000f""}, ""contenu"": ""Merci !"", ""date"": {""$date"": ""2026-09-20T17:59:00Z""}, ""aimes"": []}]"
000400000000000000000312;000300000000000000000236;00010000000000000000006d;Il sera pret avant vendredi.;2026-09-30 23:42:00;00010000000000000000004e;
000400000000000000000313;000300000000000000000157;000100000000000000000012;Je comprends ce sentiment.;2026-08-25 00:19:00;"00010000000000000000004b;000100000000000000000066";
000400000000000000000314;0003000000000000000001b3;000100000000000000000071;J'aime bien.;2026-09-09 02:47:00;000100000000000000000021;
000400000000000000000315;000300000000000000000224;00010000000000000000003c;Le necessaire.;2026-09-25 22:09:00;000100000000000000000013;
000400000000000000000316;0003000000000000000001ef;000100000000000000000015;Belle photo.;2026-09-22 10:22:00;"00010000000000000000000f;00010000000000000000003a;000100000000000000000085";
000400000000000000000317;000300000000000000000133;00010000000000000000005b;Belle photo.;2026-08-19 19:45:00;"000100000000000000000027;00010000000000000000003d;000100000000000000000048;00010000000000000000006d";
000400000000000000000318;000300000000000000000129;000100000000000000000027;Elles sont magnifiques.;2026-08-21 14:09:00;"000100000000000000000095;000100000000000000000051";"[{""_id"": {""$oid"": ""0008000000000000000000ce""}, ""auteur_id"": {""$oid"": ""00010000000000000000004a""}, ""contenu"": ""Merci pour le partage."", ""date"": {""$date"": ""2026-08-22T13:48:00Z""}, ""aimes"": []}, {""_id"": {""$oid"": ""0008000000000000000000cf""}, ""auteur_id"": {""$oid"": ""00010000000000000000008e""}, ""contenu"": ""Sympa !"", ""date"": {""$date"": ""2026-08-24T11:05:00Z""}, ""aimes"": []}]"
000400000000000000000319;00030000000000000000010f;000100000000000000000003;Sympa !;2026-08-17 08:46:00;"00010000000000000000006d;00010000000000000000003e";"[{""_id"": {""$oid"": ""0008000000000000000000d0""}, ""auteur_id"": {""$oid"": ""000100000000000000000037""}, ""contenu"": ""Avec plaisir."", ""date"": {""$date"": ""2026-08-17T16:22:00Z""}, ""aimes"": []}, {""_id"": {""$oid"": ""0008000000000000000000d1""}, ""auteur_id"": {""$oid"": ""000100000000000000000059""}, ""contenu"": ""Sympa !"", ""date"": {""$date"": ""2026-08-19T11:06:00Z""}, ""aimes"": []}]"
00040000000000000000031a;0003000000000000000000e8;00010000000000000000001c;Belle photo.;2026-08-11 06:19:00;"00010000000000000000000c;00010000000000000000007c;00010000000000000000008a;00010000000000000000006e";
00040000000000000000031b;000300000000000000000027;000100000000000000000095;Belle concentration.;2026-06-26 06:35:00;"00010000000000000000000e;00010000000000000000001d;00010000000000000000008f";
00040000000000000000031c;000300000000000000000137;000100000000000000000065;Le necessaire.;2026-08-22 00:21:00;;
00040000000000000000031d;000300000000000000000121;000100000000000000000053;Belle photo.;2026-08-23 18:00:00;"00010000000000000000007e;00010000000000000000004f";
00040000000000000000031e;00030000000000000000002f;000100000000000000000080;J'aime bien.;2026-06-22 04:40:00;000100000000000000000060;
00040000000000000000031f;0003000000000000000001dd;00010000000000000000007a;Ca donne envie de partir.;2026-09-17 05:37:00;"000100000000000000000009;000100000000000000000019;00010000000000000000006e";
000400000000000000000320;000300000000000000000173;000100000000000000000082;Le cafe fait tout le travail, alors.;2026-09-05 18:57:00;000100000000000000000014;
000400000000000000000321;000300000000000000000033;00010000000000000000007d;Courage.;2026-06-29 17:02:00;"000100000000000000000002;000100000000000000000091";
000400000000000000000322;000300000000000000000248;000100000000000000000037;Cette deadline a bien de la chance.;2026-10-03 23:47:00;"000100000000000000000073;000100000000000000000045;000100000000000000000005;00010000000000000000005c";"[{""_id"": {""$oid"": ""0008000000000000000000d2""}, ""auteur_id"": {""$oid"": ""000100000000000000000085""}, ""contenu"": ""Merci !"", ""date"": {""$date"": ""2026-10-04T14:17:00Z""}, ""aimes"": []}]"
000400000000000000000323;000300000000000000000090;00010000000000000000002c;Cette deadline a bien de la chance.;2026-07-17 03:14:00;"000100000000000000000073;000100000000000000000028";"[{""_id"": {""$oid"": ""0008000000000000000000d3""}, ""auteur_id"": {""$oid"": ""00010000000000000000008e""}, ""contenu"": ""Merci !"", ""date"": {""$date"": ""2026-07-17T08:09:00Z""}, ""aimes"": []}, {""_id"": {""$oid"": ""0008000000000000000000d4""}, ""auteur_id"": {""$oid"": ""000100000000000000000009""}, ""contenu"": ""J'aime bien."", ""date"": {""$date"": ""2026-07-19T22:21:00Z""}, ""aimes"": []}]"
000400000000000000000324;00030000000000000000011b;000100000000000000000064;Belle concentration.;2026-08-19 02:53:00;00010000000000000000002d;
000400000000000000000325;000300000000000000000183;00010000000000000000004b;Ca donne envie de partir.;2026-08-30 06:26:00;;
000400000000000000000326;000300000000000000000069;000100000000000000000018;Belle photo.;2026-07-08 17:08:00;;
000400000000000000000327;0003000000000000000000ad;000100000000000000000062;L'electronique, quel art.;2026-07-19 21:08:00;"000100000000000000000007;000100000000000000000083;000100000000000000000089;00010000000000000000000e";
000400000000000000000328;000300000000000000000129;000100000000000000000027;Superbe choix.;2026-08-23 19:40:00;;
000400000000000000000329;000300000000000000000017;000100000000000000000027;Ca donne a penser.;2026-06-21 16:30:00;"000100000000000000000056;000100000000000000000024;00010000000000000000008e;000100000000000000000027";
00040000000000000000032a;0003000000000000000000e2;00010000000000000000002b;Bonjour a toi aussi !;2026-08-03 14:42:00;000100000000000000000055;
00040000000000000000032b;000300000000000000000168;000100000000000000000065;Bien recu, je m'en occupe.;2026-08-31 13:35:00;;
00040000000000000000032c;0003000000000000000000c7;000100000000000000000037;Belle concentration.;2026-08-01 05:25:00;;
00040000000000000000032d;0003000000000000000001c0;000100000000000000000026;Salut, bonne energie.;2026-09-11 13:32:00;;
00040000000000000000032e;0003000000000000000000ff;000100000000000000000043;Sympa !;2026-08-09 16:32:00;"00010000000000000000007f;000100000000000000000031;000100000000000000000025";
00040000000000000000032f;00030000000000000000013d;000100000000000000000092;Sympa !;2026-08-23 15:13:00;"000100000000000000000042;00010000000000000000002f;00010000000000000000001a";
000400000000000000000330;0003000000000000000001f2;00010000000000000000008c;Profite bien.;2026-09-26 04:46:00;"000100000000000000000075;000100000000000000000011;00010000000000000000004a;000100000000000000000025";"[{""_id"": {""$oid"": ""0008000000000000000000d5""}, ""auteur_id"": {""$oid"": ""00010000000000000000003e""}, ""contenu"": ""Merci pour le partage."", ""date"": {""$date"": ""2026-09-26T12:56:00Z""}, ""aimes"": []}, {""_id"": {""$oid"": ""0008000000000000000000d6""}, ""auteur_id"": {""$oid"": ""000100000000000000000084""}, ""contenu"": ""J'aime bien."", ""date"": {""$date"": ""2026-09-28T00:01:00Z""}, ""aimes"": []}]"
000400000000000000000331;000300000000000000000188;000100000000000000000059;J'aime bien.;2026-08-30 07:09:00;"000100000000000000000092;000100000000000000000023";
000400000000000000000332;0003000000000000000001dd;000100000000000000000056;Ca donne envie de partir.;2026-09-16 23:06:00;;
000400000000000000000333;0003000000000000000001f1;000100000000000000000095;Efficace.;2026-09-21 20:14:00;"00010000000000000000007e;00010000000000000000007f;00010000000000000000003a;000100000000000000000066";
000400000000000000000334;000300000000000000000090;00010000000000000000004c;Le cafe fait tout le travail, alors.;2026-07-18 10:19:00;000100000000000000000076;
000400000000000000000335;00030000000000000000004c;00010000000000000000005b;Important de s'en souvenir.;2026-06-30 00:15:00;;"[{""_id"": {""$oid"": ""0008000000000000000000d7""}, ""auteur_id"": {""$oid"": ""000100000000000000000020""}, ""contenu"": ""Belle publication."", ""date"": {""$date"": ""2026-07-01T18:43:00Z""}, ""aimes"": []}]"
000400000000000000000336;000300000000000000000157;00010000000000000000003e;Courage.;2026-08-27 10:09:00;"000100000000000000000055;000100000000000000000031;000100000000000000000060";"[{""_id"": {""$oid"": ""0008000000000000000000d8""}, ""auteur_id"": {""$oid"": ""000100000000000000000086""}, ""contenu"": ""Sympa !"", ""date"": {""$date"": ""2026-08-27T17:57:00Z""}, ""aimes"": []}]"
000400000000000000000337;0003000000000000000001a1;00010000000000000000007e;Merci pour ce rappel.;2026-09-06 11:17:00;"000100000000000000000048;000100000000000000000087;00010000000000000000004a;00010000000000000000001b";
000400000000000000000338;000300000000000000000136;00010000000000000000002d;Magnifique !;2026-08-21 19:16:00;"00010000000000000000007c;000100000000000000000040;000100000000000000000087;000100000000000000000053";"[{""_id"": {""$oid"": ""0008000000000000000000d9""}, ""auteur_id"": {""$oid"": ""000100000000000000000086""}, ""contenu"": ""Belle publication."", ""date"": {""$date"": ""2026-08-24T13:16:00Z""}, ""aimes"": []}]"
000400000000000000000339;00030000000000000000024a;00010000000000000000007a;Quelle scene !;2026-10-01 14:29:00;"00010000000000000000004e;000100000000000000000036;000100000000000000000096;00010000000000000000001b";
00040000000000000000033a;000300000000000000000191;000100000000000000000032;Sympa !;2026-09-06 01:06:00;"00010000000000000000008e;000100000000000000000030;000100000000000000000024";"[{""_id"": {""$oid"": ""0008000000000000000000da""}, ""auteur_id"": {""$oid"": ""000100000000000000000090""}, ""contenu"": ""Merci !"", ""date"": {""$date"": ""2026-09-06T16:03:00Z""}, ""aimes"": []}, {""_id"": {""$oid"": ""0008000000000000000000db""}, ""auteur_id"": {""$oid"": ""00010000000000000000002a""}, ""contenu"": ""Sympa !"", ""date"": {""$date"": ""2026-09-06T17:30:00Z""}, ""aimes"": []}]"
00040000000000000000033b;0003000000000000000001d7;000100000000000000000061;Sympa !;2026-09-21 09:39:00;"00010000000000000000003c;000100000000000000000014;000100000000000000000073;00010000000000000000008c";"[{""_id"": {""$oid"": ""0008000000000000000000dc""}, ""auteur_id"": {""$oid"": ""000100000000000000000036""}, ""contenu"": ""Sympa !"", ""date"": {""$date"": ""2026-09-22T12:46:00Z""}, ""aimes"": []}]"
00040000000000000000033c;0003000000000000000001ba;000100000000000000000015;A voir un jour.;2026-09-11 14:23:00;"000100000000000000000040;00010000000000000000008b;000100000000000000000001;000100000000000000000033";
00040000000000000000033d;000300000000000000000018;000100000000000000000072;Belle ambiance.;2026-06-21 12:40:00;"00010000000000000000003c;00010000000000000000008c;000100000000000000000020";
00040000000000000000033e;00030000000000000000017d;00010000000000000000004a;Je me pose la meme question.;2026-08-31 02:15:00;;
00040000000000000000033f;0003000000000000000001e1;000100000000000000000054;Joie partagee.;2026-09-17 23:31:00;00010000000000000000004f;
000400000000000000000340;0003000000000000000000d8;00010000000000000000005f;J'ai appris quelque chose.;2026-08-02 10:34:00;"000100000000000000000004;000100000000000000000053;00010000000000000000003c";
000400000000000000000341;00030000000000000000012d;000100000000000000000045;J'aime bien.;2026-08-22 04:30:00;"000100000000000000000022;000100000000000000000035;000100000000000000000044;00010000000000000000008e";
000400000000000000000342;0003000000000000000000c7;00010000000000000000001a;Continue comme ca.;2026-08-03 00:33:00;000100000000000000000085;"[{""_id"": {""$oid"": ""0008000000000000000000dd""}, ""auteur_id"": {""$oid"": ""000100000000000000000059""}, ""contenu"": ""Merci !"", ""date"": {""$date"": ""2026-08-05T00:02:00Z""}, ""aimes"": []}]"
000400000000000000000343;0003000000000000000000cd;000100000000000000000054;Sympa !;2026-07-27 15:39:00;"000100000000000000000048;00010000000000000000007e;00010000000000000000007c;00010000000000000000008e";
000400000000000000000344;00030000000000000000007e;00010000000000000000002c;J'aime bien.;2026-07-10 12:47:00;"000100000000000000000039;000100000000000000000077";
000400000000000000000345;00030000000000000000015e;000100000000000000000012;Je veux y aller !;2026-08-28 23:14:00;;
000400000000000000000346;0003000000000000000001d1;000100000000000000000080;Courage, tu geres !;2026-09-21 09:15:00;;
000400000000000000000347;00030000000000000000014e;00010000000000000000007f;Sympa !;2026-08-31 10:13:00;"000100000000000000000012;00010000000000000000006f;000100000000000000000018;00010000000000000000001b";"[{""_id"": {""$oid"": ""0008000000000000000000de""}, ""auteur_id"": {""$oid"": ""000100000000000000000084""}, ""contenu"": ""Belle publication."", ""date"": {""$date"": ""2026-08-31T16:49:00Z""}, ""aimes"": []}, {""_id"": {""$oid"": ""0008000000000000000000df""}, ""auteur_id"": {""$oid"": ""00010000000000000000006b""}, ""contenu"": ""Sympa !"", ""date"": {""$date"": ""2026-09-02T09:10:00Z""}, ""aimes"": []}]"
000400000000000000000348;0003000000000000000000ca;000100000000000000000057;Sympa !;2026-07-30 16:30:00;"00010000000000000000003f;00010000000000000000007e;000100000000000000000035;00010000000000000000001e";
000400000000000000000349;000300000000000000000194;000100000000000000000012;Sympa !;2026-09-03 18:27:00;"00010000000000000000007f;000100000000000000000014;000100000000000000000078";
00040000000000000000034a;0003000000000000000001b6;000100000000000000000003;Belle photo.;2026-09-16 23:14:00;"000100000000000000000037;000100000000000000000008;00010000000000000000006b;000100000000000000000019";
00040000000000000000034b;000300000000000000000013;00010000000000000000008b;Superbe choix.;2026-06-20 04:32:00;;"[{""_id"": {""$oid"": ""0008000000000000000000e0""}, ""auteur_id"": {""$oid"": ""000100000000000000000004""}, ""contenu"": ""Merci pour le partage."", ""date"": {""$date"": ""2026-06-21T18:13:00Z""}, ""aimes"": []}]"
00040000000000000000034c;000300000000000000000220;00010000000000000000007c;Je vois bien un film ici.;2026-09-25 22:46:00;000100000000000000000046;
00040000000000000000034d;0003000000000000000001f1;000100000000000000000074;Le necessaire.;2026-09-25 19:58:00;"000100000000000000000090;000100000000000000000046;00010000000000000000007b";
00040000000000000000034e;000300000000000000000170;000100000000000000000040;Je veux y aller !;2026-08-28 15:28:00;;
00040000000000000000034f;0003000000000000000001d1;000100000000000000000091;Continue comme ca.;2026-09-15 13:55:00;"000100000000000000000007;000100000000000000000056;000100000000000000000039;000100000000000000000063";
000400000000000000000350;000300000000000000000167;000100000000000000000073;Interessant, merci pour l'info.;2026-09-02 03:13:00;;
000400000000000000000351;000300000000000000000116;000100000000000000000074;Ca fait chaud au coeur.;2026-08-14 16:48:00;;
000400000000000000000352;00030000000000000000019b;00010000000000000000003f;Ca donne envie de partir.;2026-09-07 21:07:00;"000100000000000000000006;00010000000000000000003c;000100000000000000000051;000100000000000000000053";
000400000000000000000353;0003000000000000000000c6;000100000000000000000003;J'aime bien.;2026-08-01 08:25:00;"000100000000000000000015;000100000000000000000073;000100000000000000000044;00010000000000000000004c";"[{""_id"": {""$oid"": ""0008000000000000000000e1""}, ""auteur_id"": {""$oid"": ""00010000000000000000008b""}, ""contenu"": ""Merci pour le partage."", ""date"": {""$date"": ""2026-08-02T07:52:00Z""}, ""aimes"": []}, {""_id"": {""$oid"": ""0008000000000000000000e2""}, ""auteur_id"": {""$oid"": ""000100000000000000000070""}, ""contenu"": ""Avec plaisir."", ""date"": {""$date"": ""2026-08-02T16:57:00Z""}, ""aimes"": []}]"
000400000000000000000354;000300000000000000000013;000100000000000000000031;Elles sont magnifiques.;2026-06-13 13:11:00;;
000400000000000000000355;000300000000000000000100;00010000000000000000005e;Belle photo.;2026-08-09 19:28:00;"00010000000000000000006c;00010000000000000000007c";
000400000000000000000356;000300000000000000000142;00010000000000000000001e;C'est ou exactement ?;2026-08-21 01:55:00;;
000400000000000000000357;0003000000000000000001ff;00010000000000000000001e;Tu pourrais l'expliquer ?;2026-09-27 16:50:00;"00010000000000000000003f;00010000000000000000000a";
000400000000000000000358;00030000000000000000021c;000100000000000000000007;Profite bien.;2026-09-24 17:14:00;;
000400000000000000000359;000300000000000000000006;00010000000000000000004e;Merci pour la lecon.;2026-06-09 11:28:00;"00010000000000000000000e;000100000000000000000064;00010000000000000000007b;000100000000000000000005";
00040000000000000000035a;00030000000000000000024b;000100000000000000000094;Belle journee !;2026-10-02 00:40:00;"00010000000000000000005c;000100000000000000000050;000100000000000000000085";
00040000000000000000035b;0003000000000000000001c0;00010000000000000000001f;Bonjour a toi aussi !;2026-09-09 12:14:00;;
00040000000000000000035c;000300000000000000000242;00010000000000000000004c;Sympa !;2026-09-30 05:26:00;"00010000000000000000008a;000100000000000000000071";"[{""_id"": {""$oid"": ""0008000000000000000000e3""}, ""auteur_id"": {""$oid"": ""000100000000000000000042""}, ""contenu"": ""Merci pour le partage."", ""date"": {""$date"": ""2026-10-02T02:50:00Z""}, ""aimes"": []}, {""_id"": {""$oid"": ""0008000000000000000000e4""}, ""auteur_id"": {""$oid"": ""000100000000000000000077""}, ""contenu"": ""Merci !"", ""date"": {""$date"": ""2026-10-02T15:07:00Z""}, ""aimes"": []}]"
00040000000000000000035d;00030000000000000000002d;00010000000000000000005a;Courage, tu geres !;2026-06-21 05:29:00;"00010000000000000000008e;000100000000000000000095";
00040000000000000000035e;0003000000000000000000de;000100000000000000000025;Sage parole.;2026-08-03 13:15:00;"000100000000000000000072;00010000000000000000006d";
00040000000000000000035f;00030000000000000000011d;000100000000000000000010;Bonne idee de lieu.;2026-08-15 22:22:00;;
000400000000000000000360;000300000000000000000190;00010000000000000000007a;Haha, on te croit sur parole.;2026-09-07 10:55:00;;
000400000000000000000361;000300000000000000000079;000100000000000000000083;On se croirait dans un reve.;2026-07-07 02:51:00;"000100000000000000000010;00010000000000000000008f";"[{""_id"": {""$oid"": ""0008000000000000000000e5""}, ""auteur_id"": {""$oid"": ""000100000000000000000063""}, ""contenu"": ""Belle publication."", ""date"": {""$date"": ""2026-07-09T04:28:00Z""}, ""aimes"": []}]"
000400000000000000000362;0003000000000000000001a1;000100000000000000000085;L'histoire nous enseigne.;2026-09-08 18:38:00;;
000400000000000000000363;0003000000000000000000d8;000100000000000000000050;Interessant, merci pour l'info.;2026-08-01 13:20:00;"000100000000000000000047;00010000000000000000007c;000100000000000000000064";"[{""_id"": {""$oid"": ""0008000000000000000000e6""}, ""auteur_id"": {""$oid"": ""000100000000000000000042""}, ""contenu"": ""J'aime bien."", ""date"": {""$date"": ""2026-08-02T08:02:00Z""}, ""aimes"": []}]"
000400000000000000000364;00030000000000000000019f;00010000000000000000006d;Sympa !;2026-09-13 17:49:00;;
000400000000000000000365;0003000000000000000000d9;00010000000000000000003c;Continue comme ca.;2026-08-08 12:19:00;000100000000000000000020;
000400000000000000000366;0003000000000000000000d1;000100000000000000000076;Magnifique !;2026-08-01 09:55:00;"00010000000000000000004f;000100000000000000000061";
000400000000000000000367;00030000000000000000008d;00010000000000000000001a;Quel endroit splendide.;2026-07-14 04:56:00;"000100000000000000000062;00010000000000000000006c";
000400000000000000000368;0003000000000000000000c7;000100000000000000000049;Continue comme ca.;2026-07-30 08:41:00;"00010000000000000000002f;000100000000000000000041;00010000000000000000004f;000100000000000000000016";
000400000000000000000369;0003000000000000000000b0;00010000000000000000008c;Sympa !;2026-07-21 06:36:00;;
00040000000000000000036a;0003000000000000000001cc;000100000000000000000021;Ca donne a penser.;2026-09-16 17:38:00;"00010000000000000000007f;000100000000000000000029";
00040000000000000000036b;000300000000000000000015;000100000000000000000096;Raconte-nous la suite.;2026-06-19 01:20:00;"000100000000000000000018;000100000000000000000045;00010000000000000000004d;000100000000000000000088";
00040000000000000000036c;0003000000000000000001cc;000100000000000000000088;Tellement vrai.;2026-09-15 01:23:00;"000100000000000000000068;00010000000000000000003d";"[{""_id"": {""$oid"": ""0008000000000000000000e7""}, ""auteur_id"": {""$oid"": ""000100000000000000000094""}, ""contenu"": ""J'aime bien."", ""date"": {""$date"": ""2026-09-16T02:08:00Z""}, ""aimes"": []}]"
00040000000000000000036d;00030000000000000000022a;000100000000000000000088;Belle photo.;2026-09-27 10:26:00;"000100000000000000000081;00010000000000000000007f;000100000000000000000090;000100000000000000000005";
00040000000000000000036e;0003000000000000000001af;00010000000000000000007c;J'ai failli glisser la-bas.;2026-09-15 04:15:00;"00010000000000000000006c;000100000000000000000042;000100000000000000000093";
00040000000000000000036f;00030000000000000000019d;000100000000000000000079;Sympa !;2026-09-04 23:59:00;"000100000000000000000040;000100000000000000000047";
000400000000000000000370;00030000000000000000011a;000100000000000000000026;Magnifique !;2026-08-18 07:42:00;"000100000000000000000093;000100000000000000000073;00010000000000000000004f;000100000000000000000072";"[{""_id"": {""$oid"": ""0008000000000000000000e8""}, ""auteur_id"": {""$oid"": ""00010000000000000000008a""}, ""contenu"": ""Sympa !"", ""date"": {""$date"": ""2026-08-19T14:33:00Z""}, ""aimes"": []}]"
000400000000000000000371;0003000000000000000001a9;000100000000000000000071;Belle concentration.;2026-09-15 01:19:00;"00010000000000000000000f;000100000000000000000015;00010000000000000000001f";
000400000000000000000372;000300000000000000000139;00010000000000000000000f;Sympa !;2026-08-21 15:29:00;"000100000000000000000041;000100000000000000000021;000100000000000000000058";
000400000000000000000373;000300000000000000000146;000100000000000000000095;Je suis partant !;2026-08-29 08:37:00;;
000400000000000000000374;000300000000000000000248;000100000000000000000073;Le cafe fait tout le travail, alors.;2026-10-03 18:11:00;;
000400000000000000000375;000300000000000000000169;000100000000000000000089;Profite bien.;2026-09-04 09:05:00;"000100000000000000000094;00010000000000000000001e";
000400000000000000000376;000300000000000000000210;000100000000000000000007;J'aime bien.;2026-09-30 00:16:00;"000100000000000000000037;00010000000000000000006b;00010000000000000000007d";
000400000000000000000377;000300000000000000000188;00010000000000000000000c;Belle photo.;2026-09-06 17:09:00;"00010000000000000000007b;00010000000000000000007c;00010000000000000000001d";
000400000000000000000378;00030000000000000000021d;000100000000000000000046;Merci de partager.;2026-09-24 07:35:00;"00010000000000000000000f;000100000000000000000023;00010000000000000000005e";
000400000000000000000379;000300000000000000000058;000100000000000000000005;Je veux y aller !;2026-07-05 14:49:00;00010000000000000000005f;"[{""_id"": {""$oid"": ""0008000000000000000000e9""}, ""auteur_id"": {""$oid"": ""000100000000000000000049""}, ""contenu"": ""Merci !"", ""date"": {""$date"": ""2026-07-06T11:22:00Z""}, ""aimes"": []}, {""_id"": {""$oid"": ""0008000000000000000000ea""}, ""auteur_id"": {""$oid"": ""00010000000000000000000a""}, ""contenu"": ""J'aime bien."", ""date"": {""$date"": ""2026-07-08T01:58:00Z""}, ""aimes"": []}]"
00040000000000000000037a;000300000000000000000249;000100000000000000000042;Dieu est bon.;2026-10-02 12:28:00;"000100000000000000000045;00010000000000000000005c;000100000000000000000057;00010000000000000000007a";
00040000000000000000037b;000300000000000000000045;000100000000000000000065;Trop mignon.;2026-07-02 07:17:00;000100000000000000000057;
00040000000000000000037c;00030000000000000000022e;000100000000000000000046;J'aime bien.;2026-09-28 15:20:00;"000100000000000000000022;000100000000000000000088;000100000000000000000025";"[{""_id"": {""$oid"": ""0008000000000000000000eb""}, ""auteur_id"": {""$oid"": ""000100000000000000000003""}, ""contenu"": ""Belle publication."", ""date"": {""$date"": ""2026-09-30T01:36:00Z""}, ""aimes"": []}, {""_id"": {""$oid"": ""0008000000000000000000ec""}, ""auteur_id"": {""$oid"": ""000100000000000000000007""}, ""contenu"": ""Belle publication."", ""date"": {""$date"": ""2026-10-01T00:10:00Z""}, ""aimes"": []}]"
00040000000000000000037d;0003000000000000000001c1;00010000000000000000007b;Salut, bonne energie.;2026-09-14 05:20:00;"00010000000000000000008f;000100000000000000000080;000100000000000000000010;000100000000000000000095";
00040000000000000000037e;00030000000000000000011a;000100000000000000000047;On se croirait dans un reve.;2026-08-15 23:29:00;"000100000000000000000068;000100000000000000000006;00010000000000000000003d";
00040000000000000000037f;00030000000000000000005b;000100000000000000000069;J'aime bien.;2026-07-02 22:33:00;;
000400000000000000000380;000300000000000000000196;000100000000000000000030;J'aime bien.;2026-09-10 08:35:00;"000100000000000000000044;00010000000000000000008b";
000400000000000000000381;00030000000000000000022e;00010000000000000000002d;J'aime bien.;2026-10-04 04:38:00;"000100000000000000000033;00010000000000000000005d";
000400000000000000000382;00030000000000000000000e;00010000000000000000000c;Un vrai bonheur simple.;2026-06-12 15:26:00;"00010000000000000000001b;00010000000000000000006f;00010000000000000000005b";
000400000000000000000383;0003000000000000000001ca;00010000000000000000000e;Merci de partager.;2026-09-16 09:04:00;"000100000000000000000042;000100000000000000000024;000100000000000000000048;00010000000000000000007e";
000400000000000000000384;0003000000000000000000c2;00010000000000000000001c;J'aime bien.;2026-07-29 13:32:00;;
000400000000000000000385;0003000000000000000001cd;000100000000000000000091;Salut, bonne energie.;2026-09-12 18:57:00;"000100000000000000000095;000100000000000000000056;000100000000000000000006";
000400000000000000000386;00030000000000000000002a;00010000000000000000007a;On se croirait dans un reve.;2026-06-28 02:33:00;;"[{""_id"": {""$oid"": ""0008000000000000000000ed""}, ""auteur_id"": {""$oid"": ""000100000000000000000042""}, ""contenu"": ""Sympa !"", ""date"": {""$date"": ""2026-06-29T06:50:00Z""}, ""aimes"": []}]"
000400000000000000000387;000300000000000000000052;00010000000000000000005b;Cette deadline a bien de la chance.;2026-07-01 13:06:00;;
000400000000000000000388;000300000000000000000072;00010000000000000000007b;Beau souvenir.;2026-07-11 17:19:00;;
000400000000000000000389;0003000000000000000000fb;00010000000000000000007c;Tres instructif.;2026-08-16 01:28:00;"000100000000000000000005;000100000000000000000025;000100000000000000000036;00010000000000000000007b";"[{""_id"": {""$oid"": ""0008000000000000000000ee""}, ""auteur_id"": {""$oid"": ""000100000000000000000072""}, ""contenu"": ""Avec plaisir."", ""date"": {""$date"": ""2026-08-16T23:54:00Z""}, ""aimes"": []}]"
00040000000000000000038a;0003000000000000000001a3;000100000000000000000094;Haha, on te croit sur parole.;2026-09-07 08:53:00;"000100000000000000000094;00010000000000000000005b;00010000000000000000001f";"[{""_id"": {""$oid"": ""0008000000000000000000ef""}, ""auteur_id"": {""$oid"": ""000100000000000000000084""}, ""contenu"": ""Merci !"", ""date"": {""$date"": ""2026-09-07T09:10:00Z""}, ""aimes"": []}, {""_id"": {""$oid"": ""0008000000000000000000f0""}, ""auteur_id"": {""$oid"": ""000100000000000000000084""}, ""contenu"": ""Merci pour le partage."", ""date"": {""$date"": ""2026-09-09T06:18:00Z""}, ""aimes"": []}]"
00040000000000000000038b;0003000000000000000000e5;00010000000000000000001f;On dirait un decor de cauchemar.;2026-08-09 04:18:00;"00010000000000000000006c;000100000000000000000044";
00040000000000000000038c;000300000000000000000133;00010000000000000000000b;J'aime bien.;2026-08-21 15:17:00;;"[{""_id"": {""$oid"": ""0008000000000000000000f1""}, ""auteur_id"": {""$oid"": ""000100000000000000000014""}, ""contenu"": ""Merci !"", ""date"": {""$date"": ""2026-08-23T00:57:00Z""}, ""aimes"": []}]"
00040000000000000000038d;0003000000000000000001a5;000100000000000000000044;Efficace.;2026-09-10 00:28:00;"000100000000000000000019;000100000000000000000016";
00040000000000000000038e;00030000000000000000021a;000100000000000000000079;Belle photo.;2026-09-25 06:12:00;"00010000000000000000006f;000100000000000000000095;000100000000000000000041";"[{""_id"": {""$oid"": ""0008000000000000000000f2""}, ""auteur_id"": {""$oid"": ""00010000000000000000003f""}, ""contenu"": ""Merci pour le partage."", ""date"": {""$date"": ""2026-09-27T02:06:00Z""}, ""aimes"": []}]"
00040000000000000000038f;0003000000000000000000ae;000100000000000000000028;Le necessaire.;2026-07-20 23:06:00;00010000000000000000008f;
000400000000000000000390;000300000000000000000237;000100000000000000000036;J'aime bien.;2026-10-03 13:50:00;"000100000000000000000029;000100000000000000000088";
000400000000000000000391;00030000000000000000000f;000100000000000000000082;Je me pose la meme question.;2026-06-15 22:58:00;"00010000000000000000003e;00010000000000000000004f;00010000000000000000008d";
000400000000000000000392;0003000000000000000001a6;000100000000000000000055;C'est ou exactement ?;2026-09-05 12:38:00;000100000000000000000073;
000400000000000000000393;0003000000000000000000c2;00010000000000000000007b;Sympa !;2026-08-03 01:23:00;"00010000000000000000000c;000100000000000000000055";"[{""_id"": {""$oid"": ""0008000000000000000000f3""}, ""auteur_id"": {""$oid"": ""000100000000000000000028""}, ""contenu"": ""Sympa !"", ""date"": {""$date"": ""2026-08-04T06:36:00Z""}, ""aimes"": []}]"
000400000000000000000394;000300000000000000000109;00010000000000000000005c;Magnifique !;2026-08-13 18:39:00;"00010000000000000000008f;000100000000000000000077;00010000000000000000007d";"[{""_id"": {""$oid"": ""0008000000000000000000f4""}, ""auteur_id"": {""$oid"": ""00010000000000000000002a""}, ""contenu"": ""Avec plaisir."", ""date"": {""$date"": ""2026-08-15T04:35:00Z""}, ""aimes"": []}, {""_id"": {""$oid"": ""0008000000000000000000f5""}, ""auteur_id"": {""$oid"": ""000100000000000000000026""}, ""contenu"": ""Avec plaisir."", ""date"": {""$date"": ""2026-08-15T16:48:00Z""}, ""aimes"": []}]"
000400000000000000000395;00030000000000000000012d;000100000000000000000032;J'aime bien.;2026-08-21 04:49:00;"000100000000000000000092;000100000000000000000045;000100000000000000000015;00010000000000000000002c";
000400000000000000000396;000300000000000000000144;00010000000000000000005b;J'aime bien.;2026-08-26 12:19:00;"00010000000000000000007b;000100000000000000000042;000100000000000000000080";
000400000000000000000397;0003000000000000000000a2;00010000000000000000008b;A tout de suite.;2026-07-19 03:08:00;;
000400000000000000000398;0003000000000000000000ab;00010000000000000000004d;Continue comme ca.;2026-07-17 06:34:00;000100000000000000000061;
000400000000000000000399;000300000000000000000240;000100000000000000000007;J'aime bien.;2026-10-01 13:50:00;"00010000000000000000001a;000100000000000000000052";
00040000000000000000039a;000300000000000000000054;00010000000000000000007d;Je veux y aller !;2026-06-29 05:46:00;;"[{""_id"": {""$oid"": ""0008000000000000000000f6""}, ""auteur_id"": {""$oid"": ""00010000000000000000007e""}, ""contenu"": ""Merci pour le partage."", ""date"": {""$date"": ""2026-06-29T07:15:00Z""}, ""aimes"": []}]"
00040000000000000000039b;0003000000000000000000b8;000100000000000000000003;On dirait un decor de cauchemar.;2026-07-27 04:13:00;;
00040000000000000000039c;0003000000000000000001ef;000100000000000000000023;Belle photo.;2026-09-24 12:35:00;000100000000000000000040;
00040000000000000000039d;000300000000000000000240;00010000000000000000000d;Sympa !;2026-09-30 00:22:00;"00010000000000000000005e;000100000000000000000071;000100000000000000000088";
00040000000000000000039e;000300000000000000000025;00010000000000000000001a;Belle reflexion.;2026-06-21 00:04:00;"000100000000000000000052;000100000000000000000008";
00040000000000000000039f;0003000000000000000000a4;000100000000000000000015;Superbe choix.;2026-07-21 20:41:00;;
0004000000000000000003a0;000300000000000000000153;000100000000000000000025;Bonne idee de lieu.;2026-08-23 10:57:00;"000100000000000000000083;00010000000000000000004e";
0004000000000000000003a1;000300000000000000000125;00010000000000000000005f;Courage, tu geres !;2026-08-22 04:00:00;;
0004000000000000000003a2;00030000000000000000004c;00010000000000000000003a;Important de s'en souvenir.;2026-06-30 07:02:00;;"[{""_id"": {""$oid"": ""0008000000000000000000f7""}, ""auteur_id"": {""$oid"": ""000100000000000000000011""}, ""contenu"": ""Merci pour le partage."", ""date"": {""$date"": ""2026-07-02T00:21:00Z""}, ""aimes"": []}]"
0004000000000000000003a3;00030000000000000000000b;000100000000000000000075;Sympa !;2026-06-14 11:55:00;"00010000000000000000003c;000100000000000000000002;000100000000000000000030";
0004000000000000000003a4;00030000000000000000004d;00010000000000000000001b;Le necessaire.;2026-07-03 14:13:00;000100000000000000000075;
0004000000000000000003a5;00030000000000000000011f;000100000000000000000037;Belle concentration.;2026-08-18 08:32:00;;
0004000000000000000003a6;0003000000000000000001d7;000100000000000000000016;J'aime bien.;2026-09-13 14:08:00;"000100000000000000000004;000100000000000000000001";"[{""_id"": {""$oid"": ""0008000000000000000000f8""}, ""auteur_id"": {""$oid"": ""000100000000000000000086""}, ""contenu"": ""J'aime bien."", ""date"": {""$date"": ""2026-09-14T01:32:00Z""}, ""aimes"": []}, {""_id"": {""$oid"": ""0008000000000000000000f9""}, ""auteur_id"": {""$oid"": ""000100000000000000000086""}, ""contenu"": ""Belle publication."", ""date"": {""$date"": ""2026-09-16T11:16:00Z""}, ""aimes"": []}]"
0004000000000000000003a7;000300000000000000000094;00010000000000000000006c;Belle photo.;2026-07-11 23:47:00;"000100000000000000000046;00010000000000000000006e";
0004000000000000000003a8;000300000000000000000067;000100000000000000000069;Belle photo.;2026-07-02 01:09:00;;"[{""_id"": {""$oid"": ""0008000000000000000000fa""}, ""auteur_id"": {""$oid"": ""000100000000000000000016""}, ""contenu"": ""Belle publication."", ""date"": {""$date"": ""2026-07-03T02:01:00Z""}, ""aimes"": []}, {""_id"": {""$oid"": ""0008000000000000000000fb""}, ""auteur_id"": {""$oid"": ""000100000000000000000050""}, ""contenu"": ""Merci pour le partage."", ""date"": {""$date"": ""2026-07-04T13:30:00Z""}, ""aimes"": []}]"
0004000000000000000003a9;00030000000000000000011f;000100000000000000000011;Courage, tu geres !;2026-08-22 06:03:00;;
0004000000000000000003aa;00030000000000000000001d;00010000000000000000004e;J'aime bien.;2026-06-18 18:45:00;"00010000000000000000000f;000100000000000000000027;00010000000000000000007c";"[{""_id"": {""$oid"": ""0008000000000000000000fc""}, ""auteur_id"": {""$oid"": ""000100000000000000000076""}, ""contenu"": ""Avec plaisir."", ""date"": {""$date"": ""2026-06-19T02:57:00Z""}, ""aimes"": []}, {""_id"": {""$oid"": ""0008000000000000000000fd""}, ""auteur_id"": {""$oid"": ""000100000000000000000093""}, ""contenu"": ""Merci !"", ""date"": {""$date"": ""2026-06-21T17:10:00Z""}, ""aimes"": []}]"
0004000000000000000003ab;0003000000000000000000b3;000100000000000000000069;J'aime bien.;2026-07-26 21:17:00;"00010000000000000000007f;00010000000000000000007d";
0004000000000000000003ac;0003000000000000000000b8;000100000000000000000071;Ca fait froid dans le dos.;2026-07-26 15:41:00;00010000000000000000002e;"[{""_id"": {""$oid"": ""0008000000000000000000fe""}, ""auteur_id"": {""$oid"": ""000100000000000000000052""}, ""contenu"": ""Merci pour le partage."", ""date"": {""$date"": ""2026-07-26T16:17:00Z""}, ""aimes"": []}, {""_id"": {""$oid"": ""0008000000000000000000ff""}, ""auteur_id"": {""$oid"": ""000100000000000000000042""}, ""contenu"": ""J'aime bien."", ""date"": {""$date"": ""2026-07-27T02:35:00Z""}, ""aimes"": []}]"
0004000000000000000003ad;0003000000000000000001db;00010000000000000000005a;Trop mignon.;2026-09-18 15:10:00;"000100000000000000000044;000100000000000000000081;00010000000000000000006b";
0004000000000000000003ae;000300000000000000000012;00010000000000000000001e;Je veux y aller !;2026-06-22 10:12:00;"000100000000000000000043;00010000000000000000001c";
0004000000000000000003af;00030000000000000000009b;000100000000000000000085;Belle journee !;2026-07-14 15:15:00;;
0004000000000000000003b0;0003000000000000000000c1;00010000000000000000001e;Amen.;2026-07-28 00:40:00;"00010000000000000000000f;00010000000000000000005f;00010000000000000000008f";
0004000000000000000003b1;0003000000000000000000eb;000100000000000000000006;Tendance.;2026-08-03 17:20:00;"00010000000000000000005b;00010000000000000000007e";
0004000000000000000003b2;000300000000000000000106;00010000000000000000000b;Belle concentration.;2026-08-17 13:27:00;;"[{""_id"": {""$oid"": ""000800000000000000000100""}, ""auteur_id"": {""$oid"": ""00010000000000000000000c""}, ""contenu"": ""Merci pour le partage."", ""date"": {""$date"": ""2026-08-19T18:55:00Z""}, ""aimes"": []}, {""_id"": {""$oid"": ""000800000000000000000101""}, ""auteur_id"": {""$oid"": ""00010000000000000000008d""}, ""contenu"": ""Merci pour le partage."", ""date"": {""$date"": ""2026-08-20T06:05:00Z""}, ""aimes"": []}]"
0004000000000000000003b3;000300000000000000000149;00010000000000000000004e;L'histoire nous enseigne.;2026-08-25 01:35:00;"000100000000000000000026;000100000000000000000068";
0004000000000000000003b4;000300000000000000000254;000100000000000000000094;Continue comme ca.;2026-10-04 14:29:00;"000100000000000000000010;000100000000000000000059;00010000000000000000000c;000100000000000000000011";
0004000000000000000003b5;00030000000000000000020f;000100000000000000000055;Moi aussi j'ai peur.;2026-10-02 07:30:00;"000100000000000000000025;000100000000000000000042";"[{""_id"": {""$oid"": ""000800000000000000000102""}, ""auteur_id"": {""$oid"": ""000100000000000000000084""}, ""contenu"": ""Belle publication."", ""date"": {""$date"": ""2026-10-03T13:25:00Z""}, ""aimes"": []}, {""_id"": {""$oid"": ""000800000000000000000103""}, ""auteur_id"": {""$oid"": ""000100000000000000000083""}, ""contenu"": ""Merci !"", ""date"": {""$date"": ""2026-10-03T15:51:00Z""}, ""aimes"": []}]"
0004000000000000000003b6;000300000000000000000191;000100000000000000000056;J'aime bien.;2026-09-05 04:59:00;"00010000000000000000001e;00010000000000000000004c;000100000000000000000027;000100000000000000000002";
0004000000000000000003b7;0003000000000000000000a2;000100000000000000000073;A tout de suite.;2026-07-19 02:43:00;"000100000000000000000003;00010000000000000000000c;00010000000000000000006e";
0004000000000000000003b8;0003000000000000000001e9;000100000000000000000025;Ca fait reveur.;2026-09-19 21:32:00;"000100000000000000000079;000100000000000000000028;00010000000000000000003a;000100000000000000000078";
0004000000000000000003b9;00030000000000000000019e;000100000000000000000048;Cette deadline a bien de la chance.;2026-09-07 23:55:00;;
0004000000000000000003ba;0003000000000000000001ca;000100000000000000000003;Ca fait chaud au coeur.;2026-09-13 15:03:00;"00010000000000000000005a;00010000000000000000001d;00010000000000000000008a";"[{""_id"": {""$oid"": ""000800000000000000000104""}, ""auteur_id"": {""$oid"": ""000100000000000000000016""}, ""contenu"": ""Sympa !"", ""date"": {""$date"": ""2026-09-13T17:11:00Z""}, ""aimes"": []}, {""_id"": {""$oid"": ""000800000000000000000105""}, ""auteur_id"": {""$oid"": ""00010000000000000000007f""}, ""contenu"": ""Sympa !"", ""date"": {""$date"": ""2026-09-13T20:54:00Z""}, ""aimes"": []}]"
0004000000000000000003bb;000300000000000000000186;000100000000000000000002;Bon gout.;2026-08-29 17:32:00;"000100000000000000000041;00010000000000000000002e;000100000000000000000082;000100000000000000000049";
0004000000000000000003bc;000300000000000000000024;000100000000000000000060;Je l'envoie ce soir.;2026-06-21 19:37:00;"00010000000000000000006e;00010000000000000000007c;00010000000000000000000c;00010000000000000000006f";
0004000000000000000003bd;0003000000000000000001e2;00010000000000000000006f;Sympa !;2026-09-21 01:10:00;"00010000000000000000001f;000100000000000000000043";"[{""_id"": {""$oid"": ""000800000000000000000106""}, ""auteur_id"": {""$oid"": ""000100000000000000000042""}, ""contenu"": ""Merci !"", ""date"": {""$date"": ""2026-09-23T08:30:00Z""}, ""aimes"": []}]"
0004000000000000000003be;000300000000000000000092;000100000000000000000035;Tellement vrai.;2026-07-10 10:57:00;00010000000000000000001d;
0004000000000000000003bf;00030000000000000000024f;00010000000000000000005e;Trop mignon.;2026-10-03 01:02:00;"00010000000000000000007d;000100000000000000000089";
0004000000000000000003c0;0003000000000000000001e5;000100000000000000000003;Belle journee !;2026-09-17 23:31:00;"00010000000000000000000e;000100000000000000000087";
0004000000000000000003c1;000300000000000000000111;000100000000000000000095;Le necessaire.;2026-08-13 17:50:00;"000100000000000000000089;00010000000000000000008b;000100000000000000000008";"[{""_id"": {""$oid"": ""000800000000000000000107""}, ""auteur_id"": {""$oid"": ""000100000000000000000059""}, ""contenu"": ""Merci pour le partage."", ""date"": {""$date"": ""2026-08-15T19:57:00Z""}, ""aimes"": []}]"
0004000000000000000003c2;00030000000000000000016d;00010000000000000000000d;C'est ou exactement ?;2026-08-28 13:03:00;"000100000000000000000068;000100000000000000000022";
0004000000000000000003c3;0003000000000000000001c1;000100000000000000000010;Bonjour a toi aussi !;2026-09-15 23:00:00;;
0004000000000000000003c4;000300000000000000000233;000100000000000000000091;J'aime bien.;2026-10-03 22:11:00;000100000000000000000076;"[{""_id"": {""$oid"": ""000800000000000000000108""}, ""auteur_id"": {""$oid"": ""00010000000000000000002a""}, ""contenu"": ""Avec plaisir."", ""date"": {""$date"": ""2026-10-04T12:41:00Z""}, ""aimes"": []}, {""_id"": {""$oid"": ""000800000000000000000109""}, ""auteur_id"": {""$oid"": ""00010000000000000000002a""}, ""contenu"": ""Sympa !"", ""date"": {""$date"": ""2026-10-04T12:53:00Z""}, ""aimes"": []}]"
0004000000000000000003c5;000300000000000000000160;000100000000000000000015;Le cafe fait tout le travail, alors.;2026-08-27 10:53:00;"00010000000000000000005b;00010000000000000000001c;000100000000000000000052;000100000000000000000020";
0004000000000000000003c6;0003000000000000000000a5;000100000000000000000065;Sympa !;2026-07-20 17:28:00;"00010000000000000000006a;000100000000000000000027;000100000000000000000093";
0004000000000000000003c7;0003000000000000000001fa;000100000000000000000040;Ca donne envie de partir.;2026-09-28 02:47:00;"000100000000000000000032;000100000000000000000063;00010000000000000000000e";
0004000000000000000003c8;000300000000000000000069;000100000000000000000022;Belle photo.;2026-07-10 22:39:00;"00010000000000000000007d;000100000000000000000031;000100000000000000000025;000100000000000000000010";
0004000000000000000003c9;000300000000000000000123;000100000000000000000026;Belle photo.;2026-08-19 02:38:00;"00010000000000000000000c;00010000000000000000008d";
0004000000000000000003ca;0003000000000000000000b0;000100000000000000000006;Sympa !;2026-07-23 04:59:00;"000100000000000000000071;000100000000000000000090;000100000000000000000077;000100000000000000000035";
0004000000000000000003cb;000300000000000000000147;000100000000000000000091;J'aime bien.;2026-08-27 11:17:00;00010000000000000000004a;
0004000000000000000003cc;000300000000000000000044;00010000000000000000001f;J'aime bien.;2026-07-02 02:04:00;"000100000000000000000084;00010000000000000000004a";"[{""_id"": {""$oid"": ""00080000000000000000010a""}, ""auteur_id"": {""$oid"": ""000100000000000000000002""}, ""contenu"": ""J'aime bien."", ""date"": {""$date"": ""2026-07-03T01:34:00Z""}, ""aimes"": []}]"
0004000000000000000003cd;000300000000000000000234;00010000000000000000005d;Sympa !;2026-10-04 05:55:00;;
0004000000000000000003ce;00030000000000000000007e;000100000000000000000048;J'aime bien.;2026-07-11 15:00:00;000100000000000000000079;"[{""_id"": {""$oid"": ""00080000000000000000010b""}, ""auteur_id"": {""$oid"": ""000100000000000000000014""}, ""contenu"": ""J'aime bien."", ""date"": {""$date"": ""2026-07-12T11:06:00Z""}, ""aimes"": []}, {""_id"": {""$oid"": ""00080000000000000000010c""}, ""auteur_id"": {""$oid"": ""000100000000000000000014""}, ""contenu"": ""Avec plaisir."", ""date"": {""$date"": ""2026-07-13T05:52:00Z""}, ""aimes"": []}]"
0004000000000000000003cf;00030000000000000000003b;000100000000000000000061;Le cafe fait tout le travail, alors.;2026-06-28 18:43:00;"000100000000000000000078;00010000000000000000000e";
0004000000000000000003d0;000300000000000000000108;000100000000000000000052;Prudence !;2026-08-20 10:02:00;;
0004000000000000000003d1;00030000000000000000024b;000100000000000000000044;Bonjour a toi aussi !;2026-10-03 05:37:00;;"[{""_id"": {""$oid"": ""00080000000000000000010d""}, ""auteur_id"": {""$oid"": ""00010000000000000000006d""}, ""contenu"": ""Merci pour le partage."", ""date"": {""$date"": ""2026-10-03T13:54:00Z""}, ""aimes"": []}, {""_id"": {""$oid"": ""00080000000000000000010e""}, ""auteur_id"": {""$oid"": ""000100000000000000000076""}, ""contenu"": ""Belle publication."", ""date"": {""$date"": ""2026-10-04T14:47:00Z""}, ""aimes"": []}]"
0004000000000000000003d2;00030000000000000000009c;00010000000000000000000d;Bonjour a toi aussi !;2026-07-16 17:19:00;;
0004000000000000000003d3;00030000000000000000009d;00010000000000000000008d;Quel endroit splendide.;2026-07-17 06:10:00;"00010000000000000000007c;000100000000000000000036";
0004000000000000000003d4;0003000000000000000001eb;00010000000000000000008c;L'histoire nous enseigne.;2026-09-22 23:49:00;"00010000000000000000002f;00010000000000000000007d";
0004000000000000000003d5;00030000000000000000022c;00010000000000000000004f;J'aime bien.;2026-09-26 08:09:00;000100000000000000000081;
0004000000000000000003d6;0003000000000000000001a4;000100000000000000000055;Bon courage pour les exams !;2026-09-14 04:41:00;"000100000000000000000024;00010000000000000000008a";"[{""_id"": {""$oid"": ""00080000000000000000010f""}, ""auteur_id"": {""$oid"": ""000100000000000000000059""}, ""contenu"": ""Belle publication."", ""date"": {""$date"": ""2026-09-14T18:04:00Z""}, ""aimes"": []}]"
0004000000000000000003d7;0003000000000000000001eb;00010000000000000000005e;Merci pour ce rappel.;2026-09-17 17:08:00;;
0004000000000000000003d8;00030000000000000000003e;00010000000000000000001e;Belle photo.;2026-06-23 23:55:00;"000100000000000000000015;000100000000000000000018;000100000000000000000071";
0004000000000000000003d9;0003000000000000000001db;000100000000000000000075;Ca fait reveur.;2026-09-19 23:03:00;;
0004000000000000000003da;00030000000000000000006c;00010000000000000000005d;Reviser, toujours reviser.;2026-07-03 14:58:00;;
0004000000000000000003db;0003000000000000000000e5;000100000000000000000089;On dirait un decor de cauchemar.;2026-08-09 01:28:00;;
0004000000000000000003dc;000300000000000000000031;00010000000000000000005c;Sympa !;2026-06-28 23:35:00;"000100000000000000000060;000100000000000000000012";"[{""_id"": {""$oid"": ""000800000000000000000110""}, ""auteur_id"": {""$oid"": ""000100000000000000000001""}, ""contenu"": ""Merci pour le partage."", ""date"": {""$date"": ""2026-06-30T21:37:00Z""}, ""aimes"": []}, {""_id"": {""$oid"": ""000800000000000000000111""}, ""auteur_id"": {""$oid"": ""00010000000000000000008e""}, ""contenu"": ""Sympa !"", ""date"": {""$date"": ""2026-07-01T22:04:00Z""}, ""aimes"": []}]"
0004000000000000000003dd;0003000000000000000001ec;000100000000000000000055;Sympa !;2026-09-22 03:47:00;000100000000000000000028;
0004000000000000000003de;000300000000000000000024;00010000000000000000007b;Je l'envoie ce soir.;2026-06-22 08:36:00;"000100000000000000000090;000100000000000000000093;000100000000000000000096";
0004000000000000000003df;00030000000000000000009d;000100000000000000000044;Quel endroit splendide.;2026-07-18 17:12:00;"000100000000000000000034;00010000000000000000000b;000100000000000000000092;000100000000000000000027";
0004000000000000000003e0;00030000000000000000009a;00010000000000000000005f;J'aime bien.;2026-07-14 18:56:00;;
0004000000000000000003e1;0003000000000000000001cc;000100000000000000000071;Belle reflexion.;2026-09-11 23:15:00;"00010000000000000000000c;000100000000000000000071;000100000000000000000015";
0004000000000000000003e2;0003000000000000000000aa;000100000000000000000027;Joli.;2026-07-20 16:05:00;00010000000000000000007b;
0004000000000000000003e3;0003000000000000000001ba;000100000000000000000056;A voir un jour.;2026-09-15 17:22:00;;
0004000000000000000003e4;000300000000000000000066;000100000000000000000024;A tout de suite.;2026-07-09 04:31:00;"000100000000000000000039;00010000000000000000006f;000100000000000000000064;000100000000000000000095";
0004000000000000000003e5;000300000000000000000217;00010000000000000000004a;Sympa !;2026-09-25 08:59:00;"00010000000000000000005a;000100000000000000000032;000100000000000000000016";
0004000000000000000003e6;0003000000000000000001e6;000100000000000000000019;J'aime bien.;2026-09-25 03:16:00;"000100000000000000000048;000100000000000000000060;00010000000000000000006c;00010000000000000000008e";
0004000000000000000003e7;000300000000000000000125;00010000000000000000001f;Continue comme ca.;2026-08-21 20:00:00;"000100000000000000000095;00010000000000000000007b;00010000000000000000006a;00010000000000000000003b";"[{""_id"": {""$oid"": ""000800000000000000000112""}, ""auteur_id"": {""$oid"": ""00010000000000000000006b""}, ""contenu"": ""Merci !"", ""date"": {""$date"": ""2026-08-23T04:37:00Z""}, ""aimes"": []}, {""_id"": {""$oid"": ""000800000000000000000113""}, ""auteur_id"": {""$oid"": ""00010000000000000000001c""}, ""contenu"": ""J'aime bien."", ""date"": {""$date"": ""2026-08-23T23:04:00Z""}, ""aimes"": []}]"
0004000000000000000003e8;000300000000000000000011;00010000000000000000003e;Moi aussi j'ai peur.;2026-06-20 22:31:00;000100000000000000000003;
0004000000000000000003e9;0003000000000000000001ea;000100000000000000000049;Sympa !;2026-09-18 15:49:00;000100000000000000000039;
0004000000000000000003ea;000300000000000000000246;000100000000000000000086;Incroyable.;2026-10-04 02:15:00;;
0004000000000000000003eb;0003000000000000000001a3;000100000000000000000049;Haha, on te croit sur parole.;2026-09-11 11:25:00;"000100000000000000000007;000100000000000000000028";
0004000000000000000003ec;000300000000000000000089;000100000000000000000080;Moi aussi j'ai peur.;2026-07-08 22:18:00;"00010000000000000000003f;00010000000000000000008c";
0004000000000000000003ed;00030000000000000000005b;000100000000000000000070;Belle photo.;2026-07-02 09:41:00;"00010000000000000000000b;000100000000000000000080;000100000000000000000028";
0004000000000000000003ee;000300000000000000000038;000100000000000000000065;Le cafe fait tout le travail, alors.;2026-06-21 11:57:00;"00010000000000000000007b;000100000000000000000082";
0004000000000000000003ef;00030000000000000000018b;000100000000000000000050;Courage, tu geres !;2026-09-04 04:57:00;"000100000000000000000081;000100000000000000000008;00010000000000000000005c";
0004000000000000000003f0;000300000000000000000066;000100000000000000000035;A tout de suite.;2026-07-07 06:01:00;"000100000000000000000087;000100000000000000000026;000100000000000000000034;000100000000000000000031";
0004000000000000000003f1;000300000000000000000050;00010000000000000000000c;Ce serait parfait pour une ceremonie.;2026-07-03 02:50:00;"000100000000000000000095;00010000000000000000008b;00010000000000000000002c;00010000000000000000004c";
0004000000000000000003f2;0003000000000000000001ee;000100000000000000000077;L'histoire nous enseigne.;2026-09-23 06:37:00;"00010000000000000000006a;000100000000000000000031;000100000000000000000068;000100000000000000000076";"[{""_id"": {""$oid"": ""000800000000000000000114""}, ""auteur_id"": {""$oid"": ""000100000000000000000086""}, ""contenu"": ""Sympa !"", ""date"": {""$date"": ""2026-09-23T06:51:00Z""}, ""aimes"": []}, {""_id"": {""$oid"": ""000800000000000000000115""}, ""auteur_id"": {""$oid"": ""000100000000000000000086""}, ""contenu"": ""Merci !"", ""date"": {""$date"": ""2026-09-25T09:03:00Z""}, ""aimes"": []}]"
0004000000000000000003f3;0003000000000000000000a3;000100000000000000000089;Belle journee !;2026-07-22 19:39:00;"000100000000000000000082;000100000000000000000087;000100000000000000000011";"[{""_id"": {""$oid"": ""000800000000000000000116""}, ""auteur_id"": {""$oid"": ""00010000000000000000006d""}, ""contenu"": ""Sympa !"", ""date"": {""$date"": ""2026-07-22T20:40:00Z""}, ""aimes"": []}]"
0004000000000000000003f4;000300000000000000000184;000100000000000000000079;Profite bien.;2026-09-04 08:04:00;00010000000000000000005f;
0004000000000000000003f5;00030000000000000000004c;00010000000000000000002d;Merci pour ce rappel.;2026-07-01 02:36:00;"000100000000000000000081;000100000000000000000006";
0004000000000000000003f6;0003000000000000000001f7;00010000000000000000006d;Tendance.;2026-09-24 18:59:00;"000100000000000000000023;000100000000000000000029;00010000000000000000004a";
0004000000000000000003f7;000300000000000000000220;00010000000000000000001b;Je vois bien un film ici.;2026-10-02 06:48:00;"000100000000000000000072;000100000000000000000003;000100000000000000000038;000100000000000000000020";
0004000000000000000003f8;000300000000000000000186;00010000000000000000000b;Bon gout.;2026-09-05 10:21:00;"000100000000000000000042;000100000000000000000088";"[{""_id"": {""$oid"": ""000800000000000000000117""}, ""auteur_id"": {""$oid"": ""000100000000000000000014""}, ""contenu"": ""Merci !"", ""date"": {""$date"": ""2026-09-07T02:07:00Z""}, ""aimes"": []}]"
0004000000000000000003f9;000300000000000000000011;000100000000000000000075;Mes jambes tremblent.;2026-06-19 10:45:00;"000100000000000000000040;000100000000000000000032;000100000000000000000042;00010000000000000000006b";
0004000000000000000003fa;000300000000000000000009;000100000000000000000053;J'aime bien.;2026-06-16 01:11:00;"000100000000000000000023;000100000000000000000064;000100000000000000000010";
0004000000000000000003fb;000300000000000000000042;00010000000000000000002f;L'histoire nous enseigne.;2026-06-23 09:01:00;"000100000000000000000008;00010000000000000000006d;00010000000000000000006b;00010000000000000000004d";
0004000000000000000003fc;0003000000000000000001bf;000100000000000000000010;J'aime bien.;2026-09-12 22:55:00;"00010000000000000000007a;00010000000000000000004e;000100000000000000000039;000100000000000000000007";
0004000000000000000003fd;00030000000000000000018b;000100000000000000000010;Courage, tu geres !;2026-09-05 04:19:00;000100000000000000000072;
0004000000000000000003fe;000300000000000000000085;000100000000000000000088;J'aime bien.;2026-07-09 21:32:00;"00010000000000000000003e;000100000000000000000071";
0004000000000000000003ff;0003000000000000000001da;000100000000000000000094;Efficace.;2026-09-15 07:09:00;"000100000000000000000080;000100000000000000000006;00010000000000000000004a;000100000000000000000015";
000400000000000000000400;0003000000000000000000e1;000100000000000000000057;Belle journee !;2026-08-10 11:14:00;"00010000000000000000001a;00010000000000000000003d;000100000000000000000071;000100000000000000000034";
000400000000000000000401;000300000000000000000055;000100000000000000000014;Sympa !;2026-06-30 02:50:00;"000100000000000000000057;000100000000000000000064;000100000000000000000024";
000400000000000000000402;00030000000000000000002e;000100000000000000000046;Dieu est bon.;2026-06-25 00:16:00;"000100000000000000000040;000100000000000000000033";
000400000000000000000403;00030000000000000000019c;00010000000000000000001d;Oui, tres cinematographique.;2026-09-08 04:50:00;"00010000000000000000003a;00010000000000000000000a;00010000000000000000005b";
000400000000000000000404;0003000000000000000000a7;00010000000000000000007c;Important de s'en souvenir.;2026-07-21 10:50:00;"000100000000000000000050;000100000000000000000004;000100000000000000000071;000100000000000000000086";
000400000000000000000405;000300000000000000000189;000100000000000000000033;Belle photo.;2026-09-07 10:25:00;;
000400000000000000000406;000300000000000000000107;00010000000000000000001e;Belle journee !;2026-08-15 06:24:00;"000100000000000000000063;000100000000000000000024;00010000000000000000001e";
000400000000000000000407;00030000000000000000022f;00010000000000000000002e;J'aime bien.;2026-10-04 00:56:00;"00010000000000000000006e;000100000000000000000058";
000400000000000000000408;00030000000000000000018f;000100000000000000000061;Le cafe fait tout le travail, alors.;2026-09-01 15:13:00;"000100000000000000000027;000100000000000000000044";
000400000000000000000409;000300000000000000000239;000100000000000000000056;Bonjour a toi aussi !;2026-10-03 14:02:00;"00010000000000000000002e;000100000000000000000093;00010000000000000000000f;000100000000000000000077";
00040000000000000000040a;0003000000000000000001c5;000100000000000000000087;Merci de partager.;2026-09-11 14:36:00;"000100000000000000000046;00010000000000000000000c;00010000000000000000006f";
00040000000000000000040b;0003000000000000000000e4;000100000000000000000007;Belle photo.;2026-08-02 12:35:00;;
00040000000000000000040c;000300000000000000000082;00010000000000000000003c;On se croirait dans un reve.;2026-07-13 16:53:00;00010000000000000000003d;"[{""_id"": {""$oid"": ""000800000000000000000118""}, ""auteur_id"": {""$oid"": ""00010000000000000000008f""}, ""contenu"": ""Avec plaisir."", ""date"": {""$date"": ""2026-07-15T08:02:00Z""}, ""aimes"": []}]"
00040000000000000000040d;0003000000000000000000a8;000100000000000000000023;J'aime bien.;2026-07-26 07:59:00;"000100000000000000000087;000100000000000000000064;000100000000000000000024;000100000000000000000028";
00040000000000000000040e;000300000000000000000058;00010000000000000000005c;Je veux y aller !;2026-07-05 00:10:00;"00010000000000000000006c;000100000000000000000030;000100000000000000000091;00010000000000000000006a";
00040000000000000000040f;0003000000000000000001d6;000100000000000000000037;Le necessaire.;2026-09-13 16:51:00;00010000000000000000007e;"[{""_id"": {""$oid"": ""000800000000000000000119""}, ""auteur_id"": {""$oid"": ""000100000000000000000067""}, ""contenu"": ""J'aime bien."", ""date"": {""$date"": ""2026-09-14T12:25:00Z""}, ""aimes"": []}, {""_id"": {""$oid"": ""00080000000000000000011a""}, ""auteur_id"": {""$oid"": ""000100000000000000000086""}, ""contenu"": ""Merci !"", ""date"": {""$date"": ""2026-09-16T11:24:00Z""}, ""aimes"": []}]"
000400000000000000000410;00030000000000000000004f;000100000000000000000015;L'histoire nous enseigne.;2026-07-04 15:15:00;00010000000000000000006a;
000400000000000000000411;0003000000000000000001f5;000100000000000000000026;Ca donne a penser.;2026-09-23 12:12:00;;
000400000000000000000412;000300000000000000000049;000100000000000000000068;Belle photo.;2026-06-24 05:03:00;"00010000000000000000000a;000100000000000000000096;000100000000000000000070";"[{""_id"": {""$oid"": ""00080000000000000000011b""}, ""auteur_id"": {""$oid"": ""000100000000000000000027""}, ""contenu"": ""J'aime bien."", ""date"": {""$date"": ""2026-06-26T19:49:00Z""}, ""aimes"": []}]"
000400000000000000000413;0003000000000000000001a1;000100000000000000000079;Important de s'en souvenir.;2026-09-07 18:21:00;"000100000000000000000016;000100000000000000000002;00010000000000000000000d;00010000000000000000001c";
000400000000000000000414;000300000000000000000197;000100000000000000000058;Efficace.;2026-09-05 17:04:00;"000100000000000000000053;000100000000000000000050;000100000000000000000057;000100000000000000000040";
000400000000000000000415;00030000000000000000017b;00010000000000000000000b;Courage, tu geres !;2026-08-29 00:25:00;;"[{""_id"": {""$oid"": ""00080000000000000000011c""}, ""auteur_id"": {""$oid"": ""00010000000000000000007e""}, ""contenu"": ""Avec plaisir."", ""date"": {""$date"": ""2026-08-31T02:44:00Z""}, ""aimes"": []}, {""_id"": {""$oid"": ""00080000000000000000011d""}, ""auteur_id"": {""$oid"": ""000100000000000000000084""}, ""contenu"": ""Avec plaisir."", ""date"": {""$date"": ""2026-08-31T05:58:00Z""}, ""aimes"": []}]"
000400000000000000000416;0003000000000000000001b3;000100000000000000000052;Sympa !;2026-09-09 13:23:00;"00010000000000000000008d;000100000000000000000093";
000400000000000000000417;0003000000000000000000c2;000100000000000000000083;Sympa !;2026-07-30 00:30:00;;
000400000000000000000418;0003000000000000000001bd;00010000000000000000001c;Sympa !;2026-09-18 03:20:00;;
000400000000000000000419;000300000000000000000101;00010000000000000000006b;Quel endroit splendide.;2026-08-13 20:27:00;"00010000000000000000001c;00010000000000000000000c;000100000000000000000073;000100000000000000000010";
00040000000000000000041a;0003000000000000000001ab;000100000000000000000021;A tout de suite.;2026-09-14 12:57:00;"000100000000000000000018;000100000000000000000037;000100000000000000000041";
00040000000000000000041b;00030000000000000000014b;000100000000000000000007;Sympa !;2026-08-29 13:32:00;"00010000000000000000006c;000100000000000000000042;00010000000000000000003f";"[{""_id"": {""$oid"": ""00080000000000000000011e""}, ""auteur_id"": {""$oid"": ""000100000000000000000006""}, ""contenu"": ""Merci pour le partage."", ""date"": {""$date"": ""2026-08-30T02:22:00Z""}, ""aimes"": []}]"
00040000000000000000041c;000300000000000000000201;000100000000000000000030;Bonne idee de lieu.;2026-09-26 00:52:00;"000100000000000000000057;000100000000000000000024;00010000000000000000006f";
00040000000000000000041d;0003000000000000000000cc;00010000000000000000005d;Courage, tu geres !;2026-07-27 15:15:00;"000100000000000000000080;00010000000000000000007e";
00040000000000000000041e;000300000000000000000089;000100000000000000000045;Pas pour moi.;2026-07-09 16:45:00;"000100000000000000000080;000100000000000000000058;00010000000000000000005c;000100000000000000000090";"[{""_id"": {""$oid"": ""00080000000000000000011f""}, ""auteur_id"": {""$oid"": ""000100000000000000000014""}, ""contenu"": ""Merci !"", ""date"": {""$date"": ""2026-07-10T20:00:00Z""}, ""aimes"": []}, {""_id"": {""$oid"": ""000800000000000000000120""}, ""auteur_id"": {""$oid"": ""000100000000000000000093""}, ""contenu"": ""Belle publication."", ""date"": {""$date"": ""2026-07-11T20:58:00Z""}, ""aimes"": []}]"
00040000000000000000041f;0003000000000000000001cf;00010000000000000000007f;J'aime bien.;2026-09-15 07:38:00;000100000000000000000010;
000400000000000000000420;000300000000000000000256;00010000000000000000003b;Merci pour ce rappel.;2026-10-03 20:27:00;000100000000000000000088;
000400000000000000000421;0003000000000000000000c6;00010000000000000000002c;Sympa !;2026-08-04 02:08:00;"000100000000000000000047;00010000000000000000003c;000100000000000000000006";
000400000000000000000422;000300000000000000000248;000100000000000000000040;Le cafe fait tout le travail, alors.;2026-10-01 22:18:00;"000100000000000000000048;00010000000000000000004c;00010000000000000000004a";
000400000000000000000423;0003000000000000000000fa;00010000000000000000003b;Sympa !;2026-08-10 05:29:00;"000100000000000000000050;000100000000000000000059;000100000000000000000075;000100000000000000000087";
000400000000000000000424;000300000000000000000054;00010000000000000000006e;Ca donne envie de partir.;2026-07-02 14:53:00;"00010000000000000000000e;00010000000000000000004c";
000400000000000000000425;000300000000000000000187;000100000000000000000094;Profite bien.;2026-09-04 04:38:00;;"[{""_id"": {""$oid"": ""000800000000000000000121""}, ""auteur_id"": {""$oid"": ""000100000000000000000022""}, ""contenu"": ""Avec plaisir."", ""date"": {""$date"": ""2026-09-06T12:58:00Z""}, ""aimes"": []}, {""_id"": {""$oid"": ""000800000000000000000122""}, ""auteur_id"": {""$oid"": ""000100000000000000000047""}, ""contenu"": ""Belle publication."", ""date"": {""$date"": ""2026-09-06T13:57:00Z""}, ""aimes"": []}]"
000400000000000000000426;0003000000000000000000e7;000100000000000000000092;Meme situation ici.;2026-08-11 15:09:00;000100000000000000000083;"[{""_id"": {""$oid"": ""000800000000000000000123""}, ""auteur_id"": {""$oid"": ""000100000000000000000093""}, ""contenu"": ""Merci !"", ""date"": {""$date"": ""2026-08-12T12:23:00Z""}, ""aimes"": []}, {""_id"": {""$oid"": ""000800000000000000000124""}, ""auteur_id"": {""$oid"": ""000100000000000000000086""}, ""contenu"": ""Sympa !"", ""date"": {""$date"": ""2026-08-13T10:35:00Z""}, ""aimes"": []}]"
000400000000000000000427;00030000000000000000014b;00010000000000000000007b;Sympa !;2026-08-28 19:56:00;"000100000000000000000043;000100000000000000000022;000100000000000000000020";
000400000000000000000428;0003000000000000000000aa;000100000000000000000021;Tendance.;2026-07-23 02:39:00;;"[{""_id"": {""$oid"": ""000800000000000000000125""}, ""auteur_id"": {""$oid"": ""000100000000000000000082""}, ""contenu"": ""Merci !"", ""date"": {""$date"": ""2026-07-24T12:52:00Z""}, ""aimes"": []}, {""_id"": {""$oid"": ""000800000000000000000126""}, ""auteur_id"": {""$oid"": ""000100000000000000000028""}, ""contenu"": ""Merci pour le partage."", ""date"": {""$date"": ""2026-07-24T16:13:00Z""}, ""aimes"": []}]"
000400000000000000000429;000300000000000000000177;000100000000000000000001;Dis-moi l'heure et j'arrive.;2026-09-01 00:39:00;"000100000000000000000093;000100000000000000000092;000100000000000000000017;00010000000000000000005d";
00040000000000000000042a;0003000000000000000001ec;000100000000000000000089;Belle photo.;2026-09-25 23:42:00;"000100000000000000000061;00010000000000000000005a";
00040000000000000000042b;000300000000000000000191;00010000000000000000003b;Sympa !;2026-09-08 02:48:00;"000100000000000000000007;000100000000000000000084;000100000000000000000006";"[{""_id"": {""$oid"": ""000800000000000000000127""}, ""auteur_id"": {""$oid"": ""00010000000000000000002a""}, ""contenu"": ""Merci pour le partage."", ""date"": {""$date"": ""2026-09-08T22:51:00Z""}, ""aimes"": []}]"
00040000000000000000042c;000300000000000000000246;00010000000000000000006c;Je me pose la meme question.;2026-10-02 05:18:00;"000100000000000000000045;000100000000000000000054;000100000000000000000006;000100000000000000000079";"[{""_id"": {""$oid"": ""000800000000000000000128""}, ""auteur_id"": {""$oid"": ""000100000000000000000055""}, ""contenu"": ""Belle publication."", ""date"": {""$date"": ""2026-10-03T04:48:00Z""}, ""aimes"": []}]"
00040000000000000000042d;000300000000000000000077;000100000000000000000037;Sympa !;2026-07-13 21:13:00;000100000000000000000086;
00040000000000000000042e;00030000000000000000007c;00010000000000000000002b;Oui, tres cinematographique.;2026-07-07 02:53:00;000100000000000000000065;
00040000000000000000042f;00030000000000000000007f;000100000000000000000050;Ca fait reveur.;2026-07-14 07:55:00;"000100000000000000000082;000100000000000000000096;000100000000000000000038;000100000000000000000077";"[{""_id"": {""$oid"": ""000800000000000000000129""}, ""auteur_id"": {""$oid"": ""000100000000000000000052""}, ""contenu"": ""Merci pour le partage."", ""date"": {""$date"": ""2026-07-16T15:52:00Z""}, ""aimes"": []}]"
000400000000000000000430;000300000000000000000157;000100000000000000000075;Je comprends ce sentiment.;2026-08-24 03:52:00;;
000400000000000000000431;00030000000000000000016c;000100000000000000000073;Ca donne envie de partir.;2026-08-26 03:59:00;;
000400000000000000000432;0003000000000000000001f0;000100000000000000000064;Sympa !;2026-09-18 23:14:00;000100000000000000000072;
000400000000000000000433;00030000000000000000013e;000100000000000000000069;Ca donne envie de partir.;2026-08-22 01:54:00;000100000000000000000022;
000400000000000000000434;0003000000000000000001a6;00010000000000000000006f;C'est ou exactement ?;2026-09-08 22:29:00;"000100000000000000000087;00010000000000000000000e;000100000000000000000042";
000400000000000000000435;00030000000000000000023a;000100000000000000000014;Quelle scene !;2026-09-29 01:18:00;000100000000000000000071;
000400000000000000000436;0003000000000000000001bf;000100000000000000000086;Belle photo.;2026-09-15 02:56:00;000100000000000000000031;
000400000000000000000437;00030000000000000000017e;00010000000000000000001f;Sympa !;2026-09-04 18:32:00;"000100000000000000000091;00010000000000000000001c;000100000000000000000085";
000400000000000000000438;00030000000000000000020f;00010000000000000000004d;Moi aussi j'ai peur.;2026-09-26 18:20:00;"00010000000000000000008c;00010000000000000000003a;000100000000000000000082;00010000000000000000005d";
000400000000000000000439;000300000000000000000071;000100000000000000000075;Haha, on te croit sur parole.;2026-07-12 03:58:00;"00010000000000000000002b;000100000000000000000067;000100000000000000000026;000100000000000000000005";
00040000000000000000043a;000300000000000000000142;000100000000000000000036;Je veux y aller !;2026-08-26 01:16:00;;
00040000000000000000043b;0003000000000000000000d1;000100000000000000000051;Quel endroit splendide.;2026-08-03 20:33:00;00010000000000000000007c;
00040000000000000000043c;00030000000000000000022e;000100000000000000000049;J'aime bien.;2026-10-01 19:49:00;"00010000000000000000001a;00010000000000000000005d;000100000000000000000055";
00040000000000000000043d;000300000000000000000135;00010000000000000000003b;Courage, tu geres !;2026-08-21 13:31:00;"000100000000000000000093;00010000000000000000003b;000100000000000000000013";
00040000000000000000043e;00030000000000000000001c;000100000000000000000037;Quel endroit splendide.;2026-06-22 02:32:00;"000100000000000000000063;000100000000000000000011";
00040000000000000000043f;000300000000000000000135;00010000000000000000006e;Courage, tu geres !;2026-08-28 07:34:00;;"[{""_id"": {""$oid"": ""00080000000000000000012a""}, ""auteur_id"": {""$oid"": ""000100000000000000000062""}, ""contenu"": ""Avec plaisir."", ""date"": {""$date"": ""2026-08-28T11:16:00Z""}, ""aimes"": []}, {""_id"": {""$oid"": ""00080000000000000000012b""}, ""auteur_id"": {""$oid"": ""000100000000000000000028""}, ""contenu"": ""Sympa !"", ""date"": {""$date"": ""2026-08-30T17:57:00Z""}, ""aimes"": []}]"
000400000000000000000440;000300000000000000000196;00010000000000000000002c;Belle photo.;2026-09-06 23:16:00;"000100000000000000000091;00010000000000000000005c;000100000000000000000086;000100000000000000000077";
000400000000000000000441;000300000000000000000036;00010000000000000000000f;J'aime bien.;2026-06-29 16:10:00;;"[{""_id"": {""$oid"": ""00080000000000000000012c""}, ""auteur_id"": {""$oid"": ""000100000000000000000021""}, ""contenu"": ""Belle publication."", ""date"": {""$date"": ""2026-07-01T05:31:00Z""}, ""aimes"": []}]"
000400000000000000000442;0003000000000000000001a1;00010000000000000000002b;Merci pour ce rappel.;2026-09-06 15:42:00;"000100000000000000000036;00010000000000000000002c;00010000000000000000008f;000100000000000000000078";"[{""_id"": {""$oid"": ""00080000000000000000012d""}, ""auteur_id"": {""$oid"": ""000100000000000000000076""}, ""contenu"": ""J'aime bien."", ""date"": {""$date"": ""2026-09-09T04:29:00Z""}, ""aimes"": []}]"
000400000000000000000443;000300000000000000000219;000100000000000000000095;Merci, pareil pour toi.;2026-10-01 14:48:00;;"[{""_id"": {""$oid"": ""00080000000000000000012e""}, ""auteur_id"": {""$oid"": ""00010000000000000000004a""}, ""contenu"": ""Belle publication."", ""date"": {""$date"": ""2026-10-02T03:51:00Z""}, ""aimes"": []}, {""_id"": {""$oid"": ""00080000000000000000012f""}, ""auteur_id"": {""$oid"": ""000100000000000000000066""}, ""contenu"": ""Merci pour le partage."", ""date"": {""$date"": ""2026-10-02T04:58:00Z""}, ""aimes"": []}]"
000400000000000000000444;0003000000000000000001ee;00010000000000000000005a;Important de s'en souvenir.;2026-09-19 04:37:00;"00010000000000000000007e;000100000000000000000023;000100000000000000000007;000100000000000000000072";
000400000000000000000445;0003000000000000000001e8;000100000000000000000055;Continue comme ca.;2026-09-22 01:16:00;;
000400000000000000000446;0003000000000000000000e2;000100000000000000000051;Salut, bonne energie.;2026-08-08 23:15:00;"000100000000000000000045;00010000000000000000001e;000100000000000000000091;000100000000000000000061";
000400000000000000000447;0003000000000000000001dc;000100000000000000000047;J'aime bien.;2026-09-17 17:38:00;"00010000000000000000002e;000100000000000000000044;000100000000000000000034";
000400000000000000000448;0003000000000000000001ee;00010000000000000000008f;Merci pour ce rappel.;2026-09-20 13:57:00;"00010000000000000000003b;00010000000000000000006a;000100000000000000000088";"[{""_id"": {""$oid"": ""000800000000000000000130""}, ""auteur_id"": {""$oid"": ""00010000000000000000007f""}, ""contenu"": ""Avec plaisir."", ""date"": {""$date"": ""2026-09-20T19:23:00Z""}, ""aimes"": []}]"
000400000000000000000449;000300000000000000000226;000100000000000000000055;Sympa !;2026-09-25 10:16:00;"00010000000000000000001d;00010000000000000000008b";
00040000000000000000044a;0003000000000000000000e0;000100000000000000000028;Merci de l'avertissement.;2026-08-04 18:49:00;"000100000000000000000074;000100000000000000000022;000100000000000000000005";"[{""_id"": {""$oid"": ""000800000000000000000131""}, ""auteur_id"": {""$oid"": ""00010000000000000000005c""}, ""contenu"": ""Sympa !"", ""date"": {""$date"": ""2026-08-06T18:23:00Z""}, ""aimes"": []}]"
00040000000000000000044b;0003000000000000000000af;00010000000000000000007b;Je veux y aller !;2026-07-22 18:57:00;"000100000000000000000060;00010000000000000000006b";
00040000000000000000044c;0003000000000000000001aa;000100000000000000000027;Elles sont magnifiques.;2026-09-06 08:31:00;"000100000000000000000061;000100000000000000000003;000100000000000000000018";
00040000000000000000044d;000300000000000000000133;000100000000000000000057;Sympa !;2026-08-19 07:10:00;"000100000000000000000001;000100000000000000000015";
00040000000000000000044e;00030000000000000000012d;000100000000000000000007;Belle photo.;2026-08-20 12:44:00;"000100000000000000000075;000100000000000000000061";
00040000000000000000044f;0003000000000000000000b3;00010000000000000000004f;J'aime bien.;2026-07-25 04:48:00;"00010000000000000000005d;000100000000000000000076;000100000000000000000032";
000400000000000000000450;000300000000000000000225;000100000000000000000024;Belle photo.;2026-10-02 09:54:00;"000100000000000000000016;000100000000000000000010";
000400000000000000000451;00030000000000000000015c;000100000000000000000058;Le cafe fait tout le travail, alors.;2026-08-24 08:53:00;"000100000000000000000006;000100000000000000000027;00010000000000000000003e;00010000000000000000003f";
000400000000000000000452;0003000000000000000000a7;00010000000000000000000e;Merci pour ce rappel.;2026-07-23 22:05:00;00010000000000000000001f;
000400000000000000000453;000300000000000000000168;000100000000000000000051;Je l'envoie ce soir.;2026-09-03 04:46:00;"00010000000000000000001a;000100000000000000000061;000100000000000000000056";
000400000000000000000454;000300000000000000000014;000100000000000000000039;Belle reflexion.;2026-06-19 00:14:00;"000100000000000000000035;00010000000000000000004c";
000400000000000000000455;000300000000000000000109;00010000000000000000002c;Quel endroit splendide.;2026-08-17 23:14:00;"000100000000000000000012;00010000000000000000006b;000100000000000000000027;000100000000000000000095";
000400000000000000000456;0003000000000000000001e7;000100000000000000000035;Tellement vrai.;2026-09-16 22:47:00;"00010000000000000000001d;00010000000000000000005b;00010000000000000000000f";
000400000000000000000457;00030000000000000000001e;00010000000000000000007b;Sympa !;2026-06-16 00:58:00;"000100000000000000000066;000100000000000000000020;00010000000000000000000e";
000400000000000000000458;000300000000000000000006;000100000000000000000039;Tellement juste.;2026-06-14 08:02:00;;
000400000000000000000459;00030000000000000000015e;000100000000000000000055;Ca donne envie de partir.;2026-08-31 10:58:00;"000100000000000000000072;00010000000000000000006f;000100000000000000000034";"[{""_id"": {""$oid"": ""000800000000000000000132""}, ""auteur_id"": {""$oid"": ""00010000000000000000001f""}, ""contenu"": ""Avec plaisir."", ""date"": {""$date"": ""2026-09-03T00:08:00Z""}, ""aimes"": []}]"
00040000000000000000045a;00030000000000000000020e;00010000000000000000001b;Quel endroit splendide.;2026-09-29 09:52:00;"000100000000000000000072;000100000000000000000009;000100000000000000000092";
00040000000000000000045b;00030000000000000000022d;000100000000000000000064;Salut, bonne energie.;2026-10-04 10:25:00;"00010000000000000000008b;000100000000000000000085;000100000000000000000050";"[{""_id"": {""$oid"": ""000800000000000000000133""}, ""auteur_id"": {""$oid"": ""000100000000000000000046""}, ""contenu"": ""Sympa !"", ""date"": {""$date"": ""2026-10-04T13:08:00Z""}, ""aimes"": []}, {""_id"": {""$oid"": ""000800000000000000000134""}, ""auteur_id"": {""$oid"": ""000100000000000000000084""}, ""contenu"": ""Sympa !"", ""date"": {""$date"": ""2026-10-04T19:46:00Z""}, ""aimes"": []}]"
00040000000000000000045c;0003000000000000000000f3;00010000000000000000007a;Tres instructif.;2026-08-09 23:25:00;"000100000000000000000082;000100000000000000000028;000100000000000000000042;000100000000000000000038";
00040000000000000000045d;000300000000000000000152;000100000000000000000076;Un vrai bonheur simple.;2026-08-26 22:53:00;"00010000000000000000008a;00010000000000000000006f;00010000000000000000002e";
00040000000000000000045e;000300000000000000000053;000100000000000000000073;Sympa !;2026-06-29 15:20:00;000100000000000000000004;
00040000000000000000045f;0003000000000000000001c2;00010000000000000000000a;Haha, on te croit sur parole.;2026-09-16 14:43:00;"000100000000000000000042;00010000000000000000007d";
000400000000000000000460;00030000000000000000011d;000100000000000000000056;Ce serait parfait pour une ceremonie.;2026-08-22 02:07:00;;
000400000000000000000461;0003000000000000000001e6;000100000000000000000007;Sympa !;2026-09-25 09:38:00;"000100000000000000000074;000100000000000000000027;000100000000000000000017";
000400000000000000000462;0003000000000000000001e4;000100000000000000000012;Continue comme ca.;2026-09-19 12:56:00;"000100000000000000000011;000100000000000000000047;000100000000000000000005;00010000000000000000008a";
000400000000000000000463;000300000000000000000135;00010000000000000000002a;Belle concentration.;2026-08-25 17:01:00;"00010000000000000000004f;00010000000000000000001f;00010000000000000000003e";
000400000000000000000464;00030000000000000000016d;000100000000000000000011;Je veux y aller !;2026-08-27 08:54:00;;
000400000000000000000465;0003000000000000000001da;00010000000000000000003f;Bien equipe !;2026-09-17 03:23:00;00010000000000000000001c;
000400000000000000000466;0003000000000000000001eb;000100000000000000000061;Important de s'en souvenir.;2026-09-23 17:55:00;"00010000000000000000008a;000100000000000000000016;00010000000000000000003a";
000400000000000000000467;00030000000000000000015a;000100000000000000000036;Haha, on te croit sur parole.;2026-08-31 20:53:00;"00010000000000000000001c;000100000000000000000084";
000400000000000000000468;000300000000000000000222;00010000000000000000007b;A voir un jour.;2026-10-03 12:56:00;;
000400000000000000000469;00030000000000000000020a;000100000000000000000045;J'aime bien.;2026-09-25 00:17:00;;
00040000000000000000046a;00030000000000000000018e;000100000000000000000023;Je vois bien un film ici.;2026-09-05 03:09:00;"000100000000000000000044;000100000000000000000010;000100000000000000000059;00010000000000000000008c";
00040000000000000000046b;0003000000000000000000ed;000100000000000000000011;Prenez soin de vous.;2026-08-07 14:47:00;;"[{""_id"": {""$oid"": ""000800000000000000000135""}, ""auteur_id"": {""$oid"": ""000100000000000000000086""}, ""contenu"": ""J'aime bien."", ""date"": {""$date"": ""2026-08-09T07:33:00Z""}, ""aimes"": []}]"
00040000000000000000046c;000300000000000000000166;000100000000000000000025;J'aime bien.;2026-08-26 07:18:00;000100000000000000000070;
00040000000000000000046d;00030000000000000000005b;00010000000000000000008a;J'aime bien.;2026-07-05 00:54:00;"000100000000000000000064;000100000000000000000019;00010000000000000000001b";"[{""_id"": {""$oid"": ""000800000000000000000136""}, ""auteur_id"": {""$oid"": ""00010000000000000000000d""}, ""contenu"": ""Merci !"", ""date"": {""$date"": ""2026-07-05T06:12:00Z""}, ""aimes"": []}, {""_id"": {""$oid"": ""000800000000000000000137""}, ""auteur_id"": {""$oid"": ""00010000000000000000004b""}, ""contenu"": ""Sympa !"", ""date"": {""$date"": ""2026-07-06T08:08:00Z""}, ""aimes"": []}]"
00040000000000000000046e;00030000000000000000000e;00010000000000000000007c;Merci, pareil pour toi.;2026-06-21 04:05:00;"000100000000000000000048;00010000000000000000002a;000100000000000000000001;000100000000000000000069";
00040000000000000000046f;0003000000000000000001fe;00010000000000000000007a;Sympa !;2026-09-19 09:16:00;"000100000000000000000085;000100000000000000000059";
000400000000000000000470;00030000000000000000000f;00010000000000000000008f;A voir un jour.;2026-06-14 04:20:00;;
000400000000000000000471;000300000000000000000068;000100000000000000000042;Merci pour ce rappel.;2026-07-09 00:20:00;"000100000000000000000053;00010000000000000000007c;00010000000000000000002e;000100000000000000000049";
000400000000000000000472;0003000000000000000000e1;000100000000000000000002;Bonjour a toi aussi !;2026-08-01 07:54:00;;
000400000000000000000473;0003000000000000000001e9;000100000000000000000042;Belle ambiance.;2026-09-17 11:14:00;"000100000000000000000018;000100000000000000000073;000100000000000000000059";
000400000000000000000474;0003000000000000000000dd;000100000000000000000090;Haha, on te croit sur parole.;2026-08-07 08:29:00;"00010000000000000000004e;000100000000000000000078";
000400000000000000000475;000300000000000000000081;00010000000000000000006d;Oui, tres cinematographique.;2026-07-10 14:26:00;"000100000000000000000046;000100000000000000000059;000100000000000000000082;000100000000000000000037";
000400000000000000000476;00030000000000000000010d;00010000000000000000002f;Je me pose la meme question.;2026-08-15 23:07:00;000100000000000000000037;"[{""_id"": {""$oid"": ""000800000000000000000138""}, ""auteur_id"": {""$oid"": ""00010000000000000000007e""}, ""contenu"": ""Belle publication."", ""date"": {""$date"": ""2026-08-18T13:49:00Z""}, ""aimes"": []}]"
000400000000000000000477;00030000000000000000003a;000100000000000000000044;Bien equipe !;2026-06-28 17:58:00;"00010000000000000000007d;00010000000000000000007a;00010000000000000000000f";
000400000000000000000478;00030000000000000000010c;00010000000000000000008a;Cette deadline a bien de la chance.;2026-08-15 11:18:00;00010000000000000000006d;
000400000000000000000479;000300000000000000000160;00010000000000000000005b;Cette deadline a bien de la chance.;2026-08-26 19:06:00;"00010000000000000000005f;000100000000000000000044";
00040000000000000000047a;000300000000000000000254;00010000000000000000004a;Continue comme ca.;2026-10-04 10:58:00;000100000000000000000018;
00040000000000000000047b;000300000000000000000204;00010000000000000000003e;Bonjour a toi aussi !;2026-09-26 02:53:00;;
00040000000000000000047c;0003000000000000000001eb;000100000000000000000052;Merci pour ce rappel.;2026-09-24 16:36:00;"000100000000000000000047;00010000000000000000001a;00010000000000000000005f";
00040000000000000000047d;00030000000000000000005d;00010000000000000000001b;Belle photo.;2026-07-01 03:09:00;"000100000000000000000040;000100000000000000000029";
00040000000000000000047e;000300000000000000000182;000100000000000000000036;Cette deadline a bien de la chance.;2026-09-04 00:54:00;00010000000000000000007f;
