_id;code;nom;description;createur_id;admins;membres;type;popularite;date_creation
000200000000000000000001;GRP-01;Etudiants ENSPD;Entraide et informations pour les etudiants de l'ecole.;00010000000000000000005c;00010000000000000000005c;"[{""user_id"": {""$oid"": ""000100000000000000000019""}, ""depuis"": {""$date"": ""2026-05-07T09:36:00Z""}}, {""user_id"": {""$oid"": ""000100000000000000000081""}, ""depuis"": {""$date"": ""2026-05-09T04:39:00Z""}}, {""user_id"": {""$oid"": ""000100000000000000000079""}, ""depuis"": {""$date"": ""2026-06-28T09:50:00Z""}}, {""user_id"": {""$oid"": ""00010000000000000000005c""}, ""depuis"": {""$date"": ""2025-08-29T11:40:00Z""}}, {""user_id"": {""$oid"": ""00010000000000000000008e""}, ""depuis"": {""$date"": ""2026-04-16T04:04:00Z""}}, {""user_id"": {""$oid"": ""00010000000000000000001a""}, ""depuis"": {""$date"": ""2025-11-12T14:01:00Z""}}, {""user_id"": {""$oid"": ""00010000000000000000002a""}, ""depuis"": {""$date"": ""2025-12-04T00:32:00Z""}}, {""user_id"": {""$oid"": ""000100000000000000000027""}, ""depuis"": {""$date"": ""2026-05-24T16:51:00Z""}}, {""user_id"": {""$oid"": ""000100000000000000000073""}, ""depuis"": {""$date"": ""2025-09-25T21:04:00Z""}}, {""user_id"": {""$oid"": ""00010000000000000000004e""}, ""depuis"": {""$date"": ""2025-12-10T22:52:00Z""}}]";public;moins_populaire;2025-08-29 11:40:00
000200000000000000000002;GRP-02;Tech Douala;Passionnes de technologie de la ville de Douala.;000100000000000000000005;"000100000000000000000005;000100000000000000000050;000100000000000000000001";"[{""user_id"": {""$oid"": ""000100000000000000000007""}, ""depuis"": {""$date"": ""2026-05-30T18:03:00Z""}}, {""user_id"": {""$oid"": ""000100000000000000000043""}, ""depuis"": {""$date"": ""2026-05-28T13:01:00Z""}}, {""user_id"": {""$oid"": ""000100000000000000000022""}, ""depuis"": {""$date"": ""2025-08-08T12:30:00Z""}}, {""user_id"": {""$oid"": ""000100000000000000000050""}, ""depuis"": {""$date"": ""2026-05-29T12:07:00Z""}}, {""user_id"": {""$oid"": ""00010000000000000000000e""}, ""depuis"": {""$date"": ""2025-06-20T06:13:00Z""}}, {""user_id"": {""$oid"": ""000100000000000000000001""}, ""depuis"": {""$date"": ""2026-08-05T18:57:00Z""}}, {""user_id"": {""$oid"": ""00010000000000000000005a""}, ""depuis"": {""$date"": ""2025-10-01T14:40:00Z""}}, {""user_id"": {""$oid"": ""00010000000000000000001e""}, ""depuis"": {""$date"": ""2025-11-11T00:00:00Z""}}, {""user_id"": {""$oid"": ""000100000000000000000053""}, ""depuis"": {""$date"": ""2025-04-27T13:25:00Z""}}, {""user_id"": {""$oid"": ""000100000000000000000005""}, ""depuis"": {""$date"": ""2025-03-01T15:32:00Z""}}, {""user_id"": {""$oid"": ""000100000000000000000049""}, ""depuis"": {""$date"": ""2026-07-09T05:32:00Z""}}, {""user_id"": {""$oid"": ""000100000000000000000045""}, ""depuis"": {""$date"": ""2025-05-31T18:00:00Z""}}, {""user_id"": {""$oid"": ""000100000000000000000048""}, ""depuis"": {""$date"": ""2026-04-10T00:35:00Z""}}, {""user_id"": {""$oid"": ""00010000000000000000004c""}, ""depuis"": {""$date"": ""2026-05-16T22:54:00Z""}}, {""user_id"": {""$oid"": ""00010000000000000000000a""}, ""depuis"": {""$date"": ""2026-04-12T20:05:00Z""}}, {""user_id"": {""$oid"": ""000100000000000000000081""}, ""depuis"": {""$date"": ""2026-03-08T18:08:00Z""}}, {""user_id"": {""$oid"": ""000100000000000000000013""}, ""depuis"": {""$date"": ""2026-07-02T20:28:00Z""}}, {""user_id"": {""$oid"": ""000100000000000000000092""}, ""depuis"": {""$date"": ""2026-06-25T13:58:00Z""}}, {""user_id"": {""$oid"": ""000100000000000000000032""}, ""depuis"": {""$date"": ""2026-03-02T13:38:00Z""}}, {""user_id"": {""$oid"": ""000100000000000000000091""}, ""depuis"": {""$date"": ""2025-08-28T23:42:00Z""}}, {""user_id"": {""$oid"": ""000100000000000000000061""}, ""depuis"": {""$date"": ""2026-07-27T14:40:00Z""}}, {""user_id"": {""$oid"": ""000100000000000000000010""}, ""depuis"": {""$date"": ""2026-04-15T17:54:00Z""}}, {""user_id"": {""$oid"": ""000100000000000000000017""}, ""depuis"": {""$date"": ""2025-10-19T17:58:00Z""}}, {""user_id"": {""$oid"": ""000100000000000000000063""}, ""depuis"": {""$date"": ""2025-06-06T15:10:00Z""}}, {""user_id"": {""$oid"": ""00010000000000000000008e""}, ""depuis"": {""$date"": ""2026-04-26T01:20:00Z""}}]";public;moins_populaire;2025-03-01 15:32:00
000200000000000000000003;GRP-03;Foot 237;Resultats, pronostics et debats sur le football camerounais.;000100000000000000000026;000100000000000000000026;"[{""user_id"": {""$oid"": ""00010000000000000000003c""}, ""depuis"": {""$date"": ""2026-05-15T11:53:00Z""}}, {""user_id"": {""$oid"": ""000100000000000000000046""}, ""depuis"": {""$date"": ""2025-11-04T06:05:00Z""}}, {""user_id"": {""$oid"": ""00010000000000000000008c""}, ""depuis"": {""$date"": ""2025-12-19T20:13:00Z""}}, {""user_id"": {""$oid"": ""00010000000000000000001c""}, ""depuis"": {""$date"": ""2025-11-05T09:36:00Z""}}, {""user_id"": {""$oid"": ""00010000000000000000005a""}, ""depuis"": {""$date"": ""2025-07-29T23:21:00Z""}}, {""user_id"": {""$oid"": ""000100000000000000000086""}, ""depuis"": {""$date"": ""2026-07-19T12:40:00Z""}}, {""user_id"": {""$oid"": ""00010000000000000000000b""}, ""depuis"": {""$date"": ""2026-02-01T09:20:00Z""}}, {""user_id"": {""$oid"": ""000100000000000000000001""}, ""depuis"": {""$date"": ""2025-01-02T07:05:00Z""}}, {""user_id"": {""$oid"": ""000100000000000000000026""}, ""depuis"": {""$date"": ""2024-10-06T15:39:00Z""}}, {""user_id"": {""$oid"": ""000100000000000000000075""}, ""depuis"": {""$date"": ""2026-02-05T13:52:00Z""}}]";prive;restreint;2024-10-06 15:39:00
000200000000000000000004;GRP-04;Cuisine du terroir;Recettes de ndole, poulet DG et autres plats du pays.;000100000000000000000048;"000100000000000000000048;00010000000000000000000e;000100000000000000000043";"[{""user_id"": {""$oid"": ""000100000000000000000015""}, ""depuis"": {""$date"": ""2026-05-20T07:18:00Z""}}, {""user_id"": {""$oid"": ""000100000000000000000008""}, ""depuis"": {""$date"": ""2026-04-24T11:44:00Z""}}, {""user_id"": {""$oid"": ""000100000000000000000022""}, ""depuis"": {""$date"": ""2026-03-08T06:29:00Z""}}, {""user_id"": {""$oid"": ""000100000000000000000028""}, ""depuis"": {""$date"": ""2026-04-23T12:48:00Z""}}, {""user_id"": {""$oid"": ""00010000000000000000000f""}, ""depuis"": {""$date"": ""2026-06-17T01:12:00Z""}}, {""user_id"": {""$oid"": ""000100000000000000000033""}, ""depuis"": {""$date"": ""2026-04-30T23:00:00Z""}}, {""user_id"": {""$oid"": ""000100000000000000000039""}, ""depuis"": {""$date"": ""2026-08-07T07:22:00Z""}}, {""user_id"": {""$oid"": ""000100000000000000000046""}, ""depuis"": {""$date"": ""2026-07-14T04:58:00Z""}}, {""user_id"": {""$oid"": ""000100000000000000000001""}, ""depuis"": {""$date"": ""2026-07-10T00:17:00Z""}}, {""user_id"": {""$oid"": ""00010000000000000000002b""}, ""depuis"": {""$date"": ""2026-02-18T06:02:00Z""}}, {""user_id"": {""$oid"": ""000100000000000000000024""}, ""depuis"": {""$date"": ""2026-03-09T02:26:00Z""}}, {""user_id"": {""$oid"": ""00010000000000000000000e""}, ""depuis"": {""$date"": ""2026-05-16T01:41:00Z""}}, {""user_id"": {""$oid"": ""00010000000000000000001b""}, ""depuis"": {""$date"": ""2026-05-14T09:15:00Z""}}, {""user_id"": {""$oid"": ""000100000000000000000049""}, ""depuis"": {""$date"": ""2026-05-04T23:44:00Z""}}, {""user_id"": {""$oid"": ""000100000000000000000055""}, ""depuis"": {""$date"": ""2026-08-12T11:15:00Z""}}, {""user_id"": {""$oid"": ""000100000000000000000017""}, ""depuis"": {""$date"": ""2026-06-03T22:54:00Z""}}, {""user_id"": {""$oid"": ""00010000000000000000008a""}, ""depuis"": {""$date"": ""2026-07-09T05:22:00Z""}}, {""user_id"": {""$oid"": ""000100000000000000000023""}, ""depuis"": {""$date"": ""2026-05-04T19:48:00Z""}}, {""user_id"": {""$oid"": ""000100000000000000000094""}, ""depuis"": {""$date"": ""2026-06-14T18:19:00Z""}}, {""user_id"": {""$oid"": ""000100000000000000000075""}, ""depuis"": {""$date"": ""2026-02-28T12:29:00Z""}}, {""user_id"": {""$oid"": ""00010000000000000000001f""}, ""depuis"": {""$date"": ""2026-02-01T06:28:00Z""}}, {""user_id"": {""$oid"": ""00010000000000000000007b""}, ""depuis"": {""$date"": ""2026-03-07T12:36:00Z""}}, {""user_id"": {""$oid"": ""000100000000000000000086""}, ""depuis"": {""$date"": ""2026-08-03T19:38:00Z""}}, {""user_id"": {""$oid"": ""000100000000000000000007""}, ""depuis"": {""$date"": ""2026-05-01T12:32:00Z""}}, {""user_id"": {""$oid"": ""000100000000000000000031""}, ""depuis"": {""$date"": ""2026-08-07T11:30:00Z""}}, {""user_id"": {""$oid"": ""000100000000000000000002""}, ""depuis"": {""$date"": ""2026-04-23T05:29:00Z""}}, {""user_id"": {""$oid"": ""000100000000000000000021""}, ""depuis"": {""$date"": ""2026-07-14T17:00:00Z""}}, {""user_id"": {""$oid"": ""000100000000000000000069""}, ""depuis"": {""$date"": ""2026-05-10T11:00:00Z""}}, {""user_id"": {""$oid"": ""000100000000000000000012""}, ""depuis"": {""$date"": ""2026-03-08T15:01:00Z""}}, {""user_id"": {""$oid"": ""000100000000000000000061""}, ""depuis"": {""$date"": ""2026-08-04T17:12:00Z""}}, {""user_id"": {""$oid"": ""000100000000000000000048""}, ""depuis"": {""$date"": ""2026-01-27T06:00:00Z""}}, {""user_id"": {""$oid"": ""000100000000000000000087""}, ""depuis"": {""$date"": ""2026-06-22T04:55:00Z""}}, {""user_id"": {""$oid"": ""00010000000000000000003c""}, ""depuis"": {""$date"": ""2026-06-24T19:58:00Z""}}, {""user_id"": {""$oid"": ""000100000000000000000043""}, ""depuis"": {""$date"": ""2026-05-07T05:34:00Z""}}, {""user_id"": {""$oid"": ""00010000000000000000001c""}, ""depuis"": {""$date"": ""2026-03-10T02:44:00Z""}}]";public;populaire;2026-01-27 06:00:00
000200000000000000000005;GRP-05;Voyageurs du Cameroun;Bons plans et recits de voyage dans tout le pays.;000100000000000000000088;"000100000000000000000088;000100000000000000000065;000100000000000000000021";"[{""user_id"": {""$oid"": ""000100000000000000000010""}, ""depuis"": {""$date"": ""2026-03-16T14:53:00Z""}}, {""user_id"": {""$oid"": ""00010000000000000000001a""}, ""depuis"": {""$date"": ""2025-12-11T16:49:00Z""}}, {""user_id"": {""$oid"": ""000100000000000000000020""}, ""depuis"": {""$date"": ""2026-08-13T01:53:00Z""}}, {""user_id"": {""$oid"": ""000100000000000000000065""}, ""depuis"": {""$date"": ""2026-02-25T21:50:00Z""}}, {""user_id"": {""$oid"": ""000100000000000000000001""}, ""depuis"": {""$date"": ""2025-12-06T17:43:00Z""}}, {""user_id"": {""$oid"": ""000100000000000000000073""}, ""depuis"": {""$date"": ""2026-06-12T17:08:00Z""}}, {""user_id"": {""$oid"": ""00010000000000000000008c""}, ""depuis"": {""$date"": ""2025-06-22T11:00:00Z""}}, {""user_id"": {""$oid"": ""00010000000000000000005a""}, ""depuis"": {""$date"": ""2025-11-17T14:31:00Z""}}, {""user_id"": {""$oid"": ""000100000000000000000021""}, ""depuis"": {""$date"": ""2026-07-03T10:14:00Z""}}, {""user_id"": {""$oid"": ""000100000000000000000042""}, ""depuis"": {""$date"": ""2026-03-20T19:35:00Z""}}, {""user_id"": {""$oid"": ""000100000000000000000049""}, ""depuis"": {""$date"": ""2025-09-19T15:23:00Z""}}, {""user_id"": {""$oid"": ""00010000000000000000006f""}, ""depuis"": {""$date"": ""2025-08-14T17:49:00Z""}}, {""user_id"": {""$oid"": ""000100000000000000000078""}, ""depuis"": {""$date"": ""2025-12-14T10:11:00Z""}}, {""user_id"": {""$oid"": ""000100000000000000000071""}, ""depuis"": {""$date"": ""2026-04-20T01:38:00Z""}}, {""user_id"": {""$oid"": ""000100000000000000000075""}, ""depuis"": {""$date"": ""2026-02-03T20:25:00Z""}}, {""user_id"": {""$oid"": ""000100000000000000000055""}, ""depuis"": {""$date"": ""2024-05-13T21:47:00Z""}}, {""user_id"": {""$oid"": ""000100000000000000000012""}, ""depuis"": {""$date"": ""2025-10-21T19:24:00Z""}}, {""user_id"": {""$oid"": ""000100000000000000000015""}, ""depuis"": {""$date"": ""2025-01-09T20:14:00Z""}}, {""user_id"": {""$oid"": ""00010000000000000000000f""}, ""depuis"": {""$date"": ""2024-05-11T14:01:00Z""}}, {""user_id"": {""$oid"": ""000100000000000000000088""}, ""depuis"": {""$date"": ""2024-04-04T01:51:00Z""}}, {""user_id"": {""$oid"": ""000100000000000000000086""}, ""depuis"": {""$date"": ""2025-09-30T12:14:00Z""}}, {""user_id"": {""$oid"": ""00010000000000000000004e""}, ""depuis"": {""$date"": ""2025-10-22T10:29:00Z""}}, {""user_id"": {""$oid"": ""000100000000000000000014""}, ""depuis"": {""$date"": ""2025-05-08T07:16:00Z""}}, {""user_id"": {""$oid"": ""00010000000000000000000e""}, ""depuis"": {""$date"": ""2026-02-05T09:46:00Z""}}, {""user_id"": {""$oid"": ""00010000000000000000008e""}, ""depuis"": {""$date"": ""2024-05-18T03:43:00Z""}}]";public;populaire;2024-04-04 01:51:00
000200000000000000000006;GRP-06;Photographes Littoral;Partage de photos et de techniques.;000100000000000000000018;"000100000000000000000018;00010000000000000000002a";"[{""user_id"": {""$oid"": ""00010000000000000000005b""}, ""depuis"": {""$date"": ""2026-06-07T15:54:00Z""}}, {""user_id"": {""$oid"": ""000100000000000000000030""}, ""depuis"": {""$date"": ""2026-06-10T21:32:00Z""}}, {""user_id"": {""$oid"": ""000100000000000000000071""}, ""depuis"": {""$date"": ""2026-05-01T15:11:00Z""}}, {""user_id"": {""$oid"": ""000100000000000000000073""}, ""depuis"": {""$date"": ""2026-05-12T11:32:00Z""}}, {""user_id"": {""$oid"": ""00010000000000000000005a""}, ""depuis"": {""$date"": ""2026-07-17T06:13:00Z""}}, {""user_id"": {""$oid"": ""000100000000000000000012""}, ""depuis"": {""$date"": ""2026-02-12T14:39:00Z""}}, {""user_id"": {""$oid"": ""000100000000000000000096""}, ""depuis"": {""$date"": ""2026-05-31T01:48:00Z""}}, {""user_id"": {""$oid"": ""000100000000000000000003""}, ""depuis"": {""$date"": ""2026-07-21T23:54:00Z""}}, {""user_id"": {""$oid"": ""00010000000000000000002d""}, ""depuis"": {""$date"": ""2026-05-07T06:05:00Z""}}, {""user_id"": {""$oid"": ""000100000000000000000046""}, ""depuis"": {""$date"": ""2026-03-28T09:57:00Z""}}, {""user_id"": {""$oid"": ""000100000000000000000014""}, ""depuis"": {""$date"": ""2026-04-16T08:42:00Z""}}, {""user_id"": {""$oid"": ""00010000000000000000002a""}, ""depuis"": {""$date"": ""2026-05-30T01:16:00Z""}}, {""user_id"": {""$oid"": ""000100000000000000000011""}, ""depuis"": {""$date"": ""2026-06-29T21:42:00Z""}}, {""user_id"": {""$oid"": ""000100000000000000000087""}, ""depuis"": {""$date"": ""2026-06-09T09:45:00Z""}}, {""user_id"": {""$oid"": ""000100000000000000000027""}, ""depuis"": {""$date"": ""2026-04-20T01:41:00Z""}}, {""user_id"": {""$oid"": ""000100000000000000000026""}, ""depuis"": {""$date"": ""2026-08-07T03:56:00Z""}}, {""user_id"": {""$oid"": ""000100000000000000000004""}, ""depuis"": {""$date"": ""2026-02-28T13:27:00Z""}}, {""user_id"": {""$oid"": ""000100000000000000000050""}, ""depuis"": {""$date"": ""2026-06-03T16:01:00Z""}}, {""user_id"": {""$oid"": ""000100000000000000000032""}, ""depuis"": {""$date"": ""2026-06-10T16:11:00Z""}}, {""user_id"": {""$oid"": ""00010000000000000000000a""}, ""depuis"": {""$date"": ""2026-04-23T10:14:00Z""}}, {""user_id"": {""$oid"": ""00010000000000000000001f""}, ""depuis"": {""$date"": ""2026-05-27T23:26:00Z""}}, {""user_id"": {""$oid"": ""000100000000000000000066""}, ""depuis"": {""$date"": ""2026-05-25T08:09:00Z""}}, {""user_id"": {""$oid"": ""000100000000000000000065""}, ""depuis"": {""$date"": ""2026-03-05T09:18:00Z""}}, {""user_id"": {""$oid"": ""000100000000000000000018""}, ""depuis"": {""$date"": ""2026-01-25T01:08:00Z""}}, {""user_id"": {""$oid"": ""00010000000000000000003b""}, ""depuis"": {""$date"": ""2026-03-01T04:01:00Z""}}]";public;populaire;2026-01-25 01:08:00
000200000000000000000007;GRP-07;Jeunes entrepreneurs;Idees, financements et conseils pour entreprendre.;000100000000000000000013;"000100000000000000000013;00010000000000000000003d";"[{""user_id"": {""$oid"": ""000100000000000000000050""}, ""depuis"": {""$date"": ""2026-06-19T09:41:00Z""}}, {""user_id"": {""$oid"": ""000100000000000000000031""}, ""depuis"": {""$date"": ""2025-09-01T09:34:00Z""}}, {""user_id"": {""$oid"": ""000100000000000000000007""}, ""depuis"": {""$date"": ""2026-02-01T00:40:00Z""}}, {""user_id"": {""$oid"": ""00010000000000000000006a""}, ""depuis"": {""$date"": ""2025-12-18T05:30:00Z""}}, {""user_id"": {""$oid"": ""00010000000000000000005d""}, ""depuis"": {""$date"": ""2025-11-01T08:42:00Z""}}, {""user_id"": {""$oid"": ""000100000000000000000065""}, ""depuis"": {""$date"": ""2026-04-21T19:58:00Z""}}, {""user_id"": {""$oid"": ""000100000000000000000094""}, ""depuis"": {""$date"": ""2026-04-14T13:56:00Z""}}, {""user_id"": {""$oid"": ""000100000000000000000053""}, ""depuis"": {""$date"": ""2026-01-05T22:50:00Z""}}, {""user_id"": {""$oid"": ""000100000000000000000021""}, ""depuis"": {""$date"": ""2026-07-02T11:10:00Z""}}, {""user_id"": {""$oid"": ""000100000000000000000054""}, ""depuis"": {""$date"": ""2026-01-15T12:51:00Z""}}, {""user_id"": {""$oid"": ""00010000000000000000001c""}, ""depuis"": {""$date"": ""2026-08-09T14:42:00Z""}}, {""user_id"": {""$oid"": ""00010000000000000000000d""}, ""depuis"": {""$date"": ""2025-08-11T10:43:00Z""}}, {""user_id"": {""$oid"": ""00010000000000000000005c""}, ""depuis"": {""$date"": ""2025-08-18T16:34:00Z""}}, {""user_id"": {""$oid"": ""00010000000000000000000b""}, ""depuis"": {""$date"": ""2026-02-27T12:41:00Z""}}, {""user_id"": {""$oid"": ""00010000000000000000000c""}, ""depuis"": {""$date"": ""2025-04-22T03:36:00Z""}}, {""user_id"": {""$oid"": ""00010000000000000000001a""}, ""depuis"": {""$date"": ""2025-07-05T08:50:00Z""}}, {""user_id"": {""$oid"": ""000100000000000000000061""}, ""depuis"": {""$date"": ""2025-09-04T04:38:00Z""}}, {""user_id"": {""$oid"": ""000100000000000000000043""}, ""depuis"": {""$date"": ""2026-06-28T08:31:00Z""}}, {""user_id"": {""$oid"": ""000100000000000000000059""}, ""depuis"": {""$date"": ""2026-05-07T21:26:00Z""}}, {""user_id"": {""$oid"": ""00010000000000000000007b""}, ""depuis"": {""$date"": ""2026-06-19T02:54:00Z""}}, {""user_id"": {""$oid"": ""00010000000000000000008a""}, ""depuis"": {""$date"": ""2025-12-25T07:11:00Z""}}, {""user_id"": {""$oid"": ""00010000000000000000002d""}, ""depuis"": {""$date"": ""2025-11-30T06:42:00Z""}}, {""user_id"": {""$oid"": ""000100000000000000000073""}, ""depuis"": {""$date"": ""2026-02-12T21:25:00Z""}}, {""user_id"": {""$oid"": ""000100000000000000000058""}, ""depuis"": {""$date"": ""2026-08-03T03:50:00Z""}}, {""user_id"": {""$oid"": ""000100000000000000000039""}, ""depuis"": {""$date"": ""2026-04-22T23:51:00Z""}}, {""user_id"": {""$oid"": ""000100000000000000000027""}, ""depuis"": {""$date"": ""2026-04-01T09:44:00Z""}}, {""user_id"": {""$oid"": ""000100000000000000000057""}, ""depuis"": {""$date"": ""2025-09-11T01:14:00Z""}}, {""user_id"": {""$oid"": ""000100000000000000000086""}, ""depuis"": {""$date"": ""2025-06-21T07:07:00Z""}}, {""user_id"": {""$oid"": ""000100000000000000000071""}, ""depuis"": {""$date"": ""2025-06-19T02:31:00Z""}}, {""user_id"": {""$oid"": ""000100000000000000000049""}, ""depuis"": {""$date"": ""2026-07-18T05:39:00Z""}}, {""user_id"": {""$oid"": ""000100000000000000000017""}, ""depuis"": {""$date"": ""2026-02-18T01:40:00Z""}}, {""user_id"": {""$oid"": ""000100000000000000000014""}, ""depuis"": {""$date"": ""2025-10-31T08:16:00Z""}}, {""user_id"": {""$oid"": ""000100000000000000000026""}, ""depuis"": {""$date"": ""2025-07-31T23:57:00Z""}}, {""user_id"": {""$oid"": ""00010000000000000000003b""}, ""depuis"": {""$date"": ""2025-12-29T23:48:00Z""}}, {""user_id"": {""$oid"": ""000100000000000000000066""}, ""depuis"": {""$date"": ""2026-07-08T10:01:00Z""}}, {""user_id"": {""$oid"": ""000100000000000000000087""}, ""depuis"": {""$date"": ""2026-01-09T14:00:00Z""}}, {""user_id"": {""$oid"": ""000100000000000000000012""}, ""depuis"": {""$date"": ""2026-03-11T04:12:00Z""}}, {""user_id"": {""$oid"": ""000100000000000000000048""}, ""depuis"": {""$date"": ""2025-07-22T02:36:00Z""}}, {""user_id"": {""$oid"": ""000100000000000000000023""}, ""depuis"": {""$date"": ""2026-02-03T00:05:00Z""}}, {""user_id"": {""$oid"": ""00010000000000000000008c""}, ""depuis"": {""$date"": ""2025-08-10T23:35:00Z""}}, {""user_id"": {""$oid"": ""00010000000000000000004a""}, ""depuis"": {""$date"": ""2026-02-02T14:59:00Z""}}, {""user_id"": {""$oid"": ""000100000000000000000080""}, ""depuis"": {""$date"": ""2026-07-30T05:40:00Z""}}, {""user_id"": {""$oid"": ""000100000000000000000052""}, ""depuis"": {""$date"": ""2026-06-26T14:15:00Z""}}, {""user_id"": {""$oid"": ""00010000000000000000007f""}, ""depuis"": {""$date"": ""2025-06-12T15:14:00Z""}}, {""user_id"": {""$oid"": ""00010000000000000000005f""}, ""depuis"": {""$date"": ""2025-12-17T07:26:00Z""}}, {""user_id"": {""$oid"": ""00010000000000000000000e""}, ""depuis"": {""$date"": ""2025-10-01T09:44:00Z""}}, {""user_id"": {""$oid"": ""000100000000000000000081""}, ""depuis"": {""$date"": ""2026-05-13T18:18:00Z""}}, {""user_id"": {""$oid"": ""00010000000000000000002b""}, ""depuis"": {""$date"": ""2025-10-23T06:49:00Z""}}, {""user_id"": {""$oid"": ""000100000000000000000037""}, ""depuis"": {""$date"": ""2025-10-17T18:40:00Z""}}, {""user_id"": {""$oid"": ""000100000000000000000079""}, ""depuis"": {""$date"": ""2026-07-28T21:27:00Z""}}, {""user_id"": {""$oid"": ""000100000000000000000090""}, ""depuis"": {""$date"": ""2025-08-08T04:19:00Z""}}, {""user_id"": {""$oid"": ""00010000000000000000001b""}, ""depuis"": {""$date"": ""2025-11-08T10:29:00Z""}}, {""user_id"": {""$oid"": ""000100000000000000000001""}, ""depuis"": {""$date"": ""2025-04-30T06:04:00Z""}}, {""user_id"": {""$oid"": ""00010000000000000000003c""}, ""depuis"": {""$date"": ""2026-04-28T20:42:00Z""}}, {""user_id"": {""$oid"": ""000100000000000000000091""}, ""depuis"": {""$date"": ""2025-10-01T03:05:00Z""}}, {""user_id"": {""$oid"": ""000100000000000000000096""}, ""depuis"": {""$date"": ""2026-03-27T10:11:00Z""}}, {""user_id"": {""$oid"": ""000100000000000000000009""}, ""depuis"": {""$date"": ""2025-11-11T11:17:00Z""}}, {""user_id"": {""$oid"": ""000100000000000000000011""}, ""depuis"": {""$date"": ""2025-10-02T04:31:00Z""}}, {""user_id"": {""$oid"": ""000100000000000000000008""}, ""depuis"": {""$date"": ""2026-03-17T19:31:00Z""}}, {""user_id"": {""$oid"": ""000100000000000000000045""}, ""depuis"": {""$date"": ""2025-09-24T12:38:00Z""}}, {""user_id"": {""$oid"": ""000100000000000000000036""}, ""depuis"": {""$date"": ""2025-07-31T16:43:00Z""}}, {""user_id"": {""$oid"": ""000100000000000000000092""}, ""depuis"": {""$date"": ""2025-04-19T10:11:00Z""}}, {""user_id"": {""$oid"": ""00010000000000000000008f""}, ""depuis"": {""$date"": ""2025-11-26T07:19:00Z""}}, {""user_id"": {""$oid"": ""00010000000000000000005a""}, ""depuis"": {""$date"": ""2025-10-16T01:13:00Z""}}, {""user_id"": {""$oid"": ""000100000000000000000093""}, ""depuis"": {""$date"": ""2025-04-25T21:57:00Z""}}, {""user_id"": {""$oid"": ""000100000000000000000088""}, ""depuis"": {""$date"": ""2026-07-29T07:19:00Z""}}, {""user_id"": {""$oid"": ""000100000000000000000042""}, ""depuis"": {""$date"": ""2026-04-20T03:34:00Z""}}, {""user_id"": {""$oid"": ""000100000000000000000044""}, ""depuis"": {""$date"": ""2026-03-16T17:19:00Z""}}, {""user_id"": {""$oid"": ""000100000000000000000002""}, ""depuis"": {""$date"": ""2026-01-11T23:42:00Z""}}, {""user_id"": {""$oid"": ""00010000000000000000003f""}, ""depuis"": {""$date"": ""2026-06-15T21:18:00Z""}}, {""user_id"": {""$oid"": ""00010000000000000000001d""}, ""depuis"": {""$date"": ""2026-06-11T22:18:00Z""}}, {""user_id"": {""$oid"": ""000100000000000000000056""}, ""depuis"": {""$date"": ""2026-06-25T00:35:00Z""}}, {""user_id"": {""$oid"": ""00010000000000000000003a""}, ""depuis"": {""$date"": ""2025-12-22T17:49:00Z""}}, {""user_id"": {""$oid"": ""000100000000000000000028""}, ""depuis"": {""$date"": ""2026-06-25T09:36:00Z""}}, {""user_id"": {""$oid"": ""000100000000000000000024""}, ""depuis"": {""$date"": ""2025-09-01T07:04:00Z""}}, {""user_id"": {""$oid"": ""000100000000000000000015""}, ""depuis"": {""$date"": ""2026-05-17T13:34:00Z""}}, {""user_id"": {""$oid"": ""00010000000000000000007e""}, ""depuis"": {""$date"": ""2026-05-26T20:46:00Z""}}, {""user_id"": {""$oid"": ""00010000000000000000002e""}, ""depuis"": {""$date"": ""2026-03-04T13:41:00Z""}}, {""user_id"": {""$oid"": ""000100000000000000000046""}, ""depuis"": {""$date"": ""2026-08-09T23:34:00Z""}}, {""user_id"": {""$oid"": ""000100000000000000000084""}, ""depuis"": {""$date"": ""2026-06-30T17:59:00Z""}}, {""user_id"": {""$oid"": ""00010000000000000000003d""}, ""depuis"": {""$date"": ""2026-02-04T10:50:00Z""}}, {""user_id"": {""$oid"": ""000100000000000000000025""}, ""depuis"": {""$date"": ""2025-10-29T21:16:00Z""}}, {""user_id"": {""$oid"": ""000100000000000000000013""}, ""depuis"": {""$date"": ""2025-04-09T18:42:00Z""}}, {""user_id"": {""$oid"": ""000100000000000000000033""}, ""depuis"": {""$date"": ""2026-01-17T11:34:00Z""}}, {""user_id"": {""$oid"": ""000100000000000000000076""}, ""depuis"": {""$date"": ""2025-10-31T11:45:00Z""}}]";public;populaire;2025-04-09 18:42:00
000200000000000000000008;GRP-08;Lecture et philo;Discussions autour des livres et des idees.;000100000000000000000014;"000100000000000000000014;000100000000000000000032";"[{""user_id"": {""$oid"": ""000100000000000000000007""}, ""depuis"": {""$date"": ""2026-03-14T12:29:00Z""}}, {""user_id"": {""$oid"": ""000100000000000000000094""}, ""depuis"": {""$date"": ""2026-04-19T14:44:00Z""}}, {""user_id"": {""$oid"": ""000100000000000000000056""}, ""depuis"": {""$date"": ""2025-09-06T16:31:00Z""}}, {""user_id"": {""$oid"": ""00010000000000000000003b""}, ""depuis"": {""$date"": ""2025-10-21T07:30:00Z""}}, {""user_id"": {""$oid"": ""000100000000000000000075""}, ""depuis"": {""$date"": ""2026-03-15T16:36:00Z""}}, {""user_id"": {""$oid"": ""00010000000000000000007b""}, ""depuis"": {""$date"": ""2026-01-16T14:50:00Z""}}, {""user_id"": {""$oid"": ""00010000000000000000005a""}, ""depuis"": {""$date"": ""2025-10-16T20:43:00Z""}}, {""user_id"": {""$oid"": ""000100000000000000000032""}, ""depuis"": {""$date"": ""2025-09-21T21:32:00Z""}}, {""user_id"": {""$oid"": ""00010000000000000000002a""}, ""depuis"": {""$date"": ""2026-08-07T00:00:00Z""}}, {""user_id"": {""$oid"": ""000100000000000000000048""}, ""depuis"": {""$date"": ""2026-07-13T08:46:00Z""}}, {""user_id"": {""$oid"": ""000100000000000000000090""}, ""depuis"": {""$date"": ""2026-03-09T08:09:00Z""}}, {""user_id"": {""$oid"": ""000100000000000000000087""}, ""depuis"": {""$date"": ""2025-09-28T06:08:00Z""}}, {""user_id"": {""$oid"": ""000100000000000000000005""}, ""depuis"": {""$date"": ""2026-01-01T19:20:00Z""}}, {""user_id"": {""$oid"": ""000100000000000000000014""}, ""depuis"": {""$date"": ""2025-07-08T20:23:00Z""}}, {""user_id"": {""$oid"": ""000100000000000000000052""}, ""depuis"": {""$date"": ""2026-04-05T09:57:00Z""}}, {""user_id"": {""$oid"": ""000100000000000000000063""}, ""depuis"": {""$date"": ""2025-12-29T19:22:00Z""}}, {""user_id"": {""$oid"": ""00010000000000000000005c""}, ""depuis"": {""$date"": ""2026-07-05T05:57:00Z""}}, {""user_id"": {""$oid"": ""000100000000000000000010""}, ""depuis"": {""$date"": ""2026-02-09T01:25:00Z""}}, {""user_id"": {""$oid"": ""000100000000000000000071""}, ""depuis"": {""$date"": ""2025-08-19T04:07:00Z""}}, {""user_id"": {""$oid"": ""00010000000000000000002e""}, ""depuis"": {""$date"": ""2026-03-28T02:44:00Z""}}, {""user_id"": {""$oid"": ""000100000000000000000050""}, ""depuis"": {""$date"": ""2026-08-05T15:12:00Z""}}, {""user_id"": {""$oid"": ""00010000000000000000000f""}, ""depuis"": {""$date"": ""2026-06-13T22:53:00Z""}}, {""user_id"": {""$oid"": ""000100000000000000000054""}, ""depuis"": {""$date"": ""2026-07-29T23:36:00Z""}}, {""user_id"": {""$oid"": ""000100000000000000000023""}, ""depuis"": {""$date"": ""2026-06-12T15:26:00Z""}}, {""user_id"": {""$oid"": ""000100000000000000000039""}, ""depuis"": {""$date"": ""2025-08-20T22:43:00Z""}}]";public;populaire;2025-07-08 20:23:00
000200000000000000000009;GRP-09;Chorale Saint-Michel;Repetitions, partitions et annonces de la chorale.;00010000000000000000001c;"00010000000000000000001c;000100000000000000000065;000100000000000000000086";"[{""user_id"": {""$oid"": ""000100000000000000000022""}, ""depuis"": {""$date"": ""2026-03-14T01:44:00Z""}}, {""user_id"": {""$oid"": ""000100000000000000000061""}, ""depuis"": {""$date"": ""2026-05-03T04:19:00Z""}}, {""user_id"": {""$oid"": ""00010000000000000000007e""}, ""depuis"": {""$date"": ""2026-07-21T12:48:00Z""}}, {""user_id"": {""$oid"": ""000100000000000000000086""}, ""depuis"": {""$date"": ""2026-07-31T09:07:00Z""}}, {""user_id"": {""$oid"": ""000100000000000000000079""}, ""depuis"": {""$date"": ""2026-05-12T04:49:00Z""}}, {""user_id"": {""$oid"": ""000100000000000000000039""}, ""depuis"": {""$date"": ""2025-11-23T20:17:00Z""}}, {""user_id"": {""$oid"": ""000100000000000000000032""}, ""depuis"": {""$date"": ""2026-07-21T22:36:00Z""}}, {""user_id"": {""$oid"": ""000100000000000000000085""}, ""depuis"": {""$date"": ""2026-03-16T17:12:00Z""}}, {""user_id"": {""$oid"": ""000100000000000000000063""}, ""depuis"": {""$date"": ""2025-11-24T11:32:00Z""}}, {""user_id"": {""$oid"": ""000100000000000000000043""}, ""depuis"": {""$date"": ""2026-06-21T16:02:00Z""}}, {""user_id"": {""$oid"": ""00010000000000000000001c""}, ""depuis"": {""$date"": ""2025-10-30T01:51:00Z""}}, {""user_id"": {""$oid"": ""000100000000000000000048""}, ""depuis"": {""$date"": ""2026-06-08T08:20:00Z""}}, {""user_id"": {""$oid"": ""00010000000000000000006d""}, ""depuis"": {""$date"": ""2026-02-04T22:46:00Z""}}, {""user_id"": {""$oid"": ""00010000000000000000004a""}, ""depuis"": {""$date"": ""2026-08-08T17:04:00Z""}}, {""user_id"": {""$oid"": ""000100000000000000000018""}, ""depuis"": {""$date"": ""2025-11-09T18:53:00Z""}}, {""user_id"": {""$oid"": ""00010000000000000000000d""}, ""depuis"": {""$date"": ""2026-08-03T05:11:00Z""}}, {""user_id"": {""$oid"": ""00010000000000000000005a""}, ""depuis"": {""$date"": ""2026-06-19T05:10:00Z""}}, {""user_id"": {""$oid"": ""000100000000000000000096""}, ""depuis"": {""$date"": ""2026-07-10T23:52:00Z""}}, {""user_id"": {""$oid"": ""000100000000000000000076""}, ""depuis"": {""$date"": ""2026-04-15T09:28:00Z""}}, {""user_id"": {""$oid"": ""00010000000000000000000b""}, ""depuis"": {""$date"": ""2026-07-30T13:38:00Z""}}, {""user_id"": {""$oid"": ""000100000000000000000008""}, ""depuis"": {""$date"": ""2025-12-20T20:49:00Z""}}, {""user_id"": {""$oid"": ""000100000000000000000024""}, ""depuis"": {""$date"": ""2026-04-01T23:07:00Z""}}, {""user_id"": {""$oid"": ""00010000000000000000008e""}, ""depuis"": {""$date"": ""2026-01-21T15:41:00Z""}}, {""user_id"": {""$oid"": ""000100000000000000000007""}, ""depuis"": {""$date"": ""2026-07-14T02:16:00Z""}}, {""user_id"": {""$oid"": ""00010000000000000000003a""}, ""depuis"": {""$date"": ""2026-04-23T15:50:00Z""}}, {""user_id"": {""$oid"": ""00010000000000000000001d""}, ""depuis"": {""$date"": ""2026-02-27T09:37:00Z""}}, {""user_id"": {""$oid"": ""000100000000000000000064""}, ""depuis"": {""$date"": ""2026-05-27T04:03:00Z""}}, {""user_id"": {""$oid"": ""00010000000000000000002b""}, ""depuis"": {""$date"": ""2026-07-27T20:16:00Z""}}, {""user_id"": {""$oid"": ""000100000000000000000009""}, ""depuis"": {""$date"": ""2026-07-19T02:12:00Z""}}, {""user_id"": {""$oid"": ""000100000000000000000065""}, ""depuis"": {""$date"": ""2026-02-25T09:29:00Z""}}, {""user_id"": {""$oid"": ""00010000000000000000001b""}, ""depuis"": {""$date"": ""2026-03-07T10:38:00Z""}}, {""user_id"": {""$oid"": ""000100000000000000000094""}, ""depuis"": {""$date"": ""2026-01-28T09:30:00Z""}}, {""user_id"": {""$oid"": ""000100000000000000000042""}, ""depuis"": {""$date"": ""2026-06-08T09:18:00Z""}}, {""user_id"": {""$oid"": ""00010000000000000000005b""}, ""depuis"": {""$date"": ""2026-05-15T08:19:00Z""}}, {""user_id"": {""$oid"": ""000100000000000000000055""}, ""depuis"": {""$date"": ""2026-04-06T04:41:00Z""}}]";public;populaire;2025-10-30 01:51:00
00020000000000000000000a;GRP-10;Randonnees Mont Cameroun;Sorties en montagne et conseils de securite.;000100000000000000000027;000100000000000000000027;"[{""user_id"": {""$oid"": ""000100000000000000000010""}, ""depuis"": {""$date"": ""2026-07-16T21:46:00Z""}}, {""user_id"": {""$oid"": ""000100000000000000000045""}, ""depuis"": {""$date"": ""2026-05-23T20:44:00Z""}}, {""user_id"": {""$oid"": ""000100000000000000000052""}, ""depuis"": {""$date"": ""2026-07-26T20:39:00Z""}}, {""user_id"": {""$oid"": ""000100000000000000000048""}, ""depuis"": {""$date"": ""2026-07-30T23:21:00Z""}}, {""user_id"": {""$oid"": ""000100000000000000000026""}, ""depuis"": {""$date"": ""2026-06-22T12:19:00Z""}}, {""user_id"": {""$oid"": ""000100000000000000000061""}, ""depuis"": {""$date"": ""2026-07-14T18:10:00Z""}}, {""user_id"": {""$oid"": ""000100000000000000000044""}, ""depuis"": {""$date"": ""2026-05-30T08:11:00Z""}}, {""user_id"": {""$oid"": ""000100000000000000000019""}, ""depuis"": {""$date"": ""2026-08-01T22:18:00Z""}}, {""user_id"": {""$oid"": ""00010000000000000000000e""}, ""depuis"": {""$date"": ""2026-05-25T14:47:00Z""}}, {""user_id"": {""$oid"": ""000100000000000000000027""}, ""depuis"": {""$date"": ""2026-05-18T17:19:00Z""}}, {""user_id"": {""$oid"": ""000100000000000000000054""}, ""depuis"": {""$date"": ""2026-07-17T07:41:00Z""}}, {""user_id"": {""$oid"": ""000100000000000000000084""}, ""depuis"": {""$date"": ""2026-05-24T21:34:00Z""}}, {""user_id"": {""$oid"": ""00010000000000000000003a""}, ""depuis"": {""$date"": ""2026-07-09T03:46:00Z""}}, {""user_id"": {""$oid"": ""00010000000000000000005c""}, ""depuis"": {""$date"": ""2026-06-27T21:20:00Z""}}, {""user_id"": {""$oid"": ""000100000000000000000078""}, ""depuis"": {""$date"": ""2026-07-28T15:13:00Z""}}, {""user_id"": {""$oid"": ""000100000000000000000036""}, ""depuis"": {""$date"": ""2026-06-03T08:57:00Z""}}, {""user_id"": {""$oid"": ""00010000000000000000007e""}, ""depuis"": {""$date"": ""2026-07-28T20:17:00Z""}}, {""user_id"": {""$oid"": ""000100000000000000000033""}, ""depuis"": {""$date"": ""2026-06-06T14:48:00Z""}}, {""user_id"": {""$oid"": ""00010000000000000000006f""}, ""depuis"": {""$date"": ""2026-06-11T21:03:00Z""}}, {""user_id"": {""$oid"": ""00010000000000000000000f""}, ""depuis"": {""$date"": ""2026-07-16T02:58:00Z""}}, {""user_id"": {""$oid"": ""00010000000000000000005b""}, ""depuis"": {""$date"": ""2026-08-01T20:14:00Z""}}, {""user_id"": {""$oid"": ""000100000000000000000009""}, ""depuis"": {""$date"": ""2026-07-31T09:29:00Z""}}, {""user_id"": {""$oid"": ""00010000000000000000000a""}, ""depuis"": {""$date"": ""2026-06-05T03:12:00Z""}}, {""user_id"": {""$oid"": ""00010000000000000000003f""}, ""depuis"": {""$date"": ""2026-08-07T20:43:00Z""}}, {""user_id"": {""$oid"": ""000100000000000000000013""}, ""depuis"": {""$date"": ""2026-06-05T07:37:00Z""}}, {""user_id"": {""$oid"": ""000100000000000000000011""}, ""depuis"": {""$date"": ""2026-05-21T14:01:00Z""}}, {""user_id"": {""$oid"": ""000100000000000000000058""}, ""depuis"": {""$date"": ""2026-07-20T18:32:00Z""}}, {""user_id"": {""$oid"": ""000100000000000000000037""}, ""depuis"": {""$date"": ""2026-07-05T18:41:00Z""}}, {""user_id"": {""$oid"": ""00010000000000000000005a""}, ""depuis"": {""$date"": ""2026-07-28T11:14:00Z""}}, {""user_id"": {""$oid"": ""00010000000000000000006a""}, ""depuis"": {""$date"": ""2026-05-30T07:46:00Z""}}, {""user_id"": {""$oid"": ""00010000000000000000002b""}, ""depuis"": {""$date"": ""2026-06-19T22:26:00Z""}}, {""user_id"": {""$oid"": ""00010000000000000000007f""}, ""depuis"": {""$date"": ""2026-05-27T08:56:00Z""}}, {""user_id"": {""$oid"": ""000100000000000000000014""}, ""depuis"": {""$date"": ""2026-05-27T20:43:00Z""}}, {""user_id"": {""$oid"": ""000100000000000000000080""}, ""depuis"": {""$date"": ""2026-06-26T21:40:00Z""}}, {""user_id"": {""$oid"": ""00010000000000000000006b""}, ""depuis"": {""$date"": ""2026-07-13T10:50:00Z""}}]";public;populaire;2026-05-18 17:19:00
00020000000000000000000b;GRP-11;Anciens du lycee;Retrouvailles et souvenirs de promotion.;000100000000000000000042;"000100000000000000000042;000100000000000000000043";"[{""user_id"": {""$oid"": ""000100000000000000000010""}, ""depuis"": {""$date"": ""2025-12-20T07:55:00Z""}}, {""user_id"": {""$oid"": ""000100000000000000000081""}, ""depuis"": {""$date"": ""2026-07-31T08:28:00Z""}}, {""user_id"": {""$oid"": ""00010000000000000000008c""}, ""depuis"": {""$date"": ""2026-02-13T03:21:00Z""}}, {""user_id"": {""$oid"": ""000100000000000000000054""}, ""depuis"": {""$date"": ""2025-08-30T09:26:00Z""}}, {""user_id"": {""$oid"": ""00010000000000000000000f""}, ""depuis"": {""$date"": ""2025-06-23T17:17:00Z""}}, {""user_id"": {""$oid"": ""000100000000000000000026""}, ""depuis"": {""$date"": ""2025-12-07T23:22:00Z""}}, {""user_id"": {""$oid"": ""000100000000000000000023""}, ""depuis"": {""$date"": ""2026-01-11T02:52:00Z""}}, {""user_id"": {""$oid"": ""00010000000000000000003c""}, ""depuis"": {""$date"": ""2025-08-26T01:26:00Z""}}, {""user_id"": {""$oid"": ""000100000000000000000007""}, ""depuis"": {""$date"": ""2026-03-10T12:46:00Z""}}, {""user_id"": {""$oid"": ""000100000000000000000017""}, ""depuis"": {""$date"": ""2025-10-23T00:09:00Z""}}, {""user_id"": {""$oid"": ""000100000000000000000092""}, ""depuis"": {""$date"": ""2026-05-03T09:00:00Z""}}, {""user_id"": {""$oid"": ""000100000000000000000052""}, ""depuis"": {""$date"": ""2025-06-19T17:40:00Z""}}, {""user_id"": {""$oid"": ""000100000000000000000008""}, ""depuis"": {""$date"": ""2025-08-31T14:50:00Z""}}, {""user_id"": {""$oid"": ""000100000000000000000077""}, ""depuis"": {""$date"": ""2025-10-29T14:26:00Z""}}, {""user_id"": {""$oid"": ""000100000000000000000059""}, ""depuis"": {""$date"": ""2026-02-16T01:25:00Z""}}, {""user_id"": {""$oid"": ""000100000000000000000034""}, ""depuis"": {""$date"": ""2026-05-28T22:50:00Z""}}, {""user_id"": {""$oid"": ""000100000000000000000073""}, ""depuis"": {""$date"": ""2025-10-03T07:08:00Z""}}, {""user_id"": {""$oid"": ""000100000000000000000002""}, ""depuis"": {""$date"": ""2025-12-18T09:28:00Z""}}, {""user_id"": {""$oid"": ""000100000000000000000075""}, ""depuis"": {""$date"": ""2026-08-14T22:22:00Z""}}, {""user_id"": {""$oid"": ""000100000000000000000066""}, ""depuis"": {""$date"": ""2026-04-11T19:00:00Z""}}, {""user_id"": {""$oid"": ""000100000000000000000039""}, ""depuis"": {""$date"": ""2025-12-05T18:29:00Z""}}, {""user_id"": {""$oid"": ""000100000000000000000079""}, ""depuis"": {""$date"": ""2026-07-10T04:51:00Z""}}, {""user_id"": {""$oid"": ""00010000000000000000002b""}, ""depuis"": {""$date"": ""2026-07-26T10:13:00Z""}}, {""user_id"": {""$oid"": ""000100000000000000000015""}, ""depuis"": {""$date"": ""2025-06-22T07:04:00Z""}}, {""user_id"": {""$oid"": ""000100000000000000000042""}, ""depuis"": {""$date"": ""2025-04-10T06:16:00Z""}}, {""user_id"": {""$oid"": ""00010000000000000000005c""}, ""depuis"": {""$date"": ""2026-05-22T03:51:00Z""}}, {""user_id"": {""$oid"": ""000100000000000000000022""}, ""depuis"": {""$date"": ""2025-10-27T11:24:00Z""}}, {""user_id"": {""$oid"": ""000100000000000000000094""}, ""depuis"": {""$date"": ""2025-08-01T02:41:00Z""}}, {""user_id"": {""$oid"": ""00010000000000000000007f""}, ""depuis"": {""$date"": ""2026-07-25T01:53:00Z""}}, {""user_id"": {""$oid"": ""000100000000000000000049""}, ""depuis"": {""$date"": ""2025-05-27T13:32:00Z""}}, {""user_id"": {""$oid"": ""00010000000000000000003b""}, ""depuis"": {""$date"": ""2026-06-16T23:53:00Z""}}, {""user_id"": {""$oid"": ""000100000000000000000043""}, ""depuis"": {""$date"": ""2026-05-10T13:00:00Z""}}, {""user_id"": {""$oid"": ""000100000000000000000004""}, ""depuis"": {""$date"": ""2026-07-14T00:36:00Z""}}, {""user_id"": {""$oid"": ""000100000000000000000050""}, ""depuis"": {""$date"": ""2026-05-02T05:29:00Z""}}, {""user_id"": {""$oid"": ""000100000000000000000088""}, ""depuis"": {""$date"": ""2025-06-23T10:20:00Z""}}]";public;populaire;2025-04-10 06:16:00
00020000000000000000000c;GRP-12;Retraites actifs;Activites et rencontres pour les retraites.;00010000000000000000007f;"00010000000000000000007f;000100000000000000000020;000100000000000000000003";"[{""user_id"": {""$oid"": ""000100000000000000000020""}, ""depuis"": {""$date"": ""2026-02-23T22:27:00Z""}}, {""user_id"": {""$oid"": ""00010000000000000000004e""}, ""depuis"": {""$date"": ""2026-01-11T00:09:00Z""}}, {""user_id"": {""$oid"": ""000100000000000000000094""}, ""depuis"": {""$date"": ""2025-08-06T17:53:00Z""}}, {""user_id"": {""$oid"": ""000100000000000000000064""}, ""depuis"": {""$date"": ""2026-07-22T04:58:00Z""}}, {""user_id"": {""$oid"": ""00010000000000000000000f""}, ""depuis"": {""$date"": ""2026-06-15T23:04:00Z""}}, {""user_id"": {""$oid"": ""000100000000000000000037""}, ""depuis"": {""$date"": ""2026-01-03T00:11:00Z""}}, {""user_id"": {""$oid"": ""000100000000000000000026""}, ""depuis"": {""$date"": ""2026-01-11T13:48:00Z""}}, {""user_id"": {""$oid"": ""000100000000000000000021""}, ""depuis"": {""$date"": ""2026-02-09T09:37:00Z""}}, {""user_id"": {""$oid"": ""00010000000000000000001f""}, ""depuis"": {""$date"": ""2024-02-27T11:43:00Z""}}, {""user_id"": {""$oid"": ""000100000000000000000048""}, ""depuis"": {""$date"": ""2025-01-22T10:02:00Z""}}, {""user_id"": {""$oid"": ""00010000000000000000007f""}, ""depuis"": {""$date"": ""2023-06-04T16:27:00Z""}}, {""user_id"": {""$oid"": ""000100000000000000000059""}, ""depuis"": {""$date"": ""2026-02-17T10:12:00Z""}}, {""user_id"": {""$oid"": ""000100000000000000000036""}, ""depuis"": {""$date"": ""2026-04-27T05:30:00Z""}}, {""user_id"": {""$oid"": ""00010000000000000000003e""}, ""depuis"": {""$date"": ""2025-08-08T04:25:00Z""}}, {""user_id"": {""$oid"": ""000100000000000000000022""}, ""depuis"": {""$date"": ""2024-03-13T01:56:00Z""}}, {""user_id"": {""$oid"": ""00010000000000000000000e""}, ""depuis"": {""$date"": ""2026-08-15T14:09:00Z""}}, {""user_id"": {""$oid"": ""000100000000000000000077""}, ""depuis"": {""$date"": ""2024-05-08T22:01:00Z""}}, {""user_id"": {""$oid"": ""000100000000000000000073""}, ""depuis"": {""$date"": ""2025-08-26T23:09:00Z""}}, {""user_id"": {""$oid"": ""00010000000000000000005a""}, ""depuis"": {""$date"": ""2024-10-24T17:13:00Z""}}, {""user_id"": {""$oid"": ""00010000000000000000002b""}, ""depuis"": {""$date"": ""2026-06-29T18:30:00Z""}}, {""user_id"": {""$oid"": ""000100000000000000000065""}, ""depuis"": {""$date"": ""2025-08-02T09:38:00Z""}}, {""user_id"": {""$oid"": ""000100000000000000000003""}, ""depuis"": {""$date"": ""2026-07-27T14:32:00Z""}}, {""user_id"": {""$oid"": ""000100000000000000000033""}, ""depuis"": {""$date"": ""2025-03-27T22:47:00Z""}}, {""user_id"": {""$oid"": ""000100000000000000000024""}, ""depuis"": {""$date"": ""2026-05-17T12:19:00Z""}}, {""user_id"": {""$oid"": ""000100000000000000000053""}, ""depuis"": {""$date"": ""2025-09-03T14:51:00Z""}}, {""user_id"": {""$oid"": ""00010000000000000000007b""}, ""depuis"": {""$date"": ""2025-04-19T06:50:00Z""}}, {""user_id"": {""$oid"": ""000100000000000000000049""}, ""depuis"": {""$date"": ""2025-12-31T23:06:00Z""}}, {""user_id"": {""$oid"": ""000100000000000000000004""}, ""depuis"": {""$date"": ""2025-12-29T19:37:00Z""}}, {""user_id"": {""$oid"": ""00010000000000000000006f""}, ""depuis"": {""$date"": ""2026-08-14T20:14:00Z""}}, {""user_id"": {""$oid"": ""00010000000000000000000a""}, ""depuis"": {""$date"": ""2025-01-08T14:36:00Z""}}, {""user_id"": {""$oid"": ""000100000000000000000019""}, ""depuis"": {""$date"": ""2026-04-13T07:56:00Z""}}, {""user_id"": {""$oid"": ""00010000000000000000003d""}, ""depuis"": {""$date"": ""2026-08-09T17:19:00Z""}}, {""user_id"": {""$oid"": ""000100000000000000000006""}, ""depuis"": {""$date"": ""2025-04-26T03:13:00Z""}}, {""user_id"": {""$oid"": ""000100000000000000000034""}, ""depuis"": {""$date"": ""2026-04-25T21:21:00Z""}}, {""user_id"": {""$oid"": ""000100000000000000000008""}, ""depuis"": {""$date"": ""2026-01-13T15:15:00Z""}}]";public;populaire;2023-06-04 16:27:00
00020000000000000000000d;GRP-13;Mode et style 237;Tendances, couturiers et inspirations.;000100000000000000000073;000100000000000000000073;"[{""user_id"": {""$oid"": ""000100000000000000000073""}, ""depuis"": {""$date"": ""2026-01-24T08:40:00Z""}}, {""user_id"": {""$oid"": ""000100000000000000000036""}, ""depuis"": {""$date"": ""2026-05-25T09:35:00Z""}}, {""user_id"": {""$oid"": ""000100000000000000000054""}, ""depuis"": {""$date"": ""2026-05-17T12:59:00Z""}}, {""user_id"": {""$oid"": ""00010000000000000000007e""}, ""depuis"": {""$date"": ""2026-02-23T23:52:00Z""}}, {""user_id"": {""$oid"": ""00010000000000000000005b""}, ""depuis"": {""$date"": ""2026-06-08T22:05:00Z""}}, {""user_id"": {""$oid"": ""000100000000000000000087""}, ""depuis"": {""$date"": ""2026-04-04T10:16:00Z""}}, {""user_id"": {""$oid"": ""000100000000000000000081""}, ""depuis"": {""$date"": ""2026-06-11T10:01:00Z""}}, {""user_id"": {""$oid"": ""000100000000000000000040""}, ""depuis"": {""$date"": ""2026-08-13T17:19:00Z""}}, {""user_id"": {""$oid"": ""000100000000000000000063""}, ""depuis"": {""$date"": ""2026-03-30T08:48:00Z""}}, {""user_id"": {""$oid"": ""000100000000000000000069""}, ""depuis"": {""$date"": ""2026-03-04T02:08:00Z""}}]";public;moins_populaire;2026-01-24 08:40:00
00020000000000000000000e;GRP-14;Histoire et memoire;Passionnes d'histoire locale et mondiale.;000100000000000000000044;"000100000000000000000044;000100000000000000000066;000100000000000000000032";"[{""user_id"": {""$oid"": ""00010000000000000000000b""}, ""depuis"": {""$date"": ""2026-04-19T18:09:00Z""}}, {""user_id"": {""$oid"": ""00010000000000000000006a""}, ""depuis"": {""$date"": ""2026-06-13T10:54:00Z""}}, {""user_id"": {""$oid"": ""000100000000000000000080""}, ""depuis"": {""$date"": ""2025-12-27T09:27:00Z""}}, {""user_id"": {""$oid"": ""000100000000000000000094""}, ""depuis"": {""$date"": ""2026-05-14T07:00:00Z""}}, {""user_id"": {""$oid"": ""000100000000000000000015""}, ""depuis"": {""$date"": ""2026-06-28T18:21:00Z""}}, {""user_id"": {""$oid"": ""00010000000000000000003a""}, ""depuis"": {""$date"": ""2026-04-01T01:05:00Z""}}, {""user_id"": {""$oid"": ""000100000000000000000031""}, ""depuis"": {""$date"": ""2025-01-26T03:52:00Z""}}, {""user_id"": {""$oid"": ""000100000000000000000052""}, ""depuis"": {""$date"": ""2026-03-31T03:55:00Z""}}, {""user_id"": {""$oid"": ""000100000000000000000087""}, ""depuis"": {""$date"": ""2026-05-20T12:09:00Z""}}, {""user_id"": {""$oid"": ""000100000000000000000066""}, ""depuis"": {""$date"": ""2026-04-08T15:56:00Z""}}, {""user_id"": {""$oid"": ""000100000000000000000079""}, ""depuis"": {""$date"": ""2026-06-18T04:26:00Z""}}, {""user_id"": {""$oid"": ""000100000000000000000007""}, ""depuis"": {""$date"": ""2025-05-07T00:16:00Z""}}, {""user_id"": {""$oid"": ""000100000000000000000012""}, ""depuis"": {""$date"": ""2026-02-15T01:09:00Z""}}, {""user_id"": {""$oid"": ""00010000000000000000005a""}, ""depuis"": {""$date"": ""2025-02-14T13:54:00Z""}}, {""user_id"": {""$oid"": ""000100000000000000000061""}, ""depuis"": {""$date"": ""2025-05-01T18:03:00Z""}}, {""user_id"": {""$oid"": ""00010000000000000000005c""}, ""depuis"": {""$date"": ""2026-07-25T15:21:00Z""}}, {""user_id"": {""$oid"": ""00010000000000000000001f""}, ""depuis"": {""$date"": ""2025-11-12T22:56:00Z""}}, {""user_id"": {""$oid"": ""000100000000000000000085""}, ""depuis"": {""$date"": ""2025-03-23T01:16:00Z""}}, {""user_id"": {""$oid"": ""000100000000000000000081""}, ""depuis"": {""$date"": ""2026-07-21T00:29:00Z""}}, {""user_id"": {""$oid"": ""00010000000000000000008c""}, ""depuis"": {""$date"": ""2026-04-01T12:16:00Z""}}, {""user_id"": {""$oid"": ""000100000000000000000013""}, ""depuis"": {""$date"": ""2024-11-29T01:40:00Z""}}, {""user_id"": {""$oid"": ""000100000000000000000032""}, ""depuis"": {""$date"": ""2025-10-04T11:58:00Z""}}, {""user_id"": {""$oid"": ""000100000000000000000088""}, ""depuis"": {""$date"": ""2024-12-12T07:12:00Z""}}, {""user_id"": {""$oid"": ""000100000000000000000086""}, ""depuis"": {""$date"": ""2025-11-04T22:06:00Z""}}, {""user_id"": {""$oid"": ""00010000000000000000005b""}, ""depuis"": {""$date"": ""2026-07-19T14:46:00Z""}}, {""user_id"": {""$oid"": ""00010000000000000000003c""}, ""depuis"": {""$date"": ""2026-08-14T00:14:00Z""}}, {""user_id"": {""$oid"": ""000100000000000000000046""}, ""depuis"": {""$date"": ""2026-07-09T11:19:00Z""}}, {""user_id"": {""$oid"": ""000100000000000000000043""}, ""depuis"": {""$date"": ""2026-05-18T05:42:00Z""}}, {""user_id"": {""$oid"": ""000100000000000000000026""}, ""depuis"": {""$date"": ""2025-12-05T12:57:00Z""}}, {""user_id"": {""$oid"": ""00010000000000000000003d""}, ""depuis"": {""$date"": ""2025-01-21T05:38:00Z""}}, {""user_id"": {""$oid"": ""00010000000000000000000d""}, ""depuis"": {""$date"": ""2026-03-27T03:08:00Z""}}, {""user_id"": {""$oid"": ""000100000000000000000044""}, ""depuis"": {""$date"": ""2024-10-27T18:22:00Z""}}, {""user_id"": {""$oid"": ""00010000000000000000001c""}, ""depuis"": {""$date"": ""2026-07-01T18:57:00Z""}}, {""user_id"": {""$oid"": ""000100000000000000000039""}, ""depuis"": {""$date"": ""2025-11-28T07:50:00Z""}}, {""user_id"": {""$oid"": ""000100000000000000000065""}, ""depuis"": {""$date"": ""2026-05-18T20:38:00Z""}}]";public;populaire;2024-10-27 18:22:00
00020000000000000000000f;GRP-15;Productivite au travail;Methodes pour mieux s'organiser.;00010000000000000000007b;"00010000000000000000007b;000100000000000000000048;000100000000000000000038";"[{""user_id"": {""$oid"": ""00010000000000000000005d""}, ""depuis"": {""$date"": ""2026-04-13T10:51:00Z""}}, {""user_id"": {""$oid"": ""000100000000000000000017""}, ""depuis"": {""$date"": ""2026-06-11T13:25:00Z""}}, {""user_id"": {""$oid"": ""000100000000000000000045""}, ""depuis"": {""$date"": ""2026-07-19T03:49:00Z""}}, {""user_id"": {""$oid"": ""000100000000000000000012""}, ""depuis"": {""$date"": ""2026-01-28T09:36:00Z""}}, {""user_id"": {""$oid"": ""000100000000000000000094""}, ""depuis"": {""$date"": ""2026-03-01T02:26:00Z""}}, {""user_id"": {""$oid"": ""000100000000000000000059""}, ""depuis"": {""$date"": ""2026-03-15T18:20:00Z""}}, {""user_id"": {""$oid"": ""000100000000000000000032""}, ""depuis"": {""$date"": ""2026-01-02T23:30:00Z""}}, {""user_id"": {""$oid"": ""000100000000000000000096""}, ""depuis"": {""$date"": ""2026-06-24T07:58:00Z""}}, {""user_id"": {""$oid"": ""000100000000000000000042""}, ""depuis"": {""$date"": ""2026-01-27T06:39:00Z""}}, {""user_id"": {""$oid"": ""00010000000000000000000e""}, ""depuis"": {""$date"": ""2026-03-05T03:21:00Z""}}, {""user_id"": {""$oid"": ""000100000000000000000011""}, ""depuis"": {""$date"": ""2026-07-12T14:41:00Z""}}, {""user_id"": {""$oid"": ""000100000000000000000019""}, ""depuis"": {""$date"": ""2026-04-25T22:21:00Z""}}, {""user_id"": {""$oid"": ""00010000000000000000004a""}, ""depuis"": {""$date"": ""2026-04-17T08:33:00Z""}}, {""user_id"": {""$oid"": ""00010000000000000000003d""}, ""depuis"": {""$date"": ""2026-04-29T08:34:00Z""}}, {""user_id"": {""$oid"": ""000100000000000000000054""}, ""depuis"": {""$date"": ""2026-04-06T19:18:00Z""}}, {""user_id"": {""$oid"": ""000100000000000000000073""}, ""depuis"": {""$date"": ""2025-12-13T08:42:00Z""}}, {""user_id"": {""$oid"": ""000100000000000000000038""}, ""depuis"": {""$date"": ""2026-05-20T20:15:00Z""}}, {""user_id"": {""$oid"": ""000100000000000000000048""}, ""depuis"": {""$date"": ""2025-11-20T14:56:00Z""}}, {""user_id"": {""$oid"": ""00010000000000000000007b""}, ""depuis"": {""$date"": ""2025-11-11T08:47:00Z""}}, {""user_id"": {""$oid"": ""000100000000000000000024""}, ""depuis"": {""$date"": ""2026-05-21T03:27:00Z""}}, {""user_id"": {""$oid"": ""000100000000000000000014""}, ""depuis"": {""$date"": ""2025-12-21T21:06:00Z""}}, {""user_id"": {""$oid"": ""000100000000000000000058""}, ""depuis"": {""$date"": ""2026-03-16T05:30:00Z""}}, {""user_id"": {""$oid"": ""000100000000000000000056""}, ""depuis"": {""$date"": ""2026-06-17T08:02:00Z""}}, {""user_id"": {""$oid"": ""000100000000000000000026""}, ""depuis"": {""$date"": ""2026-05-18T08:57:00Z""}}, {""user_id"": {""$oid"": ""000100000000000000000044""}, ""depuis"": {""$date"": ""2026-07-06T03:15:00Z""}}]";public;moins_populaire;2025-11-11 08:47:00
000200000000000000000010;GRP-16;Nature et environnement;Protection de la nature et actions locales.;000100000000000000000006;"000100000000000000000006;00010000000000000000008c";"[{""user_id"": {""$oid"": ""00010000000000000000005b""}, ""depuis"": {""$date"": ""2026-05-10T22:14:00Z""}}, {""user_id"": {""$oid"": ""00010000000000000000004e""}, ""depuis"": {""$date"": ""2026-06-06T17:23:00Z""}}, {""user_id"": {""$oid"": ""000100000000000000000026""}, ""depuis"": {""$date"": ""2026-03-16T01:09:00Z""}}, {""user_id"": {""$oid"": ""000100000000000000000039""}, ""depuis"": {""$date"": ""2025-08-17T05:46:00Z""}}, {""user_id"": {""$oid"": ""00010000000000000000008c""}, ""depuis"": {""$date"": ""2026-07-06T06:06:00Z""}}, {""user_id"": {""$oid"": ""00010000000000000000007b""}, ""depuis"": {""$date"": ""2026-06-26T20:26:00Z""}}, {""user_id"": {""$oid"": ""000100000000000000000006""}, ""depuis"": {""$date"": ""2024-09-19T04:41:00Z""}}, {""user_id"": {""$oid"": ""000100000000000000000027""}, ""depuis"": {""$date"": ""2026-03-25T17:52:00Z""}}, {""user_id"": {""$oid"": ""00010000000000000000000a""}, ""depuis"": {""$date"": ""2025-02-12T06:43:00Z""}}, {""user_id"": {""$oid"": ""000100000000000000000021""}, ""depuis"": {""$date"": ""2026-02-17T02:09:00Z""}}]";public;moins_populaire;2024-09-19 04:41:00
000200000000000000000011;GRP-17;Alumni Genie Informatique;Reseau des anciens de la filiere.;000100000000000000000088;"000100000000000000000088;000100000000000000000024;00010000000000000000007e";"[{""user_id"": {""$oid"": ""000100000000000000000054""}, ""depuis"": {""$date"": ""2026-06-06T05:00:00Z""}}, {""user_id"": {""$oid"": ""000100000000000000000059""}, ""depuis"": {""$date"": ""2026-07-03T10:49:00Z""}}, {""user_id"": {""$oid"": ""00010000000000000000002e""}, ""depuis"": {""$date"": ""2026-05-12T20:35:00Z""}}, {""user_id"": {""$oid"": ""00010000000000000000003c""}, ""depuis"": {""$date"": ""2026-08-15T07:04:00Z""}}, {""user_id"": {""$oid"": ""00010000000000000000007b""}, ""depuis"": {""$date"": ""2026-05-08T23:25:00Z""}}, {""user_id"": {""$oid"": ""00010000000000000000001b""}, ""depuis"": {""$date"": ""2026-05-12T17:06:00Z""}}, {""user_id"": {""$oid"": ""000100000000000000000093""}, ""depuis"": {""$date"": ""2026-07-01T08:55:00Z""}}, {""user_id"": {""$oid"": ""000100000000000000000008""}, ""depuis"": {""$date"": ""2026-07-17T06:52:00Z""}}, {""user_id"": {""$oid"": ""00010000000000000000001c""}, ""depuis"": {""$date"": ""2026-06-09T02:21:00Z""}}, {""user_id"": {""$oid"": ""000100000000000000000088""}, ""depuis"": {""$date"": ""2026-05-03T13:06:00Z""}}, {""user_id"": {""$oid"": ""00010000000000000000000d""}, ""depuis"": {""$date"": ""2026-07-10T20:26:00Z""}}, {""user_id"": {""$oid"": ""000100000000000000000048""}, ""depuis"": {""$date"": ""2026-05-13T17:27:00Z""}}, {""user_id"": {""$oid"": ""000100000000000000000056""}, ""depuis"": {""$date"": ""2026-07-26T18:46:00Z""}}, {""user_id"": {""$oid"": ""00010000000000000000001a""}, ""depuis"": {""$date"": ""2026-08-10T06:17:00Z""}}, {""user_id"": {""$oid"": ""000100000000000000000021""}, ""depuis"": {""$date"": ""2026-08-13T07:02:00Z""}}, {""user_id"": {""$oid"": ""00010000000000000000001f""}, ""depuis"": {""$date"": ""2026-06-07T03:59:00Z""}}, {""user_id"": {""$oid"": ""000100000000000000000063""}, ""depuis"": {""$date"": ""2026-08-10T08:01:00Z""}}, {""user_id"": {""$oid"": ""00010000000000000000008e""}, ""depuis"": {""$date"": ""2026-07-14T13:15:00Z""}}, {""user_id"": {""$oid"": ""00010000000000000000007e""}, ""depuis"": {""$date"": ""2026-05-12T05:30:00Z""}}, {""user_id"": {""$oid"": ""000100000000000000000024""}, ""depuis"": {""$date"": ""2026-06-14T04:42:00Z""}}, {""user_id"": {""$oid"": ""00010000000000000000003b""}, ""depuis"": {""$date"": ""2026-05-22T16:50:00Z""}}, {""user_id"": {""$oid"": ""000100000000000000000094""}, ""depuis"": {""$date"": ""2026-07-31T07:57:00Z""}}, {""user_id"": {""$oid"": ""000100000000000000000043""}, ""depuis"": {""$date"": ""2026-06-08T14:32:00Z""}}, {""user_id"": {""$oid"": ""000100000000000000000046""}, ""depuis"": {""$date"": ""2026-06-15T13:40:00Z""}}, {""user_id"": {""$oid"": ""000100000000000000000049""}, ""depuis"": {""$date"": ""2026-07-04T17:51:00Z""}}]";public;moins_populaire;2026-05-03 13:06:00
000200000000000000000012;GRP-18;Aventuriers du week-end;Sorties et defis en plein air.;000100000000000000000015;"000100000000000000000015;000100000000000000000037";"[{""user_id"": {""$oid"": ""000100000000000000000012""}, ""depuis"": {""$date"": ""2026-07-24T15:03:00Z""}}, {""user_id"": {""$oid"": ""00010000000000000000006f""}, ""depuis"": {""$date"": ""2025-07-28T21:37:00Z""}}, {""user_id"": {""$oid"": ""00010000000000000000005d""}, ""depuis"": {""$date"": ""2025-02-05T21:30:00Z""}}, {""user_id"": {""$oid"": ""000100000000000000000061""}, ""depuis"": {""$date"": ""2025-10-25T01:44:00Z""}}, {""user_id"": {""$oid"": ""000100000000000000000015""}, ""depuis"": {""$date"": ""2025-01-01T18:17:00Z""}}, {""user_id"": {""$oid"": ""000100000000000000000003""}, ""depuis"": {""$date"": ""2025-06-10T18:57:00Z""}}, {""user_id"": {""$oid"": ""00010000000000000000004c""}, ""depuis"": {""$date"": ""2026-07-29T09:35:00Z""}}, {""user_id"": {""$oid"": ""000100000000000000000004""}, ""depuis"": {""$date"": ""2025-12-06T01:34:00Z""}}, {""user_id"": {""$oid"": ""000100000000000000000052""}, ""depuis"": {""$date"": ""2025-08-15T08:30:00Z""}}, {""user_id"": {""$oid"": ""00010000000000000000006a""}, ""depuis"": {""$date"": ""2025-10-02T13:31:00Z""}}, {""user_id"": {""$oid"": ""000100000000000000000057""}, ""depuis"": {""$date"": ""2025-10-07T21:43:00Z""}}, {""user_id"": {""$oid"": ""000100000000000000000094""}, ""depuis"": {""$date"": ""2026-03-30T04:02:00Z""}}, {""user_id"": {""$oid"": ""000100000000000000000032""}, ""depuis"": {""$date"": ""2025-05-19T06:52:00Z""}}, {""user_id"": {""$oid"": ""000100000000000000000081""}, ""depuis"": {""$date"": ""2026-05-03T13:04:00Z""}}, {""user_id"": {""$oid"": ""000100000000000000000037""}, ""depuis"": {""$date"": ""2025-06-28T03:26:00Z""}}, {""user_id"": {""$oid"": ""000100000000000000000063""}, ""depuis"": {""$date"": ""2025-10-17T12:50:00Z""}}, {""user_id"": {""$oid"": ""000100000000000000000007""}, ""depuis"": {""$date"": ""2025-11-09T23:20:00Z""}}, {""user_id"": {""$oid"": ""000100000000000000000092""}, ""depuis"": {""$date"": ""2025-04-21T12:26:00Z""}}, {""user_id"": {""$oid"": ""000100000000000000000085""}, ""depuis"": {""$date"": ""2025-05-02T21:00:00Z""}}, {""user_id"": {""$oid"": ""000100000000000000000024""}, ""depuis"": {""$date"": ""2025-04-21T19:11:00Z""}}, {""user_id"": {""$oid"": ""000100000000000000000079""}, ""depuis"": {""$date"": ""2026-08-07T18:02:00Z""}}, {""user_id"": {""$oid"": ""00010000000000000000000e""}, ""depuis"": {""$date"": ""2025-07-11T23:17:00Z""}}, {""user_id"": {""$oid"": ""00010000000000000000003d""}, ""depuis"": {""$date"": ""2026-04-29T16:47:00Z""}}, {""user_id"": {""$oid"": ""000100000000000000000050""}, ""depuis"": {""$date"": ""2026-03-18T13:58:00Z""}}, {""user_id"": {""$oid"": ""00010000000000000000005c""}, ""depuis"": {""$date"": ""2025-11-26T04:36:00Z""}}, {""user_id"": {""$oid"": ""00010000000000000000008d""}, ""depuis"": {""$date"": ""2026-06-14T05:46:00Z""}}, {""user_id"": {""$oid"": ""000100000000000000000010""}, ""depuis"": {""$date"": ""2026-06-06T02:43:00Z""}}, {""user_id"": {""$oid"": ""000100000000000000000088""}, ""depuis"": {""$date"": ""2026-07-07T08:51:00Z""}}, {""user_id"": {""$oid"": ""000100000000000000000082""}, ""depuis"": {""$date"": ""2026-08-14T05:59:00Z""}}, {""user_id"": {""$oid"": ""000100000000000000000009""}, ""depuis"": {""$date"": ""2025-12-31T11:33:00Z""}}, {""user_id"": {""$oid"": ""000100000000000000000028""}, ""depuis"": {""$date"": ""2026-05-16T02:49:00Z""}}, {""user_id"": {""$oid"": ""000100000000000000000080""}, ""depuis"": {""$date"": ""2026-05-24T05:21:00Z""}}, {""user_id"": {""$oid"": ""000100000000000000000043""}, ""depuis"": {""$date"": ""2026-06-20T23:50:00Z""}}, {""user_id"": {""$oid"": ""000100000000000000000058""}, ""depuis"": {""$date"": ""2025-11-15T14:23:00Z""}}, {""user_id"": {""$oid"": ""000100000000000000000073""}, ""depuis"": {""$date"": ""2026-06-21T22:03:00Z""}}]";public;populaire;2025-01-01 18:17:00
000200000000000000000013;GRP-19;Cinephiles de Douala;Films, series et critiques.;000100000000000000000008;"000100000000000000000008;000100000000000000000014";"[{""user_id"": {""$oid"": ""000100000000000000000008""}, ""depuis"": {""$date"": ""2025-08-07T11:30:00Z""}}, {""user_id"": {""$oid"": ""000100000000000000000015""}, ""depuis"": {""$date"": ""2025-11-23T11:27:00Z""}}, {""user_id"": {""$oid"": ""000100000000000000000088""}, ""depuis"": {""$date"": ""2026-06-30T17:25:00Z""}}, {""user_id"": {""$oid"": ""000100000000000000000038""}, ""depuis"": {""$date"": ""2026-07-23T10:08:00Z""}}, {""user_id"": {""$oid"": ""000100000000000000000049""}, ""depuis"": {""$date"": ""2025-10-20T01:44:00Z""}}, {""user_id"": {""$oid"": ""000100000000000000000027""}, ""depuis"": {""$date"": ""2026-06-20T11:06:00Z""}}, {""user_id"": {""$oid"": ""000100000000000000000020""}, ""depuis"": {""$date"": ""2025-11-13T21:35:00Z""}}, {""user_id"": {""$oid"": ""000100000000000000000014""}, ""depuis"": {""$date"": ""2026-03-28T13:06:00Z""}}, {""user_id"": {""$oid"": ""000100000000000000000063""}, ""depuis"": {""$date"": ""2025-08-11T12:42:00Z""}}, {""user_id"": {""$oid"": ""00010000000000000000001f""}, ""depuis"": {""$date"": ""2026-04-07T19:14:00Z""}}]";prive;restreint;2025-08-07 11:30:00
000200000000000000000014;GRP-20;Entraide examens;Revisions et partage de sujets.;000100000000000000000023;"000100000000000000000023;000100000000000000000032;000100000000000000000069";"[{""user_id"": {""$oid"": ""00010000000000000000007b""}, ""depuis"": {""$date"": ""2026-05-31T19:26:00Z""}}, {""user_id"": {""$oid"": ""000100000000000000000085""}, ""depuis"": {""$date"": ""2026-07-12T00:46:00Z""}}, {""user_id"": {""$oid"": ""000100000000000000000069""}, ""depuis"": {""$date"": ""2025-05-21T19:49:00Z""}}, {""user_id"": {""$oid"": ""00010000000000000000003a""}, ""depuis"": {""$date"": ""2025-11-05T11:22:00Z""}}, {""user_id"": {""$oid"": ""00010000000000000000001a""}, ""depuis"": {""$date"": ""2026-01-25T08:14:00Z""}}, {""user_id"": {""$oid"": ""00010000000000000000000e""}, ""depuis"": {""$date"": ""2024-10-30T20:20:00Z""}}, {""user_id"": {""$oid"": ""000100000000000000000023""}, ""depuis"": {""$date"": ""2023-08-05T22:23:00Z""}}, {""user_id"": {""$oid"": ""000100000000000000000037""}, ""depuis"": {""$date"": ""2025-01-19T23:15:00Z""}}, {""user_id"": {""$oid"": ""000100000000000000000032""}, ""depuis"": {""$date"": ""2025-05-02T14:56:00Z""}}, {""user_id"": {""$oid"": ""000100000000000000000088""}, ""depuis"": {""$date"": ""2025-11-29T20:37:00Z""}}]";prive;restreint;2023-08-05 22:23:00
000200000000000000000015;GRP-21;Makossa et bikutsi;Musique camerounaise et concerts.;000100000000000000000045;"000100000000000000000045;00010000000000000000001f;00010000000000000000003a";"[{""user_id"": {""$oid"": ""000100000000000000000010""}, ""depuis"": {""$date"": ""2026-08-10T23:04:00Z""}}, {""user_id"": {""$oid"": ""00010000000000000000007b""}, ""depuis"": {""$date"": ""2025-07-29T19:07:00Z""}}, {""user_id"": {""$oid"": ""000100000000000000000045""}, ""depuis"": {""$date"": ""2025-01-11T13:38:00Z""}}, {""user_id"": {""$oid"": ""00010000000000000000001b""}, ""depuis"": {""$date"": ""2026-06-24T10:38:00Z""}}, {""user_id"": {""$oid"": ""000100000000000000000096""}, ""depuis"": {""$date"": ""2026-06-05T00:44:00Z""}}, {""user_id"": {""$oid"": ""000100000000000000000039""}, ""depuis"": {""$date"": ""2025-11-14T10:39:00Z""}}, {""user_id"": {""$oid"": ""00010000000000000000003a""}, ""depuis"": {""$date"": ""2026-05-05T08:20:00Z""}}, {""user_id"": {""$oid"": ""000100000000000000000027""}, ""depuis"": {""$date"": ""2026-05-12T06:45:00Z""}}, {""user_id"": {""$oid"": ""000100000000000000000055""}, ""depuis"": {""$date"": ""2025-08-20T16:54:00Z""}}, {""user_id"": {""$oid"": ""000100000000000000000094""}, ""depuis"": {""$date"": ""2026-02-04T09:05:00Z""}}, {""user_id"": {""$oid"": ""00010000000000000000007e""}, ""depuis"": {""$date"": ""2026-02-24T03:12:00Z""}}, {""user_id"": {""$oid"": ""00010000000000000000001f""}, ""depuis"": {""$date"": ""2025-04-14T07:25:00Z""}}, {""user_id"": {""$oid"": ""000100000000000000000084""}, ""depuis"": {""$date"": ""2025-11-14T07:13:00Z""}}, {""user_id"": {""$oid"": ""000100000000000000000008""}, ""depuis"": {""$date"": ""2025-06-17T13:32:00Z""}}, {""user_id"": {""$oid"": ""000100000000000000000081""}, ""depuis"": {""$date"": ""2026-03-05T15:04:00Z""}}, {""user_id"": {""$oid"": ""000100000000000000000075""}, ""depuis"": {""$date"": ""2026-03-18T10:55:00Z""}}, {""user_id"": {""$oid"": ""000100000000000000000007""}, ""depuis"": {""$date"": ""2026-02-02T08:24:00Z""}}, {""user_id"": {""$oid"": ""000100000000000000000058""}, ""depuis"": {""$date"": ""2025-06-16T12:35:00Z""}}, {""user_id"": {""$oid"": ""00010000000000000000000f""}, ""depuis"": {""$date"": ""2025-04-20T07:13:00Z""}}, {""user_id"": {""$oid"": ""00010000000000000000003c""}, ""depuis"": {""$date"": ""2026-02-18T02:03:00Z""}}, {""user_id"": {""$oid"": ""000100000000000000000079""}, ""depuis"": {""$date"": ""2026-04-20T10:00:00Z""}}, {""user_id"": {""$oid"": ""000100000000000000000013""}, ""depuis"": {""$date"": ""2026-01-10T19:37:00Z""}}, {""user_id"": {""$oid"": ""000100000000000000000049""}, ""depuis"": {""$date"": ""2026-01-18T11:28:00Z""}}, {""user_id"": {""$oid"": ""000100000000000000000015""}, ""depuis"": {""$date"": ""2025-04-06T11:57:00Z""}}, {""user_id"": {""$oid"": ""00010000000000000000003f""}, ""depuis"": {""$date"": ""2025-04-08T02:24:00Z""}}]";public;moins_populaire;2025-01-11 13:38:00
000200000000000000000016;GRP-22;Start-up Littoral;Reseau des jeunes pousses de la region.;00010000000000000000007e;"00010000000000000000007e;00010000000000000000004a";"[{""user_id"": {""$oid"": ""000100000000000000000014""}, ""depuis"": {""$date"": ""2026-02-27T16:28:00Z""}}, {""user_id"": {""$oid"": ""000100000000000000000032""}, ""depuis"": {""$date"": ""2026-07-09T12:32:00Z""}}, {""user_id"": {""$oid"": ""00010000000000000000004a""}, ""depuis"": {""$date"": ""2026-06-26T03:19:00Z""}}, {""user_id"": {""$oid"": ""00010000000000000000007e""}, ""depuis"": {""$date"": ""2026-02-11T10:50:00Z""}}, {""user_id"": {""$oid"": ""000100000000000000000056""}, ""depuis"": {""$date"": ""2026-07-18T00:58:00Z""}}, {""user_id"": {""$oid"": ""000100000000000000000015""}, ""depuis"": {""$date"": ""2026-02-24T12:56:00Z""}}, {""user_id"": {""$oid"": ""000100000000000000000022""}, ""depuis"": {""$date"": ""2026-03-30T09:28:00Z""}}, {""user_id"": {""$oid"": ""000100000000000000000058""}, ""depuis"": {""$date"": ""2026-05-07T02:30:00Z""}}, {""user_id"": {""$oid"": ""000100000000000000000094""}, ""depuis"": {""$date"": ""2026-06-10T22:26:00Z""}}, {""user_id"": {""$oid"": ""000100000000000000000054""}, ""depuis"": {""$date"": ""2026-04-24T11:21:00Z""}}]";prive;restreint;2026-02-11 10:50:00
000200000000000000000017;GRP-23;Cercle de reflexion;Debats citoyens et ateliers.;000100000000000000000057;"000100000000000000000057;000100000000000000000059";"[{""user_id"": {""$oid"": ""000100000000000000000059""}, ""depuis"": {""$date"": ""2026-04-08T12:14:00Z""}}, {""user_id"": {""$oid"": ""000100000000000000000050""}, ""depuis"": {""$date"": ""2026-06-21T21:35:00Z""}}, {""user_id"": {""$oid"": ""000100000000000000000056""}, ""depuis"": {""$date"": ""2026-05-18T20:47:00Z""}}, {""user_id"": {""$oid"": ""000100000000000000000046""}, ""depuis"": {""$date"": ""2026-08-07T12:51:00Z""}}, {""user_id"": {""$oid"": ""00010000000000000000005d""}, ""depuis"": {""$date"": ""2025-10-06T11:06:00Z""}}, {""user_id"": {""$oid"": ""00010000000000000000007e""}, ""depuis"": {""$date"": ""2026-07-02T07:17:00Z""}}, {""user_id"": {""$oid"": ""000100000000000000000054""}, ""depuis"": {""$date"": ""2025-10-14T19:08:00Z""}}, {""user_id"": {""$oid"": ""000100000000000000000057""}, ""depuis"": {""$date"": ""2025-07-25T01:47:00Z""}}, {""user_id"": {""$oid"": ""000100000000000000000048""}, ""depuis"": {""$date"": ""2026-05-02T14:26:00Z""}}, {""user_id"": {""$oid"": ""000100000000000000000034""}, ""depuis"": {""$date"": ""2026-06-20T17:34:00Z""}}]";public;moins_populaire;2025-07-25 01:47:00
000200000000000000000018;GRP-24;Escapades Kribi;Week-ends et plages autour de Kribi.;000100000000000000000013;000100000000000000000013;"[{""user_id"": {""$oid"": ""00010000000000000000007b""}, ""depuis"": {""$date"": ""2026-02-15T21:18:00Z""}}, {""user_id"": {""$oid"": ""000100000000000000000066""}, ""depuis"": {""$date"": ""2026-06-01T05:39:00Z""}}, {""user_id"": {""$oid"": ""000100000000000000000013""}, ""depuis"": {""$date"": ""2025-12-18T13:57:00Z""}}, {""user_id"": {""$oid"": ""000100000000000000000076""}, ""depuis"": {""$date"": ""2026-03-25T23:35:00Z""}}, {""user_id"": {""$oid"": ""00010000000000000000007e""}, ""depuis"": {""$date"": ""2026-08-01T01:41:00Z""}}, {""user_id"": {""$oid"": ""000100000000000000000025""}, ""depuis"": {""$date"": ""2026-02-24T17:59:00Z""}}, {""user_id"": {""$oid"": ""000100000000000000000038""}, ""depuis"": {""$date"": ""2026-05-03T13:16:00Z""}}, {""user_id"": {""$oid"": ""000100000000000000000086""}, ""depuis"": {""$date"": ""2026-06-16T00:25:00Z""}}, {""user_id"": {""$oid"": ""000100000000000000000006""}, ""depuis"": {""$date"": ""2026-03-06T12:08:00Z""}}, {""user_id"": {""$oid"": ""000100000000000000000052""}, ""depuis"": {""$date"": ""2026-01-09T11:53:00Z""}}, {""user_id"": {""$oid"": ""00010000000000000000008e""}, ""depuis"": {""$date"": ""2026-05-19T13:14:00Z""}}, {""user_id"": {""$oid"": ""000100000000000000000087""}, ""depuis"": {""$date"": ""2026-05-15T04:07:00Z""}}, {""user_id"": {""$oid"": ""000100000000000000000078""}, ""depuis"": {""$date"": ""2026-02-16T00:55:00Z""}}, {""user_id"": {""$oid"": ""00010000000000000000006a""}, ""depuis"": {""$date"": ""2026-04-10T21:46:00Z""}}, {""user_id"": {""$oid"": ""000100000000000000000003""}, ""depuis"": {""$date"": ""2026-07-02T22:25:00Z""}}, {""user_id"": {""$oid"": ""00010000000000000000002e""}, ""depuis"": {""$date"": ""2026-01-12T07:12:00Z""}}, {""user_id"": {""$oid"": ""00010000000000000000005c""}, ""depuis"": {""$date"": ""2026-03-16T01:17:00Z""}}, {""user_id"": {""$oid"": ""000100000000000000000043""}, ""depuis"": {""$date"": ""2026-06-03T18:41:00Z""}}, {""user_id"": {""$oid"": ""000100000000000000000061""}, ""depuis"": {""$date"": ""2026-03-04T01:19:00Z""}}, {""user_id"": {""$oid"": ""000100000000000000000082""}, ""depuis"": {""$date"": ""2026-04-28T00:39:00Z""}}, {""user_id"": {""$oid"": ""000100000000000000000027""}, ""depuis"": {""$date"": ""2026-07-23T10:24:00Z""}}, {""user_id"": {""$oid"": ""000100000000000000000018""}, ""depuis"": {""$date"": ""2026-06-07T00:31:00Z""}}, {""user_id"": {""$oid"": ""000100000000000000000096""}, ""depuis"": {""$date"": ""2026-01-11T05:06:00Z""}}, {""user_id"": {""$oid"": ""000100000000000000000011""}, ""depuis"": {""$date"": ""2026-06-07T15:59:00Z""}}, {""user_id"": {""$oid"": ""000100000000000000000042""}, ""depuis"": {""$date"": ""2026-01-14T12:38:00Z""}}, {""user_id"": {""$oid"": ""000100000000000000000007""}, ""depuis"": {""$date"": ""2026-03-24T00:44:00Z""}}, {""user_id"": {""$oid"": ""000100000000000000000090""}, ""depuis"": {""$date"": ""2026-08-09T05:49:00Z""}}, {""user_id"": {""$oid"": ""00010000000000000000003e""}, ""depuis"": {""$date"": ""2026-07-11T20:27:00Z""}}, {""user_id"": {""$oid"": ""000100000000000000000037""}, ""depuis"": {""$date"": ""2026-04-09T08:30:00Z""}}, {""user_id"": {""$oid"": ""000100000000000000000059""}, ""depuis"": {""$date"": ""2026-07-22T20:11:00Z""}}, {""user_id"": {""$oid"": ""00010000000000000000000d""}, ""depuis"": {""$date"": ""2026-02-19T03:29:00Z""}}, {""user_id"": {""$oid"": ""00010000000000000000007f""}, ""depuis"": {""$date"": ""2026-02-12T06:11:00Z""}}, {""user_id"": {""$oid"": ""00010000000000000000002b""}, ""depuis"": {""$date"": ""2026-07-19T01:30:00Z""}}, {""user_id"": {""$oid"": ""000100000000000000000004""}, ""depuis"": {""$date"": ""2026-04-20T21:45:00Z""}}, {""user_id"": {""$oid"": ""000100000000000000000049""}, ""depuis"": {""$date"": ""2026-01-09T14:33:00Z""}}]";public;populaire;2025-12-18 13:57:00
000200000000000000000019;GRP-25;Photos de nature;Les plus beaux paysages du pays.;00010000000000000000005b;00010000000000000000005b;"[{""user_id"": {""$oid"": ""00010000000000000000007f""}, ""depuis"": {""$date"": ""2026-07-29T06:41:00Z""}}, {""user_id"": {""$oid"": ""00010000000000000000003d""}, ""depuis"": {""$date"": ""2026-05-14T01:40:00Z""}}, {""user_id"": {""$oid"": ""000100000000000000000032""}, ""depuis"": {""$date"": ""2026-06-12T16:09:00Z""}}, {""user_id"": {""$oid"": ""00010000000000000000005c""}, ""depuis"": {""$date"": ""2026-07-12T03:19:00Z""}}, {""user_id"": {""$oid"": ""00010000000000000000002b""}, ""depuis"": {""$date"": ""2026-07-21T14:21:00Z""}}, {""user_id"": {""$oid"": ""00010000000000000000000f""}, ""depuis"": {""$date"": ""2026-05-18T03:23:00Z""}}, {""user_id"": {""$oid"": ""000100000000000000000077""}, ""depuis"": {""$date"": ""2026-06-07T12:59:00Z""}}, {""user_id"": {""$oid"": ""00010000000000000000004c""}, ""depuis"": {""$date"": ""2026-05-30T20:00:00Z""}}, {""user_id"": {""$oid"": ""00010000000000000000003f""}, ""depuis"": {""$date"": ""2026-06-25T01:14:00Z""}}, {""user_id"": {""$oid"": ""000100000000000000000094""}, ""depuis"": {""$date"": ""2026-05-11T19:48:00Z""}}, {""user_id"": {""$oid"": ""000100000000000000000096""}, ""depuis"": {""$date"": ""2026-07-23T16:52:00Z""}}, {""user_id"": {""$oid"": ""000100000000000000000044""}, ""depuis"": {""$date"": ""2026-05-11T08:14:00Z""}}, {""user_id"": {""$oid"": ""000100000000000000000069""}, ""depuis"": {""$date"": ""2026-05-22T00:32:00Z""}}, {""user_id"": {""$oid"": ""000100000000000000000048""}, ""depuis"": {""$date"": ""2026-07-24T22:18:00Z""}}, {""user_id"": {""$oid"": ""00010000000000000000005b""}, ""depuis"": {""$date"": ""2026-05-10T16:18:00Z""}}, {""user_id"": {""$oid"": ""000100000000000000000006""}, ""depuis"": {""$date"": ""2026-06-02T21:52:00Z""}}, {""user_id"": {""$oid"": ""000100000000000000000073""}, ""depuis"": {""$date"": ""2026-06-23T06:37:00Z""}}, {""user_id"": {""$oid"": ""00010000000000000000008e""}, ""depuis"": {""$date"": ""2026-05-17T12:19:00Z""}}, {""user_id"": {""$oid"": ""000100000000000000000066""}, ""depuis"": {""$date"": ""2026-05-25T00:48:00Z""}}, {""user_id"": {""$oid"": ""000100000000000000000092""}, ""depuis"": {""$date"": ""2026-05-14T12:32:00Z""}}, {""user_id"": {""$oid"": ""000100000000000000000063""}, ""depuis"": {""$date"": ""2026-08-11T04:36:00Z""}}, {""user_id"": {""$oid"": ""000100000000000000000052""}, ""depuis"": {""$date"": ""2026-07-24T15:26:00Z""}}, {""user_id"": {""$oid"": ""000100000000000000000082""}, ""depuis"": {""$date"": ""2026-07-04T12:41:00Z""}}, {""user_id"": {""$oid"": ""000100000000000000000018""}, ""depuis"": {""$date"": ""2026-07-24T18:45:00Z""}}, {""user_id"": {""$oid"": ""000100000000000000000007""}, ""depuis"": {""$date"": ""2026-08-05T23:55:00Z""}}, {""user_id"": {""$oid"": ""000100000000000000000023""}, ""depuis"": {""$date"": ""2026-06-25T19:55:00Z""}}, {""user_id"": {""$oid"": ""00010000000000000000007e""}, ""depuis"": {""$date"": ""2026-08-13T22:29:00Z""}}, {""user_id"": {""$oid"": ""00010000000000000000007b""}, ""depuis"": {""$date"": ""2026-06-28T05:34:00Z""}}, {""user_id"": {""$oid"": ""00010000000000000000001d""}, ""depuis"": {""$date"": ""2026-07-16T16:47:00Z""}}, {""user_id"": {""$oid"": ""000100000000000000000026""}, ""depuis"": {""$date"": ""2026-08-07T00:40:00Z""}}, {""user_id"": {""$oid"": ""000100000000000000000004""}, ""depuis"": {""$date"": ""2026-08-11T17:12:00Z""}}, {""user_id"": {""$oid"": ""00010000000000000000005d""}, ""depuis"": {""$date"": ""2026-06-09T09:58:00Z""}}, {""user_id"": {""$oid"": ""000100000000000000000055""}, ""depuis"": {""$date"": ""2026-08-06T21:08:00Z""}}, {""user_id"": {""$oid"": ""00010000000000000000008a""}, ""depuis"": {""$date"": ""2026-07-19T14:39:00Z""}}, {""user_id"": {""$oid"": ""000100000000000000000079""}, ""depuis"": {""$date"": ""2026-06-23T03:28:00Z""}}, {""user_id"": {""$oid"": ""000100000000000000000081""}, ""depuis"": {""$date"": ""2026-06-07T17:17:00Z""}}, {""user_id"": {""$oid"": ""000100000000000000000039""}, ""depuis"": {""$date"": ""2026-07-05T09:10:00Z""}}, {""user_id"": {""$oid"": ""000100000000000000000017""}, ""depuis"": {""$date"": ""2026-06-13T12:50:00Z""}}, {""user_id"": {""$oid"": ""00010000000000000000000e""}, ""depuis"": {""$date"": ""2026-07-25T02:36:00Z""}}, {""user_id"": {""$oid"": ""000100000000000000000019""}, ""depuis"": {""$date"": ""2026-06-29T14:59:00Z""}}, {""user_id"": {""$oid"": ""000100000000000000000025""}, ""depuis"": {""$date"": ""2026-06-10T19:25:00Z""}}, {""user_id"": {""$oid"": ""000100000000000000000086""}, ""depuis"": {""$date"": ""2026-07-21T03:40:00Z""}}, {""user_id"": {""$oid"": ""00010000000000000000006f""}, ""depuis"": {""$date"": ""2026-05-14T17:52:00Z""}}, {""user_id"": {""$oid"": ""00010000000000000000002e""}, ""depuis"": {""$date"": ""2026-08-02T12:20:00Z""}}, {""user_id"": {""$oid"": ""000100000000000000000037""}, ""depuis"": {""$date"": ""2026-07-07T21:44:00Z""}}, {""user_id"": {""$oid"": ""00010000000000000000008b""}, ""depuis"": {""$date"": ""2026-06-07T15:18:00Z""}}, {""user_id"": {""$oid"": ""00010000000000000000008c""}, ""depuis"": {""$date"": ""2026-05-18T22:37:00Z""}}, {""user_id"": {""$oid"": ""000100000000000000000076""}, ""depuis"": {""$date"": ""2026-08-07T23:44:00Z""}}, {""user_id"": {""$oid"": ""00010000000000000000001a""}, ""depuis"": {""$date"": ""2026-07-29T08:46:00Z""}}, {""user_id"": {""$oid"": ""000100000000000000000061""}, ""depuis"": {""$date"": ""2026-06-23T18:07:00Z""}}, {""user_id"": {""$oid"": ""000100000000000000000046""}, ""depuis"": {""$date"": ""2026-07-27T18:49:00Z""}}, {""user_id"": {""$oid"": ""000100000000000000000087""}, ""depuis"": {""$date"": ""2026-06-03T22:57:00Z""}}, {""user_id"": {""$oid"": ""000100000000000000000059""}, ""depuis"": {""$date"": ""2026-07-18T05:07:00Z""}}, {""user_id"": {""$oid"": ""000100000000000000000080""}, ""depuis"": {""$date"": ""2026-06-20T02:07:00Z""}}, {""user_id"": {""$oid"": ""000100000000000000000057""}, ""depuis"": {""$date"": ""2026-07-28T11:25:00Z""}}, {""user_id"": {""$oid"": ""000100000000000000000022""}, ""depuis"": {""$date"": ""2026-07-31T10:57:00Z""}}, {""user_id"": {""$oid"": ""00010000000000000000002a""}, ""depuis"": {""$date"": ""2026-07-30T19:02:00Z""}}, {""user_id"": {""$oid"": ""00010000000000000000001f""}, ""depuis"": {""$date"": ""2026-08-08T02:45:00Z""}}, {""user_id"": {""$oid"": ""00010000000000000000008f""}, ""depuis"": {""$date"": ""2026-08-06T12:13:00Z""}}, {""user_id"": {""$oid"": ""000100000000000000000021""}, ""depuis"": {""$date"": ""2026-08-04T20:59:00Z""}}, {""user_id"": {""$oid"": ""000100000000000000000013""}, ""depuis"": {""$date"": ""2026-07-25T02:34:00Z""}}, {""user_id"": {""$oid"": ""000100000000000000000056""}, ""depuis"": {""$date"": ""2026-08-08T16:26:00Z""}}, {""user_id"": {""$oid"": ""000100000000000000000054""}, ""depuis"": {""$date"": ""2026-07-20T06:36:00Z""}}, {""user_id"": {""$oid"": ""000100000000000000000008""}, ""depuis"": {""$date"": ""2026-07-15T06:34:00Z""}}, {""user_id"": {""$oid"": ""000100000000000000000064""}, ""depuis"": {""$date"": ""2026-07-12T23:37:00Z""}}, {""user_id"": {""$oid"": ""000100000000000000000042""}, ""depuis"": {""$date"": ""2026-07-27T03:13:00Z""}}, {""user_id"": {""$oid"": ""000100000000000000000043""}, ""depuis"": {""$date"": ""2026-06-05T12:39:00Z""}}, {""user_id"": {""$oid"": ""000100000000000000000010""}, ""depuis"": {""$date"": ""2026-06-19T15:56:00Z""}}, {""user_id"": {""$oid"": ""000100000000000000000065""}, ""depuis"": {""$date"": ""2026-06-27T10:46:00Z""}}, {""user_id"": {""$oid"": ""000100000000000000000036""}, ""depuis"": {""$date"": ""2026-06-21T19:24:00Z""}}, {""user_id"": {""$oid"": ""000100000000000000000015""}, ""depuis"": {""$date"": ""2026-06-16T18:15:00Z""}}, {""user_id"": {""$oid"": ""000100000000000000000002""}, ""depuis"": {""$date"": ""2026-06-17T11:12:00Z""}}, {""user_id"": {""$oid"": ""000100000000000000000051""}, ""depuis"": {""$date"": ""2026-07-20T05:56:00Z""}}, {""user_id"": {""$oid"": ""00010000000000000000003c""}, ""depuis"": {""$date"": ""2026-08-08T15:47:00Z""}}, {""user_id"": {""$oid"": ""000100000000000000000003""}, ""depuis"": {""$date"": ""2026-07-28T22:41:00Z""}}, {""user_id"": {""$oid"": ""00010000000000000000000d""}, ""depuis"": {""$date"": ""2026-07-22T11:04:00Z""}}, {""user_id"": {""$oid"": ""00010000000000000000000b""}, ""depuis"": {""$date"": ""2026-07-09T06:33:00Z""}}, {""user_id"": {""$oid"": ""000100000000000000000078""}, ""depuis"": {""$date"": ""2026-06-21T03:20:00Z""}}, {""user_id"": {""$oid"": ""000100000000000000000009""}, ""depuis"": {""$date"": ""2026-07-25T23:01:00Z""}}, {""user_id"": {""$oid"": ""000100000000000000000027""}, ""depuis"": {""$date"": ""2026-06-07T02:57:00Z""}}, {""user_id"": {""$oid"": ""000100000000000000000053""}, ""depuis"": {""$date"": ""2026-08-09T23:44:00Z""}}, {""user_id"": {""$oid"": ""000100000000000000000050""}, ""depuis"": {""$date"": ""2026-05-31T18:38:00Z""}}, {""user_id"": {""$oid"": ""00010000000000000000001c""}, ""depuis"": {""$date"": ""2026-08-06T12:15:00Z""}}, {""user_id"": {""$oid"": ""000100000000000000000075""}, ""depuis"": {""$date"": ""2026-07-07T23:53:00Z""}}, {""user_id"": {""$oid"": ""000100000000000000000033""}, ""depuis"": {""$date"": ""2026-07-29T16:54:00Z""}}]";public;populaire;2026-05-10 16:18:00
00020000000000000000001a;GRP-26;Bureau a distance;Teletravail, outils et astuces.;000100000000000000000084;000100000000000000000084;"[{""user_id"": {""$oid"": ""000100000000000000000019""}, ""depuis"": {""$date"": ""2025-04-08T02:01:00Z""}}, {""user_id"": {""$oid"": ""000100000000000000000009""}, ""depuis"": {""$date"": ""2026-07-07T09:54:00Z""}}, {""user_id"": {""$oid"": ""00010000000000000000006d""}, ""depuis"": {""$date"": ""2025-01-12T18:10:00Z""}}, {""user_id"": {""$oid"": ""000100000000000000000013""}, ""depuis"": {""$date"": ""2026-01-01T06:38:00Z""}}, {""user_id"": {""$oid"": ""00010000000000000000000b""}, ""depuis"": {""$date"": ""2026-05-14T03:48:00Z""}}, {""user_id"": {""$oid"": ""000100000000000000000043""}, ""depuis"": {""$date"": ""2026-07-21T21:37:00Z""}}, {""user_id"": {""$oid"": ""000100000000000000000084""}, ""depuis"": {""$date"": ""2024-05-14T07:15:00Z""}}, {""user_id"": {""$oid"": ""000100000000000000000010""}, ""depuis"": {""$date"": ""2026-01-05T13:34:00Z""}}, {""user_id"": {""$oid"": ""000100000000000000000057""}, ""depuis"": {""$date"": ""2026-03-14T06:20:00Z""}}, {""user_id"": {""$oid"": ""00010000000000000000008e""}, ""depuis"": {""$date"": ""2024-06-20T07:53:00Z""}}, {""user_id"": {""$oid"": ""00010000000000000000007b""}, ""depuis"": {""$date"": ""2025-03-31T00:23:00Z""}}, {""user_id"": {""$oid"": ""000100000000000000000004""}, ""depuis"": {""$date"": ""2026-03-20T18:47:00Z""}}, {""user_id"": {""$oid"": ""00010000000000000000003c""}, ""depuis"": {""$date"": ""2025-02-06T00:34:00Z""}}, {""user_id"": {""$oid"": ""000100000000000000000081""}, ""depuis"": {""$date"": ""2026-04-10T21:41:00Z""}}, {""user_id"": {""$oid"": ""00010000000000000000000a""}, ""depuis"": {""$date"": ""2026-04-17T09:46:00Z""}}, {""user_id"": {""$oid"": ""000100000000000000000036""}, ""depuis"": {""$date"": ""2026-06-12T15:27:00Z""}}, {""user_id"": {""$oid"": ""000100000000000000000050""}, ""depuis"": {""$date"": ""2026-07-15T02:26:00Z""}}, {""user_id"": {""$oid"": ""000100000000000000000018""}, ""depuis"": {""$date"": ""2026-05-25T10:56:00Z""}}, {""user_id"": {""$oid"": ""00010000000000000000001a""}, ""depuis"": {""$date"": ""2025-01-16T03:55:00Z""}}, {""user_id"": {""$oid"": ""00010000000000000000003d""}, ""depuis"": {""$date"": ""2026-03-24T15:41:00Z""}}, {""user_id"": {""$oid"": ""000100000000000000000077""}, ""depuis"": {""$date"": ""2026-01-28T14:17:00Z""}}, {""user_id"": {""$oid"": ""000100000000000000000090""}, ""depuis"": {""$date"": ""2025-10-06T19:54:00Z""}}, {""user_id"": {""$oid"": ""000100000000000000000028""}, ""depuis"": {""$date"": ""2026-05-14T17:53:00Z""}}, {""user_id"": {""$oid"": ""000100000000000000000059""}, ""depuis"": {""$date"": ""2025-01-03T09:07:00Z""}}, {""user_id"": {""$oid"": ""00010000000000000000008a""}, ""depuis"": {""$date"": ""2026-02-07T23:51:00Z""}}, {""user_id"": {""$oid"": ""00010000000000000000004a""}, ""depuis"": {""$date"": ""2026-02-20T03:52:00Z""}}, {""user_id"": {""$oid"": ""000100000000000000000092""}, ""depuis"": {""$date"": ""2026-03-16T17:04:00Z""}}, {""user_id"": {""$oid"": ""000100000000000000000008""}, ""depuis"": {""$date"": ""2025-03-27T06:57:00Z""}}, {""user_id"": {""$oid"": ""000100000000000000000020""}, ""depuis"": {""$date"": ""2025-08-10T11:51:00Z""}}, {""user_id"": {""$oid"": ""000100000000000000000037""}, ""depuis"": {""$date"": ""2026-06-06T18:35:00Z""}}, {""user_id"": {""$oid"": ""000100000000000000000021""}, ""depuis"": {""$date"": ""2026-07-21T11:05:00Z""}}, {""user_id"": {""$oid"": ""00010000000000000000005d""}, ""depuis"": {""$date"": ""2025-09-17T12:35:00Z""}}, {""user_id"": {""$oid"": ""000100000000000000000025""}, ""depuis"": {""$date"": ""2025-12-22T04:01:00Z""}}, {""user_id"": {""$oid"": ""00010000000000000000008f""}, ""depuis"": {""$date"": ""2024-07-08T03:23:00Z""}}, {""user_id"": {""$oid"": ""00010000000000000000000e""}, ""depuis"": {""$date"": ""2024-10-12T02:04:00Z""}}, {""user_id"": {""$oid"": ""00010000000000000000004e""}, ""depuis"": {""$date"": ""2026-07-16T16:35:00Z""}}, {""user_id"": {""$oid"": ""00010000000000000000005a""}, ""depuis"": {""$date"": ""2024-09-05T14:50:00Z""}}, {""user_id"": {""$oid"": ""000100000000000000000017""}, ""depuis"": {""$date"": ""2024-09-24T12:14:00Z""}}, {""user_id"": {""$oid"": ""000100000000000000000049""}, ""depuis"": {""$date"": ""2024-07-17T23:37:00Z""}}, {""user_id"": {""$oid"": ""000100000000000000000022""}, ""depuis"": {""$date"": ""2024-05-27T18:26:00Z""}}, {""user_id"": {""$oid"": ""000100000000000000000030""}, ""depuis"": {""$date"": ""2024-08-04T06:00:00Z""}}, {""user_id"": {""$oid"": ""00010000000000000000002e""}, ""depuis"": {""$date"": ""2026-02-06T02:53:00Z""}}, {""user_id"": {""$oid"": ""00010000000000000000006f""}, ""depuis"": {""$date"": ""2025-09-24T15:40:00Z""}}, {""user_id"": {""$oid"": ""000100000000000000000064""}, ""depuis"": {""$date"": ""2025-07-09T03:24:00Z""}}, {""user_id"": {""$oid"": ""000100000000000000000044""}, ""depuis"": {""$date"": ""2025-11-19T09:51:00Z""}}, {""user_id"": {""$oid"": ""000100000000000000000071""}, ""depuis"": {""$date"": ""2025-05-24T20:59:00Z""}}, {""user_id"": {""$oid"": ""000100000000000000000024""}, ""depuis"": {""$date"": ""2025-01-03T06:08:00Z""}}, {""user_id"": {""$oid"": ""000100000000000000000012""}, ""depuis"": {""$date"": ""2025-10-19T10:57:00Z""}}, {""user_id"": {""$oid"": ""000100000000000000000069""}, ""depuis"": {""$date"": ""2025-07-26T12:39:00Z""}}, {""user_id"": {""$oid"": ""00010000000000000000005b""}, ""depuis"": {""$date"": ""2024-08-24T20:46:00Z""}}, {""user_id"": {""$oid"": ""000100000000000000000091""}, ""depuis"": {""$date"": ""2025-05-11T15:31:00Z""}}, {""user_id"": {""$oid"": ""00010000000000000000003a""}, ""depuis"": {""$date"": ""2026-06-08T02:58:00Z""}}, {""user_id"": {""$oid"": ""000100000000000000000048""}, ""depuis"": {""$date"": ""2025-09-16T09:56:00Z""}}, {""user_id"": {""$oid"": ""00010000000000000000005c""}, ""depuis"": {""$date"": ""2026-01-24T18:44:00Z""}}, {""user_id"": {""$oid"": ""000100000000000000000027""}, ""depuis"": {""$date"": ""2026-06-12T09:14:00Z""}}, {""user_id"": {""$oid"": ""000100000000000000000061""}, ""depuis"": {""$date"": ""2026-06-01T17:49:00Z""}}, {""user_id"": {""$oid"": ""000100000000000000000052""}, ""depuis"": {""$date"": ""2025-10-22T07:56:00Z""}}, {""user_id"": {""$oid"": ""000100000000000000000088""}, ""depuis"": {""$date"": ""2025-02-10T11:51:00Z""}}, {""user_id"": {""$oid"": ""00010000000000000000007f""}, ""depuis"": {""$date"": ""2025-08-07T09:34:00Z""}}, {""user_id"": {""$oid"": ""000100000000000000000079""}, ""depuis"": {""$date"": ""2026-06-11T08:51:00Z""}}, {""user_id"": {""$oid"": ""000100000000000000000054""}, ""depuis"": {""$date"": ""2024-10-18T23:25:00Z""}}, {""user_id"": {""$oid"": ""00010000000000000000002b""}, ""depuis"": {""$date"": ""2026-08-15T01:06:00Z""}}, {""user_id"": {""$oid"": ""00010000000000000000000c""}, ""depuis"": {""$date"": ""2025-01-17T13:29:00Z""}}, {""user_id"": {""$oid"": ""000100000000000000000007""}, ""depuis"": {""$date"": ""2025-01-05T10:51:00Z""}}, {""user_id"": {""$oid"": ""000100000000000000000094""}, ""depuis"": {""$date"": ""2025-11-20T01:43:00Z""}}, {""user_id"": {""$oid"": ""000100000000000000000006""}, ""depuis"": {""$date"": ""2026-02-18T06:30:00Z""}}, {""user_id"": {""$oid"": ""000100000000000000000086""}, ""depuis"": {""$date"": ""2024-11-14T07:01:00Z""}}, {""user_id"": {""$oid"": ""000100000000000000000003""}, ""depuis"": {""$date"": ""2026-02-09T17:13:00Z""}}, {""user_id"": {""$oid"": ""000100000000000000000026""}, ""depuis"": {""$date"": ""2025-02-09T04:02:00Z""}}, {""user_id"": {""$oid"": ""000100000000000000000056""}, ""depuis"": {""$date"": ""2026-05-13T18:00:00Z""}}, {""user_id"": {""$oid"": ""000100000000000000000089""}, ""depuis"": {""$date"": ""2025-08-19T08:33:00Z""}}, {""user_id"": {""$oid"": ""000100000000000000000031""}, ""depuis"": {""$date"": ""2025-06-05T17:10:00Z""}}, {""user_id"": {""$oid"": ""00010000000000000000001c""}, ""depuis"": {""$date"": ""2025-12-03T12:19:00Z""}}, {""user_id"": {""$oid"": ""00010000000000000000002a""}, ""depuis"": {""$date"": ""2024-12-28T02:37:00Z""}}, {""user_id"": {""$oid"": ""00010000000000000000007e""}, ""depuis"": {""$date"": ""2026-07-29T14:42:00Z""}}, {""user_id"": {""$oid"": ""00010000000000000000006a""}, ""depuis"": {""$date"": ""2026-03-22T12:09:00Z""}}, {""user_id"": {""$oid"": ""000100000000000000000063""}, ""depuis"": {""$date"": ""2024-10-12T02:14:00Z""}}, {""user_id"": {""$oid"": ""00010000000000000000006c""}, ""depuis"": {""$date"": ""2024-07-14T11:22:00Z""}}, {""user_id"": {""$oid"": ""000100000000000000000087""}, ""depuis"": {""$date"": ""2025-06-29T03:58:00Z""}}, {""user_id"": {""$oid"": ""000100000000000000000055""}, ""depuis"": {""$date"": ""2025-12-27T02:03:00Z""}}, {""user_id"": {""$oid"": ""00010000000000000000008c""}, ""depuis"": {""$date"": ""2026-05-24T17:44:00Z""}}, {""user_id"": {""$oid"": ""000100000000000000000066""}, ""depuis"": {""$date"": ""2026-06-08T14:51:00Z""}}, {""user_id"": {""$oid"": ""00010000000000000000001f""}, ""depuis"": {""$date"": ""2026-05-25T02:37:00Z""}}, {""user_id"": {""$oid"": ""000100000000000000000096""}, ""depuis"": {""$date"": ""2026-03-08T13:58:00Z""}}, {""user_id"": {""$oid"": ""000100000000000000000075""}, ""depuis"": {""$date"": ""2024-06-14T07:11:00Z""}}]";public;populaire;2024-05-14 07:15:00
00020000000000000000001b;GRP-27;Etude biblique;Lecture et partage autour de la Bible.;000100000000000000000054;"000100000000000000000054;000100000000000000000015";"[{""user_id"": {""$oid"": ""000100000000000000000079""}, ""depuis"": {""$date"": ""2026-06-10T06:25:00Z""}}, {""user_id"": {""$oid"": ""000100000000000000000092""}, ""depuis"": {""$date"": ""2026-07-31T19:44:00Z""}}, {""user_id"": {""$oid"": ""000100000000000000000055""}, ""depuis"": {""$date"": ""2026-05-09T19:33:00Z""}}, {""user_id"": {""$oid"": ""000100000000000000000052""}, ""depuis"": {""$date"": ""2026-08-09T10:49:00Z""}}, {""user_id"": {""$oid"": ""00010000000000000000000b""}, ""depuis"": {""$date"": ""2026-07-11T17:22:00Z""}}, {""user_id"": {""$oid"": ""000100000000000000000078""}, ""depuis"": {""$date"": ""2026-07-10T22:29:00Z""}}, {""user_id"": {""$oid"": ""000100000000000000000046""}, ""depuis"": {""$date"": ""2026-05-22T11:11:00Z""}}, {""user_id"": {""$oid"": ""00010000000000000000005b""}, ""depuis"": {""$date"": ""2026-07-16T19:11:00Z""}}, {""user_id"": {""$oid"": ""00010000000000000000000a""}, ""depuis"": {""$date"": ""2026-05-19T08:04:00Z""}}, {""user_id"": {""$oid"": ""000100000000000000000080""}, ""depuis"": {""$date"": ""2026-06-09T08:59:00Z""}}, {""user_id"": {""$oid"": ""000100000000000000000049""}, ""depuis"": {""$date"": ""2026-06-01T03:53:00Z""}}, {""user_id"": {""$oid"": ""000100000000000000000051""}, ""depuis"": {""$date"": ""2026-07-03T05:36:00Z""}}, {""user_id"": {""$oid"": ""000100000000000000000036""}, ""depuis"": {""$date"": ""2026-07-21T09:23:00Z""}}, {""user_id"": {""$oid"": ""00010000000000000000008f""}, ""depuis"": {""$date"": ""2026-06-03T23:40:00Z""}}, {""user_id"": {""$oid"": ""00010000000000000000007e""}, ""depuis"": {""$date"": ""2026-05-27T12:10:00Z""}}, {""user_id"": {""$oid"": ""000100000000000000000061""}, ""depuis"": {""$date"": ""2026-06-13T05:43:00Z""}}, {""user_id"": {""$oid"": ""000100000000000000000088""}, ""depuis"": {""$date"": ""2026-07-07T05:34:00Z""}}, {""user_id"": {""$oid"": ""000100000000000000000075""}, ""depuis"": {""$date"": ""2026-07-01T17:27:00Z""}}, {""user_id"": {""$oid"": ""000100000000000000000026""}, ""depuis"": {""$date"": ""2026-05-22T02:09:00Z""}}, {""user_id"": {""$oid"": ""000100000000000000000039""}, ""depuis"": {""$date"": ""2026-07-13T20:05:00Z""}}, {""user_id"": {""$oid"": ""00010000000000000000001c""}, ""depuis"": {""$date"": ""2026-08-10T00:43:00Z""}}, {""user_id"": {""$oid"": ""000100000000000000000014""}, ""depuis"": {""$date"": ""2026-05-09T01:22:00Z""}}, {""user_id"": {""$oid"": ""000100000000000000000010""}, ""depuis"": {""$date"": ""2026-07-26T01:49:00Z""}}, {""user_id"": {""$oid"": ""00010000000000000000007b""}, ""depuis"": {""$date"": ""2026-06-07T18:53:00Z""}}, {""user_id"": {""$oid"": ""00010000000000000000003b""}, ""depuis"": {""$date"": ""2026-07-15T21:02:00Z""}}, {""user_id"": {""$oid"": ""000100000000000000000096""}, ""depuis"": {""$date"": ""2026-06-24T00:45:00Z""}}, {""user_id"": {""$oid"": ""000100000000000000000073""}, ""depuis"": {""$date"": ""2026-06-12T05:54:00Z""}}, {""user_id"": {""$oid"": ""000100000000000000000071""}, ""depuis"": {""$date"": ""2026-08-13T15:44:00Z""}}, {""user_id"": {""$oid"": ""000100000000000000000063""}, ""depuis"": {""$date"": ""2026-06-29T09:03:00Z""}}, {""user_id"": {""$oid"": ""00010000000000000000003f""}, ""depuis"": {""$date"": ""2026-08-15T00:24:00Z""}}, {""user_id"": {""$oid"": ""000100000000000000000012""}, ""depuis"": {""$date"": ""2026-05-10T12:16:00Z""}}, {""user_id"": {""$oid"": ""000100000000000000000007""}, ""depuis"": {""$date"": ""2026-08-09T00:45:00Z""}}, {""user_id"": {""$oid"": ""000100000000000000000009""}, ""depuis"": {""$date"": ""2026-07-06T19:38:00Z""}}, {""user_id"": {""$oid"": ""000100000000000000000008""}, ""depuis"": {""$date"": ""2026-06-07T08:44:00Z""}}, {""user_id"": {""$oid"": ""00010000000000000000001f""}, ""depuis"": {""$date"": ""2026-05-16T01:24:00Z""}}, {""user_id"": {""$oid"": ""00010000000000000000001e""}, ""depuis"": {""$date"": ""2026-06-21T07:55:00Z""}}, {""user_id"": {""$oid"": ""000100000000000000000022""}, ""depuis"": {""$date"": ""2026-07-04T12:02:00Z""}}, {""user_id"": {""$oid"": ""000100000000000000000023""}, ""depuis"": {""$date"": ""2026-06-26T01:12:00Z""}}, {""user_id"": {""$oid"": ""000100000000000000000011""}, ""depuis"": {""$date"": ""2026-08-01T03:11:00Z""}}, {""user_id"": {""$oid"": ""00010000000000000000000d""}, ""depuis"": {""$date"": ""2026-07-29T00:42:00Z""}}, {""user_id"": {""$oid"": ""000100000000000000000019""}, ""depuis"": {""$date"": ""2026-07-10T11:57:00Z""}}, {""user_id"": {""$oid"": ""000100000000000000000038""}, ""depuis"": {""$date"": ""2026-05-13T19:33:00Z""}}, {""user_id"": {""$oid"": ""00010000000000000000005c""}, ""depuis"": {""$date"": ""2026-06-27T22:31:00Z""}}, {""user_id"": {""$oid"": ""000100000000000000000050""}, ""depuis"": {""$date"": ""2026-08-02T21:51:00Z""}}, {""user_id"": {""$oid"": ""000100000000000000000059""}, ""depuis"": {""$date"": ""2026-05-21T12:58:00Z""}}, {""user_id"": {""$oid"": ""00010000000000000000005d""}, ""depuis"": {""$date"": ""2026-07-09T14:31:00Z""}}, {""user_id"": {""$oid"": ""000100000000000000000044""}, ""depuis"": {""$date"": ""2026-05-12T01:13:00Z""}}, {""user_id"": {""$oid"": ""000100000000000000000028""}, ""depuis"": {""$date"": ""2026-05-31T07:53:00Z""}}, {""user_id"": {""$oid"": ""000100000000000000000032""}, ""depuis"": {""$date"": ""2026-05-08T00:46:00Z""}}, {""user_id"": {""$oid"": ""00010000000000000000003c""}, ""depuis"": {""$date"": ""2026-05-09T16:33:00Z""}}, {""user_id"": {""$oid"": ""000100000000000000000076""}, ""depuis"": {""$date"": ""2026-07-03T17:44:00Z""}}, {""user_id"": {""$oid"": ""000100000000000000000018""}, ""depuis"": {""$date"": ""2026-07-18T21:04:00Z""}}, {""user_id"": {""$oid"": ""000100000000000000000056""}, ""depuis"": {""$date"": ""2026-06-13T17:25:00Z""}}, {""user_id"": {""$oid"": ""000100000000000000000024""}, ""depuis"": {""$date"": ""2026-08-05T05:56:00Z""}}, {""user_id"": {""$oid"": ""000100000000000000000082""}, ""depuis"": {""$date"": ""2026-07-18T18:01:00Z""}}, {""user_id"": {""$oid"": ""00010000000000000000003d""}, ""depuis"": {""$date"": ""2026-07-20T09:04:00Z""}}, {""user_id"": {""$oid"": ""000100000000000000000015""}, ""depuis"": {""$date"": ""2026-05-12T22:42:00Z""}}, {""user_id"": {""$oid"": ""000100000000000000000034""}, ""depuis"": {""$date"": ""2026-06-27T10:37:00Z""}}, {""user_id"": {""$oid"": ""000100000000000000000033""}, ""depuis"": {""$date"": ""2026-07-17T19:18:00Z""}}, {""user_id"": {""$oid"": ""00010000000000000000005a""}, ""depuis"": {""$date"": ""2026-07-10T03:11:00Z""}}, {""user_id"": {""$oid"": ""000100000000000000000048""}, ""depuis"": {""$date"": ""2026-07-16T04:24:00Z""}}, {""user_id"": {""$oid"": ""00010000000000000000008e""}, ""depuis"": {""$date"": ""2026-08-13T11:49:00Z""}}, {""user_id"": {""$oid"": ""000100000000000000000030""}, ""depuis"": {""$date"": ""2026-07-27T09:23:00Z""}}, {""user_id"": {""$oid"": ""000100000000000000000003""}, ""depuis"": {""$date"": ""2026-07-24T00:40:00Z""}}, {""user_id"": {""$oid"": ""000100000000000000000025""}, ""depuis"": {""$date"": ""2026-07-11T09:27:00Z""}}, {""user_id"": {""$oid"": ""000100000000000000000045""}, ""depuis"": {""$date"": ""2026-05-31T15:45:00Z""}}, {""user_id"": {""$oid"": ""000100000000000000000065""}, ""depuis"": {""$date"": ""2026-07-12T04:36:00Z""}}, {""user_id"": {""$oid"": ""000100000000000000000087""}, ""depuis"": {""$date"": ""2026-06-25T18:06:00Z""}}, {""user_id"": {""$oid"": ""000100000000000000000013""}, ""depuis"": {""$date"": ""2026-06-12T10:00:00Z""}}, {""user_id"": {""$oid"": ""000100000000000000000042""}, ""depuis"": {""$date"": ""2026-08-08T21:07:00Z""}}, {""user_id"": {""$oid"": ""000100000000000000000053""}, ""depuis"": {""$date"": ""2026-06-29T15:33:00Z""}}, {""user_id"": {""$oid"": ""000100000000000000000091""}, ""depuis"": {""$date"": ""2026-06-26T17:48:00Z""}}, {""user_id"": {""$oid"": ""000100000000000000000086""}, ""depuis"": {""$date"": ""2026-05-22T03:15:00Z""}}, {""user_id"": {""$oid"": ""000100000000000000000081""}, ""depuis"": {""$date"": ""2026-08-01T07:34:00Z""}}, {""user_id"": {""$oid"": ""000100000000000000000066""}, ""depuis"": {""$date"": ""2026-05-22T10:11:00Z""}}, {""user_id"": {""$oid"": ""000100000000000000000054""}, ""depuis"": {""$date"": ""2026-05-05T23:01:00Z""}}, {""user_id"": {""$oid"": ""000100000000000000000027""}, ""depuis"": {""$date"": ""2026-07-06T19:51:00Z""}}, {""user_id"": {""$oid"": ""00010000000000000000004e""}, ""depuis"": {""$date"": ""2026-08-12T18:09:00Z""}}, {""user_id"": {""$oid"": ""00010000000000000000007c""}, ""depuis"": {""$date"": ""2026-05-28T00:04:00Z""}}, {""user_id"": {""$oid"": ""00010000000000000000006a""}, ""depuis"": {""$date"": ""2026-05-10T10:14:00Z""}}, {""user_id"": {""$oid"": ""00010000000000000000008a""}, ""depuis"": {""$date"": ""2026-05-30T21:59:00Z""}}, {""user_id"": {""$oid"": ""000100000000000000000043""}, ""depuis"": {""$date"": ""2026-05-26T17:54:00Z""}}, {""user_id"": {""$oid"": ""00010000000000000000008c""}, ""depuis"": {""$date"": ""2026-06-22T03:17:00Z""}}, {""user_id"": {""$oid"": ""000100000000000000000093""}, ""depuis"": {""$date"": ""2026-05-20T09:48:00Z""}}, {""user_id"": {""$oid"": ""00010000000000000000008d""}, ""depuis"": {""$date"": ""2026-06-09T08:23:00Z""}}]";public;populaire;2026-05-05 23:01:00
00020000000000000000001c;GRP-28;Collectionneurs de vinyles;Echanges de disques et de souvenirs.;000100000000000000000094;000100000000000000000094;"[{""user_id"": {""$oid"": ""000100000000000000000014""}, ""depuis"": {""$date"": ""2026-03-21T14:25:00Z""}}, {""user_id"": {""$oid"": ""00010000000000000000006d""}, ""depuis"": {""$date"": ""2026-06-18T17:58:00Z""}}, {""user_id"": {""$oid"": ""000100000000000000000064""}, ""depuis"": {""$date"": ""2025-11-11T12:20:00Z""}}, {""user_id"": {""$oid"": ""000100000000000000000022""}, ""depuis"": {""$date"": ""2026-06-09T23:30:00Z""}}, {""user_id"": {""$oid"": ""000100000000000000000019""}, ""depuis"": {""$date"": ""2025-09-14T10:21:00Z""}}, {""user_id"": {""$oid"": ""000100000000000000000094""}, ""depuis"": {""$date"": ""2025-08-11T11:51:00Z""}}, {""user_id"": {""$oid"": ""000100000000000000000055""}, ""depuis"": {""$date"": ""2026-07-12T22:01:00Z""}}, {""user_id"": {""$oid"": ""000100000000000000000096""}, ""depuis"": {""$date"": ""2026-01-30T16:05:00Z""}}, {""user_id"": {""$oid"": ""00010000000000000000003f""}, ""depuis"": {""$date"": ""2025-08-15T05:45:00Z""}}, {""user_id"": {""$oid"": ""00010000000000000000000d""}, ""depuis"": {""$date"": ""2026-05-19T07:41:00Z""}}]";public;moins_populaire;2025-08-11 11:51:00
00020000000000000000001d;GRP-29;Equipe projet MongoDB;Preparation des projets de la matiere NoSQL.;000100000000000000000046;"000100000000000000000046;000100000000000000000034;00010000000000000000008a";"[{""user_id"": {""$oid"": ""000100000000000000000046""}, ""depuis"": {""$date"": ""2025-11-05T01:34:00Z""}}, {""user_id"": {""$oid"": ""000100000000000000000087""}, ""depuis"": {""$date"": ""2026-06-19T09:14:00Z""}}, {""user_id"": {""$oid"": ""000100000000000000000034""}, ""depuis"": {""$date"": ""2026-07-18T11:15:00Z""}}, {""user_id"": {""$oid"": ""00010000000000000000008a""}, ""depuis"": {""$date"": ""2026-07-08T02:56:00Z""}}, {""user_id"": {""$oid"": ""000100000000000000000013""}, ""depuis"": {""$date"": ""2026-03-13T13:47:00Z""}}, {""user_id"": {""$oid"": ""000100000000000000000064""}, ""depuis"": {""$date"": ""2026-07-21T07:14:00Z""}}, {""user_id"": {""$oid"": ""00010000000000000000000b""}, ""depuis"": {""$date"": ""2025-12-16T03:59:00Z""}}, {""user_id"": {""$oid"": ""000100000000000000000027""}, ""depuis"": {""$date"": ""2026-07-14T14:36:00Z""}}, {""user_id"": {""$oid"": ""000100000000000000000063""}, ""depuis"": {""$date"": ""2025-12-22T10:29:00Z""}}, {""user_id"": {""$oid"": ""00010000000000000000007b""}, ""depuis"": {""$date"": ""2025-11-26T21:04:00Z""}}]";public;moins_populaire;2025-11-05 01:34:00
00020000000000000000001e;GRP-30;Marche et sport;Courses a pied, marche et remise en forme.;00010000000000000000007e;00010000000000000000007e;"[{""user_id"": {""$oid"": ""000100000000000000000060""}, ""depuis"": {""$date"": ""2026-07-25T20:57:00Z""}}, {""user_id"": {""$oid"": ""000100000000000000000059""}, ""depuis"": {""$date"": ""2026-03-18T18:15:00Z""}}, {""user_id"": {""$oid"": ""000100000000000000000015""}, ""depuis"": {""$date"": ""2026-04-08T00:53:00Z""}}, {""user_id"": {""$oid"": ""000100000000000000000094""}, ""depuis"": {""$date"": ""2026-03-20T19:25:00Z""}}, {""user_id"": {""$oid"": ""00010000000000000000004e""}, ""depuis"": {""$date"": ""2026-07-20T11:21:00Z""}}, {""user_id"": {""$oid"": ""00010000000000000000000a""}, ""depuis"": {""$date"": ""2026-03-20T18:52:00Z""}}, {""user_id"": {""$oid"": ""000100000000000000000086""}, ""depuis"": {""$date"": ""2026-03-03T17:57:00Z""}}, {""user_id"": {""$oid"": ""000100000000000000000085""}, ""depuis"": {""$date"": ""2026-05-26T01:50:00Z""}}, {""user_id"": {""$oid"": ""000100000000000000000088""}, ""depuis"": {""$date"": ""2026-08-03T17:08:00Z""}}, {""user_id"": {""$oid"": ""00010000000000000000003d""}, ""depuis"": {""$date"": ""2026-07-14T03:10:00Z""}}, {""user_id"": {""$oid"": ""000100000000000000000073""}, ""depuis"": {""$date"": ""2026-04-17T06:15:00Z""}}, {""user_id"": {""$oid"": ""000100000000000000000080""}, ""depuis"": {""$date"": ""2026-04-12T19:44:00Z""}}, {""user_id"": {""$oid"": ""000100000000000000000022""}, ""depuis"": {""$date"": ""2026-03-12T17:03:00Z""}}, {""user_id"": {""$oid"": ""000100000000000000000020""}, ""depuis"": {""$date"": ""2026-07-20T05:24:00Z""}}, {""user_id"": {""$oid"": ""000100000000000000000092""}, ""depuis"": {""$date"": ""2026-03-18T10:08:00Z""}}, {""user_id"": {""$oid"": ""000100000000000000000056""}, ""depuis"": {""$date"": ""2026-05-17T03:08:00Z""}}, {""user_id"": {""$oid"": ""000100000000000000000089""}, ""depuis"": {""$date"": ""2026-05-04T05:14:00Z""}}, {""user_id"": {""$oid"": ""00010000000000000000005b""}, ""depuis"": {""$date"": ""2026-07-02T10:51:00Z""}}, {""user_id"": {""$oid"": ""00010000000000000000008a""}, ""depuis"": {""$date"": ""2026-06-13T18:55:00Z""}}, {""user_id"": {""$oid"": ""00010000000000000000003f""}, ""depuis"": {""$date"": ""2026-04-09T09:48:00Z""}}, {""user_id"": {""$oid"": ""00010000000000000000000f""}, ""depuis"": {""$date"": ""2026-06-03T10:34:00Z""}}, {""user_id"": {""$oid"": ""00010000000000000000001a""}, ""depuis"": {""$date"": ""2026-08-08T18:06:00Z""}}, {""user_id"": {""$oid"": ""00010000000000000000007e""}, ""depuis"": {""$date"": ""2026-03-03T00:03:00Z""}}, {""user_id"": {""$oid"": ""000100000000000000000006""}, ""depuis"": {""$date"": ""2026-04-10T07:32:00Z""}}, {""user_id"": {""$oid"": ""000100000000000000000063""}, ""depuis"": {""$date"": ""2026-07-18T12:40:00Z""}}]";public;moins_populaire;2026-03-03 00:03:00
