type;groupe_id;destinataire_id;non_lu_par;pieces_jointes;statut;expediteur_id;contenu;date;_id
prive;;000100000000000000000010;;;lu;00010000000000000000007e;On se voit demain a la fac ?;2026-08-06 00:20:26;000500000000000000000001
prive;;000100000000000000000065;;;lu;000100000000000000000006;Ok, c'est note.;2026-08-06 00:35:56;000500000000000000000002
prive;;00010000000000000000007e;;;envoye;000100000000000000000010;Coucou, tu es dispo ce soir ?;2026-08-06 01:22:26;000500000000000000000003
prive;;000100000000000000000006;;;lu;000100000000000000000065;Merci pour ton aide, vraiment.;2026-08-06 01:42:56;000500000000000000000004
prive;;000100000000000000000006;;;lu;000100000000000000000065;Salut, tu vas bien ?;2026-08-06 02:01:56;000500000000000000000005
prive;;000100000000000000000020;;;lu;00010000000000000000005a;Peux-tu me renvoyer l'adresse ?;2026-08-06 10:17:19;000500000000000000000006
prive;;00010000000000000000005a;;;lu;000100000000000000000020;Salut, tu vas bien ?;2026-08-06 10:21:19;000500000000000000000007
prive;;00010000000000000000001b;;;lu;000100000000000000000088;Ne t'inquiete pas, tout va bien.;2026-08-06 13:15:46;000500000000000000000008
prive;;000100000000000000000088;;;lu;00010000000000000000001b;Tu as vu la publication d'hier ?;2026-08-06 14:22:46;000500000000000000000009
prive;;000100000000000000000088;;;lu;00010000000000000000001b;Haha, trop drole !;2026-08-06 15:46:46;00050000000000000000000a
prive;;000100000000000000000050;;;lu;000100000000000000000041;Dis-moi quand tu es libre.;2026-08-06 18:26:14;00050000000000000000000b
prive;;000100000000000000000050;;;lu;000100000000000000000041;C'est confirme pour samedi.;2026-08-06 18:58:14;00050000000000000000000c
prive;;000100000000000000000041;;;lu;000100000000000000000050;Coucou, tu es dispo ce soir ?;2026-08-06 18:59:14;00050000000000000000000d
prive;;000100000000000000000041;;;envoye;000100000000000000000050;Tu peux m'appeler quand tu as une minute ?;2026-08-06 19:30:14;00050000000000000000000e
prive;;000100000000000000000041;;;recu;000100000000000000000050;Je suis dans le bus, je reponds plus tard.;2026-08-06 19:43:14;00050000000000000000000f
prive;;00010000000000000000002f;;;lu;00010000000000000000001e;Je suis dans le bus, je reponds plus tard.;2026-08-07 06:47:59;000500000000000000000010
prive;;00010000000000000000001e;;;lu;00010000000000000000002f;Bonne idee, je suis partant.;2026-08-07 07:29:59;000500000000000000000011
prive;;00010000000000000000001e;;;lu;00010000000000000000002f;Tu peux m'appeler quand tu as une minute ?;2026-08-07 08:39:59;000500000000000000000012
prive;;00010000000000000000002f;;;lu;00010000000000000000001e;A tout a l'heure !;2026-08-07 09:19:59;000500000000000000000013
prive;;00010000000000000000002f;;;lu;00010000000000000000001e;Ok, c'est note.;2026-08-07 09:42:59;000500000000000000000014
prive;;00010000000000000000001e;;;lu;00010000000000000000002f;J'arrive dans dix minutes.;2026-08-07 09:45:59;000500000000000000000015
prive;;00010000000000000000001e;;;lu;00010000000000000000002f;Je t'ai envoye une photo.;2026-08-07 10:41:59;000500000000000000000016
prive;;00010000000000000000001e;;;lu;00010000000000000000002f;Tu as fini ton rapport ?;2026-08-07 10:46:59;000500000000000000000017
prive;;00010000000000000000007a;;;lu;000100000000000000000087;Le cours commence a quelle heure ?;2026-08-07 11:18:54;000500000000000000000018
prive;;000100000000000000000087;;;lu;00010000000000000000007a;Je suis dans le bus, je reponds plus tard.;2026-08-07 11:38:54;000500000000000000000019
prive;;00010000000000000000001e;;;lu;00010000000000000000002f;Tu as reussi a te connecter ?;2026-08-07 11:41:59;00050000000000000000001a
prive;;00010000000000000000002f;;;lu;00010000000000000000001e;Coucou, tu es dispo ce soir ?;2026-08-07 11:58:59;00050000000000000000001b
prive;;00010000000000000000001e;;;lu;00010000000000000000002f;Merci pour ton aide, vraiment.;2026-08-07 12:28:59;00050000000000000000001c
prive;;000100000000000000000087;;;lu;00010000000000000000007a;Tu as reussi a te connecter ?;2026-08-07 20:38:54;00050000000000000000001d
prive;;00010000000000000000007a;;;lu;000100000000000000000087;Salut, tu vas bien ?;2026-08-07 21:47:54;00050000000000000000001e
prive;;000100000000000000000087;;;lu;00010000000000000000007a;Super, merci beaucoup !;2026-08-07 22:37:54;00050000000000000000001f
prive;;000100000000000000000041;;;recu;000100000000000000000050;J'arrive dans dix minutes.;2026-08-07 23:43:14;000500000000000000000020
prive;;000100000000000000000006;;;lu;000100000000000000000065;Merci pour ton aide, vraiment.;2026-08-08 10:01:56;000500000000000000000021
prive;;000100000000000000000065;;;lu;000100000000000000000006;Salut, tu vas bien ?;2026-08-08 11:23:56;000500000000000000000022
prive;;000100000000000000000006;;;lu;000100000000000000000065;On se retrouve ou ?;2026-08-08 12:06:56;000500000000000000000023
prive;;000100000000000000000006;;;lu;000100000000000000000065;Tu as vu la publication d'hier ?;2026-08-08 12:51:56;000500000000000000000024
prive;;000100000000000000000006;;;lu;000100000000000000000065;Je t'ai envoye une photo.;2026-08-08 13:34:56;000500000000000000000025
prive;;000100000000000000000001;;;lu;000100000000000000000003;Super, merci beaucoup !;2026-08-08 15:57:35;000500000000000000000026
prive;;00010000000000000000001e;;;lu;00010000000000000000002f;On se retrouve ou ?;2026-08-08 17:28:59;000500000000000000000027
prive;;00010000000000000000001e;;;lu;00010000000000000000002f;Je suis en retard, desole.;2026-08-08 18:55:59;000500000000000000000028
prive;;00010000000000000000001b;;;lu;000100000000000000000088;Bravo pour ta presentation.;2026-08-08 19:46:46;000500000000000000000029
prive;;00010000000000000000001b;;;lu;000100000000000000000088;Peux-tu me renvoyer l'adresse ?;2026-08-08 19:50:46;00050000000000000000002a
prive;;00010000000000000000001b;;;lu;000100000000000000000088;Bravo pour ta presentation.;2026-08-08 21:05:46;00050000000000000000002b
prive;;00010000000000000000001b;;;lu;000100000000000000000088;Passe une bonne soiree.;2026-08-08 22:30:46;00050000000000000000002c
prive;;00010000000000000000001b;;;lu;000100000000000000000088;Ok, c'est note.;2026-08-08 23:01:46;00050000000000000000002d
prive;;00010000000000000000001b;;;lu;000100000000000000000088;Tu as vu la publication d'hier ?;2026-08-08 23:41:46;00050000000000000000002e
prive;;000100000000000000000013;;;lu;000100000000000000000057;Tu as vu la publication d'hier ?;2026-08-08 23:58:36;00050000000000000000002f
prive;;000100000000000000000088;;;lu;00010000000000000000001b;J'arrive dans dix minutes.;2026-08-09 00:04:46;000500000000000000000030
prive;;000100000000000000000013;;;lu;000100000000000000000057;Je suis en retard, desole.;2026-08-09 01:28:36;000500000000000000000031
prive;;000100000000000000000003;;;lu;000100000000000000000001;On en parle demain ?;2026-08-09 01:57:35;000500000000000000000032
prive;;000100000000000000000057;;;lu;000100000000000000000013;Bravo pour ta presentation.;2026-08-09 02:02:36;000500000000000000000033
prive;;000100000000000000000001;;;lu;000100000000000000000003;Haha, trop drole !;2026-08-09 02:20:35;000500000000000000000034
prive;;000100000000000000000001;;;lu;000100000000000000000003;Ok, c'est note.;2026-08-09 03:08:35;000500000000000000000035
prive;;000100000000000000000003;;;lu;000100000000000000000001;Bonne idee, je suis partant.;2026-08-09 03:22:35;000500000000000000000036
prive;;000100000000000000000001;;;lu;000100000000000000000003;C'est confirme pour samedi.;2026-08-09 04:51:35;000500000000000000000037
prive;;000100000000000000000006;;;lu;000100000000000000000060;On en parle demain ?;2026-08-09 05:04:27;000500000000000000000038
prive;;000100000000000000000060;;;lu;000100000000000000000006;Tu as fini ton rapport ?;2026-08-09 05:19:27;000500000000000000000039
prive;;00010000000000000000001b;;;lu;000100000000000000000088;Salut, tu vas bien ?;2026-08-09 06:04:46;00050000000000000000003a
prive;;000100000000000000000003;;;lu;000100000000000000000001;J'arrive dans dix minutes.;2026-08-09 06:12:35;00050000000000000000003b
prive;;000100000000000000000085;;;lu;00010000000000000000006d;J'arrive dans dix minutes.;2026-08-09 06:29:38;00050000000000000000003c
prive;;00010000000000000000001b;;;recu;000100000000000000000088;Je t'ai envoye une photo.;2026-08-09 06:38:46;00050000000000000000003d
prive;;000100000000000000000003;;;lu;000100000000000000000001;Super, merci beaucoup !;2026-08-09 06:54:35;00050000000000000000003e
prive;;00010000000000000000006d;;;lu;000100000000000000000085;Haha, trop drole !;2026-08-09 07:23:38;00050000000000000000003f
prive;;000100000000000000000001;;;recu;000100000000000000000003;On se voit demain a la fac ?;2026-08-09 07:53:35;000500000000000000000040
prive;;000100000000000000000057;;;lu;000100000000000000000013;On se voit demain a la fac ?;2026-08-09 18:02:36;000500000000000000000041
prive;;000100000000000000000057;;;lu;000100000000000000000013;Bonne idee, je suis partant.;2026-08-09 19:24:36;000500000000000000000042
prive;;000100000000000000000013;;;lu;000100000000000000000057;J'arrive dans dix minutes.;2026-08-09 19:46:36;000500000000000000000043
prive;;000100000000000000000057;;;lu;000100000000000000000013;C'est confirme pour samedi.;2026-08-09 20:00:36;000500000000000000000044
prive;;000100000000000000000013;;;lu;000100000000000000000057;C'est confirme pour samedi.;2026-08-09 20:53:36;000500000000000000000045
prive;;000100000000000000000057;;;lu;000100000000000000000013;Ok, c'est note.;2026-08-09 21:12:36;000500000000000000000046
prive;;000100000000000000000041;;;lu;000100000000000000000055;Je t'envoie le document dans la journee.;2026-08-09 21:29:18;000500000000000000000047
prive;;000100000000000000000013;;;lu;000100000000000000000057;Je t'envoie le document dans la journee.;2026-08-09 21:31:36;000500000000000000000048
prive;;000100000000000000000055;;;lu;000100000000000000000041;Salut, tu vas bien ?;2026-08-09 21:49:18;000500000000000000000049
prive;;000100000000000000000055;;;lu;000100000000000000000041;Je suis dans le bus, je reponds plus tard.;2026-08-09 22:06:18;00050000000000000000004a
prive;;000100000000000000000041;;;lu;000100000000000000000055;On se retrouve ou ?;2026-08-09 22:28:18;00050000000000000000004b
prive;;00010000000000000000000b;;;lu;00010000000000000000003c;Je suis en retard, desole.;2026-08-09 22:35:12;00050000000000000000004c
prive;;000100000000000000000055;;;lu;000100000000000000000041;Bonne nuit !;2026-08-09 23:40:18;00050000000000000000004d
prive;;00010000000000000000006d;;;lu;000100000000000000000085;J'arrive dans dix minutes.;2026-08-10 18:23:38;00050000000000000000004e
prive;;00010000000000000000003c;;;lu;00010000000000000000000b;Tu as des nouvelles de la famille ?;2026-08-10 19:35:12;00050000000000000000004f
prive;;00010000000000000000001b;;;envoye;000100000000000000000088;Ok, c'est note.;2026-08-10 19:38:46;000500000000000000000050
prive;;00010000000000000000000b;;;lu;00010000000000000000003c;Tu as fini ton rapport ?;2026-08-10 19:45:12;000500000000000000000051
prive;;00010000000000000000006d;;;lu;000100000000000000000085;Ne t'inquiete pas, tout va bien.;2026-08-10 19:46:38;000500000000000000000052
prive;;00010000000000000000003c;;;lu;00010000000000000000000b;Bonne idee, je suis partant.;2026-08-10 20:22:12;000500000000000000000053
prive;;00010000000000000000000b;;;lu;00010000000000000000003c;Salut, tu vas bien ?;2026-08-10 20:39:12;000500000000000000000054
prive;;00010000000000000000003c;;;lu;00010000000000000000000b;Je t'ai envoye une photo.;2026-08-10 21:33:12;000500000000000000000055
prive;;00010000000000000000003c;;;lu;00010000000000000000000b;Le cours commence a quelle heure ?;2026-08-10 21:40:12;000500000000000000000056
prive;;00010000000000000000003c;;;lu;00010000000000000000000b;Je suis dans le bus, je reponds plus tard.;2026-08-10 23:10:12;000500000000000000000057
prive;;00010000000000000000000b;;;recu;00010000000000000000003c;Coucou, tu es dispo ce soir ?;2026-08-11 00:32:12;000500000000000000000058
prive;;00010000000000000000008f;;;lu;000100000000000000000001;Tu as reussi a te connecter ?;2026-08-11 00:33:29;000500000000000000000059
prive;;00010000000000000000008f;;;lu;000100000000000000000001;Dis-moi quand tu es libre.;2026-08-11 00:36:29;00050000000000000000005a
prive;;00010000000000000000000b;;;recu;00010000000000000000003c;Ok, c'est note.;2026-08-11 01:47:12;00050000000000000000005b
prive;;000100000000000000000006;;;lu;000100000000000000000060;Je suis dans le bus, je reponds plus tard.;2026-08-11 05:19:27;00050000000000000000005c
prive;;000100000000000000000060;;;lu;000100000000000000000006;On se retrouve ou ?;2026-08-11 05:33:27;00050000000000000000005d
prive;;000100000000000000000060;;;lu;000100000000000000000006;Salut, tu vas bien ?;2026-08-11 06:20:27;00050000000000000000005e
prive;;000100000000000000000060;;;lu;000100000000000000000006;J'arrive dans dix minutes.;2026-08-11 07:00:27;00050000000000000000005f
prive;;000100000000000000000060;;;lu;000100000000000000000006;Super, merci beaucoup !;2026-08-11 08:15:27;000500000000000000000060
prive;;000100000000000000000006;;;lu;000100000000000000000060;On en parle demain ?;2026-08-11 09:40:27;000500000000000000000061
prive;;000100000000000000000006;;;lu;000100000000000000000060;Dis-moi quand tu es libre.;2026-08-11 10:41:27;000500000000000000000062
prive;;000100000000000000000060;;;lu;000100000000000000000006;Dis-moi quand tu es libre.;2026-08-11 10:57:27;000500000000000000000063
prive;;00010000000000000000005a;;;lu;000100000000000000000068;Bonne idee, je suis partant.;2026-08-12 03:33:16;000500000000000000000064
prive;;000100000000000000000068;;;lu;00010000000000000000005a;Ok, c'est note.;2026-08-12 04:23:16;000500000000000000000065
prive;;00010000000000000000005a;;;lu;000100000000000000000068;Je t'envoie le document dans la journee.;2026-08-12 05:19:16;000500000000000000000066
prive;;000100000000000000000068;;;lu;00010000000000000000005a;Ne t'inquiete pas, tout va bien.;2026-08-12 06:05:16;000500000000000000000067
prive;;00010000000000000000005a;;;lu;000100000000000000000068;Je t'ai envoye une photo.;2026-08-12 06:40:16;000500000000000000000068
prive;;000100000000000000000068;;;lu;00010000000000000000005a;Coucou, tu es dispo ce soir ?;2026-08-12 07:47:16;000500000000000000000069
prive;;000100000000000000000068;;;lu;00010000000000000000005a;Passe une bonne soiree.;2026-08-12 07:57:16;00050000000000000000006a
prive;;00010000000000000000005a;;;lu;000100000000000000000068;Ok, c'est note.;2026-08-12 08:00:16;00050000000000000000006b
prive;;000100000000000000000068;;;lu;00010000000000000000005a;Passe une bonne soiree.;2026-08-12 08:16:16;00050000000000000000006c
prive;;00010000000000000000005a;;;lu;000100000000000000000068;Dis-moi quand tu es libre.;2026-08-12 08:33:16;00050000000000000000006d
prive;;000100000000000000000060;;;lu;000100000000000000000006;Bonne idee, je suis partant.;2026-08-12 08:57:27;00050000000000000000006e
prive;;000100000000000000000060;;;lu;000100000000000000000006;Ne t'inquiete pas, tout va bien.;2026-08-12 09:07:27;00050000000000000000006f
prive;;000100000000000000000041;;;lu;000100000000000000000055;Tu as des nouvelles de la famille ?;2026-08-12 09:40:18;000500000000000000000070
prive;;000100000000000000000006;;;lu;000100000000000000000060;Tu as vu la publication d'hier ?;2026-08-12 10:26:27;000500000000000000000071
prive;;000100000000000000000040;;;lu;000100000000000000000048;Le cours commence a quelle heure ?;2026-08-12 11:36:28;000500000000000000000072
prive;;000100000000000000000040;;;lu;000100000000000000000048;Salut, tu vas bien ?;2026-08-12 12:38:28;000500000000000000000073
prive;;000100000000000000000040;;;lu;000100000000000000000048;Tu as des nouvelles de la famille ?;2026-08-12 12:57:28;000500000000000000000074
prive;;000100000000000000000048;;;lu;000100000000000000000040;Merci pour ton aide, vraiment.;2026-08-12 13:38:28;000500000000000000000075
prive;;00010000000000000000003e;;;lu;00010000000000000000005a;Salut, tu vas bien ?;2026-08-12 16:43:01;000500000000000000000076
prive;;00010000000000000000003e;;;lu;00010000000000000000005a;Passe une bonne soiree.;2026-08-12 17:58:01;000500000000000000000077
prive;;00010000000000000000005a;;;lu;00010000000000000000003e;Je n'ai pas bien compris, tu peux repeter ?;2026-08-12 19:15:01;000500000000000000000078
prive;;00010000000000000000003e;;;lu;00010000000000000000005a;Super, merci beaucoup !;2026-08-12 19:33:01;000500000000000000000079
prive;;00010000000000000000003e;;;lu;00010000000000000000005a;Ok, c'est note.;2026-08-12 19:50:01;00050000000000000000007a
prive;;000100000000000000000085;;;lu;00010000000000000000006d;Coucou, tu es dispo ce soir ?;2026-08-13 02:46:38;00050000000000000000007b
prive;;00010000000000000000006d;;;lu;000100000000000000000085;Je t'ai envoye une photo.;2026-08-13 02:53:38;00050000000000000000007c
prive;;00010000000000000000008f;;;lu;000100000000000000000001;On en parle demain ?;2026-08-13 03:36:29;00050000000000000000007d
prive;;000100000000000000000085;;;lu;00010000000000000000006d;Le cours commence a quelle heure ?;2026-08-13 04:06:38;00050000000000000000007e
prive;;000100000000000000000001;;;lu;00010000000000000000008f;Tu peux m'appeler quand tu as une minute ?;2026-08-13 04:30:29;00050000000000000000007f
prive;;00010000000000000000006d;;;lu;000100000000000000000085;Dis-moi quand tu es libre.;2026-08-13 05:08:38;000500000000000000000080
prive;;00010000000000000000008f;;;lu;000100000000000000000001;Salut, tu vas bien ?;2026-08-13 05:11:29;000500000000000000000081
prive;;000100000000000000000001;;;lu;00010000000000000000008f;Le cours commence a quelle heure ?;2026-08-13 06:00:29;000500000000000000000082
prive;;000100000000000000000001;;;lu;00010000000000000000008f;Passe une bonne soiree.;2026-08-13 06:01:29;000500000000000000000083
prive;;000100000000000000000048;;;lu;000100000000000000000040;Ok, c'est note.;2026-08-13 07:38:28;000500000000000000000084
prive;;000100000000000000000040;;;lu;000100000000000000000048;Bravo pour ta presentation.;2026-08-13 07:45:28;000500000000000000000085
prive;;000100000000000000000048;;;lu;000100000000000000000040;Je n'ai pas bien compris, tu peux repeter ?;2026-08-13 08:36:28;000500000000000000000086
prive;;000100000000000000000061;;;lu;000100000000000000000042;Ok, c'est note.;2026-08-13 09:04:49;000500000000000000000087
prive;;000100000000000000000042;;;lu;000100000000000000000061;Ne t'inquiete pas, tout va bien.;2026-08-13 09:50:49;000500000000000000000088
prive;;000100000000000000000040;;;lu;000100000000000000000048;Je t'envoie le document dans la journee.;2026-08-13 09:51:28;000500000000000000000089
prive;;000100000000000000000048;;;lu;000100000000000000000040;Je n'ai pas bien compris, tu peux repeter ?;2026-08-13 10:15:28;00050000000000000000008a
prive;;000100000000000000000042;;;lu;000100000000000000000061;Passe une bonne soiree.;2026-08-13 10:42:49;00050000000000000000008b
prive;;000100000000000000000042;;;lu;000100000000000000000061;Merci pour ton aide, vraiment.;2026-08-13 10:50:49;00050000000000000000008c
prive;;000100000000000000000040;;;lu;000100000000000000000048;Je t'ai envoye une photo.;2026-08-13 11:12:28;00050000000000000000008d
prive;;000100000000000000000048;;;lu;000100000000000000000040;Tu as vu la publication d'hier ?;2026-08-13 11:25:28;00050000000000000000008e
prive;;000100000000000000000040;;;lu;000100000000000000000048;Super, merci beaucoup !;2026-08-13 12:51:28;00050000000000000000008f
prive;;000100000000000000000048;;;recu;000100000000000000000040;Tu peux m'appeler quand tu as une minute ?;2026-08-13 14:21:28;000500000000000000000090
prive;;000100000000000000000012;;;lu;000100000000000000000089;Je suis en retard, desole.;2026-08-13 15:24:13;000500000000000000000091
prive;;00010000000000000000005a;;;envoye;000100000000000000000068;Tu as vu la publication d'hier ?;2026-08-13 17:33:16;000500000000000000000092
prive;;00010000000000000000005a;;;envoye;000100000000000000000068;Merci pour ton aide, vraiment.;2026-08-13 17:53:16;000500000000000000000093
prive;;000100000000000000000001;;;lu;00010000000000000000008f;Haha, trop drole !;2026-08-13 19:01:29;000500000000000000000094
prive;;00010000000000000000008f;;;lu;000100000000000000000001;A tout a l'heure !;2026-08-13 20:10:29;000500000000000000000095
prive;;000100000000000000000006;;;lu;000100000000000000000001;Salut, tu vas bien ?;2026-08-13 21:40:39;000500000000000000000096
prive;;000100000000000000000001;;;lu;000100000000000000000006;Tu peux m'appeler quand tu as une minute ?;2026-08-13 23:01:39;000500000000000000000097
prive;;000100000000000000000006;;;lu;000100000000000000000001;C'est confirme pour samedi.;2026-08-13 23:48:39;000500000000000000000098
prive;;000100000000000000000001;;;lu;000100000000000000000006;Tu as reussi a te connecter ?;2026-08-13 23:51:39;000500000000000000000099
prive;;000100000000000000000050;;;lu;00010000000000000000005f;Peux-tu me renvoyer l'adresse ?;2026-08-14 05:48:06;00050000000000000000009a
prive;;00010000000000000000003e;;;lu;00010000000000000000005a;Haha, trop drole !;2026-08-14 12:50:01;00050000000000000000009b
prive;;00010000000000000000007e;;;lu;000100000000000000000042;Dis-moi quand tu es libre.;2026-08-14 13:15:35;00050000000000000000009c
prive;;000100000000000000000060;;;recu;000100000000000000000006;Tu as vu la publication d'hier ?;2026-08-14 13:26:27;00050000000000000000009d
prive;;00010000000000000000005a;;;lu;00010000000000000000003e;Le cours commence a quelle heure ?;2026-08-14 13:35:01;00050000000000000000009e
prive;;00010000000000000000003e;;;envoye;00010000000000000000005a;J'arrive dans dix minutes.;2026-08-14 14:08:01;00050000000000000000009f
prive;;000100000000000000000042;;;lu;00010000000000000000007e;Salut, tu vas bien ?;2026-08-14 14:13:35;0005000000000000000000a0
prive;;000100000000000000000081;;;lu;00010000000000000000002a;Je suis en retard, desole.;2026-08-14 23:57:59;0005000000000000000000a1
prive;;000100000000000000000081;;;lu;00010000000000000000002a;Super, merci beaucoup !;2026-08-15 00:31:59;0005000000000000000000a2
prive;;00010000000000000000005f;;;lu;000100000000000000000050;J'arrive dans dix minutes.;2026-08-15 01:48:06;0005000000000000000000a3
prive;;00010000000000000000005f;;;lu;000100000000000000000050;Merci pour ton aide, vraiment.;2026-08-15 02:54:06;0005000000000000000000a4
prive;;00010000000000000000008f;;;lu;00010000000000000000001f;A tout a l'heure !;2026-08-15 02:56:45;0005000000000000000000a5
prive;;00010000000000000000001f;;;lu;00010000000000000000008f;Tu as vu la publication d'hier ?;2026-08-15 03:09:45;0005000000000000000000a6
prive;;00010000000000000000008f;;;lu;00010000000000000000001f;Passe une bonne soiree.;2026-08-15 03:25:45;0005000000000000000000a7
prive;;000100000000000000000050;;;lu;00010000000000000000005f;Salut, tu vas bien ?;2026-08-15 04:17:06;0005000000000000000000a8
prive;;00010000000000000000008f;;;lu;00010000000000000000001f;Haha, trop drole !;2026-08-15 04:49:45;0005000000000000000000a9
prive;;00010000000000000000005f;;;lu;000100000000000000000050;Salut, tu vas bien ?;2026-08-15 05:25:06;0005000000000000000000aa
prive;;00010000000000000000005f;;;lu;000100000000000000000050;Haha, trop drole !;2026-08-15 06:04:06;0005000000000000000000ab
prive;;000100000000000000000050;;;lu;00010000000000000000005f;On se voit demain a la fac ?;2026-08-15 07:09:06;0005000000000000000000ac
prive;;000100000000000000000001;;;lu;00010000000000000000008f;Je t'envoie le document dans la journee.;2026-08-15 07:10:29;0005000000000000000000ad
prive;;00010000000000000000005f;;;lu;000100000000000000000050;On se retrouve ou ?;2026-08-15 08:12:06;0005000000000000000000ae
prive;;00010000000000000000008f;;;lu;000100000000000000000001;Je n'ai pas bien compris, tu peux repeter ?;2026-08-15 08:17:29;0005000000000000000000af
prive;;000100000000000000000050;;;lu;00010000000000000000005f;Je suis dans le bus, je reponds plus tard.;2026-08-15 08:58:06;0005000000000000000000b0
prive;;000100000000000000000001;;;envoye;00010000000000000000008f;Passe une bonne soiree.;2026-08-15 09:00:29;0005000000000000000000b1
prive;;00010000000000000000005f;;;lu;000100000000000000000050;Tu as fini ton rapport ?;2026-08-15 10:13:06;0005000000000000000000b2
prive;;000100000000000000000042;;;lu;00010000000000000000007e;Ne t'inquiete pas, tout va bien.;2026-08-15 10:13:35;0005000000000000000000b3
prive;;000100000000000000000050;;;lu;00010000000000000000005f;Coucou, tu es dispo ce soir ?;2026-08-15 10:26:06;0005000000000000000000b4
prive;;000100000000000000000042;;;lu;00010000000000000000007e;Le cours commence a quelle heure ?;2026-08-15 11:00:35;0005000000000000000000b5
prive;;00010000000000000000005f;;;lu;000100000000000000000050;A tout a l'heure !;2026-08-15 11:43:06;0005000000000000000000b6
prive;;000100000000000000000042;;;lu;00010000000000000000007e;On se retrouve ou ?;2026-08-15 11:47:35;0005000000000000000000b7
prive;;000100000000000000000042;;;lu;00010000000000000000007e;Tu as vu la publication d'hier ?;2026-08-15 12:14:35;0005000000000000000000b8
prive;;000100000000000000000042;;;lu;00010000000000000000007e;Bonne nuit !;2026-08-15 13:41:35;0005000000000000000000b9
prive;;000100000000000000000012;;;lu;000100000000000000000089;Le cours commence a quelle heure ?;2026-08-15 17:24:13;0005000000000000000000ba
prive;;000100000000000000000012;;;lu;000100000000000000000089;Bonne idee, je suis partant.;2026-08-15 18:17:13;0005000000000000000000bb
prive;;000100000000000000000089;;;lu;000100000000000000000012;Tu as vu la publication d'hier ?;2026-08-15 19:34:13;0005000000000000000000bc
prive;;000100000000000000000012;;;lu;000100000000000000000089;Tu as vu la publication d'hier ?;2026-08-15 20:17:13;0005000000000000000000bd
prive;;000100000000000000000059;;;lu;000100000000000000000044;Tu as vu la publication d'hier ?;2026-08-15 20:42:52;0005000000000000000000be
prive;;000100000000000000000012;;;lu;000100000000000000000089;Ne t'inquiete pas, tout va bien.;2026-08-15 21:24:13;0005000000000000000000bf
prive;;000100000000000000000089;;;lu;000100000000000000000012;Peux-tu me renvoyer l'adresse ?;2026-08-15 21:46:13;0005000000000000000000c0
prive;;00010000000000000000001f;;;lu;00010000000000000000008f;Haha, trop drole !;2026-08-15 21:49:45;0005000000000000000000c1
prive;;000100000000000000000061;;;lu;000100000000000000000042;Tu as fini ton rapport ?;2026-08-15 21:50:49;0005000000000000000000c2
prive;;000100000000000000000061;;;lu;000100000000000000000042;Tu as reussi a te connecter ?;2026-08-15 21:57:49;0005000000000000000000c3
prive;;00010000000000000000002c;;;lu;000100000000000000000041;C'est confirme pour samedi.;2026-08-15 22:14:14;0005000000000000000000c4
prive;;000100000000000000000042;;;lu;000100000000000000000061;Je t'envoie le document dans la journee.;2026-08-15 22:35:49;0005000000000000000000c5
prive;;000100000000000000000012;;;lu;000100000000000000000089;Dis-moi quand tu es libre.;2026-08-15 22:38:13;0005000000000000000000c6
prive;;00010000000000000000003b;;;lu;000100000000000000000024;Peux-tu me renvoyer l'adresse ?;2026-08-15 23:16:49;0005000000000000000000c7
prive;;000100000000000000000041;;;lu;00010000000000000000002c;Le cours commence a quelle heure ?;2026-08-15 23:18:14;0005000000000000000000c8
prive;;000100000000000000000024;;;lu;00010000000000000000003b;Ok, c'est note.;2026-08-15 23:22:49;0005000000000000000000c9
prive;;000100000000000000000024;;;lu;00010000000000000000008c;Je t'envoie le document dans la journee.;2026-08-15 23:37:46;0005000000000000000000ca
prive;;00010000000000000000002c;;;lu;000100000000000000000041;A tout a l'heure !;2026-08-15 23:53:14;0005000000000000000000cb
prive;;00010000000000000000003b;;;lu;000100000000000000000024;Ok, c'est note.;2026-08-16 00:14:49;0005000000000000000000cc
prive;;000100000000000000000041;;;lu;00010000000000000000002c;Tu as vu la publication d'hier ?;2026-08-16 00:28:14;0005000000000000000000cd
prive;;000100000000000000000024;;;lu;00010000000000000000008c;Merci pour ton aide, vraiment.;2026-08-16 00:30:46;0005000000000000000000ce
prive;;00010000000000000000003b;;;lu;000100000000000000000024;On en parle demain ?;2026-08-16 00:43:49;0005000000000000000000cf
prive;;000100000000000000000041;;;lu;00010000000000000000002c;Dis-moi quand tu es libre.;2026-08-16 00:47:14;0005000000000000000000d0
prive;;00010000000000000000008c;;;lu;000100000000000000000024;Passe une bonne soiree.;2026-08-16 00:52:46;0005000000000000000000d1
prive;;000100000000000000000041;;;lu;00010000000000000000002c;On se retrouve ou ?;2026-08-16 01:11:14;0005000000000000000000d2
prive;;000100000000000000000041;;;lu;00010000000000000000002c;Haha, trop drole !;2026-08-16 01:28:14;0005000000000000000000d3
prive;;00010000000000000000008c;;;lu;000100000000000000000024;On se voit demain a la fac ?;2026-08-16 01:49:46;0005000000000000000000d4
prive;;00010000000000000000003b;;;lu;000100000000000000000024;Passe une bonne soiree.;2026-08-16 01:55:49;0005000000000000000000d5
prive;;00010000000000000000003b;;;lu;000100000000000000000024;Super, merci beaucoup !;2026-08-16 02:24:49;0005000000000000000000d6
prive;;000100000000000000000024;;;lu;00010000000000000000008c;Bonne idee, je suis partant.;2026-08-16 02:27:46;0005000000000000000000d7
prive;;000100000000000000000006;;;lu;000100000000000000000001;Super, merci beaucoup !;2026-08-16 05:51:39;0005000000000000000000d8
prive;;000100000000000000000001;;;lu;000100000000000000000006;On se voit demain a la fac ?;2026-08-16 06:43:39;0005000000000000000000d9
prive;;000100000000000000000006;;;lu;000100000000000000000001;Salut, tu vas bien ?;2026-08-16 07:24:39;0005000000000000000000da
prive;;000100000000000000000001;;;lu;000100000000000000000006;Je suis dans le bus, je reponds plus tard.;2026-08-16 08:00:39;0005000000000000000000db
prive;;000100000000000000000006;;;envoye;000100000000000000000001;Tu as des nouvelles de la famille ?;2026-08-16 09:18:39;0005000000000000000000dc
prive;;00010000000000000000002c;;;lu;000100000000000000000041;Bonne nuit !;2026-08-16 10:28:14;0005000000000000000000dd
prive;;000100000000000000000011;;;lu;000100000000000000000001;Salut, tu vas bien ?;2026-08-16 10:29:10;0005000000000000000000de
prive;;000100000000000000000042;;;lu;00010000000000000000007e;Le cours commence a quelle heure ?;2026-08-16 14:41:35;0005000000000000000000df
prive;;00010000000000000000007e;;;lu;000100000000000000000042;Je suis en retard, desole.;2026-08-16 15:16:35;0005000000000000000000e0
prive;;000100000000000000000042;;;lu;00010000000000000000007e;Je n'ai pas bien compris, tu peux repeter ?;2026-08-16 15:19:35;0005000000000000000000e1
prive;;00010000000000000000007e;;;lu;000100000000000000000042;Tu peux m'appeler quand tu as une minute ?;2026-08-16 15:40:35;0005000000000000000000e2
prive;;000100000000000000000042;;;lu;00010000000000000000007e;Je t'envoie le document dans la journee.;2026-08-16 16:46:35;0005000000000000000000e3
prive;;000100000000000000000081;;;lu;00010000000000000000002a;On en parle demain ?;2026-08-16 20:31:59;0005000000000000000000e4
prive;;00010000000000000000002a;;;lu;000100000000000000000081;Coucou, tu es dispo ce soir ?;2026-08-16 21:52:59;0005000000000000000000e5
prive;;000100000000000000000089;;;lu;000100000000000000000012;Merci pour ton aide, vraiment.;2026-08-16 22:38:13;0005000000000000000000e6
prive;;000100000000000000000081;;;lu;00010000000000000000002a;Bravo pour ta presentation.;2026-08-16 22:48:59;0005000000000000000000e7
prive;;00010000000000000000002a;;;lu;000100000000000000000081;A tout a l'heure !;2026-08-16 23:50:59;0005000000000000000000e8
prive;;000100000000000000000081;;;lu;00010000000000000000002a;On se retrouve ou ?;2026-08-17 00:12:59;0005000000000000000000e9
prive;;00010000000000000000002a;;;lu;000100000000000000000081;Peux-tu me renvoyer l'adresse ?;2026-08-17 01:27:59;0005000000000000000000ea
prive;;00010000000000000000006b;;;lu;000100000000000000000001;Tu as des nouvelles de la famille ?;2026-08-17 01:33:24;0005000000000000000000eb
prive;;000100000000000000000001;;;lu;00010000000000000000006b;Coucou, tu es dispo ce soir ?;2026-08-17 02:23:24;0005000000000000000000ec
prive;;00010000000000000000002a;;;lu;000100000000000000000081;Coucou, tu es dispo ce soir ?;2026-08-17 02:32:59;0005000000000000000000ed
prive;;000100000000000000000081;;;lu;00010000000000000000002a;Haha, trop drole !;2026-08-17 02:48:59;0005000000000000000000ee
prive;;000100000000000000000024;;;lu;00010000000000000000003b;Peux-tu me renvoyer l'adresse ?;2026-08-17 03:24:49;0005000000000000000000ef
prive;;00010000000000000000003b;;;lu;000100000000000000000024;Je t'envoie le document dans la journee.;2026-08-17 03:50:49;0005000000000000000000f0
prive;;000100000000000000000024;;;lu;00010000000000000000003b;J'arrive dans dix minutes.;2026-08-17 03:53:49;0005000000000000000000f1
prive;;000100000000000000000096;;;lu;000100000000000000000004;Super, merci beaucoup !;2026-08-17 04:33:57;0005000000000000000000f2
prive;;000100000000000000000024;;;lu;00010000000000000000003b;A tout a l'heure !;2026-08-17 05:10:49;0005000000000000000000f3
prive;;000100000000000000000024;;;lu;00010000000000000000008c;Je n'ai pas bien compris, tu peux repeter ?;2026-08-17 10:27:46;0005000000000000000000f4
prive;;00010000000000000000008c;;;lu;000100000000000000000024;On se voit demain a la fac ?;2026-08-17 11:21:46;0005000000000000000000f5
prive;;000100000000000000000013;;;lu;000100000000000000000037;A tout a l'heure !;2026-08-17 12:17:28;0005000000000000000000f6
prive;;000100000000000000000024;;;lu;00010000000000000000008c;Je t'envoie le document dans la journee.;2026-08-17 12:28:46;0005000000000000000000f7
prive;;000100000000000000000013;;;lu;000100000000000000000037;Bravo pour ta presentation.;2026-08-17 12:33:28;0005000000000000000000f8
prive;;00010000000000000000008c;;;lu;000100000000000000000024;A tout a l'heure !;2026-08-17 13:16:46;0005000000000000000000f9
prive;;000100000000000000000037;;;lu;000100000000000000000013;Je suis en retard, desole.;2026-08-17 13:27:28;0005000000000000000000fa
prive;;000100000000000000000024;;;lu;00010000000000000000008c;On se voit demain a la fac ?;2026-08-17 14:16:46;0005000000000000000000fb
prive;;000100000000000000000001;;;lu;000100000000000000000033;Je suis dans le bus, je reponds plus tard.;2026-08-17 18:13:01;0005000000000000000000fc
prive;;00010000000000000000002a;;;lu;000100000000000000000039;On se voit demain a la fac ?;2026-08-17 18:37:52;0005000000000000000000fd
prive;;000100000000000000000059;;;lu;000100000000000000000044;Merci pour ton aide, vraiment.;2026-08-17 18:42:52;0005000000000000000000fe
prive;;000100000000000000000001;;;lu;000100000000000000000033;Haha, trop drole !;2026-08-17 19:08:01;0005000000000000000000ff
prive;;00010000000000000000002a;;;lu;000100000000000000000039;Peux-tu me renvoyer l'adresse ?;2026-08-17 19:35:52;000500000000000000000100
prive;;000100000000000000000044;;;lu;000100000000000000000059;Je suis en retard, desole.;2026-08-17 20:04:52;000500000000000000000101
prive;;000100000000000000000033;;;lu;000100000000000000000001;Haha, trop drole !;2026-08-17 20:25:01;000500000000000000000102
prive;;000100000000000000000039;;;lu;00010000000000000000002a;Bonne nuit !;2026-08-17 20:31:52;000500000000000000000103
prive;;000100000000000000000001;;;lu;000100000000000000000033;Haha, trop drole !;2026-08-17 20:36:01;000500000000000000000104
prive;;000100000000000000000044;;;lu;000100000000000000000059;Le cours commence a quelle heure ?;2026-08-17 20:38:52;000500000000000000000105
prive;;000100000000000000000033;;;lu;000100000000000000000001;Tu as reussi a te connecter ?;2026-08-17 21:04:01;000500000000000000000106
prive;;00010000000000000000002a;;;lu;000100000000000000000039;Ne t'inquiete pas, tout va bien.;2026-08-17 21:20:52;000500000000000000000107
prive;;000100000000000000000039;;;lu;00010000000000000000002a;Tu as des nouvelles de la famille ?;2026-08-17 21:41:52;000500000000000000000108
prive;;000100000000000000000033;;;lu;000100000000000000000001;Tu as fini ton rapport ?;2026-08-17 21:45:01;000500000000000000000109
prive;;000100000000000000000001;;;lu;000100000000000000000033;Je suis en retard, desole.;2026-08-17 22:24:01;00050000000000000000010a
prive;;000100000000000000000033;;;recu;000100000000000000000001;Tu as reussi a te connecter ?;2026-08-17 22:59:01;00050000000000000000010b
prive;;000100000000000000000061;;;lu;000100000000000000000042;Tu as vu la publication d'hier ?;2026-08-18 01:35:49;00050000000000000000010c
prive;;000100000000000000000042;;;lu;000100000000000000000061;Merci pour ton aide, vraiment.;2026-08-18 02:32:49;00050000000000000000010d
prive;;000100000000000000000061;;;lu;000100000000000000000042;C'est confirme pour samedi.;2026-08-18 02:47:49;00050000000000000000010e
prive;;00010000000000000000001f;;;lu;00010000000000000000008f;Haha, trop drole !;2026-08-18 02:49:45;00050000000000000000010f
prive;;000100000000000000000042;;;lu;000100000000000000000061;Le cours commence a quelle heure ?;2026-08-18 03:04:49;000500000000000000000110
prive;;000100000000000000000061;;;lu;000100000000000000000042;Peux-tu me renvoyer l'adresse ?;2026-08-18 03:54:49;000500000000000000000111
prive;;000100000000000000000061;;;envoye;000100000000000000000042;Bonne nuit !;2026-08-18 04:55:49;000500000000000000000112
prive;;000100000000000000000061;;;envoye;000100000000000000000042;Bravo pour ta presentation.;2026-08-18 04:59:49;000500000000000000000113
prive;;000100000000000000000096;;;lu;000100000000000000000004;Passe une bonne soiree.;2026-08-18 14:33:57;000500000000000000000114
prive;;000100000000000000000096;;;lu;000100000000000000000004;Dis-moi quand tu es libre.;2026-08-18 15:01:57;000500000000000000000115
prive;;00010000000000000000002c;;;lu;000100000000000000000041;Je suis dans le bus, je reponds plus tard.;2026-08-18 15:28:14;000500000000000000000116
prive;;000100000000000000000011;;;lu;000100000000000000000001;Tu as reussi a te connecter ?;2026-08-18 15:29:10;000500000000000000000117
prive;;000100000000000000000096;;;lu;000100000000000000000004;Super, merci beaucoup !;2026-08-18 15:47:57;000500000000000000000118
prive;;000100000000000000000001;;;lu;000100000000000000000011;Je n'ai pas bien compris, tu peux repeter ?;2026-08-18 16:02:10;000500000000000000000119
prive;;000100000000000000000041;;;lu;00010000000000000000002c;Ok, c'est note.;2026-08-18 16:30:14;00050000000000000000011a
prive;;000100000000000000000004;;;lu;000100000000000000000096;Passe une bonne soiree.;2026-08-18 16:34:57;00050000000000000000011b
prive;;000100000000000000000011;;;lu;000100000000000000000001;Je t'envoie le document dans la journee.;2026-08-18 16:39:10;00050000000000000000011c
prive;;00010000000000000000002c;;;lu;000100000000000000000041;On en parle demain ?;2026-08-18 17:36:14;00050000000000000000011d
prive;;000100000000000000000096;;;lu;000100000000000000000004;Tu as vu la publication d'hier ?;2026-08-18 17:37:57;00050000000000000000011e
prive;;000100000000000000000041;;;lu;00010000000000000000002c;Bonne idee, je suis partant.;2026-08-18 19:04:14;00050000000000000000011f
prive;;00010000000000000000002c;;;lu;000100000000000000000041;Tu peux m'appeler quand tu as une minute ?;2026-08-18 19:34:14;000500000000000000000120
prive;;00010000000000000000002c;;;lu;000100000000000000000041;Tu as des nouvelles de la famille ?;2026-08-18 20:01:14;000500000000000000000121
prive;;00010000000000000000007e;;;lu;000100000000000000000042;Ok, c'est note.;2026-08-18 23:46:35;000500000000000000000122
prive;;000100000000000000000001;;;lu;00010000000000000000006b;Bravo pour ta presentation.;2026-08-19 02:23:24;000500000000000000000123
prive;;000100000000000000000001;;;lu;00010000000000000000006b;Bonne idee, je suis partant.;2026-08-19 02:50:24;000500000000000000000124
prive;;000100000000000000000096;;;lu;000100000000000000000004;Tu as des nouvelles de la famille ?;2026-08-19 03:37:57;000500000000000000000125
prive;;000100000000000000000004;;;lu;000100000000000000000096;Bonne nuit !;2026-08-19 03:50:57;000500000000000000000126
prive;;00010000000000000000008d;;;lu;000100000000000000000001;On en parle demain ?;2026-08-19 12:42:09;000500000000000000000127
prive;;000100000000000000000001;;;lu;00010000000000000000008d;Bonne idee, je suis partant.;2026-08-19 13:02:09;000500000000000000000128
prive;;000100000000000000000081;;;lu;000100000000000000000096;Peux-tu me renvoyer l'adresse ?;2026-08-19 13:05:32;000500000000000000000129
prive;;000100000000000000000024;;;lu;00010000000000000000008c;Je n'ai pas bien compris, tu peux repeter ?;2026-08-19 13:16:46;00050000000000000000012a
prive;;000100000000000000000096;;;envoye;000100000000000000000081;J'arrive dans dix minutes.;2026-08-19 13:43:32;00050000000000000000012b
prive;;000100000000000000000001;;;lu;00010000000000000000008d;Peux-tu me renvoyer l'adresse ?;2026-08-19 14:02:09;00050000000000000000012c
prive;;000100000000000000000001;;;lu;00010000000000000000008d;Salut, tu vas bien ?;2026-08-19 14:36:09;00050000000000000000012d
prive;;00010000000000000000008d;;;lu;000100000000000000000001;J'arrive dans dix minutes.;2026-08-19 15:02:09;00050000000000000000012e
prive;;000100000000000000000014;;;lu;000100000000000000000080;Haha, trop drole !;2026-08-19 19:37:20;00050000000000000000012f
prive;;000100000000000000000080;;;lu;000100000000000000000014;Haha, trop drole !;2026-08-19 20:23:20;000500000000000000000130
prive;;000100000000000000000080;;;lu;000100000000000000000014;A tout a l'heure !;2026-08-19 20:40:20;000500000000000000000131
prive;;000100000000000000000014;;;lu;000100000000000000000080;Je t'ai envoye une photo.;2026-08-19 20:49:20;000500000000000000000132
prive;;000100000000000000000039;;;lu;00010000000000000000002a;On en parle demain ?;2026-08-19 21:41:52;000500000000000000000133
prive;;000100000000000000000076;;;lu;000100000000000000000035;Bonne nuit !;2026-08-19 22:13:27;000500000000000000000134
prive;;00010000000000000000002a;;;lu;000100000000000000000039;Ok, c'est note.;2026-08-19 22:37:52;000500000000000000000135
prive;;000100000000000000000035;;;lu;000100000000000000000076;On en parle demain ?;2026-08-19 22:39:27;000500000000000000000136
prive;;000100000000000000000076;;;lu;000100000000000000000035;Je t'ai envoye une photo.;2026-08-19 23:11:27;000500000000000000000137
prive;;000100000000000000000076;;;lu;000100000000000000000035;A tout a l'heure !;2026-08-20 00:33:27;000500000000000000000138
prive;;000100000000000000000076;;;lu;000100000000000000000035;Coucou, tu es dispo ce soir ?;2026-08-20 01:13:27;000500000000000000000139
prive;;000100000000000000000001;;;lu;000100000000000000000048;Super, merci beaucoup !;2026-08-20 04:05:31;00050000000000000000013a
prive;;000100000000000000000048;;;lu;000100000000000000000001;C'est confirme pour samedi.;2026-08-20 04:51:31;00050000000000000000013b
prive;;000100000000000000000001;;;lu;000100000000000000000048;Super, merci beaucoup !;2026-08-20 10:51:31;00050000000000000000013c
groupe;00020000000000000000001b;;;;envoye;000100000000000000000033;On vote pour la date ?;2026-08-20 11:47:00;00050000000000000000013d
groupe;000200000000000000000014;;;;envoye;000100000000000000000023;N'oubliez pas de confirmer votre presence.;2026-08-20 16:32:00;00050000000000000000013e
prive;;00010000000000000000006b;;;lu;000100000000000000000001;On en parle demain ?;2026-08-20 16:50:24;00050000000000000000013f
prive;;00010000000000000000006b;;;lu;000100000000000000000001;On se retrouve ou ?;2026-08-20 17:28:24;000500000000000000000140
prive;;00010000000000000000006b;;;lu;000100000000000000000001;Tu peux m'appeler quand tu as une minute ?;2026-08-20 18:53:24;000500000000000000000141
groupe;000200000000000000000017;;;;envoye;00010000000000000000005d;Excellente discussion aujourd'hui.;2026-08-20 19:11:00;000500000000000000000142
prive;;000100000000000000000001;;;lu;00010000000000000000006b;Tu as des nouvelles de la famille ?;2026-08-20 19:44:24;000500000000000000000143
prive;;00010000000000000000006b;;;lu;000100000000000000000001;A tout a l'heure !;2026-08-20 20:12:24;000500000000000000000144
groupe;000200000000000000000019;;;;envoye;000100000000000000000021;On vote pour la date ?;2026-08-20 20:19:00;000500000000000000000145
groupe;00020000000000000000001a;;;;envoye;000100000000000000000007;Bonne journee a tous !;2026-08-20 20:22:00;000500000000000000000146
groupe;00020000000000000000001c;;;;envoye;00010000000000000000006d;Merci aux admins pour l'organisation.;2026-08-20 20:30:00;000500000000000000000147
prive;;00010000000000000000002a;;;lu;000100000000000000000039;Merci pour ton aide, vraiment.;2026-08-20 20:37:52;000500000000000000000148
prive;;00010000000000000000006b;;;lu;000100000000000000000001;Ne t'inquiete pas, tout va bien.;2026-08-20 20:51:24;000500000000000000000149
prive;;000100000000000000000001;;;lu;00010000000000000000006b;Le cours commence a quelle heure ?;2026-08-20 21:24:24;00050000000000000000014a
prive;;000100000000000000000044;;;lu;00010000000000000000003b;Bonne idee, je suis partant.;2026-08-20 22:03:55;00050000000000000000014b
prive;;000100000000000000000001;;;lu;000100000000000000000011;Le cours commence a quelle heure ?;2026-08-20 22:39:10;00050000000000000000014c
prive;;000100000000000000000026;;;lu;000100000000000000000048;Je suis dans le bus, je reponds plus tard.;2026-08-20 22:57:02;00050000000000000000014d
groupe;000200000000000000000017;;;;envoye;000100000000000000000057;Une photo de l'evenement de ce week-end.;2026-08-20 23:11:00;00050000000000000000014e
prive;;000100000000000000000048;;;lu;000100000000000000000026;On se voit demain a la fac ?;2026-08-20 23:41:02;00050000000000000000014f
prive;;000100000000000000000011;;;lu;000100000000000000000001;Tu as des nouvelles de la famille ?;2026-08-20 23:48:10;000500000000000000000150
prive;;000100000000000000000001;;;lu;000100000000000000000011;J'arrive dans dix minutes.;2026-08-20 23:50:10;000500000000000000000151
groupe;000200000000000000000019;;;;envoye;000100000000000000000037;Voici le lien dont je parlais hier.;2026-08-20 23:57:00;000500000000000000000152
prive;;000100000000000000000001;;;lu;000100000000000000000011;Tu peux m'appeler quand tu as une minute ?;2026-08-21 00:37:10;000500000000000000000153
groupe;00020000000000000000000e;;000100000000000000000012;;envoye;000100000000000000000087;Rappel : rendez-vous samedi a 10h.;2026-08-21 00:58:00;000500000000000000000154
groupe;00020000000000000000001b;;"000100000000000000000078;000100000000000000000043";;envoye;000100000000000000000010;Voici le lien dont je parlais hier.;2026-08-21 02:50:00;000500000000000000000155
groupe;00020000000000000000001b;;;;envoye;000100000000000000000079;Bonjour a tous, bienvenue dans le groupe.;2026-08-21 07:37:00;000500000000000000000156
groupe;000200000000000000000019;;;;envoye;000100000000000000000010;Excellente discussion aujourd'hui.;2026-08-21 08:19:00;000500000000000000000157
prive;;00010000000000000000008c;;;lu;000100000000000000000024;A tout a l'heure !;2026-08-21 09:16:46;000500000000000000000158
prive;;00010000000000000000008c;;;lu;000100000000000000000024;Super, merci beaucoup !;2026-08-21 09:30:46;000500000000000000000159
prive;;000100000000000000000024;;;recu;00010000000000000000008c;Bonne idee, je suis partant.;2026-08-21 10:37:46;00050000000000000000015a
groupe;000200000000000000000007;;;;envoye;000100000000000000000012;Bonne journee a tous !;2026-08-21 11:09:00;00050000000000000000015b
groupe;000200000000000000000005;;;;envoye;00010000000000000000008e;Une photo de l'evenement de ce week-end.;2026-08-21 15:21:00;00050000000000000000015c
groupe;00020000000000000000001a;;;;envoye;00010000000000000000005b;Une idee pour la prochaine sortie ?;2026-08-21 17:09:00;00050000000000000000015d
prive;;000100000000000000000001;;;lu;00010000000000000000008d;J'arrive dans dix minutes.;2026-08-21 19:02:09;00050000000000000000015e
groupe;00020000000000000000001a;;;;envoye;00010000000000000000002a;Bravo a toute l'equipe !;2026-08-21 19:25:00;00050000000000000000015f
prive;;00010000000000000000008d;;;lu;000100000000000000000001;Je t'ai envoye une photo.;2026-08-21 19:40:09;000500000000000000000160
prive;;000100000000000000000001;;;lu;00010000000000000000008d;Dis-moi quand tu es libre.;2026-08-21 19:52:09;000500000000000000000161
groupe;00020000000000000000000c;;"000100000000000000000059;000100000000000000000019";;envoye;00010000000000000000007f;Qui peut apporter les chaises ?;2026-08-21 20:51:00;000500000000000000000162
prive;;000100000000000000000011;;;lu;000100000000000000000001;Passe une bonne soiree.;2026-08-21 22:37:10;000500000000000000000163
groupe;000200000000000000000014;;;;envoye;000100000000000000000032;On vote pour la date ?;2026-08-21 22:51:00;000500000000000000000164
prive;;000100000000000000000011;;;lu;000100000000000000000001;Je n'ai pas bien compris, tu peux repeter ?;2026-08-21 23:32:10;000500000000000000000165
prive;;000100000000000000000011;;;lu;000100000000000000000001;Bonne nuit !;2026-08-22 00:18:10;000500000000000000000166
groupe;00020000000000000000000b;;;;envoye;000100000000000000000023;Je suis d'accord avec la proposition.;2026-08-22 00:22:00;000500000000000000000167
prive;;000100000000000000000001;;;envoye;000100000000000000000011;Tu peux m'appeler quand tu as une minute ?;2026-08-22 00:32:10;000500000000000000000168
prive;;000100000000000000000048;;;lu;000100000000000000000001;Je suis en retard, desole.;2026-08-22 00:51:31;000500000000000000000169
prive;;000100000000000000000001;;;lu;000100000000000000000048;Tu as reussi a te connecter ?;2026-08-22 00:53:31;00050000000000000000016a
groupe;000200000000000000000013;;;;envoye;000100000000000000000015;Rappel : rendez-vous samedi a 10h.;2026-08-22 01:04:00;00050000000000000000016b
groupe;00020000000000000000000c;;;;envoye;00010000000000000000003e;Quelqu'un a l'information pour la reunion ?;2026-08-22 02:07:00;00050000000000000000016c
groupe;000200000000000000000007;;000100000000000000000094;;envoye;000100000000000000000071;Je poste le compte rendu ce soir.;2026-08-22 02:21:00;00050000000000000000016d
groupe;00020000000000000000001e;;;;envoye;00010000000000000000007e;Quelqu'un connait un bon prestataire ?;2026-08-22 04:43:00;00050000000000000000016e
prive;;000100000000000000000001;;;recu;00010000000000000000006b;Je suis en retard, desole.;2026-08-22 06:24:24;00050000000000000000016f
prive;;000100000000000000000026;;;lu;000100000000000000000048;On se voit demain a la fac ?;2026-08-22 06:41:02;000500000000000000000170
groupe;000200000000000000000018;;;;envoye;000100000000000000000007;Une photo de l'evenement de ce week-end.;2026-08-22 06:52:00;000500000000000000000171
groupe;000200000000000000000007;;;;envoye;000100000000000000000011;Je poste le compte rendu ce soir.;2026-08-22 07:07:00;000500000000000000000172
prive;;000100000000000000000048;;;lu;000100000000000000000026;Bonne idee, je suis partant.;2026-08-22 07:27:02;000500000000000000000173
prive;;00010000000000000000003b;;;lu;000100000000000000000044;Tu as des nouvelles de la famille ?;2026-08-22 08:03:55;000500000000000000000174
prive;;000100000000000000000044;;;lu;00010000000000000000003b;Je suis en retard, desole.;2026-08-22 08:17:55;000500000000000000000175
prive;;00010000000000000000003b;;;lu;000100000000000000000044;Bravo pour ta presentation.;2026-08-22 08:51:55;000500000000000000000176
prive;;000100000000000000000001;;;recu;000100000000000000000011;Bonne nuit !;2026-08-22 09:32:10;000500000000000000000177
groupe;00020000000000000000001a;;;;envoye;00010000000000000000007f;Je poste le compte rendu ce soir.;2026-08-22 09:34:00;000500000000000000000178
prive;;000100000000000000000044;;;lu;00010000000000000000003b;Salut, tu vas bien ?;2026-08-22 10:18:55;000500000000000000000179
prive;;000100000000000000000001;;;recu;000100000000000000000011;Salut, tu vas bien ?;2026-08-22 10:47:10;00050000000000000000017a
prive;;000100000000000000000076;;;lu;000100000000000000000035;On en parle demain ?;2026-08-22 11:13:27;00050000000000000000017b
groupe;000200000000000000000007;;;;envoye;000100000000000000000033;N'oubliez pas de confirmer votre presence.;2026-08-22 11:21:00;00050000000000000000017c
prive;;000100000000000000000035;;;lu;000100000000000000000076;Je t'ai envoye une photo.;2026-08-22 11:22:27;00050000000000000000017d
prive;;000100000000000000000035;;;lu;000100000000000000000076;Tu as reussi a te connecter ?;2026-08-22 11:28:27;00050000000000000000017e
groupe;00020000000000000000000b;;;;envoye;000100000000000000000088;Quelqu'un connait un bon prestataire ?;2026-08-22 11:41:00;00050000000000000000017f
prive;;00010000000000000000003b;;;lu;000100000000000000000044;Je t'envoie le document dans la journee.;2026-08-22 11:45:55;000500000000000000000180
prive;;00010000000000000000008d;;;lu;000100000000000000000001;Haha, trop drole !;2026-08-22 11:52:09;000500000000000000000181
prive;;000100000000000000000076;;;lu;000100000000000000000035;Bonne nuit !;2026-08-22 12:06:27;000500000000000000000182
prive;;000100000000000000000035;;;lu;000100000000000000000076;Bonne nuit !;2026-08-22 12:13:27;000500000000000000000183
prive;;000100000000000000000044;;;lu;00010000000000000000003b;Peux-tu me renvoyer l'adresse ?;2026-08-22 12:19:55;000500000000000000000184
prive;;000100000000000000000001;;;lu;00010000000000000000008d;Coucou, tu es dispo ce soir ?;2026-08-22 12:36:09;000500000000000000000185
prive;;000100000000000000000035;;;envoye;000100000000000000000076;Tu as des nouvelles de la famille ?;2026-08-22 12:51:27;000500000000000000000186
prive;;00010000000000000000003b;;;lu;000100000000000000000044;Coucou, tu es dispo ce soir ?;2026-08-22 13:15:55;000500000000000000000187
prive;;000100000000000000000001;;;lu;00010000000000000000004b;Je suis en retard, desole.;2026-08-22 13:22:01;000500000000000000000188
prive;;00010000000000000000008d;;;recu;000100000000000000000001;On se retrouve ou ?;2026-08-22 13:37:09;000500000000000000000189
prive;;000100000000000000000039;;;lu;00010000000000000000002a;Bonne nuit !;2026-08-22 13:37:52;00050000000000000000018a
prive;;00010000000000000000004b;;;lu;000100000000000000000001;Tu as fini ton rapport ?;2026-08-22 13:54:01;00050000000000000000018b
prive;;000100000000000000000001;;;lu;00010000000000000000004b;Je t'ai envoye une photo.;2026-08-22 14:13:01;00050000000000000000018c
prive;;000100000000000000000044;;;lu;00010000000000000000003b;Peux-tu me renvoyer l'adresse ?;2026-08-22 14:21:55;00050000000000000000018d
groupe;000200000000000000000013;;;;envoye;000100000000000000000015;Quelqu'un connait un bon prestataire ?;2026-08-22 14:28:00;00050000000000000000018e
prive;;00010000000000000000002a;;;lu;000100000000000000000039;Je suis dans le bus, je reponds plus tard.;2026-08-22 14:59:52;00050000000000000000018f
groupe;00020000000000000000001b;;;;envoye;000100000000000000000042;Question rapide : a quelle heure on commence ?;2026-08-22 15:25:00;000500000000000000000190
groupe;000200000000000000000006;;;;envoye;000100000000000000000018;Qui peut apporter les chaises ?;2026-08-22 15:26:00;000500000000000000000191
prive;;000100000000000000000001;;;lu;00010000000000000000004b;On se voit demain a la fac ?;2026-08-22 15:43:01;000500000000000000000192
prive;;000100000000000000000039;;;lu;00010000000000000000002a;On en parle demain ?;2026-08-22 16:03:52;000500000000000000000193
prive;;000100000000000000000001;;;lu;00010000000000000000004b;Ne t'inquiete pas, tout va bien.;2026-08-22 16:38:01;000500000000000000000194
prive;;000100000000000000000001;;;lu;00010000000000000000004b;On en parle demain ?;2026-08-22 16:57:01;000500000000000000000195
prive;;000100000000000000000026;;;recu;000100000000000000000048;Je t'envoie le document dans la journee.;2026-08-22 17:27:02;000500000000000000000196
prive;;000100000000000000000026;;;lu;00010000000000000000003c;Passe une bonne soiree.;2026-08-22 17:41:36;000500000000000000000197
prive;;000100000000000000000001;;;lu;00010000000000000000004b;Merci pour ton aide, vraiment.;2026-08-22 18:06:01;000500000000000000000198
groupe;000200000000000000000008;;;;envoye;00010000000000000000003b;Question rapide : a quelle heure on commence ?;2026-08-22 18:20:00;000500000000000000000199
prive;;00010000000000000000003c;;;lu;000100000000000000000026;Passe une bonne soiree.;2026-08-22 18:23:36;00050000000000000000019a
prive;;000100000000000000000001;;;lu;00010000000000000000004b;J'arrive dans dix minutes.;2026-08-22 18:44:01;00050000000000000000019b
groupe;000200000000000000000009;;;;envoye;000100000000000000000042;On vote pour la date ?;2026-08-22 19:02:00;00050000000000000000019c
groupe;00020000000000000000001b;;;;envoye;000100000000000000000026;Je ne pourrai pas venir cette fois.;2026-08-22 19:02:00;00050000000000000000019d
prive;;000100000000000000000001;;;lu;00010000000000000000004b;On se retrouve ou ?;2026-08-22 20:04:01;00050000000000000000019e
prive;;00010000000000000000004b;;;lu;000100000000000000000001;Ne t'inquiete pas, tout va bien.;2026-08-22 21:08:01;00050000000000000000019f
groupe;000200000000000000000002;;;;envoye;000100000000000000000063;Merci aux admins pour l'organisation.;2026-08-22 21:28:00;0005000000000000000001a0
prive;;000100000000000000000001;;;lu;00010000000000000000004b;C'est confirme pour samedi.;2026-08-22 22:26:01;0005000000000000000001a1
prive;;000100000000000000000001;;;lu;00010000000000000000004b;On se retrouve ou ?;2026-08-22 22:44:01;0005000000000000000001a2
groupe;000200000000000000000011;;"00010000000000000000001c;000100000000000000000048";;envoye;00010000000000000000001b;Bonjour a tous, bienvenue dans le groupe.;2026-08-22 23:01:00;0005000000000000000001a3
prive;;00010000000000000000004b;;;lu;000100000000000000000001;Peux-tu me renvoyer l'adresse ?;2026-08-22 23:15:01;0005000000000000000001a4
prive;;000100000000000000000001;;;lu;00010000000000000000004b;Je suis dans le bus, je reponds plus tard.;2026-08-23 00:22:01;0005000000000000000001a5
prive;;000100000000000000000048;;;lu;000100000000000000000001;Bonne idee, je suis partant.;2026-08-23 00:53:31;0005000000000000000001a6
groupe;000200000000000000000006;;;;envoye;000100000000000000000014;Question rapide : a quelle heure on commence ?;2026-08-23 01:33:00;0005000000000000000001a7
prive;;000100000000000000000001;;;lu;00010000000000000000004b;Tu as fini ton rapport ?;2026-08-23 01:40:01;0005000000000000000001a8
prive;;000100000000000000000048;;;lu;000100000000000000000001;A tout a l'heure !;2026-08-23 02:08:31;0005000000000000000001a9
groupe;000200000000000000000017;;;;envoye;000100000000000000000034;Je ne pourrai pas venir cette fois.;2026-08-23 02:13:00;0005000000000000000001aa
prive;;000100000000000000000001;;;lu;000100000000000000000048;A tout a l'heure !;2026-08-23 02:13:31;0005000000000000000001ab
prive;;000100000000000000000068;;;lu;000100000000000000000081;Super, merci beaucoup !;2026-08-23 02:15:39;0005000000000000000001ac
prive;;000100000000000000000081;;;lu;000100000000000000000068;Tu as des nouvelles de la famille ?;2026-08-23 02:22:39;0005000000000000000001ad
prive;;000100000000000000000001;;;lu;000100000000000000000048;Je n'ai pas bien compris, tu peux repeter ?;2026-08-23 02:48:31;0005000000000000000001ae
prive;;000100000000000000000048;;;lu;000100000000000000000001;Ne t'inquiete pas, tout va bien.;2026-08-23 04:09:31;0005000000000000000001af
groupe;00020000000000000000000e;;00010000000000000000005a;;envoye;00010000000000000000006a;Question rapide : a quelle heure on commence ?;2026-08-23 04:23:00;0005000000000000000001b0
prive;;000100000000000000000048;;;lu;000100000000000000000001;On en parle demain ?;2026-08-23 04:33:31;0005000000000000000001b1
prive;;000100000000000000000001;;;lu;000100000000000000000048;Le cours commence a quelle heure ?;2026-08-23 04:54:31;0005000000000000000001b2
groupe;000200000000000000000007;;;;envoye;00010000000000000000005a;Je suis d'accord avec la proposition.;2026-08-23 05:43:00;0005000000000000000001b3
groupe;000200000000000000000019;;;;envoye;000100000000000000000050;Une idee pour la prochaine sortie ?;2026-08-23 10:01:00;0005000000000000000001b4
prive;;00010000000000000000003b;;;lu;000100000000000000000044;Je suis en retard, desole.;2026-08-23 13:21:55;0005000000000000000001b5
prive;;000100000000000000000068;;;lu;000100000000000000000081;On se retrouve ou ?;2026-08-23 13:22:39;0005000000000000000001b6
prive;;000100000000000000000068;;;lu;000100000000000000000081;Tu as vu la publication d'hier ?;2026-08-23 13:35:39;0005000000000000000001b7
prive;;000100000000000000000068;;;lu;000100000000000000000081;Merci pour ton aide, vraiment.;2026-08-23 13:57:39;0005000000000000000001b8
prive;;00010000000000000000003b;;;lu;000100000000000000000044;Je t'ai envoye une photo.;2026-08-23 14:11:55;0005000000000000000001b9
prive;;00010000000000000000003b;;;lu;000100000000000000000044;Tu as des nouvelles de la famille ?;2026-08-23 14:12:55;0005000000000000000001ba
prive;;000100000000000000000081;;;lu;000100000000000000000068;Je t'ai envoye une photo.;2026-08-23 14:54:39;0005000000000000000001bb
groupe;000200000000000000000019;;;;envoye;000100000000000000000096;Rappel : rendez-vous samedi a 10h.;2026-08-23 16:21:00;0005000000000000000001bc
groupe;00020000000000000000000b;;;;envoye;00010000000000000000008c;Voici le lien dont je parlais hier.;2026-08-23 16:39:00;0005000000000000000001bd
prive;;000100000000000000000001;;;lu;000100000000000000000048;Peux-tu me renvoyer l'adresse ?;2026-08-23 16:54:31;0005000000000000000001be
prive;;000100000000000000000048;;;lu;000100000000000000000001;J'arrive dans dix minutes.;2026-08-23 17:37:31;0005000000000000000001bf
prive;;000100000000000000000048;;;lu;000100000000000000000001;On se retrouve ou ?;2026-08-23 18:25:31;0005000000000000000001c0
prive;;000100000000000000000048;;;recu;000100000000000000000001;On en parle demain ?;2026-08-23 19:14:31;0005000000000000000001c1
groupe;000200000000000000000009;;;;envoye;000100000000000000000085;On vote pour la date ?;2026-08-23 20:58:00;0005000000000000000001c2
prive;;000100000000000000000022;;;lu;000100000000000000000035;Je t'ai envoye une photo.;2026-08-23 21:43:37;0005000000000000000001c3
groupe;000200000000000000000007;;;;envoye;000100000000000000000002;Je suis d'accord avec la proposition.;2026-08-23 22:27:00;0005000000000000000001c4
prive;;000100000000000000000022;;;lu;000100000000000000000035;On se voit demain a la fac ?;2026-08-23 22:35:37;0005000000000000000001c5
prive;;000100000000000000000022;;;lu;000100000000000000000035;Le cours commence a quelle heure ?;2026-08-23 23:26:37;0005000000000000000001c6
prive;;000100000000000000000022;;;lu;000100000000000000000035;Tu as des nouvelles de la famille ?;2026-08-23 23:49:37;0005000000000000000001c7
groupe;00020000000000000000001b;;"000100000000000000000023;000100000000000000000049";;envoye;000100000000000000000087;Je suis d'accord avec la proposition.;2026-08-24 01:13:00;0005000000000000000001c8
prive;;000100000000000000000081;;;lu;000100000000000000000042;On en parle demain ?;2026-08-24 01:34:15;0005000000000000000001c9
prive;;000100000000000000000010;;;lu;000100000000000000000004;Dis-moi quand tu es libre.;2026-08-24 01:40:27;0005000000000000000001ca
prive;;000100000000000000000010;;;lu;000100000000000000000004;Tu as fini ton rapport ?;2026-08-24 02:35:27;0005000000000000000001cb
prive;;000100000000000000000010;;;lu;000100000000000000000004;Dis-moi quand tu es libre.;2026-08-24 03:19:27;0005000000000000000001cc
prive;;000100000000000000000004;;;lu;000100000000000000000010;Tu as fini ton rapport ?;2026-08-24 03:47:27;0005000000000000000001cd
groupe;00020000000000000000000b;;;;envoye;00010000000000000000003c;Rappel : rendez-vous samedi a 10h.;2026-08-24 04:45:00;0005000000000000000001ce
prive;;000100000000000000000010;;;lu;000100000000000000000004;Peux-tu me renvoyer l'adresse ?;2026-08-24 04:46:27;0005000000000000000001cf
prive;;000100000000000000000004;;;lu;000100000000000000000010;Super, merci beaucoup !;2026-08-24 04:59:27;0005000000000000000001d0
prive;;000100000000000000000004;;;lu;000100000000000000000010;Passe une bonne soiree.;2026-08-24 05:32:27;0005000000000000000001d1
prive;;000100000000000000000004;;;lu;000100000000000000000010;Passe une bonne soiree.;2026-08-24 05:57:27;0005000000000000000001d2
prive;;000100000000000000000004;;;lu;000100000000000000000010;Tu peux m'appeler quand tu as une minute ?;2026-08-24 07:06:27;0005000000000000000001d3
prive;;000100000000000000000010;;;lu;000100000000000000000004;Tu as reussi a te connecter ?;2026-08-24 07:31:27;0005000000000000000001d4
prive;;000100000000000000000004;;;lu;000100000000000000000010;Coucou, tu es dispo ce soir ?;2026-08-24 08:01:27;0005000000000000000001d5
prive;;000100000000000000000004;;;lu;000100000000000000000010;Dis-moi quand tu es libre.;2026-08-24 08:05:27;0005000000000000000001d6
groupe;00020000000000000000000c;;;;envoye;000100000000000000000033;Bravo a toute l'equipe !;2026-08-24 10:24:00;0005000000000000000001d7
prive;;00010000000000000000000f;;;lu;000100000000000000000015;Coucou, tu es dispo ce soir ?;2026-08-24 11:20:05;0005000000000000000001d8
prive;;000100000000000000000042;;;lu;000100000000000000000081;Dis-moi quand tu es libre.;2026-08-24 11:34:15;0005000000000000000001d9
groupe;000200000000000000000019;;;;envoye;000100000000000000000057;Voici le lien dont je parlais hier.;2026-08-24 11:42:00;0005000000000000000001da
prive;;000100000000000000000042;;;lu;000100000000000000000081;On en parle demain ?;2026-08-24 11:46:15;0005000000000000000001db
groupe;000200000000000000000007;;000100000000000000000036;;envoye;00010000000000000000001a;Une idee pour la prochaine sortie ?;2026-08-24 12:10:00;0005000000000000000001dc
prive;;000100000000000000000015;;;lu;00010000000000000000000f;C'est confirme pour samedi.;2026-08-24 12:13:05;0005000000000000000001dd
groupe;000200000000000000000019;;00010000000000000000008e;;envoye;000100000000000000000046;Je suis d'accord avec la proposition.;2026-08-24 12:15:00;0005000000000000000001de
prive;;00010000000000000000000f;;;lu;000100000000000000000015;Ne t'inquiete pas, tout va bien.;2026-08-24 12:56:05;0005000000000000000001df
prive;;00010000000000000000000f;;;lu;000100000000000000000015;Coucou, tu es dispo ce soir ?;2026-08-24 13:08:05;0005000000000000000001e0
prive;;000100000000000000000081;;;lu;000100000000000000000042;Super, merci beaucoup !;2026-08-24 13:11:15;0005000000000000000001e1
prive;;000100000000000000000015;;;lu;00010000000000000000000f;Peux-tu me renvoyer l'adresse ?;2026-08-24 14:24:05;0005000000000000000001e2
prive;;000100000000000000000042;;;lu;000100000000000000000081;Je t'envoie le document dans la journee.;2026-08-24 14:39:15;0005000000000000000001e3
prive;;000100000000000000000081;;;lu;000100000000000000000042;Je suis en retard, desole.;2026-08-24 15:09:15;0005000000000000000001e4
prive;;00010000000000000000000f;;;lu;000100000000000000000015;Tu as fini ton rapport ?;2026-08-24 15:34:05;0005000000000000000001e5
prive;;000100000000000000000081;;;lu;000100000000000000000042;Dis-moi quand tu es libre.;2026-08-24 16:10:15;0005000000000000000001e6
prive;;00010000000000000000000f;;;lu;000100000000000000000015;Tu as des nouvelles de la famille ?;2026-08-24 16:26:05;0005000000000000000001e7
prive;;000100000000000000000081;;;lu;000100000000000000000068;On en parle demain ?;2026-08-24 16:54:39;0005000000000000000001e8
prive;;000100000000000000000081;;;lu;000100000000000000000042;Tu peux m'appeler quand tu as une minute ?;2026-08-24 17:36:15;0005000000000000000001e9
groupe;00020000000000000000001a;;000100000000000000000024;;envoye;000100000000000000000064;Rappel : rendez-vous samedi a 10h.;2026-08-24 18:15:00;0005000000000000000001ea
groupe;000200000000000000000015;;;;envoye;000100000000000000000039;Quelqu'un connait un bon prestataire ?;2026-08-24 18:15:00;0005000000000000000001eb
groupe;00020000000000000000001e;;;;envoye;000100000000000000000015;Bonjour a tous, bienvenue dans le groupe.;2026-08-24 19:13:00;0005000000000000000001ec
groupe;00020000000000000000001b;;;;envoye;000100000000000000000042;Qui peut apporter les chaises ?;2026-08-24 20:08:00;0005000000000000000001ed
groupe;000200000000000000000006;;;;envoye;000100000000000000000073;Bonjour a tous, bienvenue dans le groupe.;2026-08-24 23:49:00;0005000000000000000001ee
prive;;000100000000000000000093;;;lu;000100000000000000000076;Haha, trop drole !;2026-08-25 00:36:25;0005000000000000000001ef
groupe;000200000000000000000008;;;;envoye;000100000000000000000087;Bonne journee a tous !;2026-08-25 00:37:00;0005000000000000000001f0
groupe;000200000000000000000009;;;;envoye;000100000000000000000096;Bonjour a tous, bienvenue dans le groupe.;2026-08-25 01:15:00;0005000000000000000001f1
prive;;00010000000000000000004f;;;lu;000100000000000000000022;Je t'ai envoye une photo.;2026-08-25 01:36:00;0005000000000000000001f2
prive;;000100000000000000000076;;;lu;000100000000000000000093;Ne t'inquiete pas, tout va bien.;2026-08-25 01:59:25;0005000000000000000001f3
prive;;000100000000000000000076;;;lu;000100000000000000000093;C'est confirme pour samedi.;2026-08-25 02:24:25;0005000000000000000001f4
groupe;00020000000000000000001d;;;;envoye;00010000000000000000000b;Merci pour le partage, tres utile.;2026-08-25 02:32:00;0005000000000000000001f5
prive;;000100000000000000000022;;;lu;00010000000000000000004f;Bonne idee, je suis partant.;2026-08-25 02:42:00;0005000000000000000001f6
groupe;000200000000000000000009;;;;envoye;000100000000000000000009;On vote pour la date ?;2026-08-25 03:30:00;0005000000000000000001f7
prive;;000100000000000000000076;;;lu;000100000000000000000093;Peux-tu me renvoyer l'adresse ?;2026-08-25 03:46:25;0005000000000000000001f8
prive;;00010000000000000000004f;;;lu;000100000000000000000022;Je t'envoie le document dans la journee.;2026-08-25 04:10:00;0005000000000000000001f9
prive;;000100000000000000000044;;;lu;00010000000000000000003b;Le cours commence a quelle heure ?;2026-08-25 04:12:55;0005000000000000000001fa
prive;;000100000000000000000093;;;lu;000100000000000000000076;Ne t'inquiete pas, tout va bien.;2026-08-25 04:35:25;0005000000000000000001fb
prive;;000100000000000000000022;;;lu;00010000000000000000004f;Tu as reussi a te connecter ?;2026-08-25 05:13:00;0005000000000000000001fc
prive;;000100000000000000000026;;;lu;00010000000000000000003c;Tu as fini ton rapport ?;2026-08-25 05:23:36;0005000000000000000001fd
prive;;000100000000000000000026;;;lu;00010000000000000000003c;Je t'envoie le document dans la journee.;2026-08-25 06:08:36;0005000000000000000001fe
prive;;000100000000000000000042;;;lu;000100000000000000000081;Je n'ai pas bien compris, tu peux repeter ?;2026-08-25 09:36:15;0005000000000000000001ff
prive;;000100000000000000000081;;;lu;000100000000000000000042;Bonne idee, je suis partant.;2026-08-25 10:11:15;000500000000000000000200
prive;;000100000000000000000042;;;lu;000100000000000000000081;Passe une bonne soiree.;2026-08-25 10:47:15;000500000000000000000201
groupe;000200000000000000000004;;;;envoye;000100000000000000000048;Excellente discussion aujourd'hui.;2026-08-25 10:50:00;000500000000000000000202
groupe;000200000000000000000007;;;;envoye;000100000000000000000042;Merci pour le partage, tres utile.;2026-08-25 11:23:00;000500000000000000000203
prive;;000100000000000000000081;;;lu;000100000000000000000042;Je t'envoie le document dans la journee.;2026-08-25 11:44:15;000500000000000000000204
prive;;000100000000000000000081;;;lu;000100000000000000000042;Je suis dans le bus, je reponds plus tard.;2026-08-25 12:44:15;000500000000000000000205
groupe;000200000000000000000019;;;;envoye;000100000000000000000064;Question rapide : a quelle heure on commence ?;2026-08-25 15:17:00;000500000000000000000206
groupe;00020000000000000000001b;;;;envoye;000100000000000000000018;Je poste le compte rendu ce soir.;2026-08-25 16:37:00;000500000000000000000207
groupe;000200000000000000000003;;;;envoye;000100000000000000000075;Je suis d'accord avec la proposition.;2026-08-25 16:38:00;000500000000000000000208
groupe;00020000000000000000001b;;;;envoye;000100000000000000000030;N'oubliez pas de confirmer votre presence.;2026-08-25 16:47:00;000500000000000000000209
groupe;000200000000000000000007;;;;envoye;000100000000000000000007;Voici le lien dont je parlais hier.;2026-08-25 21:18:00;00050000000000000000020a
groupe;000200000000000000000010;;000100000000000000000026;;envoye;000100000000000000000027;On vote pour la date ?;2026-08-25 22:25:00;00050000000000000000020b
groupe;000200000000000000000014;;;;envoye;000100000000000000000037;Qui peut apporter les chaises ?;2026-08-25 22:54:00;00050000000000000000020c
groupe;00020000000000000000001c;;;;envoye;000100000000000000000096;Quelqu'un a l'information pour la reunion ?;2026-08-25 23:35:00;00050000000000000000020d
groupe;000200000000000000000010;;;;envoye;000100000000000000000039;Voici le lien dont je parlais hier.;2026-08-26 00:37:00;00050000000000000000020e
groupe;000200000000000000000019;;;;envoye;000100000000000000000073;Bravo a toute l'equipe !;2026-08-26 03:05:00;00050000000000000000020f
groupe;000200000000000000000008;;;;envoye;000100000000000000000007;Voici le lien dont je parlais hier.;2026-08-26 04:13:00;000500000000000000000210
groupe;000200000000000000000017;;000100000000000000000059;;envoye;00010000000000000000005d;Merci aux admins pour l'organisation.;2026-08-26 09:37:00;000500000000000000000211
groupe;00020000000000000000000e;;;;envoye;000100000000000000000081;Merci aux admins pour l'organisation.;2026-08-26 09:51:00;000500000000000000000212
prive;;000100000000000000000001;;;lu;000100000000000000000089;On en parle demain ?;2026-08-26 10:02:34;000500000000000000000213
groupe;000200000000000000000015;;;;envoye;000100000000000000000008;Question rapide : a quelle heure on commence ?;2026-08-26 10:38:00;000500000000000000000214
prive;;000100000000000000000089;;;lu;000100000000000000000001;Coucou, tu es dispo ce soir ?;2026-08-26 10:55:34;000500000000000000000215
prive;;000100000000000000000089;;;lu;000100000000000000000001;Tu as des nouvelles de la famille ?;2026-08-26 11:18:34;000500000000000000000216
prive;;000100000000000000000001;;;lu;000100000000000000000089;Le cours commence a quelle heure ?;2026-08-26 11:57:34;000500000000000000000217
prive;;000100000000000000000001;;;lu;000100000000000000000089;Tu peux m'appeler quand tu as une minute ?;2026-08-26 12:07:34;000500000000000000000218
groupe;000200000000000000000001;;"00010000000000000000002a;000100000000000000000079";;envoye;00010000000000000000005c;Bravo a toute l'equipe !;2026-08-26 15:06:00;000500000000000000000219
groupe;000200000000000000000009;;;;envoye;000100000000000000000009;Quelqu'un connait un bon prestataire ?;2026-08-26 18:23:00;00050000000000000000021a
groupe;000200000000000000000019;;000100000000000000000017;;envoye;000100000000000000000046;Je suis d'accord avec la proposition.;2026-08-26 18:31:00;00050000000000000000021b
groupe;000200000000000000000015;;;;envoye;000100000000000000000049;Je suis d'accord avec la proposition.;2026-08-26 18:47:00;00050000000000000000021c
groupe;000200000000000000000019;;;;envoye;000100000000000000000048;Quelqu'un connait un bon prestataire ?;2026-08-26 19:49:00;00050000000000000000021d
groupe;00020000000000000000000a;;;;envoye;00010000000000000000005b;Bravo a toute l'equipe !;2026-08-26 20:58:00;00050000000000000000021e
groupe;000200000000000000000008;;;;envoye;000100000000000000000039;Voici le lien dont je parlais hier.;2026-08-26 21:04:00;00050000000000000000021f
groupe;00020000000000000000001a;;;;envoye;000100000000000000000077;Merci aux admins pour l'organisation.;2026-08-26 21:36:00;000500000000000000000220
prive;;000100000000000000000068;;;recu;000100000000000000000081;Je n'ai pas bien compris, tu peux repeter ?;2026-08-26 22:54:39;000500000000000000000221
prive;;000100000000000000000068;;;recu;000100000000000000000081;Je suis en retard, desole.;2026-08-26 23:38:39;000500000000000000000222
groupe;000200000000000000000002;;;;envoye;000100000000000000000043;On vote pour la date ?;2026-08-27 00:41:00;000500000000000000000223
groupe;000200000000000000000005;;000100000000000000000042;;envoye;000100000000000000000075;Une idee pour la prochaine sortie ?;2026-08-27 00:53:00;000500000000000000000224
groupe;00020000000000000000001a;;;;envoye;000100000000000000000012;Merci aux admins pour l'organisation.;2026-08-27 02:07:00;000500000000000000000225
groupe;000200000000000000000009;;;;envoye;000100000000000000000079;Quelqu'un a l'information pour la reunion ?;2026-08-27 02:24:00;000500000000000000000226
prive;;000100000000000000000015;;;lu;00010000000000000000000f;Tu as fini ton rapport ?;2026-08-27 02:26:05;000500000000000000000227
prive;;00010000000000000000003c;;;lu;000100000000000000000026;Tu as fini ton rapport ?;2026-08-27 03:08:36;000500000000000000000228
groupe;000200000000000000000007;;;;envoye;00010000000000000000005c;Je ne pourrai pas venir cette fois.;2026-08-27 04:11:00;000500000000000000000229
groupe;00020000000000000000000a;;;;envoye;000100000000000000000019;Excellente discussion aujourd'hui.;2026-08-27 04:18:00;00050000000000000000022a
prive;;000100000000000000000026;;;lu;00010000000000000000003c;Haha, trop drole !;2026-08-27 04:23:36;00050000000000000000022b
prive;;00010000000000000000003c;;;lu;000100000000000000000026;On se retrouve ou ?;2026-08-27 04:31:36;00050000000000000000022c
groupe;000200000000000000000004;;;;envoye;00010000000000000000000e;Merci pour le partage, tres utile.;2026-08-27 06:14:00;00050000000000000000022d
groupe;00020000000000000000000b;;000100000000000000000034;;envoye;000100000000000000000043;N'oubliez pas de confirmer votre presence.;2026-08-27 06:37:00;00050000000000000000022e
groupe;000200000000000000000005;;;;envoye;00010000000000000000006f;Qui peut apporter les chaises ?;2026-08-27 08:10:00;00050000000000000000022f
prive;;000100000000000000000084;;;lu;000100000000000000000020;Coucou, tu es dispo ce soir ?;2026-08-27 08:34:39;000500000000000000000230
prive;;000100000000000000000084;;;lu;000100000000000000000020;On se voit demain a la fac ?;2026-08-27 08:47:39;000500000000000000000231
groupe;00020000000000000000001b;;;;envoye;000100000000000000000019;Je suis d'accord avec la proposition.;2026-08-27 08:49:00;000500000000000000000232
prive;;000100000000000000000020;;;lu;000100000000000000000084;Tu as reussi a te connecter ?;2026-08-27 09:00:39;000500000000000000000233
groupe;000200000000000000000004;;;;envoye;00010000000000000000008a;N'oubliez pas de confirmer votre presence.;2026-08-27 09:21:00;000500000000000000000234
prive;;000100000000000000000084;;;lu;000100000000000000000020;Bonne nuit !;2026-08-27 09:26:39;000500000000000000000235
groupe;000200000000000000000007;;;;envoye;000100000000000000000007;Rappel : rendez-vous samedi a 10h.;2026-08-27 09:43:00;000500000000000000000236
prive;;000100000000000000000084;;;lu;000100000000000000000020;Ne t'inquiete pas, tout va bien.;2026-08-27 10:13:39;000500000000000000000237
prive;;000100000000000000000086;;;lu;000100000000000000000055;On se voit demain a la fac ?;2026-08-27 10:20:22;000500000000000000000238
prive;;000100000000000000000055;;;lu;000100000000000000000086;Ok, c'est note.;2026-08-27 10:34:22;000500000000000000000239
prive;;00010000000000000000007f;;;lu;000100000000000000000081;On en parle demain ?;2026-08-27 11:24:11;00050000000000000000023a
prive;;000100000000000000000081;;;lu;00010000000000000000007f;Ne t'inquiete pas, tout va bien.;2026-08-27 11:37:11;00050000000000000000023b
prive;;000100000000000000000086;;;lu;000100000000000000000055;Tu as des nouvelles de la famille ?;2026-08-27 11:52:22;00050000000000000000023c
groupe;000200000000000000000019;;;;envoye;000100000000000000000055;Je suis d'accord avec la proposition.;2026-08-27 12:28:00;00050000000000000000023d
prive;;000100000000000000000081;;;lu;00010000000000000000007f;On en parle demain ?;2026-08-27 12:28:11;00050000000000000000023e
prive;;000100000000000000000051;;;lu;000100000000000000000001;Tu peux m'appeler quand tu as une minute ?;2026-08-27 13:01:05;00050000000000000000023f
groupe;00020000000000000000000f;;;;envoye;000100000000000000000056;Je suis d'accord avec la proposition.;2026-08-27 13:23:00;000500000000000000000240
prive;;000100000000000000000001;;;lu;000100000000000000000051;Tu as reussi a te connecter ?;2026-08-27 14:15:05;000500000000000000000241
prive;;000100000000000000000001;;;lu;000100000000000000000051;Je n'ai pas bien compris, tu peux repeter ?;2026-08-27 15:05:05;000500000000000000000242
prive;;000100000000000000000001;;;lu;000100000000000000000051;Ok, c'est note.;2026-08-27 15:55:05;000500000000000000000243
prive;;000100000000000000000001;;;lu;000100000000000000000051;Je suis en retard, desole.;2026-08-27 16:16:05;000500000000000000000244
groupe;000200000000000000000004;;"000100000000000000000028;000100000000000000000069";;envoye;000100000000000000000043;Question rapide : a quelle heure on commence ?;2026-08-27 17:54:00;000500000000000000000245
prive;;000100000000000000000081;;;lu;00010000000000000000008b;A tout a l'heure !;2026-08-27 20:09:22;000500000000000000000246
groupe;000200000000000000000015;;;;envoye;00010000000000000000003a;Merci pour le partage, tres utile.;2026-08-27 20:15:00;000500000000000000000247
prive;;00010000000000000000008b;;;lu;000100000000000000000081;Dis-moi quand tu es libre.;2026-08-27 21:03:22;000500000000000000000248
groupe;00020000000000000000001b;;;;envoye;000100000000000000000059;Bonne journee a tous !;2026-08-27 21:51:00;000500000000000000000249
prive;;000100000000000000000081;;;lu;00010000000000000000008b;Tu as des nouvelles de la famille ?;2026-08-27 21:53:22;00050000000000000000024a
groupe;000200000000000000000007;;;;envoye;000100000000000000000057;N'oubliez pas de confirmer votre presence.;2026-08-27 22:35:00;00050000000000000000024b
prive;;00010000000000000000008b;;;lu;000100000000000000000081;On en parle demain ?;2026-08-27 23:11:22;00050000000000000000024c
prive;;000100000000000000000081;;;lu;00010000000000000000008b;Je suis dans le bus, je reponds plus tard.;2026-08-28 00:32:22;00050000000000000000024d
groupe;00020000000000000000001b;;;;envoye;000100000000000000000078;Une photo de l'evenement de ce week-end.;2026-08-28 01:38:00;00050000000000000000024e
prive;;000100000000000000000029;;;lu;000100000000000000000058;Dis-moi quand tu es libre.;2026-08-28 02:53:41;00050000000000000000024f
prive;;000100000000000000000058;;;lu;000100000000000000000029;C'est confirme pour samedi.;2026-08-28 03:29:41;000500000000000000000250
prive;;000100000000000000000058;;;lu;000100000000000000000029;Tu as des nouvelles de la famille ?;2026-08-28 03:36:41;000500000000000000000251
groupe;000200000000000000000017;;;;envoye;000100000000000000000054;Je poste le compte rendu ce soir.;2026-08-28 04:46:00;000500000000000000000252
groupe;00020000000000000000000b;;;;envoye;000100000000000000000015;Bonjour a tous, bienvenue dans le groupe.;2026-08-28 06:20:00;000500000000000000000253
groupe;00020000000000000000001b;;;;envoye;000100000000000000000039;Une photo de l'evenement de ce week-end.;2026-08-28 06:46:00;000500000000000000000254
groupe;00020000000000000000000f;;;;envoye;000100000000000000000045;Bravo a toute l'equipe !;2026-08-28 07:18:00;000500000000000000000255
prive;;00010000000000000000007f;;;lu;000100000000000000000081;Tu as des nouvelles de la famille ?;2026-08-28 10:28:11;000500000000000000000256
groupe;00020000000000000000001a;;"00010000000000000000006c;00010000000000000000005a";;envoye;000100000000000000000030;N'oubliez pas de confirmer votre presence.;2026-08-28 11:37:00;000500000000000000000257
prive;;000100000000000000000081;;;lu;00010000000000000000007f;Passe une bonne soiree.;2026-08-28 11:39:11;000500000000000000000258
prive;;00010000000000000000007f;;;lu;000100000000000000000081;Coucou, tu es dispo ce soir ?;2026-08-28 12:31:11;000500000000000000000259
groupe;00020000000000000000000a;;00010000000000000000007f;;envoye;000100000000000000000054;Je ne pourrai pas venir cette fois.;2026-08-28 12:55:00;00050000000000000000025a
groupe;000200000000000000000019;;;;envoye;00010000000000000000008b;N'oubliez pas de confirmer votre presence.;2026-08-28 15:02:00;00050000000000000000025b
prive;;00010000000000000000008b;;;lu;000100000000000000000081;Le cours commence a quelle heure ?;2026-08-28 15:32:22;00050000000000000000025c
prive;;000100000000000000000089;;;lu;00010000000000000000008e;Merci pour ton aide, vraiment.;2026-08-28 16:13:31;00050000000000000000025d
groupe;000200000000000000000018;;;;envoye;000100000000000000000066;Rappel : rendez-vous samedi a 10h.;2026-08-28 16:25:00;00050000000000000000025e
groupe;000200000000000000000007;;;;envoye;000100000000000000000061;Bonne journee a tous !;2026-08-28 16:33:00;00050000000000000000025f
prive;;000100000000000000000081;;;lu;00010000000000000000008b;Je suis dans le bus, je reponds plus tard.;2026-08-28 16:50:22;000500000000000000000260
prive;;00010000000000000000008b;;;lu;000100000000000000000081;J'arrive dans dix minutes.;2026-08-28 17:07:22;000500000000000000000261
groupe;000200000000000000000018;;;;envoye;000100000000000000000086;Quelqu'un connait un bon prestataire ?;2026-08-28 17:23:00;000500000000000000000262
prive;;00010000000000000000000f;;;lu;000100000000000000000015;Haha, trop drole !;2026-08-28 17:26:05;000500000000000000000263
prive;;000100000000000000000081;;;lu;00010000000000000000008b;Je t'envoie le document dans la journee.;2026-08-28 18:22:22;000500000000000000000264
groupe;000200000000000000000005;;;;envoye;000100000000000000000075;Je ne pourrai pas venir cette fois.;2026-08-28 18:27:00;000500000000000000000265
groupe;000200000000000000000002;;;;envoye;000100000000000000000049;Quelqu'un connait un bon prestataire ?;2026-08-28 18:28:00;000500000000000000000266
prive;;00010000000000000000008b;;;lu;000100000000000000000081;Tu as vu la publication d'hier ?;2026-08-28 18:37:22;000500000000000000000267
prive;;000100000000000000000089;;;lu;000100000000000000000001;C'est confirme pour samedi.;2026-08-28 19:07:34;000500000000000000000268
groupe;000200000000000000000009;;;;envoye;000100000000000000000076;On vote pour la date ?;2026-08-28 19:20:00;000500000000000000000269
prive;;00010000000000000000008b;;;lu;000100000000000000000081;Bonne nuit !;2026-08-28 19:20:22;00050000000000000000026a
groupe;000200000000000000000006;;;;envoye;00010000000000000000002a;N'oubliez pas de confirmer votre presence.;2026-08-28 19:31:00;00050000000000000000026b
groupe;000200000000000000000019;;;;envoye;000100000000000000000026;Qui peut apporter les chaises ?;2026-08-28 20:15:00;00050000000000000000026c
groupe;00020000000000000000001a;;;;envoye;000100000000000000000088;Question rapide : a quelle heure on commence ?;2026-08-28 20:18:00;00050000000000000000026d
prive;;000100000000000000000001;;;lu;000100000000000000000089;Tu as vu la publication d'hier ?;2026-08-28 20:27:34;00050000000000000000026e
prive;;000100000000000000000081;;;lu;00010000000000000000008b;A tout a l'heure !;2026-08-28 20:41:22;00050000000000000000026f
prive;;000100000000000000000089;;;lu;000100000000000000000001;Peux-tu me renvoyer l'adresse ?;2026-08-28 21:33:34;000500000000000000000270
groupe;000200000000000000000012;;;;envoye;000100000000000000000009;Je suis d'accord avec la proposition.;2026-08-28 21:37:00;000500000000000000000271
groupe;000200000000000000000007;;"00010000000000000000005f;000100000000000000000058";;envoye;000100000000000000000002;Je propose qu'on s'organise cette semaine.;2026-08-28 23:21:00;000500000000000000000272
groupe;00020000000000000000000c;;;;envoye;000100000000000000000094;Bonjour a tous, bienvenue dans le groupe.;2026-08-28 23:36:00;000500000000000000000273
groupe;00020000000000000000001b;;000100000000000000000096;;envoye;000100000000000000000053;Question rapide : a quelle heure on commence ?;2026-08-29 00:33:00;000500000000000000000274
groupe;000200000000000000000003;;;;envoye;00010000000000000000008c;N'oubliez pas de confirmer votre presence.;2026-08-29 01:30:00;000500000000000000000275
prive;;00010000000000000000007f;;;lu;000100000000000000000081;Haha, trop drole !;2026-08-29 01:31:11;000500000000000000000276
prive;;000100000000000000000081;;;lu;00010000000000000000007f;Je t'envoie le document dans la journee.;2026-08-29 01:33:11;000500000000000000000277
groupe;000200000000000000000011;;;;envoye;000100000000000000000054;Bonne journee a tous !;2026-08-29 02:48:00;000500000000000000000278
groupe;00020000000000000000001b;;000100000000000000000009;;envoye;000100000000000000000055;Merci pour le partage, tres utile.;2026-08-29 03:38:00;000500000000000000000279
groupe;000200000000000000000007;;;;envoye;000100000000000000000028;Merci aux admins pour l'organisation.;2026-08-29 04:22:00;00050000000000000000027a
groupe;00020000000000000000000b;;;;envoye;000100000000000000000094;Question rapide : a quelle heure on commence ?;2026-08-29 05:24:00;00050000000000000000027b
groupe;000200000000000000000004;;;;envoye;000100000000000000000086;On vote pour la date ?;2026-08-29 05:30:00;00050000000000000000027c
prive;;000100000000000000000001;;;lu;000100000000000000000089;Ne t'inquiete pas, tout va bien.;2026-08-29 07:33:34;00050000000000000000027d
groupe;00020000000000000000001b;;;;envoye;00010000000000000000003f;Excellente discussion aujourd'hui.;2026-08-29 07:52:00;00050000000000000000027e
groupe;00020000000000000000000c;;;;envoye;00010000000000000000007f;Merci aux admins pour l'organisation.;2026-08-29 07:55:00;00050000000000000000027f
prive;;000100000000000000000026;;;lu;00010000000000000000003c;Le cours commence a quelle heure ?;2026-08-29 09:31:36;000500000000000000000280
groupe;000200000000000000000008;;;;envoye;000100000000000000000032;Je poste le compte rendu ce soir.;2026-08-29 10:11:00;000500000000000000000281
groupe;00020000000000000000000f;;;;envoye;000100000000000000000048;Quelqu'un a l'information pour la reunion ?;2026-08-29 11:26:00;000500000000000000000282
prive;;000100000000000000000051;;;lu;000100000000000000000001;Haha, trop drole !;2026-08-29 12:16:05;000500000000000000000283
prive;;000100000000000000000001;;;lu;000100000000000000000051;Tu as fini ton rapport ?;2026-08-29 13:18:05;000500000000000000000284
prive;;000100000000000000000051;;;lu;000100000000000000000001;Je suis en retard, desole.;2026-08-29 13:22:05;000500000000000000000285
prive;;000100000000000000000001;;;lu;000100000000000000000051;Peux-tu me renvoyer l'adresse ?;2026-08-29 14:49:05;000500000000000000000286
prive;;000100000000000000000084;;;lu;000100000000000000000043;Je n'ai pas bien compris, tu peux repeter ?;2026-08-29 14:57:01;000500000000000000000287
groupe;00020000000000000000000c;;;;envoye;000100000000000000000037;Je suis d'accord avec la proposition.;2026-08-29 15:09:00;000500000000000000000288
prive;;000100000000000000000084;;;lu;000100000000000000000043;Dis-moi quand tu es libre.;2026-08-29 15:12:01;000500000000000000000289
groupe;000200000000000000000007;;;;envoye;000100000000000000000065;Je poste le compte rendu ce soir.;2026-08-29 15:29:00;00050000000000000000028a
prive;;000100000000000000000051;;;lu;000100000000000000000001;Coucou, tu es dispo ce soir ?;2026-08-29 16:08:05;00050000000000000000028b
prive;;000100000000000000000001;;;lu;000100000000000000000051;Je t'ai envoye une photo.;2026-08-29 17:31:05;00050000000000000000028c
prive;;00010000000000000000007d;;;lu;000100000000000000000017;Je suis dans le bus, je reponds plus tard.;2026-08-29 18:06:06;00050000000000000000028d
groupe;00020000000000000000000e;;;;envoye;000100000000000000000052;Bonne journee a tous !;2026-08-29 19:15:00;00050000000000000000028e
groupe;000200000000000000000019;;;;envoye;000100000000000000000080;Une idee pour la prochaine sortie ?;2026-08-29 20:27:00;00050000000000000000028f
groupe;00020000000000000000000c;;;;envoye;000100000000000000000033;N'oubliez pas de confirmer votre presence.;2026-08-29 23:17:00;000500000000000000000290
groupe;000200000000000000000019;;;;envoye;000100000000000000000037;Je propose qu'on s'organise cette semaine.;2026-08-30 00:24:00;000500000000000000000291
groupe;000200000000000000000005;;;;envoye;000100000000000000000012;Bravo a toute l'equipe !;2026-08-30 02:53:00;000500000000000000000292
groupe;000200000000000000000019;;;;envoye;000100000000000000000096;Une idee pour la prochaine sortie ?;2026-08-30 03:48:00;000500000000000000000293
groupe;000200000000000000000011;;;;envoye;000100000000000000000093;Je ne pourrai pas venir cette fois.;2026-08-30 04:25:00;000500000000000000000294
groupe;000200000000000000000006;;;;envoye;000100000000000000000071;Une idee pour la prochaine sortie ?;2026-08-30 05:01:00;000500000000000000000295
prive;;00010000000000000000008c;;;lu;00010000000000000000008a;Bonne nuit !;2026-08-30 05:54:25;000500000000000000000296
prive;;00010000000000000000008a;;;lu;00010000000000000000008c;Merci pour ton aide, vraiment.;2026-08-30 06:54:25;000500000000000000000297
prive;;00010000000000000000008a;;;lu;000100000000000000000084;Merci pour ton aide, vraiment.;2026-08-30 07:03:59;000500000000000000000298
groupe;00020000000000000000000c;;;;envoye;000100000000000000000020;Question rapide : a quelle heure on commence ?;2026-08-30 07:04:00;000500000000000000000299
prive;;00010000000000000000008a;;;lu;00010000000000000000008c;Je n'ai pas bien compris, tu peux repeter ?;2026-08-30 07:29:25;00050000000000000000029a
prive;;00010000000000000000008a;;;lu;000100000000000000000084;Je suis en retard, desole.;2026-08-30 07:29:59;00050000000000000000029b
groupe;000200000000000000000008;;;;envoye;000100000000000000000056;Je ne pourrai pas venir cette fois.;2026-08-30 07:43:00;00050000000000000000029c
prive;;00010000000000000000008c;;;lu;00010000000000000000008a;Je suis dans le bus, je reponds plus tard.;2026-08-30 08:24:25;00050000000000000000029d
groupe;000200000000000000000013;;;;envoye;000100000000000000000015;Bravo a toute l'equipe !;2026-08-30 09:10:00;00050000000000000000029e
prive;;00010000000000000000008c;;;lu;00010000000000000000008a;Tu as fini ton rapport ?;2026-08-30 09:28:25;00050000000000000000029f
prive;;00010000000000000000008a;;;lu;00010000000000000000008c;Bravo pour ta presentation.;2026-08-30 09:58:25;0005000000000000000002a0
prive;;00010000000000000000008c;;;lu;00010000000000000000008a;Je t'envoie le document dans la journee.;2026-08-30 10:57:25;0005000000000000000002a1
prive;;00010000000000000000008a;;;lu;00010000000000000000008c;Le cours commence a quelle heure ?;2026-08-30 11:06:25;0005000000000000000002a2
prive;;00010000000000000000008a;;;lu;00010000000000000000008c;Merci pour ton aide, vraiment.;2026-08-30 11:07:25;0005000000000000000002a3
prive;;00010000000000000000008a;;;lu;00010000000000000000008c;On se retrouve ou ?;2026-08-30 11:25:25;0005000000000000000002a4
prive;;00010000000000000000008b;;;lu;000100000000000000000072;Bravo pour ta presentation.;2026-08-30 14:01:25;0005000000000000000002a5
prive;;00010000000000000000008b;;;lu;000100000000000000000072;Le cours commence a quelle heure ?;2026-08-30 15:19:25;0005000000000000000002a6
prive;;00010000000000000000008b;;;lu;000100000000000000000072;Tu as vu la publication d'hier ?;2026-08-30 16:10:25;0005000000000000000002a7
prive;;000100000000000000000072;;;envoye;00010000000000000000008b;Tu as fini ton rapport ?;2026-08-30 16:24:25;0005000000000000000002a8
prive;;000100000000000000000072;;;envoye;00010000000000000000008b;Je suis dans le bus, je reponds plus tard.;2026-08-30 16:52:25;0005000000000000000002a9
prive;;000100000000000000000017;;;lu;00010000000000000000007d;C'est confirme pour samedi.;2026-08-30 17:06:06;0005000000000000000002aa
groupe;00020000000000000000000e;;"00010000000000000000003d;000100000000000000000079";;envoye;00010000000000000000005c;Une photo de l'evenement de ce week-end.;2026-08-30 17:48:00;0005000000000000000002ab
prive;;00010000000000000000007d;;;lu;000100000000000000000017;Tu as reussi a te connecter ?;2026-08-30 18:10:06;0005000000000000000002ac
groupe;000200000000000000000008;;000100000000000000000014;;envoye;00010000000000000000000f;N'oubliez pas de confirmer votre presence.;2026-08-30 18:47:00;0005000000000000000002ad
groupe;000200000000000000000019;;;;envoye;000100000000000000000019;Bonne journee a tous !;2026-08-30 21:21:00;0005000000000000000002ae
prive;;000100000000000000000003;;;lu;000100000000000000000084;Super, merci beaucoup !;2026-08-30 21:34:40;0005000000000000000002af
groupe;000200000000000000000007;;;;envoye;00010000000000000000008a;Je poste le compte rendu ce soir.;2026-08-30 21:42:00;0005000000000000000002b0
groupe;000200000000000000000002;;;;envoye;00010000000000000000008e;Bonne journee a tous !;2026-08-30 22:00:00;0005000000000000000002b1
prive;;00010000000000000000008e;;;lu;000100000000000000000089;C'est confirme pour samedi.;2026-08-30 22:13:31;0005000000000000000002b2
prive;;000100000000000000000084;;;lu;000100000000000000000003;On en parle demain ?;2026-08-30 22:19:40;0005000000000000000002b3
prive;;00010000000000000000003c;;;lu;000100000000000000000026;Tu as des nouvelles de la famille ?;2026-08-30 22:31:36;0005000000000000000002b4
groupe;000200000000000000000015;;;;envoye;00010000000000000000003c;Bravo a toute l'equipe !;2026-08-30 23:26:00;0005000000000000000002b5
prive;;000100000000000000000081;;;lu;00010000000000000000008b;Je n'ai pas bien compris, tu peux repeter ?;2026-08-31 01:41:22;0005000000000000000002b6
prive;;000100000000000000000081;;;lu;00010000000000000000008b;Ok, c'est note.;2026-08-31 02:10:22;0005000000000000000002b7
prive;;000100000000000000000015;;;lu;00010000000000000000000f;On en parle demain ?;2026-08-31 02:26:05;0005000000000000000002b8
groupe;000200000000000000000004;;000100000000000000000094;;envoye;00010000000000000000001b;Quelqu'un connait un bon prestataire ?;2026-08-31 03:19:00;0005000000000000000002b9
groupe;000200000000000000000011;;;;envoye;00010000000000000000007b;On vote pour la date ?;2026-08-31 04:13:00;0005000000000000000002ba
prive;;000100000000000000000001;;;lu;000100000000000000000089;Bravo pour ta presentation.;2026-08-31 05:33:34;0005000000000000000002bb
prive;;000100000000000000000001;;;lu;000100000000000000000022;A tout a l'heure !;2026-08-31 05:42:54;0005000000000000000002bc
prive;;000100000000000000000089;;;envoye;000100000000000000000001;Tu as fini ton rapport ?;2026-08-31 06:16:34;0005000000000000000002bd
prive;;000100000000000000000001;;;lu;000100000000000000000022;Dis-moi quand tu es libre.;2026-08-31 06:21:54;0005000000000000000002be
groupe;00020000000000000000000c;;;;envoye;00010000000000000000003d;Je propose qu'on s'organise cette semaine.;2026-08-31 06:38:00;0005000000000000000002bf
groupe;00020000000000000000001b;;00010000000000000000006a;;envoye;000100000000000000000080;Merci pour le partage, tres utile.;2026-08-31 07:50:00;0005000000000000000002c0
groupe;000200000000000000000018;;"00010000000000000000002b;00010000000000000000005c";;envoye;00010000000000000000002e;On vote pour la date ?;2026-08-31 08:52:00;0005000000000000000002c1
groupe;000200000000000000000019;;;;envoye;00010000000000000000008f;Je propose qu'on s'organise cette semaine.;2026-08-31 09:44:00;0005000000000000000002c2
groupe;000200000000000000000003;;;;envoye;00010000000000000000005a;Merci pour le partage, tres utile.;2026-08-31 09:54:00;0005000000000000000002c3
groupe;00020000000000000000001e;;;;envoye;00010000000000000000001a;Une photo de l'evenement de ce week-end.;2026-08-31 10:19:00;0005000000000000000002c4
groupe;000200000000000000000002;;;;envoye;000100000000000000000053;Rappel : rendez-vous samedi a 10h.;2026-08-31 12:15:00;0005000000000000000002c5
groupe;00020000000000000000000d;;;;envoye;000100000000000000000069;Excellente discussion aujourd'hui.;2026-08-31 13:34:00;0005000000000000000002c6
groupe;00020000000000000000000b;;;;envoye;000100000000000000000052;Quelqu'un a l'information pour la reunion ?;2026-08-31 14:39:00;0005000000000000000002c7
prive;;000100000000000000000051;;;lu;000100000000000000000001;Bonne nuit !;2026-08-31 15:31:05;0005000000000000000002c8
prive;;000100000000000000000051;;;lu;000100000000000000000001;Peux-tu me renvoyer l'adresse ?;2026-08-31 16:54:05;0005000000000000000002c9
groupe;00020000000000000000000a;;;;envoye;00010000000000000000005b;Merci aux admins pour l'organisation.;2026-08-31 17:38:00;0005000000000000000002ca
groupe;000200000000000000000015;;;;envoye;000100000000000000000058;Voici le lien dont je parlais hier.;2026-08-31 19:25:00;0005000000000000000002cb
groupe;000200000000000000000007;;;;envoye;000100000000000000000009;Merci pour le partage, tres utile.;2026-08-31 19:40:00;0005000000000000000002cc
groupe;000200000000000000000012;;"000100000000000000000063;00010000000000000000008d";;envoye;000100000000000000000082;Rappel : rendez-vous samedi a 10h.;2026-08-31 19:47:00;0005000000000000000002cd
groupe;00020000000000000000000c;;;;envoye;000100000000000000000037;Je ne pourrai pas venir cette fois.;2026-08-31 19:51:00;0005000000000000000002ce
prive;;00010000000000000000008e;;;lu;000100000000000000000089;C'est confirme pour samedi.;2026-08-31 22:13:31;0005000000000000000002cf
prive;;00010000000000000000008e;;;lu;000100000000000000000089;Ne t'inquiete pas, tout va bien.;2026-08-31 23:03:31;0005000000000000000002d0
prive;;000100000000000000000043;;;lu;000100000000000000000084;Passe une bonne soiree.;2026-09-01 00:12:01;0005000000000000000002d1
groupe;000200000000000000000012;;;;envoye;000100000000000000000012;Quelqu'un a l'information pour la reunion ?;2026-09-01 00:29:00;0005000000000000000002d2
prive;;000100000000000000000043;;;lu;000100000000000000000084;Ne t'inquiete pas, tout va bien.;2026-09-01 00:51:01;0005000000000000000002d3
prive;;000100000000000000000084;;;lu;000100000000000000000043;Tu as reussi a te connecter ?;2026-09-01 01:43:01;0005000000000000000002d4
groupe;000200000000000000000011;;;;envoye;000100000000000000000063;Je poste le compte rendu ce soir.;2026-09-01 02:09:00;0005000000000000000002d5
prive;;000100000000000000000084;;;lu;000100000000000000000043;On se retrouve ou ?;2026-09-01 02:19:01;0005000000000000000002d6
prive;;000100000000000000000043;;;lu;000100000000000000000084;On se voit demain a la fac ?;2026-09-01 02:35:01;0005000000000000000002d7
groupe;000200000000000000000004;;;;envoye;00010000000000000000001b;Je poste le compte rendu ce soir.;2026-09-01 02:48:00;0005000000000000000002d8
prive;;000100000000000000000043;;;lu;000100000000000000000084;Ne t'inquiete pas, tout va bien.;2026-09-01 03:01:01;0005000000000000000002d9
groupe;00020000000000000000001a;;;;envoye;000100000000000000000048;Rappel : rendez-vous samedi a 10h.;2026-09-01 03:14:00;0005000000000000000002da
groupe;00020000000000000000001d;;;;envoye;000100000000000000000034;N'oubliez pas de confirmer votre presence.;2026-09-01 03:37:00;0005000000000000000002db
groupe;00020000000000000000001a;;;;envoye;000100000000000000000026;N'oubliez pas de confirmer votre presence.;2026-09-01 04:48:00;0005000000000000000002dc
groupe;00020000000000000000000a;;;;envoye;000100000000000000000014;Bravo a toute l'equipe !;2026-09-01 05:49:00;0005000000000000000002dd
prive;;000100000000000000000003;;;lu;000100000000000000000084;On se retrouve ou ?;2026-09-01 10:19:40;0005000000000000000002de
groupe;00020000000000000000001a;;;;envoye;000100000000000000000018;Bravo a toute l'equipe !;2026-09-01 10:50:00;0005000000000000000002df
groupe;00020000000000000000000a;;;;envoye;00010000000000000000000f;N'oubliez pas de confirmer votre presence.;2026-09-01 10:51:00;0005000000000000000002e0
prive;;000100000000000000000084;;;lu;000100000000000000000003;Je suis dans le bus, je reponds plus tard.;2026-09-01 11:05:40;0005000000000000000002e1
prive;;000100000000000000000084;;;lu;000100000000000000000003;Bravo pour ta presentation.;2026-09-01 12:04:40;0005000000000000000002e2
prive;;000100000000000000000084;;;lu;000100000000000000000003;Tu as des nouvelles de la famille ?;2026-09-01 12:13:40;0005000000000000000002e3
groupe;00020000000000000000000e;;;;envoye;00010000000000000000001c;Bonjour a tous, bienvenue dans le groupe.;2026-09-01 12:51:00;0005000000000000000002e4
groupe;00020000000000000000000e;;;;envoye;000100000000000000000044;Je poste le compte rendu ce soir.;2026-09-01 14:46:00;0005000000000000000002e5
prive;;000100000000000000000001;;;lu;000100000000000000000051;Passe une bonne soiree.;2026-09-01 17:54:05;0005000000000000000002e6
prive;;000100000000000000000051;;;lu;000100000000000000000001;Tu as des nouvelles de la famille ?;2026-09-01 18:07:05;0005000000000000000002e7
prive;;000100000000000000000051;;;lu;000100000000000000000001;C'est confirme pour samedi.;2026-09-01 18:56:05;0005000000000000000002e8
prive;;000100000000000000000017;;;lu;00010000000000000000007d;Bonne idee, je suis partant.;2026-09-01 20:10:06;0005000000000000000002e9
prive;;000100000000000000000051;;;lu;000100000000000000000001;A tout a l'heure !;2026-09-01 20:17:05;0005000000000000000002ea
prive;;000100000000000000000051;;;lu;000100000000000000000001;Bonne nuit !;2026-09-01 20:36:05;0005000000000000000002eb
groupe;000200000000000000000009;;;;envoye;000100000000000000000085;Je propose qu'on s'organise cette semaine.;2026-09-01 20:38:00;0005000000000000000002ec
prive;;000100000000000000000069;;;lu;00010000000000000000001f;Je n'ai pas bien compris, tu peux repeter ?;2026-09-01 20:51:40;0005000000000000000002ed
prive;;000100000000000000000065;;;lu;00010000000000000000008b;Je n'ai pas bien compris, tu peux repeter ?;2026-09-01 21:06:57;0005000000000000000002ee
groupe;00020000000000000000001b;;;;envoye;00010000000000000000004e;Bonne journee a tous !;2026-09-01 21:30:00;0005000000000000000002ef
groupe;00020000000000000000000e;;;;envoye;000100000000000000000043;Une photo de l'evenement de ce week-end.;2026-09-01 21:32:00;0005000000000000000002f0
prive;;000100000000000000000001;;;lu;000100000000000000000022;Coucou, tu es dispo ce soir ?;2026-09-02 00:21:54;0005000000000000000002f1
prive;;000100000000000000000001;;;lu;000100000000000000000022;Merci pour ton aide, vraiment.;2026-09-02 01:18:54;0005000000000000000002f2
prive;;000100000000000000000001;;;lu;000100000000000000000022;Peux-tu me renvoyer l'adresse ?;2026-09-02 02:00:54;0005000000000000000002f3
prive;;000100000000000000000001;;;lu;000100000000000000000022;Bravo pour ta presentation.;2026-09-02 02:13:54;0005000000000000000002f4
prive;;00010000000000000000003c;;;lu;000100000000000000000026;Je suis dans le bus, je reponds plus tard.;2026-09-02 02:31:36;0005000000000000000002f5
prive;;000100000000000000000022;;;lu;000100000000000000000001;Tu as vu la publication d'hier ?;2026-09-02 03:07:54;0005000000000000000002f6
prive;;000100000000000000000096;;;lu;00010000000000000000007f;Tu as fini ton rapport ?;2026-09-02 03:26:51;0005000000000000000002f7
prive;;00010000000000000000003f;;;lu;000100000000000000000001;Merci pour ton aide, vraiment.;2026-09-02 03:34:27;0005000000000000000002f8
prive;;000100000000000000000001;;;lu;000100000000000000000022;Coucou, tu es dispo ce soir ?;2026-09-02 03:37:54;0005000000000000000002f9
prive;;00010000000000000000003f;;;lu;000100000000000000000001;Tu as reussi a te connecter ?;2026-09-02 03:54:27;0005000000000000000002fa
prive;;000100000000000000000022;;;lu;000100000000000000000001;On se retrouve ou ?;2026-09-02 04:44:54;0005000000000000000002fb
prive;;00010000000000000000003f;;;lu;000100000000000000000001;Le cours commence a quelle heure ?;2026-09-02 05:05:27;0005000000000000000002fc
prive;;000100000000000000000022;;;lu;000100000000000000000001;Salut, tu vas bien ?;2026-09-02 05:11:54;0005000000000000000002fd
prive;;000100000000000000000001;;;lu;00010000000000000000003f;Je suis dans le bus, je reponds plus tard.;2026-09-02 05:47:27;0005000000000000000002fe
prive;;000100000000000000000022;;;lu;000100000000000000000001;On en parle demain ?;2026-09-02 06:18:54;0005000000000000000002ff
prive;;000100000000000000000001;;;lu;00010000000000000000003f;Coucou, tu es dispo ce soir ?;2026-09-02 06:36:27;000500000000000000000300
prive;;000100000000000000000001;;;lu;000100000000000000000022;A tout a l'heure !;2026-09-02 06:49:54;000500000000000000000301
prive;;000100000000000000000084;;;lu;00010000000000000000004c;Tu as vu la publication d'hier ?;2026-09-02 07:18:38;000500000000000000000302
groupe;000200000000000000000018;;;;envoye;000100000000000000000043;Merci aux admins pour l'organisation.;2026-09-02 07:29:00;000500000000000000000303
prive;;000100000000000000000001;;;recu;000100000000000000000022;Ne t'inquiete pas, tout va bien.;2026-09-02 07:29:54;000500000000000000000304
groupe;00020000000000000000000b;;;;envoye;000100000000000000000039;Rappel : rendez-vous samedi a 10h.;2026-09-02 07:38:00;000500000000000000000305
prive;;000100000000000000000001;;;envoye;000100000000000000000022;On se retrouve ou ?;2026-09-02 08:00:54;000500000000000000000306
prive;;000100000000000000000001;;;lu;00010000000000000000003f;Haha, trop drole !;2026-09-02 08:02:27;000500000000000000000307
prive;;00010000000000000000004c;;;lu;000100000000000000000084;Passe une bonne soiree.;2026-09-02 08:44:38;000500000000000000000308
prive;;00010000000000000000004c;;;lu;000100000000000000000084;Coucou, tu es dispo ce soir ?;2026-09-02 09:59:38;000500000000000000000309
prive;;00010000000000000000004c;;;lu;000100000000000000000084;Peux-tu me renvoyer l'adresse ?;2026-09-02 11:23:38;00050000000000000000030a
prive;;00010000000000000000004c;;;lu;000100000000000000000084;Merci pour ton aide, vraiment.;2026-09-02 11:36:38;00050000000000000000030b
prive;;000100000000000000000080;;;lu;000100000000000000000096;Coucou, tu es dispo ce soir ?;2026-09-02 12:30:46;00050000000000000000030c
prive;;000100000000000000000096;;;lu;000100000000000000000080;On en parle demain ?;2026-09-02 12:56:46;00050000000000000000030d
prive;;000100000000000000000080;;;lu;000100000000000000000096;Tu as reussi a te connecter ?;2026-09-02 13:10:46;00050000000000000000030e
prive;;000100000000000000000084;;;lu;000100000000000000000043;Tu as vu la publication d'hier ?;2026-09-02 14:01:01;00050000000000000000030f
prive;;000100000000000000000080;;;lu;000100000000000000000096;Je t'ai envoye une photo.;2026-09-02 14:08:46;000500000000000000000310
groupe;00020000000000000000001a;;;;envoye;00010000000000000000008a;Je suis d'accord avec la proposition.;2026-09-02 14:31:00;000500000000000000000311
prive;;000100000000000000000001;;;lu;000100000000000000000024;On se voit demain a la fac ?;2026-09-02 14:47:32;000500000000000000000312
groupe;00020000000000000000001b;;"00010000000000000000007b;000100000000000000000032";;envoye;000100000000000000000091;On vote pour la date ?;2026-09-02 14:49:00;000500000000000000000313
prive;;000100000000000000000043;;;lu;000100000000000000000084;On en parle demain ?;2026-09-02 15:29:01;000500000000000000000314
groupe;000200000000000000000019;;;;envoye;000100000000000000000073;Merci aux admins pour l'organisation.;2026-09-02 15:30:00;000500000000000000000315
groupe;00020000000000000000001a;;;;envoye;000100000000000000000055;Bonne journee a tous !;2026-09-02 15:31:00;000500000000000000000316
prive;;000100000000000000000096;;;lu;000100000000000000000080;Salut, tu vas bien ?;2026-09-02 15:34:46;000500000000000000000317
prive;;000100000000000000000001;;;lu;000100000000000000000024;On se voit demain a la fac ?;2026-09-02 16:12:32;000500000000000000000318
groupe;00020000000000000000001a;;;;envoye;000100000000000000000066;Voici le lien dont je parlais hier.;2026-09-02 16:24:00;000500000000000000000319
prive;;000100000000000000000001;;;lu;000100000000000000000024;Je n'ai pas bien compris, tu peux repeter ?;2026-09-02 17:18:32;00050000000000000000031a
prive;;000100000000000000000001;;;lu;000100000000000000000024;Peux-tu me renvoyer l'adresse ?;2026-09-02 17:47:32;00050000000000000000031b
prive;;000100000000000000000024;;;lu;000100000000000000000001;Je t'envoie le document dans la journee.;2026-09-02 17:54:32;00050000000000000000031c
prive;;000100000000000000000001;;;lu;000100000000000000000024;Le cours commence a quelle heure ?;2026-09-02 18:40:32;00050000000000000000031d
groupe;000200000000000000000004;;;;envoye;000100000000000000000031;Bonjour a tous, bienvenue dans le groupe.;2026-09-02 18:55:00;00050000000000000000031e
groupe;00020000000000000000001a;;;;envoye;000100000000000000000043;Une photo de l'evenement de ce week-end.;2026-09-02 19:46:00;00050000000000000000031f
prive;;000100000000000000000024;;;lu;000100000000000000000001;Ok, c'est note.;2026-09-02 20:03:32;000500000000000000000320
prive;;000100000000000000000001;;;lu;000100000000000000000024;Haha, trop drole !;2026-09-02 20:35:32;000500000000000000000321
prive;;000100000000000000000024;;;lu;000100000000000000000001;Dis-moi quand tu es libre.;2026-09-02 21:32:32;000500000000000000000322
groupe;000200000000000000000015;;;;envoye;000100000000000000000055;Je suis d'accord avec la proposition.;2026-09-02 22:15:00;000500000000000000000323
prive;;000100000000000000000024;;;lu;000100000000000000000001;Bonne nuit !;2026-09-02 22:17:32;000500000000000000000324
groupe;000200000000000000000004;;;;envoye;00010000000000000000008a;Bonne journee a tous !;2026-09-02 22:24:00;000500000000000000000325
prive;;000100000000000000000001;;;envoye;000100000000000000000024;A tout a l'heure !;2026-09-02 22:51:32;000500000000000000000326
prive;;000100000000000000000001;;;envoye;000100000000000000000024;J'arrive dans dix minutes.;2026-09-02 23:57:32;000500000000000000000327
groupe;00020000000000000000001a;;;;envoye;000100000000000000000008;Question rapide : a quelle heure on commence ?;2026-09-03 00:36:00;000500000000000000000328
groupe;000200000000000000000011;;;;envoye;000100000000000000000048;Merci aux admins pour l'organisation.;2026-09-03 01:46:00;000500000000000000000329
groupe;000200000000000000000009;;;;envoye;000100000000000000000055;N'oubliez pas de confirmer votre presence.;2026-09-03 01:54:00;00050000000000000000032a
groupe;00020000000000000000000e;;;;envoye;000100000000000000000043;Quelqu'un a l'information pour la reunion ?;2026-09-03 04:27:00;00050000000000000000032b
groupe;000200000000000000000014;;;;envoye;000100000000000000000085;Merci pour le partage, tres utile.;2026-09-03 05:18:00;00050000000000000000032c
prive;;000100000000000000000014;;;lu;000100000000000000000010;Tu as fini ton rapport ?;2026-09-03 05:27:15;00050000000000000000032d
groupe;000200000000000000000019;;;;envoye;000100000000000000000007;Qui peut apporter les chaises ?;2026-09-03 05:32:00;00050000000000000000032e
prive;;000100000000000000000010;;;lu;000100000000000000000014;Peux-tu me renvoyer l'adresse ?;2026-09-03 06:35:15;00050000000000000000032f
prive;;000100000000000000000010;;;lu;000100000000000000000014;Salut, tu vas bien ?;2026-09-03 07:23:15;000500000000000000000330
prive;;000100000000000000000081;;;lu;000100000000000000000028;Salut, tu vas bien ?;2026-09-03 07:45:39;000500000000000000000331
prive;;000100000000000000000081;;;lu;000100000000000000000028;Ok, c'est note.;2026-09-03 08:47:39;000500000000000000000332
groupe;00020000000000000000000c;;;;envoye;000100000000000000000094;Je poste le compte rendu ce soir.;2026-09-03 08:50:00;000500000000000000000333
prive;;000100000000000000000089;;;lu;00010000000000000000008e;Merci pour ton aide, vraiment.;2026-09-03 09:03:31;000500000000000000000334
groupe;00020000000000000000001c;;"000100000000000000000055;000100000000000000000064";;envoye;000100000000000000000096;Une idee pour la prochaine sortie ?;2026-09-03 09:33:00;000500000000000000000335
prive;;000100000000000000000089;;;lu;00010000000000000000008e;On en parle demain ?;2026-09-03 09:54:31;000500000000000000000336
prive;;000100000000000000000081;;;lu;000100000000000000000028;Tu as vu la publication d'hier ?;2026-09-03 10:03:39;000500000000000000000337
prive;;000100000000000000000081;;;lu;000100000000000000000028;Bonne idee, je suis partant.;2026-09-03 10:07:39;000500000000000000000338
groupe;000200000000000000000002;;;;envoye;000100000000000000000045;Bonjour a tous, bienvenue dans le groupe.;2026-09-03 10:47:00;000500000000000000000339
prive;;000100000000000000000081;;;lu;000100000000000000000028;Bravo pour ta presentation.;2026-09-03 11:22:39;00050000000000000000033a
prive;;000100000000000000000028;;;lu;000100000000000000000081;Peux-tu me renvoyer l'adresse ?;2026-09-03 11:29:39;00050000000000000000033b
prive;;000100000000000000000028;;;lu;000100000000000000000081;Peux-tu me renvoyer l'adresse ?;2026-09-03 11:37:39;00050000000000000000033c
groupe;00020000000000000000001a;;;;envoye;00010000000000000000004a;Je poste le compte rendu ce soir.;2026-09-03 12:16:00;00050000000000000000033d
prive;;000100000000000000000028;;;lu;000100000000000000000081;Tu as des nouvelles de la famille ?;2026-09-03 13:07:39;00050000000000000000033e
prive;;000100000000000000000028;;;lu;000100000000000000000081;Super, merci beaucoup !;2026-09-03 13:17:39;00050000000000000000033f
groupe;00020000000000000000001b;;;;envoye;00010000000000000000007e;Voici le lien dont je parlais hier.;2026-09-03 13:25:00;000500000000000000000340
groupe;00020000000000000000001b;;;;envoye;000100000000000000000034;Rappel : rendez-vous samedi a 10h.;2026-09-03 13:32:00;000500000000000000000341
prive;;000100000000000000000017;;;recu;00010000000000000000007d;C'est confirme pour samedi.;2026-09-03 14:10:06;000500000000000000000342
groupe;000200000000000000000008;;;;envoye;00010000000000000000005c;Je suis d'accord avec la proposition.;2026-09-03 15:27:00;000500000000000000000343
groupe;00020000000000000000000b;;;;envoye;000100000000000000000052;Merci aux admins pour l'organisation.;2026-09-03 16:11:00;000500000000000000000344
groupe;00020000000000000000000a;;;;envoye;000100000000000000000058;Merci aux admins pour l'organisation.;2026-09-03 17:13:00;000500000000000000000345
prive;;000100000000000000000045;;;lu;000100000000000000000001;Je n'ai pas bien compris, tu peux repeter ?;2026-09-03 17:35:20;000500000000000000000346
prive;;000100000000000000000007;;;lu;000100000000000000000031;Passe une bonne soiree.;2026-09-03 17:36:04;000500000000000000000347
groupe;00020000000000000000000f;;;;envoye;000100000000000000000094;Merci aux admins pour l'organisation.;2026-09-03 17:56:00;000500000000000000000348
prive;;000100000000000000000001;;;lu;000100000000000000000045;Ne t'inquiete pas, tout va bien.;2026-09-03 18:04:20;000500000000000000000349
prive;;000100000000000000000007;;;lu;000100000000000000000031;Bonne idee, je suis partant.;2026-09-03 18:53:04;00050000000000000000034a
prive;;000100000000000000000003;;;lu;000100000000000000000084;Je t'envoie le document dans la journee.;2026-09-03 19:13:40;00050000000000000000034b
groupe;000200000000000000000016;;;;envoye;000100000000000000000015;Merci aux admins pour l'organisation.;2026-09-03 19:19:00;00050000000000000000034c
prive;;000100000000000000000001;;;lu;000100000000000000000045;On se voit demain a la fac ?;2026-09-03 19:28:20;00050000000000000000034d
prive;;000100000000000000000031;;;lu;000100000000000000000007;On se retrouve ou ?;2026-09-03 19:48:04;00050000000000000000034e
groupe;000200000000000000000010;;;;envoye;000100000000000000000021;Bonne journee a tous !;2026-09-03 19:52:00;00050000000000000000034f
groupe;00020000000000000000000c;;000100000000000000000006;;envoye;000100000000000000000065;Question rapide : a quelle heure on commence ?;2026-09-03 20:13:00;000500000000000000000350
prive;;000100000000000000000001;;;lu;000100000000000000000045;Je suis en retard, desole.;2026-09-03 20:35:20;000500000000000000000351
groupe;000200000000000000000018;;000100000000000000000013;;envoye;000100000000000000000007;N'oubliez pas de confirmer votre presence.;2026-09-03 20:54:00;000500000000000000000352
groupe;000200000000000000000006;;;;envoye;000100000000000000000003;Qui peut apporter les chaises ?;2026-09-03 21:39:00;000500000000000000000353
groupe;000200000000000000000004;;;;envoye;000100000000000000000031;N'oubliez pas de confirmer votre presence.;2026-09-03 21:43:00;000500000000000000000354
prive;;00010000000000000000008b;;;lu;000100000000000000000065;Salut, tu vas bien ?;2026-09-03 22:06:57;000500000000000000000355
prive;;00010000000000000000008b;;;lu;000100000000000000000065;Tu peux m'appeler quand tu as une minute ?;2026-09-03 22:26:57;000500000000000000000356
prive;;00010000000000000000008b;;;lu;000100000000000000000065;Je suis dans le bus, je reponds plus tard.;2026-09-03 22:56:57;000500000000000000000357
prive;;000100000000000000000065;;;lu;00010000000000000000008b;Bonne idee, je suis partant.;2026-09-03 23:43:57;000500000000000000000358
prive;;000100000000000000000065;;;lu;00010000000000000000008b;On en parle demain ?;2026-09-04 00:42:57;000500000000000000000359
groupe;00020000000000000000001a;;;;envoye;000100000000000000000017;Qui peut apporter les chaises ?;2026-09-04 01:25:00;00050000000000000000035a
prive;;00010000000000000000008b;;;lu;000100000000000000000065;Tu as fini ton rapport ?;2026-09-04 01:54:57;00050000000000000000035b
prive;;000100000000000000000065;;;lu;00010000000000000000008b;On se voit demain a la fac ?;2026-09-04 02:17:57;00050000000000000000035c
prive;;000100000000000000000065;;;lu;00010000000000000000008b;On en parle demain ?;2026-09-04 02:38:57;00050000000000000000035d
groupe;000200000000000000000007;;"000100000000000000000094;000100000000000000000037";;envoye;00010000000000000000008f;Je suis d'accord avec la proposition.;2026-09-04 05:23:00;00050000000000000000035e
prive;;000100000000000000000084;;;lu;000100000000000000000043;Passe une bonne soiree.;2026-09-04 05:29:01;00050000000000000000035f
prive;;000100000000000000000045;;;lu;000100000000000000000001;On se voit demain a la fac ?;2026-09-04 05:35:20;000500000000000000000360
groupe;00020000000000000000000d;;000100000000000000000036;;envoye;00010000000000000000007e;Qui peut apporter les chaises ?;2026-09-04 05:46:00;000500000000000000000361
groupe;000200000000000000000001;;;;envoye;000100000000000000000027;Rappel : rendez-vous samedi a 10h.;2026-09-04 07:41:00;000500000000000000000362
prive;;000100000000000000000069;;;recu;00010000000000000000001f;A tout a l'heure !;2026-09-04 08:51:40;000500000000000000000363
groupe;00020000000000000000000e;;000100000000000000000088;;envoye;000100000000000000000046;Qui peut apporter les chaises ?;2026-09-04 11:37:00;000500000000000000000364
groupe;00020000000000000000000e;;;;envoye;000100000000000000000015;Question rapide : a quelle heure on commence ?;2026-09-04 12:41:00;000500000000000000000365
prive;;000100000000000000000096;;;lu;00010000000000000000007f;Merci pour ton aide, vraiment.;2026-09-04 13:26:51;000500000000000000000366
prive;;000100000000000000000001;;;lu;000100000000000000000045;Super, merci beaucoup !;2026-09-04 13:35:20;000500000000000000000367
prive;;00010000000000000000007f;;;lu;000100000000000000000096;Je suis dans le bus, je reponds plus tard.;2026-09-04 13:37:51;000500000000000000000368
prive;;000100000000000000000001;;;lu;000100000000000000000045;Bonne nuit !;2026-09-04 13:39:20;000500000000000000000369
groupe;000200000000000000000002;;;;envoye;000100000000000000000092;Bonjour a tous, bienvenue dans le groupe.;2026-09-04 14:09:00;00050000000000000000036a
prive;;000100000000000000000096;;;lu;00010000000000000000007f;Peux-tu me renvoyer l'adresse ?;2026-09-04 14:12:51;00050000000000000000036b
prive;;00010000000000000000008b;;;lu;000100000000000000000065;Merci pour ton aide, vraiment.;2026-09-04 14:38:57;00050000000000000000036c
prive;;000100000000000000000045;;;lu;000100000000000000000001;On en parle demain ?;2026-09-04 14:51:20;00050000000000000000036d
prive;;000100000000000000000045;;;lu;000100000000000000000001;Peux-tu me renvoyer l'adresse ?;2026-09-04 15:18:20;00050000000000000000036e
prive;;00010000000000000000008b;;;lu;000100000000000000000065;J'arrive dans dix minutes.;2026-09-04 15:20:57;00050000000000000000036f
prive;;000100000000000000000065;;;lu;00010000000000000000008b;Bravo pour ta presentation.;2026-09-04 16:11:57;000500000000000000000370
prive;;000100000000000000000001;;;lu;000100000000000000000045;On se retrouve ou ?;2026-09-04 16:40:20;000500000000000000000371
groupe;000200000000000000000012;;"000100000000000000000094;000100000000000000000079";;envoye;000100000000000000000024;Une photo de l'evenement de ce week-end.;2026-09-04 17:08:00;000500000000000000000372
groupe;00020000000000000000001a;;;;envoye;000100000000000000000004;Quelqu'un a l'information pour la reunion ?;2026-09-04 17:12:00;000500000000000000000373
prive;;000100000000000000000045;;;lu;000100000000000000000001;Bonne idee, je suis partant.;2026-09-04 17:33:20;000500000000000000000374
groupe;000200000000000000000005;;;;envoye;000100000000000000000014;Quelqu'un a l'information pour la reunion ?;2026-09-04 17:37:00;000500000000000000000375
prive;;000100000000000000000065;;;lu;00010000000000000000008b;On en parle demain ?;2026-09-04 17:38:57;000500000000000000000376
prive;;000100000000000000000081;;;lu;00010000000000000000008d;Bravo pour ta presentation.;2026-09-04 18:20:23;000500000000000000000377
prive;;000100000000000000000014;;;lu;000100000000000000000010;Super, merci beaucoup !;2026-09-04 18:23:15;000500000000000000000378
prive;;000100000000000000000045;;;lu;000100000000000000000001;Bravo pour ta presentation.;2026-09-04 18:48:20;000500000000000000000379
prive;;000100000000000000000014;;;lu;000100000000000000000010;Ne t'inquiete pas, tout va bien.;2026-09-04 18:52:15;00050000000000000000037a
prive;;000100000000000000000001;;;lu;000100000000000000000045;Super, merci beaucoup !;2026-09-04 18:56:20;00050000000000000000037b
prive;;000100000000000000000081;;;lu;00010000000000000000008d;Merci pour ton aide, vraiment.;2026-09-04 19:00:23;00050000000000000000037c
prive;;00010000000000000000003f;;;lu;000100000000000000000001;On en parle demain ?;2026-09-04 19:02:27;00050000000000000000037d
prive;;000100000000000000000010;;;lu;000100000000000000000014;On se retrouve ou ?;2026-09-04 19:34:15;00050000000000000000037e
prive;;000100000000000000000001;;;lu;00010000000000000000003f;On en parle demain ?;2026-09-04 19:49:27;00050000000000000000037f
prive;;00010000000000000000008d;;;lu;000100000000000000000081;Ne t'inquiete pas, tout va bien.;2026-09-04 20:06:23;000500000000000000000380
prive;;000100000000000000000001;;;recu;00010000000000000000003f;Super, merci beaucoup !;2026-09-04 20:43:27;000500000000000000000381
prive;;000100000000000000000014;;;lu;000100000000000000000010;Tu as des nouvelles de la famille ?;2026-09-04 20:46:15;000500000000000000000382
prive;;00010000000000000000008d;;;lu;000100000000000000000081;Ne t'inquiete pas, tout va bien.;2026-09-04 21:20:23;000500000000000000000383
prive;;000100000000000000000010;;;lu;000100000000000000000014;Peux-tu me renvoyer l'adresse ?;2026-09-04 22:05:15;000500000000000000000384
prive;;000100000000000000000081;;;lu;00010000000000000000008d;Peux-tu me renvoyer l'adresse ?;2026-09-04 22:18:23;000500000000000000000385
prive;;00010000000000000000008d;;;lu;000100000000000000000081;Tu as des nouvelles de la famille ?;2026-09-04 23:04:23;000500000000000000000386
prive;;00010000000000000000000c;;;lu;000100000000000000000057;Haha, trop drole !;2026-09-04 23:09:01;000500000000000000000387
prive;;00010000000000000000000c;;;lu;000100000000000000000057;Super, merci beaucoup !;2026-09-04 23:17:01;000500000000000000000388
prive;;000100000000000000000014;;;lu;000100000000000000000010;Le cours commence a quelle heure ?;2026-09-04 23:18:15;000500000000000000000389
prive;;00010000000000000000000c;;;lu;000100000000000000000057;Passe une bonne soiree.;2026-09-04 23:26:01;00050000000000000000038a
prive;;000100000000000000000057;;;lu;00010000000000000000000c;Je suis dans le bus, je reponds plus tard.;2026-09-04 23:53:01;00050000000000000000038b
prive;;000100000000000000000081;;;lu;00010000000000000000008d;Tu as vu la publication d'hier ?;2026-09-04 23:56:23;00050000000000000000038c
prive;;000100000000000000000010;;;lu;000100000000000000000014;On en parle demain ?;2026-09-05 00:20:15;00050000000000000000038d
prive;;000100000000000000000014;;;recu;000100000000000000000010;Bonne nuit !;2026-09-05 01:05:15;00050000000000000000038e
prive;;00010000000000000000008d;;;lu;000100000000000000000081;Ne t'inquiete pas, tout va bien.;2026-09-05 01:17:23;00050000000000000000038f
prive;;000100000000000000000007;;;lu;000100000000000000000031;On se voit demain a la fac ?;2026-09-05 02:48:04;000500000000000000000390
groupe;00020000000000000000000a;;;;envoye;000100000000000000000011;Voici le lien dont je parlais hier.;2026-09-05 03:25:00;000500000000000000000391
prive;;000100000000000000000096;;;lu;000100000000000000000080;Ok, c'est note.;2026-09-05 03:34:46;000500000000000000000392
prive;;000100000000000000000089;;;lu;00010000000000000000008e;Tu as vu la publication d'hier ?;2026-09-05 03:54:31;000500000000000000000393
prive;;000100000000000000000031;;;lu;000100000000000000000007;Tu as des nouvelles de la famille ?;2026-09-05 04:09:04;000500000000000000000394
prive;;000100000000000000000096;;;lu;00010000000000000000007f;Je n'ai pas bien compris, tu peux repeter ?;2026-09-05 04:12:51;000500000000000000000395
groupe;000200000000000000000017;;"00010000000000000000007e;000100000000000000000048";;envoye;00010000000000000000005d;Je ne pourrai pas venir cette fois.;2026-09-05 04:16:00;000500000000000000000396
prive;;000100000000000000000096;;;lu;000100000000000000000080;Passe une bonne soiree.;2026-09-05 04:16:46;000500000000000000000397
prive;;00010000000000000000007f;;;lu;000100000000000000000096;Passe une bonne soiree.;2026-09-05 04:50:51;000500000000000000000398
prive;;000100000000000000000096;;;lu;00010000000000000000007f;Je suis dans le bus, je reponds plus tard.;2026-09-05 05:19:51;000500000000000000000399
prive;;00010000000000000000008e;;;lu;000100000000000000000089;Tu as vu la publication d'hier ?;2026-09-05 05:22:31;00050000000000000000039a
groupe;00020000000000000000000b;;;;envoye;000100000000000000000015;Quelqu'un connait un bon prestataire ?;2026-09-05 05:24:00;00050000000000000000039b
prive;;000100000000000000000080;;;lu;000100000000000000000096;Super, merci beaucoup !;2026-09-05 05:25:46;00050000000000000000039c
prive;;000100000000000000000018;;;lu;00010000000000000000002a;Je suis en retard, desole.;2026-09-05 05:44:01;00050000000000000000039d
groupe;00020000000000000000000a;;;;envoye;00010000000000000000006b;Rappel : rendez-vous samedi a 10h.;2026-09-05 05:51:00;00050000000000000000039e
prive;;00010000000000000000002a;;;lu;000100000000000000000018;C'est confirme pour samedi.;2026-09-05 05:57:01;00050000000000000000039f
groupe;000200000000000000000007;;000100000000000000000013;;envoye;000100000000000000000033;Question rapide : a quelle heure on commence ?;2026-09-05 06:02:00;0005000000000000000003a0
prive;;00010000000000000000007f;;;lu;000100000000000000000096;Tu as reussi a te connecter ?;2026-09-05 06:08:51;0005000000000000000003a1
prive;;000100000000000000000080;;;lu;000100000000000000000096;Tu as vu la publication d'hier ?;2026-09-05 06:37:46;0005000000000000000003a2
prive;;00010000000000000000007f;;;lu;000100000000000000000096;On se voit demain a la fac ?;2026-09-05 06:41:51;0005000000000000000003a3
prive;;00010000000000000000007f;;;lu;000100000000000000000096;A tout a l'heure !;2026-09-05 06:56:51;0005000000000000000003a4
prive;;000100000000000000000096;;;lu;000100000000000000000080;Ne t'inquiete pas, tout va bien.;2026-09-05 07:03:46;0005000000000000000003a5
prive;;000100000000000000000018;;;lu;00010000000000000000002a;Tu as reussi a te connecter ?;2026-09-05 07:07:01;0005000000000000000003a6
prive;;000100000000000000000084;;;recu;000100000000000000000003;Je t'envoie le document dans la journee.;2026-09-05 07:13:40;0005000000000000000003a7
prive;;00010000000000000000002a;;;lu;000100000000000000000018;Le cours commence a quelle heure ?;2026-09-05 08:19:01;0005000000000000000003a8
prive;;000100000000000000000018;;;lu;00010000000000000000002a;Je t'envoie le document dans la journee.;2026-09-05 09:36:01;0005000000000000000003a9
groupe;000200000000000000000016;;"000100000000000000000014;000100000000000000000094";;envoye;00010000000000000000004a;Bravo a toute l'equipe !;2026-09-05 09:45:00;0005000000000000000003aa
groupe;000200000000000000000007;;;;envoye;000100000000000000000012;Question rapide : a quelle heure on commence ?;2026-09-05 11:15:00;0005000000000000000003ab
prive;;000100000000000000000096;;;lu;000100000000000000000080;Salut, tu vas bien ?;2026-09-05 13:03:46;0005000000000000000003ac
groupe;00020000000000000000000e;;;;envoye;000100000000000000000052;Je poste le compte rendu ce soir.;2026-09-05 13:15:00;0005000000000000000003ad
groupe;000200000000000000000008;;;;envoye;000100000000000000000010;Bonne journee a tous !;2026-09-05 14:05:00;0005000000000000000003ae
prive;;00010000000000000000008d;;;lu;000100000000000000000081;Dis-moi quand tu es libre.;2026-09-05 15:17:23;0005000000000000000003af
prive;;00010000000000000000002b;;;lu;000100000000000000000043;Bonne idee, je suis partant.;2026-09-05 15:27:42;0005000000000000000003b0
prive;;00010000000000000000002b;;;lu;000100000000000000000043;Super, merci beaucoup !;2026-09-05 16:16:42;0005000000000000000003b1
prive;;000100000000000000000065;;;lu;000100000000000000000014;Bonne idee, je suis partant.;2026-09-05 16:19:00;0005000000000000000003b2
prive;;000100000000000000000081;;;lu;00010000000000000000008d;Bonne idee, je suis partant.;2026-09-05 16:32:23;0005000000000000000003b3
prive;;000100000000000000000065;;;lu;000100000000000000000014;Coucou, tu es dispo ce soir ?;2026-09-05 16:37:00;0005000000000000000003b4
prive;;00010000000000000000004f;;;lu;00010000000000000000005b;Tu as reussi a te connecter ?;2026-09-05 16:52:27;0005000000000000000003b5
prive;;000100000000000000000065;;;lu;000100000000000000000014;Tu as vu la publication d'hier ?;2026-09-05 16:56:00;0005000000000000000003b6
groupe;000200000000000000000019;;;;envoye;000100000000000000000017;Voici le lien dont je parlais hier.;2026-09-05 17:26:00;0005000000000000000003b7
prive;;00010000000000000000004f;;;lu;00010000000000000000005b;Super, merci beaucoup !;2026-09-05 17:36:27;0005000000000000000003b8
prive;;000100000000000000000036;;;lu;000100000000000000000084;A tout a l'heure !;2026-09-05 18:35:17;0005000000000000000003b9
prive;;00010000000000000000005b;;;lu;00010000000000000000004f;Salut, tu vas bien ?;2026-09-05 18:49:27;0005000000000000000003ba
prive;;00010000000000000000005b;;;lu;00010000000000000000004f;Peux-tu me renvoyer l'adresse ?;2026-09-05 19:13:27;0005000000000000000003bb
prive;;000100000000000000000084;;;lu;000100000000000000000036;Tu peux m'appeler quand tu as une minute ?;2026-09-05 19:15:17;0005000000000000000003bc
prive;;000100000000000000000036;;;lu;000100000000000000000084;Peux-tu me renvoyer l'adresse ?;2026-09-05 20:00:17;0005000000000000000003bd
prive;;000100000000000000000084;;;lu;000100000000000000000036;Dis-moi quand tu es libre.;2026-09-05 20:40:17;0005000000000000000003be
prive;;000100000000000000000036;;;lu;000100000000000000000084;On en parle demain ?;2026-09-05 20:58:17;0005000000000000000003bf
prive;;000100000000000000000036;;;lu;000100000000000000000084;Je suis dans le bus, je reponds plus tard.;2026-09-05 21:24:17;0005000000000000000003c0
prive;;000100000000000000000001;;;lu;000100000000000000000070;Je suis en retard, desole.;2026-09-05 22:13:44;0005000000000000000003c1
prive;;000100000000000000000089;;;lu;00010000000000000000008e;C'est confirme pour samedi.;2026-09-05 22:22:31;0005000000000000000003c2
prive;;000100000000000000000084;;;lu;000100000000000000000036;Je suis dans le bus, je reponds plus tard.;2026-09-05 22:51:17;0005000000000000000003c3
prive;;000100000000000000000036;;;lu;000100000000000000000084;Je t'ai envoye une photo.;2026-09-05 22:59:17;0005000000000000000003c4
prive;;00010000000000000000008e;;;envoye;000100000000000000000089;Tu as reussi a te connecter ?;2026-09-05 23:18:31;0005000000000000000003c5
prive;;000100000000000000000001;;;lu;000100000000000000000070;Je n'ai pas bien compris, tu peux repeter ?;2026-09-05 23:22:44;0005000000000000000003c6
prive;;000100000000000000000070;;;lu;000100000000000000000001;Bravo pour ta presentation.;2026-09-05 23:43:44;0005000000000000000003c7
prive;;000100000000000000000036;;;lu;000100000000000000000084;On se voit demain a la fac ?;2026-09-05 23:54:17;0005000000000000000003c8
prive;;000100000000000000000036;;;lu;000100000000000000000084;Je t'ai envoye une photo.;2026-09-06 00:37:17;0005000000000000000003c9
prive;;000100000000000000000036;;;lu;000100000000000000000084;Tu peux m'appeler quand tu as une minute ?;2026-09-06 00:42:17;0005000000000000000003ca
prive;;000100000000000000000001;;;lu;000100000000000000000070;On se voit demain a la fac ?;2026-09-06 01:05:44;0005000000000000000003cb
prive;;000100000000000000000084;;;lu;000100000000000000000036;A tout a l'heure !;2026-09-06 01:07:17;0005000000000000000003cc
prive;;000100000000000000000084;;;lu;000100000000000000000043;Je suis dans le bus, je reponds plus tard.;2026-09-06 01:29:01;0005000000000000000003cd
groupe;000200000000000000000019;;;;envoye;000100000000000000000039;Une idee pour la prochaine sortie ?;2026-09-06 01:44:00;0005000000000000000003ce
prive;;000100000000000000000001;;;lu;00010000000000000000008a;On se retrouve ou ?;2026-09-06 01:50:56;0005000000000000000003cf
prive;;000100000000000000000070;;;lu;000100000000000000000001;On se voit demain a la fac ?;2026-09-06 01:57:44;0005000000000000000003d0
groupe;000200000000000000000009;;000100000000000000000039;;envoye;000100000000000000000008;Bonjour a tous, bienvenue dans le groupe.;2026-09-06 02:05:00;0005000000000000000003d1
prive;;000100000000000000000070;;;lu;000100000000000000000001;Ok, c'est note.;2026-09-06 02:10:44;0005000000000000000003d2
prive;;000100000000000000000043;;;lu;000100000000000000000084;Dis-moi quand tu es libre.;2026-09-06 02:45:01;0005000000000000000003d3
prive;;000100000000000000000070;;;lu;000100000000000000000001;Ne t'inquiete pas, tout va bien.;2026-09-06 03:00:44;0005000000000000000003d4
prive;;000100000000000000000084;;;lu;000100000000000000000043;Passe une bonne soiree.;2026-09-06 03:32:01;0005000000000000000003d5
prive;;000100000000000000000001;;;lu;000100000000000000000070;Je t'ai envoye une photo.;2026-09-06 03:38:44;0005000000000000000003d6
prive;;00010000000000000000004f;;;lu;00010000000000000000005b;Je suis dans le bus, je reponds plus tard.;2026-09-06 04:13:27;0005000000000000000003d7
groupe;00020000000000000000001a;;;;envoye;000100000000000000000006;Je propose qu'on s'organise cette semaine.;2026-09-06 04:28:00;0005000000000000000003d8
prive;;000100000000000000000070;;;lu;000100000000000000000001;Je n'ai pas bien compris, tu peux repeter ?;2026-09-06 05:07:44;0005000000000000000003d9
prive;;00010000000000000000004f;;;lu;00010000000000000000005b;Peux-tu me renvoyer l'adresse ?;2026-09-06 05:35:27;0005000000000000000003da
prive;;000100000000000000000001;;;lu;000100000000000000000070;Tu as des nouvelles de la famille ?;2026-09-06 06:07:44;0005000000000000000003db
groupe;000200000000000000000019;;;;envoye;000100000000000000000007;Je propose qu'on s'organise cette semaine.;2026-09-06 06:30:00;0005000000000000000003dc
prive;;000100000000000000000070;;;lu;000100000000000000000001;On se retrouve ou ?;2026-09-06 06:49:44;0005000000000000000003dd
groupe;000200000000000000000007;;000100000000000000000049;;envoye;00010000000000000000002e;Merci aux admins pour l'organisation.;2026-09-06 07:00:00;0005000000000000000003de
groupe;000200000000000000000005;;;;envoye;000100000000000000000014;Je poste le compte rendu ce soir.;2026-09-06 07:15:00;0005000000000000000003df
groupe;00020000000000000000001b;;;;envoye;000100000000000000000027;Excellente discussion aujourd'hui.;2026-09-06 07:26:00;0005000000000000000003e0
prive;;000100000000000000000001;;;lu;000100000000000000000070;A tout a l'heure !;2026-09-06 07:43:44;0005000000000000000003e1
prive;;000100000000000000000070;;;lu;000100000000000000000001;On se retrouve ou ?;2026-09-06 08:55:44;0005000000000000000003e2
prive;;000100000000000000000070;;;lu;000100000000000000000001;On se voit demain a la fac ?;2026-09-06 09:12:44;0005000000000000000003e3
prive;;000100000000000000000070;;;lu;000100000000000000000001;Je t'envoie le document dans la journee.;2026-09-06 09:34:44;0005000000000000000003e4
groupe;00020000000000000000001d;;;;envoye;000100000000000000000063;Je poste le compte rendu ce soir.;2026-09-06 10:21:00;0005000000000000000003e5
prive;;000100000000000000000070;;;lu;000100000000000000000001;Bonne idee, je suis partant.;2026-09-06 10:24:44;0005000000000000000003e6
groupe;00020000000000000000001a;;;;envoye;00010000000000000000006c;Quelqu'un connait un bon prestataire ?;2026-09-06 11:06:00;0005000000000000000003e7
groupe;000200000000000000000004;;;;envoye;000100000000000000000069;Merci pour le partage, tres utile.;2026-09-06 11:07:00;0005000000000000000003e8
groupe;000200000000000000000012;;;;envoye;000100000000000000000061;Bonjour a tous, bienvenue dans le groupe.;2026-09-06 11:24:00;0005000000000000000003e9
groupe;00020000000000000000001a;;;;envoye;00010000000000000000008e;Bonjour a tous, bienvenue dans le groupe.;2026-09-06 12:04:00;0005000000000000000003ea
prive;;000100000000000000000046;;;lu;00010000000000000000005d;Ok, c'est note.;2026-09-06 12:56:42;0005000000000000000003eb
groupe;000200000000000000000009;;;;envoye;00010000000000000000005b;Excellente discussion aujourd'hui.;2026-09-06 12:58:00;0005000000000000000003ec
groupe;000200000000000000000019;;;;envoye;000100000000000000000025;Une photo de l'evenement de ce week-end.;2026-09-06 12:59:00;0005000000000000000003ed
prive;;00010000000000000000005d;;;lu;000100000000000000000046;Passe une bonne soiree.;2026-09-06 14:04:42;0005000000000000000003ee
prive;;000100000000000000000046;;;lu;00010000000000000000005d;Salut, tu vas bien ?;2026-09-06 14:23:42;0005000000000000000003ef
groupe;000200000000000000000019;;;;envoye;00010000000000000000000e;Excellente discussion aujourd'hui.;2026-09-06 14:31:00;0005000000000000000003f0
groupe;00020000000000000000000e;;;;envoye;00010000000000000000000b;Voici le lien dont je parlais hier.;2026-09-06 14:34:00;0005000000000000000003f1
groupe;00020000000000000000000f;;000100000000000000000019;;envoye;000100000000000000000017;Une idee pour la prochaine sortie ?;2026-09-06 14:47:00;0005000000000000000003f2
groupe;000200000000000000000015;;;;envoye;00010000000000000000001f;Je poste le compte rendu ce soir.;2026-09-06 17:43:00;0005000000000000000003f3
groupe;00020000000000000000000c;;;;envoye;000100000000000000000073;Quelqu'un connait un bon prestataire ?;2026-09-06 18:06:00;0005000000000000000003f4
prive;;000100000000000000000007;;;lu;000100000000000000000031;Bonne idee, je suis partant.;2026-09-06 18:09:04;0005000000000000000003f5
groupe;000200000000000000000016;;;;envoye;000100000000000000000015;Excellente discussion aujourd'hui.;2026-09-06 18:25:00;0005000000000000000003f6
prive;;000100000000000000000031;;;lu;000100000000000000000007;On en parle demain ?;2026-09-06 19:11:04;0005000000000000000003f7
prive;;000100000000000000000007;;;recu;000100000000000000000031;Tu peux m'appeler quand tu as une minute ?;2026-09-06 19:45:04;0005000000000000000003f8
prive;;000100000000000000000007;;;recu;000100000000000000000031;Le cours commence a quelle heure ?;2026-09-06 20:14:04;0005000000000000000003f9
prive;;00010000000000000000004f;;;envoye;00010000000000000000003c;Bonne nuit !;2026-09-06 21:21:39;0005000000000000000003fa
groupe;000200000000000000000007;;;;envoye;000100000000000000000007;Question rapide : a quelle heure on commence ?;2026-09-06 21:51:00;0005000000000000000003fb
groupe;00020000000000000000001b;;;;envoye;00010000000000000000000d;N'oubliez pas de confirmer votre presence.;2026-09-06 22:09:00;0005000000000000000003fc
prive;;00010000000000000000002b;;;lu;000100000000000000000043;Merci pour ton aide, vraiment.;2026-09-06 22:16:42;0005000000000000000003fd
groupe;00020000000000000000001b;;;;envoye;000100000000000000000073;Bonjour a tous, bienvenue dans le groupe.;2026-09-07 00:14:00;0005000000000000000003fe
groupe;000200000000000000000016;;;;envoye;000100000000000000000056;Question rapide : a quelle heure on commence ?;2026-09-07 00:52:00;0005000000000000000003ff
groupe;00020000000000000000001b;;;;envoye;000100000000000000000015;Question rapide : a quelle heure on commence ?;2026-09-07 03:21:00;000500000000000000000400
groupe;00020000000000000000000a;;;;envoye;000100000000000000000045;Question rapide : a quelle heure on commence ?;2026-09-07 03:57:00;000500000000000000000401
groupe;00020000000000000000001a;;000100000000000000000054;;envoye;000100000000000000000063;Rappel : rendez-vous samedi a 10h.;2026-09-07 04:09:00;000500000000000000000402
groupe;000200000000000000000014;;;;envoye;000100000000000000000088;Merci pour le partage, tres utile.;2026-09-07 05:08:00;000500000000000000000403
groupe;00020000000000000000001a;;;;envoye;000100000000000000000055;Qui peut apporter les chaises ?;2026-09-07 05:26:00;000500000000000000000404
prive;;000100000000000000000045;;;envoye;000100000000000000000001;Tu as reussi a te connecter ?;2026-09-07 05:56:20;000500000000000000000405
groupe;000200000000000000000011;;;;envoye;000100000000000000000056;Quelqu'un a l'information pour la reunion ?;2026-09-07 06:23:00;000500000000000000000406
groupe;000200000000000000000008;;000100000000000000000063;;envoye;00010000000000000000000f;Qui peut apporter les chaises ?;2026-09-07 09:06:00;000500000000000000000407
groupe;000200000000000000000002;;;;envoye;000100000000000000000091;Excellente discussion aujourd'hui.;2026-09-07 09:48:00;000500000000000000000408
groupe;000200000000000000000019;;;;envoye;000100000000000000000069;Qui peut apporter les chaises ?;2026-09-07 10:30:00;000500000000000000000409
groupe;00020000000000000000000b;;;;envoye;000100000000000000000052;Voici le lien dont je parlais hier.;2026-09-07 11:41:00;00050000000000000000040a
prive;;00010000000000000000007e;;;lu;00010000000000000000003b;Ok, c'est note.;2026-09-07 11:47:17;00050000000000000000040b
prive;;00010000000000000000008a;;;lu;000100000000000000000001;Ne t'inquiete pas, tout va bien.;2026-09-07 11:50:56;00050000000000000000040c
prive;;000100000000000000000001;;;lu;00010000000000000000008a;Merci pour ton aide, vraiment.;2026-09-07 11:53:56;00050000000000000000040d
groupe;00020000000000000000000f;;;;envoye;000100000000000000000042;Excellente discussion aujourd'hui.;2026-09-07 12:08:00;00050000000000000000040e
groupe;000200000000000000000019;;;;envoye;000100000000000000000064;Bonjour a tous, bienvenue dans le groupe.;2026-09-07 12:49:00;00050000000000000000040f
prive;;00010000000000000000002f;;;lu;000100000000000000000069;Dis-moi quand tu es libre.;2026-09-07 13:15:00;000500000000000000000410
prive;;000100000000000000000069;;;envoye;00010000000000000000002f;Tu peux m'appeler quand tu as une minute ?;2026-09-07 13:52:00;000500000000000000000411
groupe;000200000000000000000011;;;;envoye;00010000000000000000008e;Merci pour le partage, tres utile.;2026-09-07 13:53:00;000500000000000000000412
groupe;000200000000000000000007;;;;envoye;00010000000000000000006a;Je ne pourrai pas venir cette fois.;2026-09-07 13:56:00;000500000000000000000413
prive;;000100000000000000000040;;;lu;00010000000000000000001c;Dis-moi quand tu es libre.;2026-09-07 15:14:52;000500000000000000000414
groupe;000200000000000000000007;;;;envoye;000100000000000000000054;Je ne pourrai pas venir cette fois.;2026-09-07 15:48:00;000500000000000000000415
prive;;000100000000000000000040;;;recu;00010000000000000000001c;Bravo pour ta presentation.;2026-09-07 16:36:52;000500000000000000000416
prive;;000100000000000000000079;;;lu;00010000000000000000001b;Le cours commence a quelle heure ?;2026-09-07 16:58:05;000500000000000000000417
prive;;00010000000000000000001b;;;lu;000100000000000000000079;Ok, c'est note.;2026-09-07 18:00:05;000500000000000000000418
prive;;000100000000000000000079;;;lu;00010000000000000000001b;Salut, tu vas bien ?;2026-09-07 18:45:05;000500000000000000000419
groupe;00020000000000000000000a;;;;envoye;00010000000000000000005b;Bonne journee a tous !;2026-09-07 21:52:00;00050000000000000000041a
groupe;00020000000000000000001b;;;;envoye;00010000000000000000008a;Question rapide : a quelle heure on commence ?;2026-09-08 01:49:00;00050000000000000000041b
groupe;000200000000000000000018;;;;envoye;000100000000000000000007;N'oubliez pas de confirmer votre presence.;2026-09-08 01:51:00;00050000000000000000041c
groupe;000200000000000000000006;;;;envoye;000100000000000000000046;Excellente discussion aujourd'hui.;2026-09-08 04:21:00;00050000000000000000041d
groupe;00020000000000000000001b;;;;envoye;000100000000000000000087;Qui peut apporter les chaises ?;2026-09-08 05:37:00;00050000000000000000041e
groupe;000200000000000000000004;;;;envoye;000100000000000000000024;N'oubliez pas de confirmer votre presence.;2026-09-08 05:58:00;00050000000000000000041f
groupe;000200000000000000000015;;"00010000000000000000003c;000100000000000000000039";;envoye;00010000000000000000003a;Je poste le compte rendu ce soir.;2026-09-08 06:13:00;000500000000000000000420
groupe;000200000000000000000019;;;;envoye;000100000000000000000082;Rappel : rendez-vous samedi a 10h.;2026-09-08 06:29:00;000500000000000000000421
groupe;00020000000000000000001b;;;;envoye;000100000000000000000039;Je ne pourrai pas venir cette fois.;2026-09-08 12:18:00;000500000000000000000422
groupe;00020000000000000000001a;;;;envoye;000100000000000000000022;Une idee pour la prochaine sortie ?;2026-09-08 12:56:00;000500000000000000000423
groupe;000200000000000000000019;;;;envoye;000100000000000000000096;Une idee pour la prochaine sortie ?;2026-09-08 13:28:00;000500000000000000000424
prive;;000100000000000000000072;;;lu;000100000000000000000091;Bonne nuit !;2026-09-08 13:34:58;000500000000000000000425
groupe;00020000000000000000001e;;;;envoye;000100000000000000000063;Bonjour a tous, bienvenue dans le groupe.;2026-09-08 13:45:00;000500000000000000000426
prive;;000100000000000000000091;;;lu;000100000000000000000072;Super, merci beaucoup !;2026-09-08 13:46:58;000500000000000000000427
prive;;000100000000000000000091;;;lu;000100000000000000000072;J'arrive dans dix minutes.;2026-09-08 14:19:58;000500000000000000000428
groupe;000200000000000000000015;;;;envoye;000100000000000000000007;Bravo a toute l'equipe !;2026-09-08 14:49:00;000500000000000000000429
groupe;000200000000000000000009;;;;envoye;000100000000000000000076;Qui peut apporter les chaises ?;2026-09-08 15:20:00;00050000000000000000042a
prive;;000100000000000000000096;;;lu;000100000000000000000017;Bravo pour ta presentation.;2026-09-08 16:50:29;00050000000000000000042b
groupe;00020000000000000000000b;;;;envoye;00010000000000000000008c;Qui peut apporter les chaises ?;2026-09-08 17:18:00;00050000000000000000042c
groupe;00020000000000000000000b;;;;envoye;000100000000000000000008;Je poste le compte rendu ce soir.;2026-09-08 18:00:00;00050000000000000000042d
groupe;00020000000000000000001a;;000100000000000000000021;;envoye;000100000000000000000008;Qui peut apporter les chaises ?;2026-09-08 18:58:00;00050000000000000000042e
groupe;000200000000000000000019;;;;envoye;000100000000000000000066;On vote pour la date ?;2026-09-08 19:08:00;00050000000000000000042f
groupe;00020000000000000000001a;;;;envoye;000100000000000000000027;Je poste le compte rendu ce soir.;2026-09-08 19:17:00;000500000000000000000430
groupe;00020000000000000000001a;;;;envoye;000100000000000000000061;Question rapide : a quelle heure on commence ?;2026-09-08 20:22:00;000500000000000000000431
groupe;00020000000000000000000a;;;;envoye;000100000000000000000013;Je ne pourrai pas venir cette fois.;2026-09-08 21:16:00;000500000000000000000432
groupe;000200000000000000000012;;;;envoye;00010000000000000000003d;Qui peut apporter les chaises ?;2026-09-09 01:14:00;000500000000000000000433
groupe;000200000000000000000007;;;;envoye;00010000000000000000008f;Je propose qu'on s'organise cette semaine.;2026-09-09 01:49:00;000500000000000000000434
prive;;000100000000000000000001;;;lu;00010000000000000000008a;Tu peux m'appeler quand tu as une minute ?;2026-09-09 01:53:56;000500000000000000000435
prive;;00010000000000000000008a;;;lu;000100000000000000000001;Je t'ai envoye une photo.;2026-09-09 01:56:56;000500000000000000000436
prive;;000100000000000000000001;;;lu;00010000000000000000008a;On se voit demain a la fac ?;2026-09-09 01:59:56;000500000000000000000437
prive;;00010000000000000000008a;;;lu;000100000000000000000001;J'arrive dans dix minutes.;2026-09-09 03:03:56;000500000000000000000438
prive;;00010000000000000000008a;;;lu;000100000000000000000001;C'est confirme pour samedi.;2026-09-09 03:30:56;000500000000000000000439
groupe;00020000000000000000001a;;;;envoye;00010000000000000000007e;Merci aux admins pour l'organisation.;2026-09-09 03:51:00;00050000000000000000043a
groupe;00020000000000000000001b;;;;envoye;000100000000000000000079;On vote pour la date ?;2026-09-09 03:51:00;00050000000000000000043b
prive;;00010000000000000000004f;;;recu;00010000000000000000003c;On se voit demain a la fac ?;2026-09-09 04:21:39;00050000000000000000043c
groupe;000200000000000000000011;;;;envoye;000100000000000000000063;Voici le lien dont je parlais hier.;2026-09-09 07:32:00;00050000000000000000043d
groupe;000200000000000000000002;;"000100000000000000000001;000100000000000000000010";;envoye;000100000000000000000048;Quelqu'un a l'information pour la reunion ?;2026-09-09 08:33:00;00050000000000000000043e
groupe;000200000000000000000010;;;;envoye;000100000000000000000006;Bonjour a tous, bienvenue dans le groupe.;2026-09-09 09:08:00;00050000000000000000043f
prive;;000100000000000000000076;;;lu;00010000000000000000008b;Ne t'inquiete pas, tout va bien.;2026-09-09 09:28:26;000500000000000000000440
prive;;00010000000000000000008b;;;lu;000100000000000000000076;J'arrive dans dix minutes.;2026-09-09 09:41:26;000500000000000000000441
groupe;00020000000000000000000a;;;;envoye;00010000000000000000000f;Une idee pour la prochaine sortie ?;2026-09-09 09:54:00;000500000000000000000442
groupe;000200000000000000000002;;;;envoye;000100000000000000000010;Une idee pour la prochaine sortie ?;2026-09-09 10:09:00;000500000000000000000443
prive;;000100000000000000000076;;;lu;00010000000000000000008b;J'arrive dans dix minutes.;2026-09-09 10:16:26;000500000000000000000444
prive;;000100000000000000000076;;;lu;00010000000000000000008b;Tu peux m'appeler quand tu as une minute ?;2026-09-09 11:34:26;000500000000000000000445
groupe;000200000000000000000007;;;;envoye;000100000000000000000096;Question rapide : a quelle heure on commence ?;2026-09-09 11:48:00;000500000000000000000446
prive;;00010000000000000000007c;;;lu;000100000000000000000019;Bravo pour ta presentation.;2026-09-09 12:09:30;000500000000000000000447
prive;;000100000000000000000076;;;lu;00010000000000000000008b;J'arrive dans dix minutes.;2026-09-09 13:03:26;000500000000000000000448
groupe;00020000000000000000000a;;00010000000000000000000e;;envoye;000100000000000000000014;Je propose qu'on s'organise cette semaine.;2026-09-09 13:04:00;000500000000000000000449
prive;;000100000000000000000019;;;lu;00010000000000000000007c;Ok, c'est note.;2026-09-09 13:08:30;00050000000000000000044a
groupe;000200000000000000000012;;;;envoye;000100000000000000000037;N'oubliez pas de confirmer votre presence.;2026-09-09 13:26:00;00050000000000000000044b
prive;;00010000000000000000007c;;;lu;000100000000000000000019;Merci pour ton aide, vraiment.;2026-09-09 13:57:30;00050000000000000000044c
prive;;000100000000000000000019;;;lu;00010000000000000000007c;On se retrouve ou ?;2026-09-09 14:03:30;00050000000000000000044d
prive;;00010000000000000000003d;;;lu;00010000000000000000006e;On se retrouve ou ?;2026-09-09 14:08:53;00050000000000000000044e
prive;;00010000000000000000006e;;;lu;00010000000000000000003d;Ne t'inquiete pas, tout va bien.;2026-09-09 14:30:53;00050000000000000000044f
groupe;000200000000000000000007;;000100000000000000000025;;envoye;00010000000000000000002d;Bonne journee a tous !;2026-09-09 16:24:00;000500000000000000000450
prive;;000100000000000000000001;;;lu;000100000000000000000028;Coucou, tu es dispo ce soir ?;2026-09-09 17:47:16;000500000000000000000451
prive;;000100000000000000000028;;;lu;000100000000000000000001;Je t'ai envoye une photo.;2026-09-09 18:49:16;000500000000000000000452
groupe;000200000000000000000017;;;;envoye;000100000000000000000059;N'oubliez pas de confirmer votre presence.;2026-09-09 18:50:00;000500000000000000000453
prive;;000100000000000000000001;;;lu;000100000000000000000028;Je t'ai envoye une photo.;2026-09-09 18:50:16;000500000000000000000454
prive;;000100000000000000000096;;;lu;000100000000000000000017;Tu peux m'appeler quand tu as une minute ?;2026-09-09 18:50:29;000500000000000000000455
groupe;000200000000000000000012;;;;envoye;00010000000000000000004c;Bravo a toute l'equipe !;2026-09-09 18:55:00;000500000000000000000456
prive;;000100000000000000000028;;;lu;000100000000000000000001;Tu as reussi a te connecter ?;2026-09-09 19:35:16;000500000000000000000457
prive;;000100000000000000000028;;;lu;000100000000000000000001;Je suis en retard, desole.;2026-09-09 21:04:16;000500000000000000000458
groupe;000200000000000000000002;;;;envoye;000100000000000000000022;N'oubliez pas de confirmer votre presence.;2026-09-09 21:37:00;000500000000000000000459
prive;;000100000000000000000001;;;lu;000100000000000000000028;Haha, trop drole !;2026-09-09 22:28:16;00050000000000000000045a
prive;;000100000000000000000028;;;lu;000100000000000000000001;Tu peux m'appeler quand tu as une minute ?;2026-09-09 22:46:16;00050000000000000000045b
groupe;000200000000000000000007;;;;envoye;000100000000000000000057;Rappel : rendez-vous samedi a 10h.;2026-09-09 23:16:00;00050000000000000000045c
groupe;00020000000000000000001b;;;;envoye;000100000000000000000043;Bonne journee a tous !;2026-09-09 23:16:00;00050000000000000000045d
prive;;000100000000000000000001;;;lu;000100000000000000000028;A tout a l'heure !;2026-09-09 23:21:16;00050000000000000000045e
prive;;000100000000000000000001;;;recu;000100000000000000000028;Tu as des nouvelles de la famille ?;2026-09-09 23:28:16;00050000000000000000045f
groupe;000200000000000000000007;;;;envoye;000100000000000000000049;Question rapide : a quelle heure on commence ?;2026-09-10 04:29:00;000500000000000000000460
prive;;00010000000000000000002b;;;lu;00010000000000000000007f;Bravo pour ta presentation.;2026-09-10 04:30:56;000500000000000000000461
prive;;00010000000000000000002b;;;lu;00010000000000000000007f;Dis-moi quand tu es libre.;2026-09-10 04:53:56;000500000000000000000462
groupe;00020000000000000000000f;;;;envoye;000100000000000000000017;Une idee pour la prochaine sortie ?;2026-09-10 05:18:00;000500000000000000000463
groupe;000200000000000000000012;;;;envoye;000100000000000000000007;On vote pour la date ?;2026-09-10 05:35:00;000500000000000000000464
prive;;00010000000000000000002b;;;lu;00010000000000000000007f;A tout a l'heure !;2026-09-10 06:07:56;000500000000000000000465
prive;;00010000000000000000002b;;;lu;00010000000000000000007f;C'est confirme pour samedi.;2026-09-10 07:14:56;000500000000000000000466
prive;;00010000000000000000002b;;;lu;00010000000000000000007f;Peux-tu me renvoyer l'adresse ?;2026-09-10 07:36:56;000500000000000000000467
prive;;00010000000000000000006a;;;lu;000100000000000000000001;On se retrouve ou ?;2026-09-10 07:50:30;000500000000000000000468
groupe;00020000000000000000001b;;;;envoye;00010000000000000000004e;Excellente discussion aujourd'hui.;2026-09-10 08:16:00;000500000000000000000469
prive;;000100000000000000000001;;;lu;00010000000000000000006a;Haha, trop drole !;2026-09-10 08:31:30;00050000000000000000046a
groupe;000200000000000000000019;;;;envoye;000100000000000000000081;Quelqu'un connait un bon prestataire ?;2026-09-10 08:47:00;00050000000000000000046b
prive;;00010000000000000000002b;;;lu;00010000000000000000007f;Haha, trop drole !;2026-09-10 08:48:56;00050000000000000000046c
groupe;00020000000000000000001a;;;;envoye;00010000000000000000004e;Merci pour le partage, tres utile.;2026-09-10 09:20:00;00050000000000000000046d
prive;;00010000000000000000007f;;;lu;00010000000000000000002b;Je n'ai pas bien compris, tu peux repeter ?;2026-09-10 09:33:56;00050000000000000000046e
groupe;000200000000000000000012;;;;envoye;00010000000000000000005d;Bonjour a tous, bienvenue dans le groupe.;2026-09-10 09:44:00;00050000000000000000046f
prive;;00010000000000000000007f;;;lu;00010000000000000000002b;Tu as vu la publication d'hier ?;2026-09-10 09:57:56;000500000000000000000470
prive;;00010000000000000000002b;;;lu;00010000000000000000007f;Salut, tu vas bien ?;2026-09-10 09:58:56;000500000000000000000471
prive;;00010000000000000000007f;;;envoye;00010000000000000000002b;Ok, c'est note.;2026-09-10 10:13:56;000500000000000000000472
groupe;000200000000000000000007;;000100000000000000000013;;envoye;000100000000000000000048;Je poste le compte rendu ce soir.;2026-09-10 11:22:00;000500000000000000000473
groupe;00020000000000000000001b;;"000100000000000000000079;000100000000000000000034";;envoye;000100000000000000000046;Bonne journee a tous !;2026-09-10 12:33:00;000500000000000000000474
groupe;000200000000000000000006;;;;envoye;000100000000000000000050;Bravo a toute l'equipe !;2026-09-10 12:35:00;000500000000000000000475
groupe;000200000000000000000002;;000100000000000000000063;;envoye;000100000000000000000092;N'oubliez pas de confirmer votre presence.;2026-09-10 13:20:00;000500000000000000000476
groupe;00020000000000000000001b;;00010000000000000000000b;;envoye;000100000000000000000009;Bonjour a tous, bienvenue dans le groupe.;2026-09-10 13:58:00;000500000000000000000477
groupe;000200000000000000000007;;;;envoye;00010000000000000000007f;Je ne pourrai pas venir cette fois.;2026-09-10 16:54:00;000500000000000000000478
groupe;000200000000000000000004;;000100000000000000000094;;envoye;000100000000000000000028;Une idee pour la prochaine sortie ?;2026-09-10 18:12:00;000500000000000000000479
groupe;00020000000000000000001c;;;;envoye;00010000000000000000006d;Bonjour a tous, bienvenue dans le groupe.;2026-09-10 19:19:00;00050000000000000000047a
groupe;000200000000000000000003;;;;envoye;00010000000000000000000b;Je ne pourrai pas venir cette fois.;2026-09-10 22:07:00;00050000000000000000047b
prive;;000100000000000000000091;;;lu;000100000000000000000072;J'arrive dans dix minutes.;2026-09-10 22:19:58;00050000000000000000047c
groupe;00020000000000000000001b;;00010000000000000000001f;;envoye;00010000000000000000000a;Bonne journee a tous !;2026-09-10 22:31:00;00050000000000000000047d
prive;;00010000000000000000008a;;;recu;000100000000000000000001;A tout a l'heure !;2026-09-11 00:30:56;00050000000000000000047e
groupe;000200000000000000000019;;;;envoye;000100000000000000000039;Quelqu'un connait un bon prestataire ?;2026-09-11 01:08:00;00050000000000000000047f
groupe;00020000000000000000001e;;;;envoye;000100000000000000000059;On vote pour la date ?;2026-09-11 02:05:00;000500000000000000000480
groupe;00020000000000000000001e;;;;envoye;00010000000000000000005b;Je poste le compte rendu ce soir.;2026-09-11 03:29:00;000500000000000000000481
prive;;00010000000000000000007c;;;lu;000100000000000000000019;On en parle demain ?;2026-09-11 05:03:30;000500000000000000000482
groupe;000200000000000000000019;;;;envoye;000100000000000000000046;Rappel : rendez-vous samedi a 10h.;2026-09-11 06:26:00;000500000000000000000483
groupe;000200000000000000000007;;;;envoye;000100000000000000000052;Je ne pourrai pas venir cette fois.;2026-09-11 06:36:00;000500000000000000000484
groupe;000200000000000000000015;;;;envoye;000100000000000000000055;Question rapide : a quelle heure on commence ?;2026-09-11 08:38:00;000500000000000000000485
prive;;00010000000000000000002b;;;lu;000100000000000000000003;Tu as des nouvelles de la famille ?;2026-09-11 08:46:25;000500000000000000000486
prive;;000100000000000000000001;;;lu;00010000000000000000006a;Peux-tu me renvoyer l'adresse ?;2026-09-11 10:31:30;000500000000000000000487
groupe;000200000000000000000001;;"000100000000000000000081;00010000000000000000008e";;envoye;000100000000000000000027;Une idee pour la prochaine sortie ?;2026-09-11 10:39:00;000500000000000000000488
groupe;000200000000000000000007;;;;envoye;000100000000000000000066;Quelqu'un connait un bon prestataire ?;2026-09-11 10:43:00;000500000000000000000489
groupe;00020000000000000000001e;;;;envoye;00010000000000000000007e;Bravo a toute l'equipe !;2026-09-11 11:06:00;00050000000000000000048a
prive;;000100000000000000000072;;;lu;000100000000000000000091;Merci pour ton aide, vraiment.;2026-09-11 12:19:58;00050000000000000000048b
prive;;000100000000000000000091;;;lu;000100000000000000000072;Tu as reussi a te connecter ?;2026-09-11 12:27:58;00050000000000000000048c
prive;;00010000000000000000002b;;;lu;000100000000000000000003;Tu as vu la publication d'hier ?;2026-09-11 12:46:25;00050000000000000000048d
groupe;00020000000000000000000a;;000100000000000000000058;;envoye;000100000000000000000009;Question rapide : a quelle heure on commence ?;2026-09-11 15:25:00;00050000000000000000048e
groupe;00020000000000000000000e;;000100000000000000000085;;envoye;00010000000000000000001c;Quelqu'un a l'information pour la reunion ?;2026-09-11 15:27:00;00050000000000000000048f
groupe;00020000000000000000000f;;;;envoye;00010000000000000000004a;Rappel : rendez-vous samedi a 10h.;2026-09-11 15:32:00;000500000000000000000490
groupe;000200000000000000000019;;;;envoye;00010000000000000000000b;Qui peut apporter les chaises ?;2026-09-11 17:11:00;000500000000000000000491
groupe;000200000000000000000009;;;;envoye;000100000000000000000009;Quelqu'un connait un bon prestataire ?;2026-09-11 17:18:00;000500000000000000000492
groupe;000200000000000000000007;;;;envoye;000100000000000000000015;Quelqu'un a l'information pour la reunion ?;2026-09-11 18:39:00;000500000000000000000493
groupe;000200000000000000000007;;;;envoye;00010000000000000000000b;Bravo a toute l'equipe !;2026-09-11 19:26:00;000500000000000000000494
prive;;000100000000000000000056;;;lu;00010000000000000000007a;Coucou, tu es dispo ce soir ?;2026-09-11 20:06:25;000500000000000000000495
groupe;00020000000000000000000c;;"000100000000000000000004;000100000000000000000033";;envoye;000100000000000000000059;Merci pour le partage, tres utile.;2026-09-11 20:44:00;000500000000000000000496
groupe;000200000000000000000019;;;;envoye;00010000000000000000005d;Bonjour a tous, bienvenue dans le groupe.;2026-09-11 21:07:00;000500000000000000000497
prive;;00010000000000000000007a;;;lu;000100000000000000000056;On se voit demain a la fac ?;2026-09-11 21:13:25;000500000000000000000498
prive;;000100000000000000000030;;;lu;00010000000000000000005d;Coucou, tu es dispo ce soir ?;2026-09-11 23:09:26;000500000000000000000499
prive;;000100000000000000000076;;;lu;00010000000000000000008b;Je suis en retard, desole.;2026-09-12 00:03:26;00050000000000000000049a
prive;;000100000000000000000030;;;lu;00010000000000000000005d;Dis-moi quand tu es libre.;2026-09-12 00:11:26;00050000000000000000049b
groupe;000200000000000000000002;;;;envoye;000100000000000000000050;On vote pour la date ?;2026-09-12 02:13:00;00050000000000000000049c
groupe;00020000000000000000000d;;"000100000000000000000054;000100000000000000000087";;envoye;000100000000000000000081;Merci aux admins pour l'organisation.;2026-09-12 03:18:00;00050000000000000000049d
groupe;000200000000000000000019;;;;envoye;000100000000000000000007;Bonne journee a tous !;2026-09-12 03:24:00;00050000000000000000049e
groupe;000200000000000000000019;;;;envoye;000100000000000000000007;Merci pour le partage, tres utile.;2026-09-12 03:25:00;00050000000000000000049f
groupe;00020000000000000000001b;;;;envoye;000100000000000000000091;Merci aux admins pour l'organisation.;2026-09-12 06:00:00;0005000000000000000004a0
groupe;00020000000000000000001b;;;;envoye;000100000000000000000023;Merci pour le partage, tres utile.;2026-09-12 06:46:00;0005000000000000000004a1
groupe;000200000000000000000009;;;;envoye;00010000000000000000004a;N'oubliez pas de confirmer votre presence.;2026-09-12 08:05:00;0005000000000000000004a2
prive;;000100000000000000000030;;;lu;00010000000000000000005d;Salut, tu vas bien ?;2026-09-12 08:11:26;0005000000000000000004a3
prive;;00010000000000000000005d;;;lu;000100000000000000000030;Ok, c'est note.;2026-09-12 08:23:26;0005000000000000000004a4
prive;;000100000000000000000031;;;lu;000100000000000000000006;On se retrouve ou ?;2026-09-12 08:24:31;0005000000000000000004a5
prive;;00010000000000000000005d;;;lu;000100000000000000000030;Le cours commence a quelle heure ?;2026-09-12 08:54:26;0005000000000000000004a6
groupe;000200000000000000000016;;"00010000000000000000007e;000100000000000000000054";;envoye;000100000000000000000032;Merci aux admins pour l'organisation.;2026-09-12 09:14:00;0005000000000000000004a7
prive;;000100000000000000000067;;;lu;00010000000000000000004e;Le cours commence a quelle heure ?;2026-09-12 09:21:49;0005000000000000000004a8
groupe;00020000000000000000000f;;;;envoye;00010000000000000000000e;Une idee pour la prochaine sortie ?;2026-09-12 09:47:00;0005000000000000000004a9
prive;;000100000000000000000036;;;lu;000100000000000000000079;Coucou, tu es dispo ce soir ?;2026-09-12 09:59:08;0005000000000000000004aa
prive;;00010000000000000000004e;;;lu;000100000000000000000067;Peux-tu me renvoyer l'adresse ?;2026-09-12 10:00:49;0005000000000000000004ab
prive;;00010000000000000000005d;;;lu;000100000000000000000030;Bonne nuit !;2026-09-12 10:01:26;0005000000000000000004ac
prive;;00010000000000000000004e;;;lu;000100000000000000000067;Je suis dans le bus, je reponds plus tard.;2026-09-12 10:10:49;0005000000000000000004ad
prive;;000100000000000000000036;;;lu;000100000000000000000079;Salut, tu vas bien ?;2026-09-12 10:18:08;0005000000000000000004ae
prive;;000100000000000000000067;;;lu;00010000000000000000004e;Ok, c'est note.;2026-09-12 10:31:49;0005000000000000000004af
groupe;00020000000000000000000f;;"000100000000000000000094;00010000000000000000000e";;envoye;000100000000000000000042;Je ne pourrai pas venir cette fois.;2026-09-12 10:44:00;0005000000000000000004b0
groupe;000200000000000000000019;;;;envoye;000100000000000000000079;Une idee pour la prochaine sortie ?;2026-09-12 11:06:00;0005000000000000000004b1
prive;;000100000000000000000036;;;lu;000100000000000000000079;Salut, tu vas bien ?;2026-09-12 11:35:08;0005000000000000000004b2
groupe;00020000000000000000001b;;;;envoye;00010000000000000000000d;Quelqu'un a l'information pour la reunion ?;2026-09-12 11:52:00;0005000000000000000004b3
prive;;000100000000000000000067;;;lu;00010000000000000000004e;Dis-moi quand tu es libre.;2026-09-12 11:59:49;0005000000000000000004b4
groupe;000200000000000000000019;;00010000000000000000007f;;envoye;000100000000000000000021;Je ne pourrai pas venir cette fois.;2026-09-12 12:25:00;0005000000000000000004b5
groupe;000200000000000000000004;;;;envoye;000100000000000000000008;Une idee pour la prochaine sortie ?;2026-09-12 12:38:00;0005000000000000000004b6
prive;;000100000000000000000049;;;lu;000100000000000000000076;Je suis en retard, desole.;2026-09-12 12:38:34;0005000000000000000004b7
prive;;000100000000000000000075;;;lu;000100000000000000000069;Tu peux m'appeler quand tu as une minute ?;2026-09-12 12:43:46;0005000000000000000004b8
prive;;000100000000000000000076;;;lu;000100000000000000000049;Super, merci beaucoup !;2026-09-12 12:47:34;0005000000000000000004b9
prive;;000100000000000000000067;;;lu;00010000000000000000004e;Ne t'inquiete pas, tout va bien.;2026-09-12 13:03:49;0005000000000000000004ba
prive;;00010000000000000000004e;;;lu;000100000000000000000067;Le cours commence a quelle heure ?;2026-09-12 13:11:49;0005000000000000000004bb
groupe;000200000000000000000019;;;;envoye;00010000000000000000000e;Bonne journee a tous !;2026-09-12 13:13:00;0005000000000000000004bc
prive;;000100000000000000000049;;;lu;000100000000000000000076;Haha, trop drole !;2026-09-12 13:14:34;0005000000000000000004bd
prive;;000100000000000000000069;;;lu;000100000000000000000075;Je n'ai pas bien compris, tu peux repeter ?;2026-09-12 13:38:46;0005000000000000000004be
prive;;000100000000000000000069;;;recu;000100000000000000000075;Bonne nuit !;2026-09-12 13:44:46;0005000000000000000004bf
groupe;000200000000000000000019;;;;envoye;000100000000000000000009;Merci pour le partage, tres utile.;2026-09-12 14:07:00;0005000000000000000004c0
prive;;000100000000000000000049;;;lu;000100000000000000000076;On se retrouve ou ?;2026-09-12 14:44:34;0005000000000000000004c1
groupe;000200000000000000000007;;;;envoye;00010000000000000000007f;Une idee pour la prochaine sortie ?;2026-09-12 14:47:00;0005000000000000000004c2
prive;;000100000000000000000069;;;envoye;000100000000000000000075;Tu as vu la publication d'hier ?;2026-09-12 14:57:46;0005000000000000000004c3
prive;;000100000000000000000076;;;lu;000100000000000000000049;Merci pour ton aide, vraiment.;2026-09-12 15:38:34;0005000000000000000004c4
prive;;000100000000000000000076;;;lu;000100000000000000000049;Tu as fini ton rapport ?;2026-09-12 16:27:34;0005000000000000000004c5
groupe;000200000000000000000015;;;;envoye;000100000000000000000079;Bonne journee a tous !;2026-09-12 16:39:00;0005000000000000000004c6
groupe;000200000000000000000016;;;;envoye;00010000000000000000004a;Merci aux admins pour l'organisation.;2026-09-12 16:41:00;0005000000000000000004c7
groupe;000200000000000000000004;;;;envoye;000100000000000000000055;Merci aux admins pour l'organisation.;2026-09-12 17:11:00;0005000000000000000004c8
prive;;000100000000000000000076;;;lu;000100000000000000000049;Tu as des nouvelles de la famille ?;2026-09-12 17:15:34;0005000000000000000004c9
prive;;000100000000000000000049;;;lu;000100000000000000000076;Passe une bonne soiree.;2026-09-12 18:05:34;0005000000000000000004ca
prive;;000100000000000000000076;;;lu;000100000000000000000049;On se voit demain a la fac ?;2026-09-12 18:37:34;0005000000000000000004cb
prive;;00010000000000000000003c;;;lu;000100000000000000000061;A tout a l'heure !;2026-09-12 19:16:59;0005000000000000000004cc
groupe;000200000000000000000013;;;;envoye;000100000000000000000008;Je propose qu'on s'organise cette semaine.;2026-09-12 19:47:00;0005000000000000000004cd
prive;;000100000000000000000049;;;lu;000100000000000000000076;Tu as vu la publication d'hier ?;2026-09-12 19:48:34;0005000000000000000004ce
groupe;00020000000000000000001b;;;;envoye;000100000000000000000025;Bravo a toute l'equipe !;2026-09-12 20:07:00;0005000000000000000004cf
prive;;00010000000000000000003c;;;lu;000100000000000000000061;C'est confirme pour samedi.;2026-09-12 20:08:59;0005000000000000000004d0
prive;;000100000000000000000049;;;recu;000100000000000000000076;Salut, tu vas bien ?;2026-09-12 20:13:34;0005000000000000000004d1
prive;;00010000000000000000003c;;;lu;000100000000000000000061;On se voit demain a la fac ?;2026-09-12 21:36:59;0005000000000000000004d2
prive;;000100000000000000000080;;;lu;000100000000000000000063;A tout a l'heure !;2026-09-12 22:16:38;0005000000000000000004d3
prive;;000100000000000000000061;;;lu;00010000000000000000003c;Bonne idee, je suis partant.;2026-09-12 22:30:59;0005000000000000000004d4
prive;;000100000000000000000080;;;lu;000100000000000000000063;Peux-tu me renvoyer l'adresse ?;2026-09-12 22:41:38;0005000000000000000004d5
prive;;00010000000000000000008b;;;lu;000100000000000000000076;Je t'ai envoye une photo.;2026-09-12 23:03:26;0005000000000000000004d6
prive;;000100000000000000000063;;;lu;000100000000000000000080;Salut, tu vas bien ?;2026-09-12 23:09:38;0005000000000000000004d7
prive;;00010000000000000000008b;;;lu;000100000000000000000076;Je suis dans le bus, je reponds plus tard.;2026-09-12 23:20:26;0005000000000000000004d8
groupe;00020000000000000000000f;;"000100000000000000000045;00010000000000000000007b";;envoye;000100000000000000000059;Je propose qu'on s'organise cette semaine.;2026-09-13 01:18:00;0005000000000000000004d9
groupe;000200000000000000000010;;;;envoye;00010000000000000000000a;Excellente discussion aujourd'hui.;2026-09-13 01:48:00;0005000000000000000004da
prive;;000100000000000000000005;;;lu;000100000000000000000025;Merci pour ton aide, vraiment.;2026-09-13 01:51:43;0005000000000000000004db
groupe;000200000000000000000004;;"000100000000000000000069;00010000000000000000008a";;envoye;000100000000000000000086;Question rapide : a quelle heure on commence ?;2026-09-13 02:07:00;0005000000000000000004dc
groupe;000200000000000000000019;;;;envoye;00010000000000000000005d;Voici le lien dont je parlais hier.;2026-09-13 02:26:00;0005000000000000000004dd
prive;;000100000000000000000025;;;lu;000100000000000000000005;Tu as vu la publication d'hier ?;2026-09-13 02:29:43;0005000000000000000004de
prive;;000100000000000000000005;;;lu;000100000000000000000025;Haha, trop drole !;2026-09-13 02:50:43;0005000000000000000004df
groupe;00020000000000000000000e;;;;envoye;00010000000000000000001f;On vote pour la date ?;2026-09-13 02:53:00;0005000000000000000004e0
groupe;00020000000000000000001e;;;;envoye;000100000000000000000015;Qui peut apporter les chaises ?;2026-09-13 02:57:00;0005000000000000000004e1
prive;;000100000000000000000005;;;lu;000100000000000000000025;C'est confirme pour samedi.;2026-09-13 03:56:43;0005000000000000000004e2
groupe;000200000000000000000019;;"000100000000000000000042;000100000000000000000039";;envoye;000100000000000000000048;Question rapide : a quelle heure on commence ?;2026-09-13 04:27:00;0005000000000000000004e3
prive;;000100000000000000000025;;;lu;000100000000000000000005;Je t'envoie le document dans la journee.;2026-09-13 05:05:43;0005000000000000000004e4
groupe;000200000000000000000009;;;;envoye;000100000000000000000064;Rappel : rendez-vous samedi a 10h.;2026-09-13 05:48:00;0005000000000000000004e5
groupe;00020000000000000000000b;;;;envoye;000100000000000000000002;Quelqu'un connait un bon prestataire ?;2026-09-13 06:24:00;0005000000000000000004e6
groupe;000200000000000000000008;;;;envoye;000100000000000000000094;Bonjour a tous, bienvenue dans le groupe.;2026-09-13 07:17:00;0005000000000000000004e7
prive;;000100000000000000000076;;;lu;00010000000000000000008b;Bonne idee, je suis partant.;2026-09-13 07:20:26;0005000000000000000004e8
groupe;00020000000000000000001a;;;;envoye;00010000000000000000006d;Je poste le compte rendu ce soir.;2026-09-13 09:05:00;0005000000000000000004e9
groupe;000200000000000000000007;;;;envoye;00010000000000000000003f;Je propose qu'on s'organise cette semaine.;2026-09-13 09:56:00;0005000000000000000004ea
groupe;000200000000000000000013;;;;envoye;000100000000000000000049;Je ne pourrai pas venir cette fois.;2026-09-13 12:43:00;0005000000000000000004eb
groupe;00020000000000000000000f;;000100000000000000000017;;envoye;000100000000000000000054;Je suis d'accord avec la proposition.;2026-09-13 12:51:00;0005000000000000000004ec
prive;;000100000000000000000003;;;lu;00010000000000000000002b;Tu as reussi a te connecter ?;2026-09-13 13:46:25;0005000000000000000004ed
prive;;000100000000000000000003;;;lu;00010000000000000000002b;Ok, c'est note.;2026-09-13 15:06:25;0005000000000000000004ee
groupe;00020000000000000000000a;;;;envoye;00010000000000000000000f;Qui peut apporter les chaises ?;2026-09-13 15:10:00;0005000000000000000004ef
groupe;000200000000000000000007;;;;envoye;00010000000000000000003b;Je propose qu'on s'organise cette semaine.;2026-09-13 15:12:00;0005000000000000000004f0
prive;;00010000000000000000007f;;;lu;000100000000000000000073;Tu as des nouvelles de la famille ?;2026-09-13 17:34:56;0005000000000000000004f1
groupe;00020000000000000000000c;;;;envoye;000100000000000000000064;Rappel : rendez-vous samedi a 10h.;2026-09-13 18:53:00;0005000000000000000004f2
groupe;00020000000000000000001b;;;;envoye;000100000000000000000043;N'oubliez pas de confirmer votre presence.;2026-09-13 19:28:00;0005000000000000000004f3
groupe;000200000000000000000012;;;;envoye;000100000000000000000028;Qui peut apporter les chaises ?;2026-09-13 22:01:00;0005000000000000000004f4
prive;;000100000000000000000001;;;lu;00010000000000000000006a;Bonne idee, je suis partant.;2026-09-13 22:31:30;0005000000000000000004f5
prive;;000100000000000000000001;;;lu;00010000000000000000006a;Je n'ai pas bien compris, tu peux repeter ?;2026-09-13 23:23:30;0005000000000000000004f6
groupe;00020000000000000000001b;;;;envoye;000100000000000000000027;On vote pour la date ?;2026-09-14 00:41:00;0005000000000000000004f7
groupe;00020000000000000000000e;;;;envoye;000100000000000000000031;On vote pour la date ?;2026-09-14 01:43:00;0005000000000000000004f8
prive;;00010000000000000000003c;;;lu;000100000000000000000061;Coucou, tu es dispo ce soir ?;2026-09-14 04:30:59;0005000000000000000004f9
prive;;000100000000000000000073;;;lu;00010000000000000000007f;Tu as vu la publication d'hier ?;2026-09-14 04:34:56;0005000000000000000004fa
prive;;000100000000000000000073;;;lu;00010000000000000000007f;Je suis dans le bus, je reponds plus tard.;2026-09-14 04:42:56;0005000000000000000004fb
prive;;00010000000000000000003c;;;lu;000100000000000000000061;Je t'ai envoye une photo.;2026-09-14 04:42:59;0005000000000000000004fc
groupe;00020000000000000000000c;;;;envoye;000100000000000000000021;Question rapide : a quelle heure on commence ?;2026-09-14 04:59:00;0005000000000000000004fd
groupe;000200000000000000000019;;;;envoye;00010000000000000000002a;Je propose qu'on s'organise cette semaine.;2026-09-14 05:11:00;0005000000000000000004fe
prive;;000100000000000000000056;;;lu;00010000000000000000007a;Je t'ai envoye une photo.;2026-09-14 05:13:25;0005000000000000000004ff
prive;;00010000000000000000007a;;;lu;000100000000000000000056;Tu peux m'appeler quand tu as une minute ?;2026-09-14 05:28:25;000500000000000000000500
groupe;000200000000000000000017;;000100000000000000000050;;envoye;000100000000000000000056;Voici le lien dont je parlais hier.;2026-09-14 06:02:00;000500000000000000000501
prive;;00010000000000000000007a;;;lu;000100000000000000000056;Bonne nuit !;2026-09-14 06:08:25;000500000000000000000502
prive;;000100000000000000000056;;;lu;00010000000000000000007a;Bravo pour ta presentation.;2026-09-14 07:03:25;000500000000000000000503
prive;;00010000000000000000007a;;;lu;000100000000000000000056;On se voit demain a la fac ?;2026-09-14 07:26:25;000500000000000000000504
prive;;00010000000000000000007a;;;lu;000100000000000000000056;Dis-moi quand tu es libre.;2026-09-14 07:46:25;000500000000000000000505
groupe;000200000000000000000014;;;;envoye;00010000000000000000007b;Une idee pour la prochaine sortie ?;2026-09-14 08:34:00;000500000000000000000506
prive;;000100000000000000000061;;;lu;00010000000000000000003c;Je t'ai envoye une photo.;2026-09-14 08:42:59;000500000000000000000507
prive;;000100000000000000000061;;;lu;00010000000000000000003c;Je n'ai pas bien compris, tu peux repeter ?;2026-09-14 08:43:59;000500000000000000000508
prive;;000100000000000000000056;;;lu;00010000000000000000007a;Je t'ai envoye une photo.;2026-09-14 08:59:25;000500000000000000000509
prive;;00010000000000000000006a;;;lu;000100000000000000000001;Super, merci beaucoup !;2026-09-14 09:23:30;00050000000000000000050a
prive;;00010000000000000000003c;;;lu;000100000000000000000061;On en parle demain ?;2026-09-14 10:03:59;00050000000000000000050b
prive;;000100000000000000000015;;;lu;000100000000000000000093;Je t'ai envoye une photo.;2026-09-14 10:27:42;00050000000000000000050c
prive;;00010000000000000000003c;;;lu;000100000000000000000061;Peux-tu me renvoyer l'adresse ?;2026-09-14 11:16:59;00050000000000000000050d
prive;;000100000000000000000061;;;envoye;00010000000000000000003c;Tu as reussi a te connecter ?;2026-09-14 12:40:59;00050000000000000000050e
groupe;00020000000000000000001e;;;;envoye;000100000000000000000059;Voici le lien dont je parlais hier.;2026-09-14 12:55:00;00050000000000000000050f
groupe;000200000000000000000012;;;;envoye;00010000000000000000006a;On vote pour la date ?;2026-09-14 13:28:00;000500000000000000000510
prive;;000100000000000000000061;;;recu;00010000000000000000003c;Bonne idee, je suis partant.;2026-09-14 13:42:59;000500000000000000000511
groupe;000200000000000000000006;;;;envoye;00010000000000000000005b;Question rapide : a quelle heure on commence ?;2026-09-14 14:19:00;000500000000000000000512
groupe;00020000000000000000001b;;;;envoye;00010000000000000000007e;Rappel : rendez-vous samedi a 10h.;2026-09-14 14:33:00;000500000000000000000513
prive;;00010000000000000000001d;;;lu;000100000000000000000001;Bonne nuit !;2026-09-14 15:32:35;000500000000000000000514
prive;;00010000000000000000002b;;;lu;000100000000000000000003;Dis-moi quand tu es libre.;2026-09-14 17:06:25;000500000000000000000515
groupe;000200000000000000000019;;;;envoye;000100000000000000000003;Bravo a toute l'equipe !;2026-09-14 17:12:00;000500000000000000000516
groupe;00020000000000000000000a;;"00010000000000000000003f;000100000000000000000026";;envoye;00010000000000000000002b;Bonjour a tous, bienvenue dans le groupe.;2026-09-14 17:33:00;000500000000000000000517
groupe;00020000000000000000000d;;;;envoye;000100000000000000000069;N'oubliez pas de confirmer votre presence.;2026-09-14 18:17:00;000500000000000000000518
groupe;00020000000000000000001e;;;;envoye;00010000000000000000003f;Une idee pour la prochaine sortie ?;2026-09-14 18:39:00;000500000000000000000519
prive;;00010000000000000000008b;;;lu;000100000000000000000076;Passe une bonne soiree.;2026-09-14 19:20:26;00050000000000000000051a
groupe;00020000000000000000000e;;;;envoye;000100000000000000000015;Question rapide : a quelle heure on commence ?;2026-09-14 19:24:00;00050000000000000000051b
prive;;00010000000000000000000a;;;lu;000100000000000000000096;Le cours commence a quelle heure ?;2026-09-14 19:25:11;00050000000000000000051c
prive;;00010000000000000000000a;;;lu;000100000000000000000096;Bravo pour ta presentation.;2026-09-14 20:10:11;00050000000000000000051d
prive;;000100000000000000000076;;;lu;00010000000000000000008b;J'arrive dans dix minutes.;2026-09-14 20:35:26;00050000000000000000051e
prive;;00010000000000000000000a;;;lu;000100000000000000000096;On en parle demain ?;2026-09-14 21:23:11;00050000000000000000051f
prive;;000100000000000000000030;;;lu;00010000000000000000005d;Bonne nuit !;2026-09-14 22:01:26;000500000000000000000520
groupe;00020000000000000000001b;;;;envoye;000100000000000000000071;Excellente discussion aujourd'hui.;2026-09-14 22:11:00;000500000000000000000521
groupe;000200000000000000000007;;;;envoye;00010000000000000000001b;N'oubliez pas de confirmer votre presence.;2026-09-14 22:12:00;000500000000000000000522
prive;;00010000000000000000005d;;;lu;000100000000000000000030;Tu peux m'appeler quand tu as une minute ?;2026-09-14 22:33:26;000500000000000000000523
prive;;00010000000000000000000a;;;lu;000100000000000000000096;Tu as des nouvelles de la famille ?;2026-09-14 22:38:11;000500000000000000000524
groupe;00020000000000000000000a;;;;envoye;000100000000000000000014;Qui peut apporter les chaises ?;2026-09-14 22:39:00;000500000000000000000525
prive;;00010000000000000000005d;;;lu;000100000000000000000030;Coucou, tu es dispo ce soir ?;2026-09-14 22:45:26;000500000000000000000526
prive;;000100000000000000000030;;;lu;00010000000000000000005d;C'est confirme pour samedi.;2026-09-14 23:33:26;000500000000000000000527
prive;;000100000000000000000030;;;lu;00010000000000000000005d;Bravo pour ta presentation.;2026-09-14 23:51:26;000500000000000000000528
prive;;000100000000000000000096;;;lu;00010000000000000000000a;Haha, trop drole !;2026-09-15 00:04:11;000500000000000000000529
prive;;00010000000000000000000a;;;lu;000100000000000000000096;Je t'envoie le document dans la journee.;2026-09-15 00:20:11;00050000000000000000052a
groupe;00020000000000000000001a;;"000100000000000000000066;00010000000000000000000e";;envoye;00010000000000000000008c;Bravo a toute l'equipe !;2026-09-15 00:22:00;00050000000000000000052b
groupe;000200000000000000000007;;;;envoye;000100000000000000000007;Excellente discussion aujourd'hui.;2026-09-15 00:54:00;00050000000000000000052c
prive;;00010000000000000000005d;;;lu;000100000000000000000030;Haha, trop drole !;2026-09-15 01:11:26;00050000000000000000052d
groupe;00020000000000000000000a;;;;envoye;00010000000000000000005c;Bonjour a tous, bienvenue dans le groupe.;2026-09-15 03:48:00;00050000000000000000052e
groupe;000200000000000000000005;;00010000000000000000000e;;envoye;000100000000000000000071;Quelqu'un connait un bon prestataire ?;2026-09-15 04:18:00;00050000000000000000052f
groupe;00020000000000000000000a;;000100000000000000000037;;envoye;00010000000000000000003f;N'oubliez pas de confirmer votre presence.;2026-09-15 06:32:00;000500000000000000000530
groupe;000200000000000000000013;;;;envoye;000100000000000000000015;Merci pour le partage, tres utile.;2026-09-15 06:54:00;000500000000000000000531
groupe;00020000000000000000001a;;000100000000000000000010;;envoye;00010000000000000000004e;Je poste le compte rendu ce soir.;2026-09-15 07:42:00;000500000000000000000532
groupe;00020000000000000000001a;;000100000000000000000004;;envoye;00010000000000000000000e;Je propose qu'on s'organise cette semaine.;2026-09-15 08:06:00;000500000000000000000533
groupe;000200000000000000000004;;;;envoye;000100000000000000000007;Je ne pourrai pas venir cette fois.;2026-09-15 08:15:00;000500000000000000000534
prive;;000100000000000000000001;;;lu;000100000000000000000086;Tu as des nouvelles de la famille ?;2026-09-15 10:31:27;000500000000000000000535
prive;;000100000000000000000001;;;lu;000100000000000000000086;Tu as des nouvelles de la famille ?;2026-09-15 11:31:27;000500000000000000000536
groupe;000200000000000000000018;;;;envoye;000100000000000000000013;Merci aux admins pour l'organisation.;2026-09-15 12:51:00;000500000000000000000537
groupe;000200000000000000000008;;;;envoye;00010000000000000000002a;Question rapide : a quelle heure on commence ?;2026-09-15 13:30:00;000500000000000000000538
groupe;000200000000000000000019;;;;envoye;00010000000000000000005b;Bonjour a tous, bienvenue dans le groupe.;2026-09-15 14:07:00;000500000000000000000539
prive;;00010000000000000000007f;;;lu;000100000000000000000073;Tu peux m'appeler quand tu as une minute ?;2026-09-15 14:42:56;00050000000000000000053a
groupe;000200000000000000000017;;;;envoye;000100000000000000000056;Excellente discussion aujourd'hui.;2026-09-15 14:58:00;00050000000000000000053b
groupe;000200000000000000000009;;;;envoye;000100000000000000000094;Merci aux admins pour l'organisation.;2026-09-15 15:30:00;00050000000000000000053c
prive;;00010000000000000000008b;;;lu;000100000000000000000076;Peux-tu me renvoyer l'adresse ?;2026-09-15 15:35:26;00050000000000000000053d
prive;;000100000000000000000073;;;lu;00010000000000000000007f;Tu as des nouvelles de la famille ?;2026-09-15 16:05:56;00050000000000000000053e
groupe;000200000000000000000009;;;;envoye;00010000000000000000000d;Une idee pour la prochaine sortie ?;2026-09-15 17:05:00;00050000000000000000053f
prive;;00010000000000000000007f;;;lu;000100000000000000000073;A tout a l'heure !;2026-09-15 17:12:56;000500000000000000000540
groupe;00020000000000000000000c;;"000100000000000000000077;000100000000000000000053";;envoye;000100000000000000000033;Question rapide : a quelle heure on commence ?;2026-09-15 18:14:00;000500000000000000000541
groupe;000200000000000000000009;;"000100000000000000000032;000100000000000000000055";;envoye;000100000000000000000094;Je suis d'accord avec la proposition.;2026-09-15 20:04:00;000500000000000000000542
groupe;000200000000000000000004;;"000100000000000000000012;000100000000000000000039";;envoye;000100000000000000000048;Merci pour le partage, tres utile.;2026-09-15 20:33:00;000500000000000000000543
prive;;000100000000000000000086;;;lu;000100000000000000000001;Bonne nuit !;2026-09-15 22:31:27;000500000000000000000544
prive;;000100000000000000000086;;;lu;000100000000000000000001;On se retrouve ou ?;2026-09-15 22:49:27;000500000000000000000545
groupe;000200000000000000000019;;;;envoye;000100000000000000000007;N'oubliez pas de confirmer votre presence.;2026-09-16 00:17:00;000500000000000000000546
prive;;000100000000000000000001;;;lu;000100000000000000000086;Super, merci beaucoup !;2026-09-16 00:19:27;000500000000000000000547
prive;;000100000000000000000001;;;lu;00010000000000000000001d;Salut, tu vas bien ?;2026-09-16 00:32:35;000500000000000000000548
prive;;000100000000000000000086;;;lu;000100000000000000000001;Je n'ai pas bien compris, tu peux repeter ?;2026-09-16 00:33:27;000500000000000000000549
groupe;00020000000000000000000c;;;;envoye;00010000000000000000003e;Une idee pour la prochaine sortie ?;2026-09-16 01:05:00;00050000000000000000054a
prive;;000100000000000000000001;;;lu;00010000000000000000001d;Je suis dans le bus, je reponds plus tard.;2026-09-16 01:11:35;00050000000000000000054b
prive;;000100000000000000000001;;;lu;000100000000000000000086;Tu as reussi a te connecter ?;2026-09-16 01:41:27;00050000000000000000054c
prive;;00010000000000000000001d;;;lu;000100000000000000000001;Le cours commence a quelle heure ?;2026-09-16 02:02:35;00050000000000000000054d
groupe;00020000000000000000001e;;000100000000000000000086;;envoye;000100000000000000000089;Merci pour le partage, tres utile.;2026-09-16 02:36:00;00050000000000000000054e
prive;;000100000000000000000001;;;lu;00010000000000000000006a;Tu as vu la publication d'hier ?;2026-09-16 03:23:30;00050000000000000000054f
groupe;000200000000000000000005;;;;envoye;000100000000000000000015;Quelqu'un connait un bon prestataire ?;2026-09-16 03:48:00;000500000000000000000550
prive;;000100000000000000000001;;;lu;00010000000000000000006a;Peux-tu me renvoyer l'adresse ?;2026-09-16 03:58:30;000500000000000000000551
groupe;000200000000000000000013;;"000100000000000000000014;00010000000000000000001f";;envoye;000100000000000000000015;Merci pour le partage, tres utile.;2026-09-16 04:24:00;000500000000000000000552
prive;;000100000000000000000030;;;lu;00010000000000000000005d;Tu as fini ton rapport ?;2026-09-16 06:11:26;000500000000000000000553
groupe;000200000000000000000006;;"000100000000000000000050;000100000000000000000096";;envoye;00010000000000000000000a;Qui peut apporter les chaises ?;2026-09-16 07:33:00;000500000000000000000554
prive;;00010000000000000000004c;;;lu;000100000000000000000082;Le cours commence a quelle heure ?;2026-09-16 08:41:24;000500000000000000000555
groupe;00020000000000000000001a;;;;envoye;000100000000000000000094;Quelqu'un connait un bon prestataire ?;2026-09-16 09:11:00;000500000000000000000556
prive;;000100000000000000000082;;;lu;00010000000000000000004c;Je t'envoie le document dans la journee.;2026-09-16 09:28:24;000500000000000000000557
prive;;000100000000000000000001;;;lu;00010000000000000000001d;Je n'ai pas bien compris, tu peux repeter ?;2026-09-16 10:02:35;000500000000000000000558
prive;;00010000000000000000001d;;;lu;000100000000000000000001;On se voit demain a la fac ?;2026-09-16 11:04:35;000500000000000000000559
prive;;000100000000000000000001;;;lu;00010000000000000000001d;Tu as reussi a te connecter ?;2026-09-16 11:13:35;00050000000000000000055a
prive;;000100000000000000000042;;;lu;000100000000000000000028;On en parle demain ?;2026-09-16 11:21:13;00050000000000000000055b
prive;;00010000000000000000001d;;;lu;000100000000000000000001;Salut, tu vas bien ?;2026-09-16 11:37:35;00050000000000000000055c
prive;;000100000000000000000001;;;lu;00010000000000000000001d;Bonne idee, je suis partant.;2026-09-16 12:34:35;00050000000000000000055d
prive;;000100000000000000000003;;;lu;00010000000000000000002b;Coucou, tu es dispo ce soir ?;2026-09-16 13:06:25;00050000000000000000055e
groupe;00020000000000000000001a;;"000100000000000000000056;000100000000000000000091";;envoye;00010000000000000000007e;Une photo de l'evenement de ce week-end.;2026-09-16 13:26:00;00050000000000000000055f
groupe;000200000000000000000007;;;;envoye;000100000000000000000008;Je suis d'accord avec la proposition.;2026-09-16 13:34:00;000500000000000000000560
prive;;000100000000000000000001;;;lu;00010000000000000000001d;Haha, trop drole !;2026-09-16 13:42:35;000500000000000000000561
prive;;00010000000000000000002b;;;lu;000100000000000000000003;On en parle demain ?;2026-09-16 13:47:25;000500000000000000000562
prive;;000100000000000000000093;;;recu;000100000000000000000015;Tu as des nouvelles de la famille ?;2026-09-16 14:27:42;000500000000000000000563
prive;;000100000000000000000001;;;lu;00010000000000000000001d;Ne t'inquiete pas, tout va bien.;2026-09-16 14:34:35;000500000000000000000564
groupe;000200000000000000000008;;;;envoye;000100000000000000000010;Qui peut apporter les chaises ?;2026-09-16 14:54:00;000500000000000000000565
prive;;00010000000000000000002b;;;lu;000100000000000000000003;Haha, trop drole !;2026-09-16 14:59:25;000500000000000000000566
prive;;00010000000000000000007d;;;lu;000100000000000000000001;Tu peux m'appeler quand tu as une minute ?;2026-09-16 15:44:12;000500000000000000000567
groupe;00020000000000000000000a;;;;envoye;00010000000000000000005c;Une photo de l'evenement de ce week-end.;2026-09-16 16:13:00;000500000000000000000568
prive;;000100000000000000000022;;;lu;00010000000000000000001a;Haha, trop drole !;2026-09-16 16:28:48;000500000000000000000569
prive;;000100000000000000000001;;;lu;00010000000000000000007d;Le cours commence a quelle heure ?;2026-09-16 16:53:12;00050000000000000000056a
prive;;000100000000000000000020;;;lu;000100000000000000000037;Je suis dans le bus, je reponds plus tard.;2026-09-16 17:11:23;00050000000000000000056b
prive;;000100000000000000000028;;;lu;000100000000000000000042;Passe une bonne soiree.;2026-09-16 17:21:13;00050000000000000000056c
groupe;000200000000000000000012;;;;envoye;000100000000000000000080;On vote pour la date ?;2026-09-16 17:49:00;00050000000000000000056d
prive;;000100000000000000000028;;;lu;000100000000000000000042;Merci pour ton aide, vraiment.;2026-09-16 17:52:13;00050000000000000000056e
groupe;00020000000000000000000a;;;;envoye;000100000000000000000027;On vote pour la date ?;2026-09-16 19:08:00;00050000000000000000056f
groupe;00020000000000000000000b;;"000100000000000000000092;00010000000000000000000f";;envoye;000100000000000000000077;Quelqu'un a l'information pour la reunion ?;2026-09-16 19:38:00;000500000000000000000570
groupe;00020000000000000000001a;;;;envoye;000100000000000000000026;Je poste le compte rendu ce soir.;2026-09-16 20:58:00;000500000000000000000571
groupe;000200000000000000000002;;;;envoye;00010000000000000000001e;Je propose qu'on s'organise cette semaine.;2026-09-16 21:23:00;000500000000000000000572
groupe;00020000000000000000000c;;;;envoye;00010000000000000000005a;Excellente discussion aujourd'hui.;2026-09-16 21:37:00;000500000000000000000573
groupe;000200000000000000000018;;;;envoye;00010000000000000000005c;Excellente discussion aujourd'hui.;2026-09-16 21:43:00;000500000000000000000574
groupe;00020000000000000000000f;;;;envoye;000100000000000000000058;Merci pour le partage, tres utile.;2026-09-16 22:05:00;000500000000000000000575
prive;;000100000000000000000093;;;lu;000100000000000000000001;Tu as vu la publication d'hier ?;2026-09-16 22:15:35;000500000000000000000576
groupe;00020000000000000000001a;;;;envoye;00010000000000000000001f;Une idee pour la prochaine sortie ?;2026-09-16 22:57:00;000500000000000000000577
groupe;000200000000000000000012;;000100000000000000000024;;envoye;000100000000000000000094;Quelqu'un connait un bon prestataire ?;2026-09-16 23:54:00;000500000000000000000578
groupe;000200000000000000000017;;;;envoye;000100000000000000000056;Une photo de l'evenement de ce week-end.;2026-09-16 23:56:00;000500000000000000000579
groupe;000200000000000000000007;;000100000000000000000073;;envoye;000100000000000000000050;On vote pour la date ?;2026-09-17 01:40:00;00050000000000000000057a
groupe;000200000000000000000013;;;;envoye;000100000000000000000088;Bonne journee a tous !;2026-09-17 03:15:00;00050000000000000000057b
groupe;000200000000000000000019;;;;envoye;00010000000000000000005c;Quelqu'un connait un bon prestataire ?;2026-09-17 03:16:00;00050000000000000000057c
prive;;000100000000000000000058;;;lu;000100000000000000000068;Peux-tu me renvoyer l'adresse ?;2026-09-17 03:23:02;00050000000000000000057d
prive;;000100000000000000000068;;;lu;000100000000000000000058;Je t'envoie le document dans la journee.;2026-09-17 03:51:02;00050000000000000000057e
prive;;00010000000000000000007d;;;lu;000100000000000000000001;Salut, tu vas bien ?;2026-09-17 03:53:12;00050000000000000000057f
prive;;00010000000000000000007d;;;lu;000100000000000000000001;Coucou, tu es dispo ce soir ?;2026-09-17 04:00:12;000500000000000000000580
prive;;000100000000000000000058;;;lu;000100000000000000000068;Tu peux m'appeler quand tu as une minute ?;2026-09-17 04:34:02;000500000000000000000581
prive;;00010000000000000000007d;;;lu;000100000000000000000001;Je n'ai pas bien compris, tu peux repeter ?;2026-09-17 05:26:12;000500000000000000000582
groupe;00020000000000000000000a;;;;envoye;00010000000000000000003f;Question rapide : a quelle heure on commence ?;2026-09-17 05:51:00;000500000000000000000583
prive;;000100000000000000000068;;;lu;000100000000000000000058;J'arrive dans dix minutes.;2026-09-17 05:56:02;000500000000000000000584
prive;;000100000000000000000096;;;lu;00010000000000000000000a;On se retrouve ou ?;2026-09-17 06:20:11;000500000000000000000585
groupe;00020000000000000000001d;;;;envoye;000100000000000000000063;Merci pour le partage, tres utile.;2026-09-17 06:55:00;000500000000000000000586
groupe;00020000000000000000001a;;"000100000000000000000056;000100000000000000000057";;envoye;000100000000000000000084;Je suis d'accord avec la proposition.;2026-09-17 08:42:00;000500000000000000000587
groupe;00020000000000000000000f;;;;envoye;00010000000000000000000e;Bravo a toute l'equipe !;2026-09-17 08:47:00;000500000000000000000588
prive;;000100000000000000000037;;;lu;000100000000000000000020;Je t'envoie le document dans la journee.;2026-09-17 09:11:23;000500000000000000000589
prive;;000100000000000000000037;;;lu;000100000000000000000020;Je t'envoie le document dans la journee.;2026-09-17 09:22:23;00050000000000000000058a
groupe;000200000000000000000007;;;;envoye;000100000000000000000079;Excellente discussion aujourd'hui.;2026-09-17 09:28:00;00050000000000000000058b
groupe;000200000000000000000011;;;;envoye;00010000000000000000003c;On vote pour la date ?;2026-09-17 10:05:00;00050000000000000000058c
groupe;00020000000000000000001a;;;;envoye;00010000000000000000007f;Rappel : rendez-vous samedi a 10h.;2026-09-17 10:33:00;00050000000000000000058d
groupe;000200000000000000000019;;;;envoye;00010000000000000000005c;On vote pour la date ?;2026-09-17 11:46:00;00050000000000000000058e
groupe;00020000000000000000000e;;;;envoye;00010000000000000000005c;Bonjour a tous, bienvenue dans le groupe.;2026-09-17 12:11:00;00050000000000000000058f
prive;;000100000000000000000022;;;lu;00010000000000000000001a;Je suis dans le bus, je reponds plus tard.;2026-09-17 15:28:48;000500000000000000000590
groupe;00020000000000000000001b;;;;envoye;000100000000000000000061;Je suis d'accord avec la proposition.;2026-09-17 15:33:00;000500000000000000000591
prive;;000100000000000000000003;;;lu;00010000000000000000002b;Je t'ai envoye une photo.;2026-09-17 15:59:25;000500000000000000000592
groupe;00020000000000000000001a;;000100000000000000000057;;envoye;000100000000000000000017;Merci aux admins pour l'organisation.;2026-09-17 16:02:00;000500000000000000000593
groupe;000200000000000000000004;;;;envoye;000100000000000000000087;Quelqu'un a l'information pour la reunion ?;2026-09-17 16:17:00;000500000000000000000594
prive;;000100000000000000000022;;;lu;00010000000000000000001a;Tu as vu la publication d'hier ?;2026-09-17 16:22:48;000500000000000000000595
prive;;00010000000000000000002b;;;lu;000100000000000000000003;Passe une bonne soiree.;2026-09-17 16:46:25;000500000000000000000596
prive;;000100000000000000000022;;;lu;00010000000000000000001a;On se voit demain a la fac ?;2026-09-17 16:48:48;000500000000000000000597
prive;;00010000000000000000002b;;;lu;000100000000000000000003;Salut, tu vas bien ?;2026-09-17 17:10:25;000500000000000000000598
prive;;000100000000000000000003;;;recu;00010000000000000000002b;C'est confirme pour samedi.;2026-09-17 17:42:25;000500000000000000000599
prive;;00010000000000000000001a;;;lu;000100000000000000000022;Je t'envoie le document dans la journee.;2026-09-17 17:55:48;00050000000000000000059a
prive;;000100000000000000000022;;;lu;000100000000000000000046;Merci pour ton aide, vraiment.;2026-09-17 18:59:39;00050000000000000000059b
prive;;00010000000000000000001d;;;lu;00010000000000000000006e;Je suis dans le bus, je reponds plus tard.;2026-09-17 19:08:55;00050000000000000000059c
prive;;00010000000000000000006e;;;lu;00010000000000000000001d;Tu as des nouvelles de la famille ?;2026-09-17 19:27:55;00050000000000000000059d
groupe;000200000000000000000012;;;;envoye;00010000000000000000004c;Je suis d'accord avec la proposition.;2026-09-17 19:42:00;00050000000000000000059e
groupe;000200000000000000000018;;;;envoye;000100000000000000000049;Qui peut apporter les chaises ?;2026-09-17 19:42:00;00050000000000000000059f
prive;;00010000000000000000001d;;;lu;00010000000000000000006e;Coucou, tu es dispo ce soir ?;2026-09-17 20:46:55;0005000000000000000005a0
prive;;00010000000000000000006e;;;lu;00010000000000000000001d;Salut, tu vas bien ?;2026-09-17 21:26:55;0005000000000000000005a1
prive;;00010000000000000000001d;;;lu;00010000000000000000006e;Passe une bonne soiree.;2026-09-17 21:33:55;0005000000000000000005a2
prive;;00010000000000000000006e;;;lu;00010000000000000000001d;Coucou, tu es dispo ce soir ?;2026-09-17 21:36:55;0005000000000000000005a3
groupe;000200000000000000000015;;000100000000000000000045;;envoye;000100000000000000000084;Une photo de l'evenement de ce week-end.;2026-09-17 22:29:00;0005000000000000000005a4
groupe;000200000000000000000018;;;;envoye;00010000000000000000008e;Question rapide : a quelle heure on commence ?;2026-09-17 22:34:00;0005000000000000000005a5
groupe;000200000000000000000007;;"000100000000000000000014;000100000000000000000088";;envoye;00010000000000000000005c;Qui peut apporter les chaises ?;2026-09-18 01:38:00;0005000000000000000005a6
prive;;000100000000000000000005;;;lu;000100000000000000000021;Ok, c'est note.;2026-09-18 02:08:39;0005000000000000000005a7
prive;;000100000000000000000020;;;lu;000100000000000000000037;Bonne idee, je suis partant.;2026-09-18 02:22:23;0005000000000000000005a8
groupe;00020000000000000000000f;;;;envoye;000100000000000000000024;Une photo de l'evenement de ce week-end.;2026-09-18 02:49:00;0005000000000000000005a9
groupe;000200000000000000000003;;;;envoye;000100000000000000000026;Question rapide : a quelle heure on commence ?;2026-09-18 02:53:00;0005000000000000000005aa
prive;;000100000000000000000020;;;lu;000100000000000000000037;Passe une bonne soiree.;2026-09-18 03:15:23;0005000000000000000005ab
groupe;00020000000000000000001a;;;;envoye;000100000000000000000059;Une idee pour la prochaine sortie ?;2026-09-18 03:25:00;0005000000000000000005ac
prive;;000100000000000000000021;;;lu;000100000000000000000005;C'est confirme pour samedi.;2026-09-18 03:26:39;0005000000000000000005ad
prive;;000100000000000000000022;;;lu;00010000000000000000001a;Tu as des nouvelles de la famille ?;2026-09-18 03:55:48;0005000000000000000005ae
groupe;000200000000000000000019;;;;envoye;000100000000000000000027;Rappel : rendez-vous samedi a 10h.;2026-09-18 04:09:00;0005000000000000000005af
groupe;00020000000000000000001b;;000100000000000000000093;;envoye;000100000000000000000082;Voici le lien dont je parlais hier.;2026-09-18 04:24:00;0005000000000000000005b0
prive;;000100000000000000000005;;;lu;000100000000000000000021;Tu as fini ton rapport ?;2026-09-18 04:39:39;0005000000000000000005b1
prive;;00010000000000000000001a;;;lu;000100000000000000000022;Je suis dans le bus, je reponds plus tard.;2026-09-18 04:49:48;0005000000000000000005b2
groupe;00020000000000000000001d;;;;envoye;00010000000000000000007b;Question rapide : a quelle heure on commence ?;2026-09-18 04:56:00;0005000000000000000005b3
prive;;000100000000000000000022;;;lu;000100000000000000000046;On se voit demain a la fac ?;2026-09-18 04:59:39;0005000000000000000005b4
prive;;000100000000000000000022;;;lu;00010000000000000000001a;Peux-tu me renvoyer l'adresse ?;2026-09-18 05:27:48;0005000000000000000005b5
prive;;000100000000000000000005;;;lu;000100000000000000000021;Ne t'inquiete pas, tout va bien.;2026-09-18 05:55:39;0005000000000000000005b6
prive;;000100000000000000000022;;;lu;000100000000000000000046;On se retrouve ou ?;2026-09-18 06:13:39;0005000000000000000005b7
prive;;000100000000000000000021;;;lu;000100000000000000000005;Le cours commence a quelle heure ?;2026-09-18 06:19:39;0005000000000000000005b8
prive;;000100000000000000000046;;;lu;000100000000000000000022;Super, merci beaucoup !;2026-09-18 06:38:39;0005000000000000000005b9
prive;;000100000000000000000042;;;lu;000100000000000000000028;Peux-tu me renvoyer l'adresse ?;2026-09-18 07:52:13;0005000000000000000005ba
prive;;000100000000000000000028;;;lu;000100000000000000000042;Dis-moi quand tu es libre.;2026-09-18 08:44:13;0005000000000000000005bb
prive;;00010000000000000000003a;;;lu;00010000000000000000004e;Merci pour ton aide, vraiment.;2026-09-18 09:03:15;0005000000000000000005bc
prive;;00010000000000000000003a;;;lu;00010000000000000000004e;On en parle demain ?;2026-09-18 09:49:15;0005000000000000000005bd
groupe;000200000000000000000019;;;;envoye;00010000000000000000008e;Qui peut apporter les chaises ?;2026-09-18 10:06:00;0005000000000000000005be
prive;;000100000000000000000020;;;lu;000100000000000000000037;Super, merci beaucoup !;2026-09-18 10:15:23;0005000000000000000005bf
prive;;00010000000000000000004e;;;lu;00010000000000000000003a;Salut, tu vas bien ?;2026-09-18 10:24:15;0005000000000000000005c0
prive;;00010000000000000000004e;;;lu;00010000000000000000003a;Le cours commence a quelle heure ?;2026-09-18 10:34:15;0005000000000000000005c1
groupe;000200000000000000000012;;"000100000000000000000043;000100000000000000000010";;envoye;000100000000000000000050;Bonne journee a tous !;2026-09-18 10:40:00;0005000000000000000005c2
prive;;000100000000000000000001;;;lu;000100000000000000000086;Je n'ai pas bien compris, tu peux repeter ?;2026-09-18 10:41:27;0005000000000000000005c3
groupe;000200000000000000000009;;;;envoye;00010000000000000000002b;Voici le lien dont je parlais hier.;2026-09-18 10:46:00;0005000000000000000005c4
groupe;00020000000000000000001b;;;;envoye;000100000000000000000086;Quelqu'un a l'information pour la reunion ?;2026-09-18 10:48:00;0005000000000000000005c5
groupe;00020000000000000000001b;;;;envoye;000100000000000000000096;Qui peut apporter les chaises ?;2026-09-18 11:12:00;0005000000000000000005c6
prive;;000100000000000000000001;;;lu;000100000000000000000086;A tout a l'heure !;2026-09-18 11:40:27;0005000000000000000005c7
prive;;00010000000000000000003a;;;lu;00010000000000000000004e;On se retrouve ou ?;2026-09-18 11:44:15;0005000000000000000005c8
groupe;00020000000000000000000c;;;;envoye;000100000000000000000020;Qui peut apporter les chaises ?;2026-09-18 12:03:00;0005000000000000000005c9
groupe;00020000000000000000001b;;;;envoye;00010000000000000000005d;Qui peut apporter les chaises ?;2026-09-18 12:07:00;0005000000000000000005ca
prive;;00010000000000000000002b;;;lu;00010000000000000000000f;Bonne nuit !;2026-09-18 12:19:52;0005000000000000000005cb
prive;;00010000000000000000002b;;;lu;00010000000000000000000f;Haha, trop drole !;2026-09-18 12:25:52;0005000000000000000005cc
prive;;00010000000000000000004e;;;lu;00010000000000000000003a;Tu as fini ton rapport ?;2026-09-18 12:36:15;0005000000000000000005cd
prive;;00010000000000000000000f;;;lu;00010000000000000000002b;Tu as vu la publication d'hier ?;2026-09-18 13:20:52;0005000000000000000005ce
prive;;00010000000000000000001a;;;lu;000100000000000000000022;Tu as reussi a te connecter ?;2026-09-18 13:27:48;0005000000000000000005cf
prive;;00010000000000000000004c;;;lu;000100000000000000000082;Ne t'inquiete pas, tout va bien.;2026-09-18 13:28:24;0005000000000000000005d0
prive;;00010000000000000000002b;;;recu;00010000000000000000000f;Je t'envoie le document dans la journee.;2026-09-18 13:39:52;0005000000000000000005d1
prive;;00010000000000000000003a;;;lu;00010000000000000000004e;On se retrouve ou ?;2026-09-18 13:50:15;0005000000000000000005d2
prive;;000100000000000000000082;;;lu;00010000000000000000004c;J'arrive dans dix minutes.;2026-09-18 13:56:24;0005000000000000000005d3
prive;;00010000000000000000004e;;;lu;00010000000000000000003a;Je n'ai pas bien compris, tu peux repeter ?;2026-09-18 14:39:15;0005000000000000000005d4
prive;;00010000000000000000002b;;;envoye;00010000000000000000000f;Coucou, tu es dispo ce soir ?;2026-09-18 14:57:52;0005000000000000000005d5
prive;;000100000000000000000082;;;lu;00010000000000000000004c;Haha, trop drole !;2026-09-18 15:25:24;0005000000000000000005d6
prive;;00010000000000000000003a;;;lu;00010000000000000000004e;J'arrive dans dix minutes.;2026-09-18 15:56:15;0005000000000000000005d7
prive;;000100000000000000000082;;;lu;00010000000000000000004c;Tu as des nouvelles de la famille ?;2026-09-18 16:31:24;0005000000000000000005d8
prive;;00010000000000000000004c;;;lu;000100000000000000000082;Le cours commence a quelle heure ?;2026-09-18 16:40:24;0005000000000000000005d9
groupe;000200000000000000000015;;;;envoye;000100000000000000000055;Je poste le compte rendu ce soir.;2026-09-18 17:56:00;0005000000000000000005da
prive;;000100000000000000000001;;;lu;000100000000000000000093;A tout a l'heure !;2026-09-18 18:15:35;0005000000000000000005db
prive;;00010000000000000000001d;;;lu;000100000000000000000001;On se retrouve ou ?;2026-09-18 19:34:35;0005000000000000000005dc
prive;;000100000000000000000001;;;lu;000100000000000000000093;Ne t'inquiete pas, tout va bien.;2026-09-18 19:42:35;0005000000000000000005dd
prive;;000100000000000000000093;;;lu;000100000000000000000001;Peux-tu me renvoyer l'adresse ?;2026-09-18 19:51:35;0005000000000000000005de
prive;;000100000000000000000001;;;lu;000100000000000000000093;Haha, trop drole !;2026-09-18 20:17:35;0005000000000000000005df
prive;;000100000000000000000001;;;lu;00010000000000000000001d;Tu as fini ton rapport ?;2026-09-18 20:46:35;0005000000000000000005e0
prive;;000100000000000000000001;;;lu;000100000000000000000093;On se voit demain a la fac ?;2026-09-18 21:20:35;0005000000000000000005e1
prive;;00010000000000000000001d;;;lu;000100000000000000000001;Salut, tu vas bien ?;2026-09-18 21:55:35;0005000000000000000005e2
prive;;000100000000000000000001;;;lu;00010000000000000000001d;J'arrive dans dix minutes.;2026-09-18 21:57:35;0005000000000000000005e3
groupe;000200000000000000000002;;;;envoye;000100000000000000000045;Question rapide : a quelle heure on commence ?;2026-09-18 22:56:00;0005000000000000000005e4
groupe;00020000000000000000001a;;;;envoye;00010000000000000000002a;Merci aux admins pour l'organisation.;2026-09-18 22:57:00;0005000000000000000005e5
prive;;000100000000000000000096;;;lu;00010000000000000000000a;Ok, c'est note.;2026-09-19 00:20:11;0005000000000000000005e6
groupe;000200000000000000000013;;"000100000000000000000049;00010000000000000000001f";;envoye;000100000000000000000027;N'oubliez pas de confirmer votre presence.;2026-09-19 00:22:00;0005000000000000000005e7
prive;;000100000000000000000058;;;lu;000100000000000000000068;C'est confirme pour samedi.;2026-09-19 00:56:02;0005000000000000000005e8
prive;;00010000000000000000007f;;;lu;000100000000000000000020;Haha, trop drole !;2026-09-19 00:57:05;0005000000000000000005e9
prive;;000100000000000000000020;;;lu;00010000000000000000007f;On se voit demain a la fac ?;2026-09-19 01:14:05;0005000000000000000005ea
prive;;000100000000000000000096;;;lu;00010000000000000000000a;Haha, trop drole !;2026-09-19 01:32:11;0005000000000000000005eb
prive;;000100000000000000000068;;;lu;000100000000000000000058;Peux-tu me renvoyer l'adresse ?;2026-09-19 01:34:02;0005000000000000000005ec
prive;;00010000000000000000007f;;;lu;000100000000000000000020;Tu as vu la publication d'hier ?;2026-09-19 02:11:05;0005000000000000000005ed
prive;;000100000000000000000096;;;lu;00010000000000000000000a;Merci pour ton aide, vraiment.;2026-09-19 02:44:11;0005000000000000000005ee
prive;;000100000000000000000020;;;lu;00010000000000000000007f;Peux-tu me renvoyer l'adresse ?;2026-09-19 02:58:05;0005000000000000000005ef
prive;;00010000000000000000000a;;;lu;000100000000000000000096;J'arrive dans dix minutes.;2026-09-19 03:02:11;0005000000000000000005f0
prive;;00010000000000000000000a;;;envoye;000100000000000000000096;A tout a l'heure !;2026-09-19 03:03:11;0005000000000000000005f1
prive;;00010000000000000000007f;;;lu;000100000000000000000020;C'est confirme pour samedi.;2026-09-19 03:18:05;0005000000000000000005f2
prive;;000100000000000000000021;;;lu;000100000000000000000005;On se voit demain a la fac ?;2026-09-19 03:19:39;0005000000000000000005f3
prive;;00010000000000000000007f;;;lu;000100000000000000000020;Tu peux m'appeler quand tu as une minute ?;2026-09-19 03:33:05;0005000000000000000005f4
prive;;000100000000000000000005;;;lu;000100000000000000000001;Bonne idee, je suis partant.;2026-09-19 04:09:32;0005000000000000000005f5
prive;;000100000000000000000020;;;lu;00010000000000000000007f;Je suis dans le bus, je reponds plus tard.;2026-09-19 04:14:05;0005000000000000000005f6
prive;;000100000000000000000005;;;lu;000100000000000000000021;Ne t'inquiete pas, tout va bien.;2026-09-19 04:48:39;0005000000000000000005f7
groupe;00020000000000000000001b;;000100000000000000000010;;envoye;000100000000000000000027;Rappel : rendez-vous samedi a 10h.;2026-09-19 04:49:00;0005000000000000000005f8
groupe;000200000000000000000007;;;;envoye;00010000000000000000000d;Je propose qu'on s'organise cette semaine.;2026-09-19 04:58:00;0005000000000000000005f9
prive;;000100000000000000000001;;;lu;000100000000000000000005;Salut, tu vas bien ?;2026-09-19 05:36:32;0005000000000000000005fa
prive;;000100000000000000000005;;;lu;000100000000000000000001;Bravo pour ta presentation.;2026-09-19 05:38:32;0005000000000000000005fb
groupe;000200000000000000000005;;;;envoye;000100000000000000000049;Bonne journee a tous !;2026-09-19 05:53:00;0005000000000000000005fc
groupe;000200000000000000000010;;;;envoye;00010000000000000000007b;Bravo a toute l'equipe !;2026-09-19 05:59:00;0005000000000000000005fd
groupe;00020000000000000000000b;;;;envoye;000100000000000000000008;Merci pour le partage, tres utile.;2026-09-19 06:00:00;0005000000000000000005fe
prive;;000100000000000000000021;;;lu;000100000000000000000005;A tout a l'heure !;2026-09-19 06:12:39;0005000000000000000005ff
groupe;00020000000000000000000e;;;;envoye;000100000000000000000031;Une idee pour la prochaine sortie ?;2026-09-19 06:27:00;000500000000000000000600
groupe;000200000000000000000004;;;;envoye;000100000000000000000015;Une photo de l'evenement de ce week-end.;2026-09-19 06:48:00;000500000000000000000601
groupe;00020000000000000000000e;;;;envoye;000100000000000000000052;Une idee pour la prochaine sortie ?;2026-09-19 07:58:00;000500000000000000000602
prive;;000100000000000000000001;;;lu;00010000000000000000007d;On se voit demain a la fac ?;2026-09-19 09:26:12;000500000000000000000603
prive;;00010000000000000000001d;;;recu;000100000000000000000001;A tout a l'heure !;2026-09-19 09:57:35;000500000000000000000604
prive;;00010000000000000000007d;;;lu;000100000000000000000001;On en parle demain ?;2026-09-19 10:11:12;000500000000000000000605
prive;;000100000000000000000001;;;lu;00010000000000000000007d;Bonne nuit !;2026-09-19 10:19:12;000500000000000000000606
prive;;000100000000000000000054;;;lu;00010000000000000000000b;C'est confirme pour samedi.;2026-09-19 10:22:11;000500000000000000000607
prive;;00010000000000000000007d;;;envoye;000100000000000000000001;Bravo pour ta presentation.;2026-09-19 10:22:12;000500000000000000000608
prive;;000100000000000000000054;;;envoye;00010000000000000000000b;On se voit demain a la fac ?;2026-09-19 10:46:11;000500000000000000000609
prive;;000100000000000000000083;;;lu;000100000000000000000040;Je t'envoie le document dans la journee.;2026-09-19 10:56:56;00050000000000000000060a
prive;;000100000000000000000040;;;envoye;000100000000000000000083;Merci pour ton aide, vraiment.;2026-09-19 11:08:56;00050000000000000000060b
groupe;000200000000000000000019;;;;envoye;000100000000000000000055;Qui peut apporter les chaises ?;2026-09-19 11:25:00;00050000000000000000060c
groupe;00020000000000000000000e;;;;envoye;000100000000000000000013;Bravo a toute l'equipe !;2026-09-19 11:54:00;00050000000000000000060d
groupe;000200000000000000000007;;;;envoye;000100000000000000000076;Merci aux admins pour l'organisation.;2026-09-19 12:25:00;00050000000000000000060e
groupe;00020000000000000000001b;;;;envoye;000100000000000000000024;Une idee pour la prochaine sortie ?;2026-09-19 12:46:00;00050000000000000000060f
groupe;000200000000000000000012;;;;envoye;000100000000000000000063;Rappel : rendez-vous samedi a 10h.;2026-09-19 13:31:00;000500000000000000000610
groupe;00020000000000000000001b;;;;envoye;000100000000000000000051;N'oubliez pas de confirmer votre presence.;2026-09-19 13:41:00;000500000000000000000611
prive;;00010000000000000000002a;;;lu;000100000000000000000014;Je t'ai envoye une photo.;2026-09-19 15:16:37;000500000000000000000612
prive;;000100000000000000000014;;;lu;00010000000000000000002a;Tu as reussi a te connecter ?;2026-09-19 15:30:37;000500000000000000000613
groupe;00020000000000000000000f;;;;envoye;000100000000000000000048;N'oubliez pas de confirmer votre presence.;2026-09-19 16:31:00;000500000000000000000614
prive;;00010000000000000000001d;;;lu;00010000000000000000006e;Tu as reussi a te connecter ?;2026-09-19 16:36:55;000500000000000000000615
prive;;00010000000000000000001d;;;lu;00010000000000000000006e;Salut, tu vas bien ?;2026-09-19 18:00:55;000500000000000000000616
prive;;000100000000000000000005;;;lu;000100000000000000000021;Bonne idee, je suis partant.;2026-09-19 18:12:39;000500000000000000000617
prive;;000100000000000000000021;;;lu;000100000000000000000005;On se retrouve ou ?;2026-09-19 18:14:39;000500000000000000000618
groupe;00020000000000000000001c;;;;envoye;000100000000000000000094;Je suis d'accord avec la proposition.;2026-09-19 18:40:00;000500000000000000000619
prive;;000100000000000000000021;;;lu;000100000000000000000005;Je t'ai envoye une photo.;2026-09-19 19:36:39;00050000000000000000061a
prive;;000100000000000000000005;;;lu;000100000000000000000021;Ok, c'est note.;2026-09-19 20:28:39;00050000000000000000061b
prive;;000100000000000000000005;;;lu;000100000000000000000021;Tu as des nouvelles de la famille ?;2026-09-19 21:29:39;00050000000000000000061c
groupe;00020000000000000000000a;;;;envoye;000100000000000000000011;Bravo a toute l'equipe !;2026-09-20 00:08:00;00050000000000000000061d
groupe;000200000000000000000009;;;;envoye;000100000000000000000007;On vote pour la date ?;2026-09-20 00:18:00;00050000000000000000061e
prive;;000100000000000000000082;;;lu;00010000000000000000004c;Salut, tu vas bien ?;2026-09-20 00:40:24;00050000000000000000061f
groupe;000200000000000000000004;;"000100000000000000000086;000100000000000000000021";;envoye;00010000000000000000000f;Merci aux admins pour l'organisation.;2026-09-20 01:02:00;000500000000000000000620
prive;;000100000000000000000024;;;lu;00010000000000000000002b;Bravo pour ta presentation.;2026-09-20 02:24:49;000500000000000000000621
prive;;000100000000000000000022;;;lu;000100000000000000000046;Ne t'inquiete pas, tout va bien.;2026-09-20 02:38:39;000500000000000000000622
prive;;000100000000000000000012;;;lu;000100000000000000000077;Peux-tu me renvoyer l'adresse ?;2026-09-20 02:44:34;000500000000000000000623
prive;;00010000000000000000002b;;;lu;000100000000000000000024;Ne t'inquiete pas, tout va bien.;2026-09-20 03:16:49;000500000000000000000624
prive;;000100000000000000000077;;;lu;000100000000000000000012;Salut, tu vas bien ?;2026-09-20 03:21:34;000500000000000000000625
groupe;000200000000000000000019;;;;envoye;000100000000000000000018;Rappel : rendez-vous samedi a 10h.;2026-09-20 03:28:00;000500000000000000000626
prive;;000100000000000000000019;;;envoye;000100000000000000000064;Je n'ai pas bien compris, tu peux repeter ?;2026-09-20 03:52:23;000500000000000000000627
prive;;000100000000000000000024;;;lu;00010000000000000000002b;On se voit demain a la fac ?;2026-09-20 04:12:49;000500000000000000000628
prive;;000100000000000000000019;;;recu;000100000000000000000064;Bonne nuit !;2026-09-20 04:16:23;000500000000000000000629
prive;;000100000000000000000012;;;lu;000100000000000000000077;Coucou, tu es dispo ce soir ?;2026-09-20 04:44:34;00050000000000000000062a
prive;;000100000000000000000077;;;lu;000100000000000000000012;Tu as des nouvelles de la famille ?;2026-09-20 06:11:34;00050000000000000000062b
prive;;000100000000000000000042;;;lu;000100000000000000000028;On se retrouve ou ?;2026-09-20 06:44:13;00050000000000000000062c
prive;;000100000000000000000042;;;lu;000100000000000000000028;C'est confirme pour samedi.;2026-09-20 06:45:13;00050000000000000000062d
prive;;000100000000000000000028;;;lu;000100000000000000000042;Haha, trop drole !;2026-09-20 07:03:13;00050000000000000000062e
prive;;000100000000000000000042;;;lu;000100000000000000000028;C'est confirme pour samedi.;2026-09-20 08:29:13;00050000000000000000062f
groupe;000200000000000000000004;;;;envoye;000100000000000000000033;Quelqu'un a l'information pour la reunion ?;2026-09-20 09:01:00;000500000000000000000630
groupe;000200000000000000000009;;000100000000000000000055;;envoye;000100000000000000000065;Excellente discussion aujourd'hui.;2026-09-20 09:24:00;000500000000000000000631
prive;;000100000000000000000028;;;lu;000100000000000000000042;Tu as fini ton rapport ?;2026-09-20 09:27:13;000500000000000000000632
prive;;000100000000000000000028;;;lu;000100000000000000000042;Haha, trop drole !;2026-09-20 10:08:13;000500000000000000000633
prive;;000100000000000000000012;;;lu;000100000000000000000077;Je t'envoie le document dans la journee.;2026-09-20 10:11:34;000500000000000000000634
groupe;000200000000000000000008;;;;envoye;000100000000000000000023;Quelqu'un connait un bon prestataire ?;2026-09-20 10:21:00;000500000000000000000635
prive;;000100000000000000000042;;;recu;000100000000000000000028;Je n'ai pas bien compris, tu peux repeter ?;2026-09-20 10:54:13;000500000000000000000636
prive;;000100000000000000000042;;;envoye;000100000000000000000028;Je suis dans le bus, je reponds plus tard.;2026-09-20 11:29:13;000500000000000000000637
prive;;000100000000000000000001;;;lu;000100000000000000000082;Ok, c'est note.;2026-09-20 11:56:44;000500000000000000000638
prive;;000100000000000000000091;;;recu;000100000000000000000061;Je t'ai envoye une photo.;2026-09-20 11:59:21;000500000000000000000639
prive;;000100000000000000000001;;;lu;000100000000000000000082;Le cours commence a quelle heure ?;2026-09-20 13:15:44;00050000000000000000063a
prive;;000100000000000000000082;;;lu;000100000000000000000001;Tu as vu la publication d'hier ?;2026-09-20 14:15:44;00050000000000000000063b
prive;;000100000000000000000082;;;lu;000100000000000000000001;Merci pour ton aide, vraiment.;2026-09-20 14:26:44;00050000000000000000063c
prive;;000100000000000000000001;;;lu;000100000000000000000082;Je suis en retard, desole.;2026-09-20 14:40:44;00050000000000000000063d
groupe;000200000000000000000005;;;;envoye;00010000000000000000001a;Une photo de l'evenement de ce week-end.;2026-09-20 15:18:00;00050000000000000000063e
groupe;000200000000000000000009;;;;envoye;000100000000000000000022;Merci aux admins pour l'organisation.;2026-09-20 15:19:00;00050000000000000000063f
prive;;000100000000000000000093;;;lu;000100000000000000000001;Tu as vu la publication d'hier ?;2026-09-20 15:20:35;000500000000000000000640
prive;;000100000000000000000082;;;lu;000100000000000000000001;Salut, tu vas bien ?;2026-09-20 15:29:44;000500000000000000000641
prive;;00010000000000000000002f;;;lu;000100000000000000000001;Haha, trop drole !;2026-09-20 15:48:23;000500000000000000000642
prive;;00010000000000000000002b;;;lu;000100000000000000000024;Peux-tu me renvoyer l'adresse ?;2026-09-20 16:12:49;000500000000000000000643
prive;;000100000000000000000001;;;lu;000100000000000000000082;Bonne idee, je suis partant.;2026-09-20 16:28:44;000500000000000000000644
prive;;00010000000000000000002b;;;lu;000100000000000000000024;A tout a l'heure !;2026-09-20 16:34:49;000500000000000000000645
prive;;000100000000000000000093;;;lu;000100000000000000000001;Tu as fini ton rapport ?;2026-09-20 16:44:35;000500000000000000000646
prive;;000100000000000000000082;;;lu;000100000000000000000001;Tu as fini ton rapport ?;2026-09-20 16:53:44;000500000000000000000647
prive;;000100000000000000000001;;;lu;00010000000000000000002f;Je t'ai envoye une photo.;2026-09-20 17:00:23;000500000000000000000648
prive;;00010000000000000000002f;;;lu;000100000000000000000001;Tu as vu la publication d'hier ?;2026-09-20 17:27:23;000500000000000000000649
prive;;000100000000000000000001;;;lu;000100000000000000000082;Je t'ai envoye une photo.;2026-09-20 17:27:44;00050000000000000000064a
prive;;000100000000000000000001;;;lu;000100000000000000000082;Ne t'inquiete pas, tout va bien.;2026-09-20 17:28:44;00050000000000000000064b
prive;;000100000000000000000093;;;lu;000100000000000000000001;On se voit demain a la fac ?;2026-09-20 17:35:35;00050000000000000000064c
groupe;00020000000000000000000a;;;;envoye;000100000000000000000078;Je poste le compte rendu ce soir.;2026-09-20 17:37:00;00050000000000000000064d
prive;;000100000000000000000001;;;lu;00010000000000000000002f;Je n'ai pas bien compris, tu peux repeter ?;2026-09-20 18:24:23;00050000000000000000064e
groupe;000200000000000000000016;;;;envoye;000100000000000000000015;Merci pour le partage, tres utile.;2026-09-20 18:40:00;00050000000000000000064f
prive;;000100000000000000000001;;;envoye;000100000000000000000093;Je n'ai pas bien compris, tu peux repeter ?;2026-09-20 18:56:35;000500000000000000000650
prive;;000100000000000000000001;;;recu;000100000000000000000093;Coucou, tu es dispo ce soir ?;2026-09-20 19:13:35;000500000000000000000651
prive;;000100000000000000000001;;;lu;00010000000000000000002f;Je t'envoie le document dans la journee.;2026-09-20 19:14:23;000500000000000000000652
prive;;000100000000000000000065;;;lu;000100000000000000000072;Salut, tu vas bien ?;2026-09-20 19:17:26;000500000000000000000653
prive;;00010000000000000000002f;;;lu;000100000000000000000001;Ne t'inquiete pas, tout va bien.;2026-09-20 19:20:23;000500000000000000000654
prive;;000100000000000000000072;;;lu;000100000000000000000065;J'arrive dans dix minutes.;2026-09-20 19:47:26;000500000000000000000655
groupe;000200000000000000000004;;;;envoye;00010000000000000000000e;Je suis d'accord avec la proposition.;2026-09-20 19:57:00;000500000000000000000656
groupe;000200000000000000000002;;;;envoye;00010000000000000000000e;On vote pour la date ?;2026-09-20 20:04:00;000500000000000000000657
groupe;00020000000000000000000a;;;;envoye;000100000000000000000044;Une idee pour la prochaine sortie ?;2026-09-20 20:04:00;000500000000000000000658
prive;;000100000000000000000001;;;lu;00010000000000000000002f;Coucou, tu es dispo ce soir ?;2026-09-20 20:05:23;000500000000000000000659
prive;;00010000000000000000002f;;;lu;000100000000000000000001;Tu as reussi a te connecter ?;2026-09-20 21:08:23;00050000000000000000065a
prive;;000100000000000000000072;;;lu;000100000000000000000065;Le cours commence a quelle heure ?;2026-09-20 21:12:26;00050000000000000000065b
groupe;00020000000000000000001b;;;;envoye;000100000000000000000011;Une idee pour la prochaine sortie ?;2026-09-20 21:13:00;00050000000000000000065c
groupe;00020000000000000000001c;;;;envoye;000100000000000000000064;Bravo a toute l'equipe !;2026-09-20 21:23:00;00050000000000000000065d
prive;;000100000000000000000001;;;lu;00010000000000000000002f;Je suis en retard, desole.;2026-09-20 21:35:23;00050000000000000000065e
groupe;000200000000000000000015;;"00010000000000000000007b;000100000000000000000039";;envoye;000100000000000000000079;Question rapide : a quelle heure on commence ?;2026-09-20 22:27:00;00050000000000000000065f
prive;;000100000000000000000065;;;lu;000100000000000000000072;On en parle demain ?;2026-09-20 22:30:26;000500000000000000000660
prive;;00010000000000000000002a;;;lu;000100000000000000000014;On en parle demain ?;2026-09-20 23:30:37;000500000000000000000661
prive;;000100000000000000000086;;;lu;000100000000000000000001;Je t'ai envoye une photo.;2026-09-20 23:40:27;000500000000000000000662
prive;;000100000000000000000065;;;lu;000100000000000000000072;Tu as fini ton rapport ?;2026-09-20 23:48:26;000500000000000000000663
groupe;000200000000000000000015;;"000100000000000000000055;000100000000000000000084";;envoye;000100000000000000000079;Voici le lien dont je parlais hier.;2026-09-20 23:54:00;000500000000000000000664
prive;;000100000000000000000072;;;lu;000100000000000000000065;C'est confirme pour samedi.;2026-09-20 23:57:26;000500000000000000000665
prive;;000100000000000000000001;;;lu;000100000000000000000086;Passe une bonne soiree.;2026-09-21 00:10:27;000500000000000000000666
prive;;000100000000000000000065;;;lu;000100000000000000000072;On en parle demain ?;2026-09-21 00:42:26;000500000000000000000667
groupe;00020000000000000000000c;;;;envoye;000100000000000000000003;Quelqu'un connait un bon prestataire ?;2026-09-21 01:16:00;000500000000000000000668
prive;;000100000000000000000072;;;lu;000100000000000000000065;On se retrouve ou ?;2026-09-21 01:27:26;000500000000000000000669
prive;;00010000000000000000000b;;;lu;000100000000000000000031;Passe une bonne soiree.;2026-09-21 01:33:22;00050000000000000000066a
groupe;00020000000000000000000c;;;;envoye;00010000000000000000000f;Merci aux admins pour l'organisation.;2026-09-21 03:13:00;00050000000000000000066b
groupe;000200000000000000000012;;;;envoye;00010000000000000000005d;Quelqu'un connait un bon prestataire ?;2026-09-21 04:17:00;00050000000000000000066c
groupe;000200000000000000000006;;;;envoye;000100000000000000000011;Je propose qu'on s'organise cette semaine.;2026-09-21 04:47:00;00050000000000000000066d
groupe;000200000000000000000018;;"000100000000000000000011;000100000000000000000027";;envoye;000100000000000000000087;Je ne pourrai pas venir cette fois.;2026-09-21 04:48:00;00050000000000000000066e
groupe;000200000000000000000007;;000100000000000000000090;;envoye;000100000000000000000079;Merci pour le partage, tres utile.;2026-09-21 06:36:00;00050000000000000000066f
groupe;00020000000000000000001a;;;;envoye;000100000000000000000071;N'oubliez pas de confirmer votre presence.;2026-09-21 08:02:00;000500000000000000000670
groupe;000200000000000000000005;;;;envoye;00010000000000000000000f;Bravo a toute l'equipe !;2026-09-21 08:13:00;000500000000000000000671
prive;;000100000000000000000079;;;lu;00010000000000000000006c;Ne t'inquiete pas, tout va bien.;2026-09-21 08:37:30;000500000000000000000672
prive;;00010000000000000000006c;;;lu;000100000000000000000079;On se retrouve ou ?;2026-09-21 09:00:30;000500000000000000000673
prive;;000100000000000000000020;;;lu;00010000000000000000007f;On en parle demain ?;2026-09-21 09:14:05;000500000000000000000674
prive;;000100000000000000000020;;;lu;00010000000000000000007f;On en parle demain ?;2026-09-21 09:41:05;000500000000000000000675
prive;;00010000000000000000006f;;;recu;000100000000000000000016;Peux-tu me renvoyer l'adresse ?;2026-09-21 10:27:57;000500000000000000000676
prive;;000100000000000000000001;;;lu;000100000000000000000086;Je t'ai envoye une photo.;2026-09-21 11:10:27;000500000000000000000677
prive;;000100000000000000000086;;;envoye;000100000000000000000001;Passe une bonne soiree.;2026-09-21 11:30:27;000500000000000000000678
prive;;000100000000000000000091;;;recu;000100000000000000000061;Tu peux m'appeler quand tu as une minute ?;2026-09-21 11:59:21;000500000000000000000679
prive;;000100000000000000000077;;;lu;000100000000000000000012;Bonne nuit !;2026-09-21 12:11:34;00050000000000000000067a
prive;;000100000000000000000091;;;recu;000100000000000000000061;Bravo pour ta presentation.;2026-09-21 12:20:21;00050000000000000000067b
groupe;000200000000000000000004;;;;envoye;000100000000000000000001;Merci aux admins pour l'organisation.;2026-09-21 13:03:00;00050000000000000000067c
groupe;00020000000000000000000b;;;;envoye;000100000000000000000034;Bravo a toute l'equipe !;2026-09-21 13:25:00;00050000000000000000067d
prive;;000100000000000000000077;;;lu;000100000000000000000012;Je t'envoie le document dans la journee.;2026-09-21 13:30:34;00050000000000000000067e
prive;;000100000000000000000077;;;lu;000100000000000000000012;C'est confirme pour samedi.;2026-09-21 13:48:34;00050000000000000000067f
groupe;00020000000000000000000e;;;;envoye;00010000000000000000003a;Qui peut apporter les chaises ?;2026-09-21 13:55:00;000500000000000000000680
groupe;000200000000000000000018;;;;envoye;000100000000000000000087;Excellente discussion aujourd'hui.;2026-09-21 14:01:00;000500000000000000000681
groupe;000200000000000000000012;;;;envoye;000100000000000000000015;Excellente discussion aujourd'hui.;2026-09-21 14:06:00;000500000000000000000682
groupe;00020000000000000000001b;;;;envoye;000100000000000000000081;Je propose qu'on s'organise cette semaine.;2026-09-21 15:40:00;000500000000000000000683
groupe;000200000000000000000008;;;;envoye;000100000000000000000052;Quelqu'un connait un bon prestataire ?;2026-09-21 16:19:00;000500000000000000000684
prive;;000100000000000000000001;;;lu;000100000000000000000005;Je suis en retard, desole.;2026-09-21 16:38:32;000500000000000000000685
prive;;000100000000000000000005;;;lu;000100000000000000000001;On en parle demain ?;2026-09-21 16:44:32;000500000000000000000686
groupe;000200000000000000000007;;;;envoye;000100000000000000000056;Je poste le compte rendu ce soir.;2026-09-21 16:46:00;000500000000000000000687
groupe;000200000000000000000006;;;;envoye;00010000000000000000005b;N'oubliez pas de confirmer votre presence.;2026-09-21 16:57:00;000500000000000000000688
prive;;000100000000000000000001;;;lu;000100000000000000000005;On se retrouve ou ?;2026-09-21 17:05:32;000500000000000000000689
prive;;000100000000000000000005;;;lu;000100000000000000000001;Tu peux m'appeler quand tu as une minute ?;2026-09-21 17:46:32;00050000000000000000068a
prive;;00010000000000000000003c;;;lu;000100000000000000000085;Tu peux m'appeler quand tu as une minute ?;2026-09-21 17:58:36;00050000000000000000068b
prive;;00010000000000000000003c;;;lu;000100000000000000000085;Je t'envoie le document dans la journee.;2026-09-21 18:27:36;00050000000000000000068c
prive;;000100000000000000000085;;;envoye;00010000000000000000003c;Bonne idee, je suis partant.;2026-09-21 18:57:36;00050000000000000000068d
prive;;000100000000000000000001;;;lu;000100000000000000000005;Peux-tu me renvoyer l'adresse ?;2026-09-21 18:59:32;00050000000000000000068e
groupe;00020000000000000000001b;;;;envoye;00010000000000000000001c;Je ne pourrai pas venir cette fois.;2026-09-21 19:06:00;00050000000000000000068f
groupe;00020000000000000000001e;;;;envoye;00010000000000000000007e;Quelqu'un a l'information pour la reunion ?;2026-09-21 19:11:00;000500000000000000000690
prive;;000100000000000000000005;;;lu;000100000000000000000001;Passe une bonne soiree.;2026-09-21 19:44:32;000500000000000000000691
groupe;000200000000000000000009;;;;envoye;000100000000000000000064;Quelqu'un a l'information pour la reunion ?;2026-09-21 20:49:00;000500000000000000000692
groupe;000200000000000000000005;;"00010000000000000000008c;00010000000000000000000e";;envoye;00010000000000000000001a;Excellente discussion aujourd'hui.;2026-09-21 21:35:00;000500000000000000000693
groupe;000200000000000000000007;;000100000000000000000027;;envoye;000100000000000000000066;Je ne pourrai pas venir cette fois.;2026-09-21 23:27:00;000500000000000000000694
groupe;00020000000000000000001a;;000100000000000000000004;;envoye;000100000000000000000050;Une photo de l'evenement de ce week-end.;2026-09-22 00:12:00;000500000000000000000695
prive;;000100000000000000000020;;;lu;000100000000000000000064;Tu peux m'appeler quand tu as une minute ?;2026-09-22 01:38:46;000500000000000000000696
groupe;000200000000000000000010;;000100000000000000000027;;envoye;00010000000000000000000a;Rappel : rendez-vous samedi a 10h.;2026-09-22 01:39:00;000500000000000000000697
groupe;000200000000000000000005;;000100000000000000000014;;envoye;000100000000000000000073;Merci aux admins pour l'organisation.;2026-09-22 01:47:00;000500000000000000000698
groupe;00020000000000000000001a;;;;envoye;000100000000000000000071;Quelqu'un connait un bon prestataire ?;2026-09-22 03:03:00;000500000000000000000699
groupe;000200000000000000000019;;;;envoye;000100000000000000000069;Bravo a toute l'equipe !;2026-09-22 04:10:00;00050000000000000000069a
prive;;000100000000000000000043;;;lu;00010000000000000000007f;Bonne nuit !;2026-09-22 05:14:59;00050000000000000000069b
prive;;000100000000000000000082;;;lu;000100000000000000000001;Passe une bonne soiree.;2026-09-22 05:28:44;00050000000000000000069c
prive;;000100000000000000000001;;;lu;000100000000000000000082;J'arrive dans dix minutes.;2026-09-22 05:48:44;00050000000000000000069d
prive;;000100000000000000000082;;;lu;000100000000000000000001;Coucou, tu es dispo ce soir ?;2026-09-22 06:22:44;00050000000000000000069e
prive;;000100000000000000000057;;;lu;000100000000000000000075;Bravo pour ta presentation.;2026-09-22 06:38:27;00050000000000000000069f
prive;;000100000000000000000001;;;recu;000100000000000000000082;Merci pour ton aide, vraiment.;2026-09-22 07:16:44;0005000000000000000006a0
prive;;000100000000000000000014;;;lu;00010000000000000000002a;C'est confirme pour samedi.;2026-09-22 07:30:37;0005000000000000000006a1
prive;;000100000000000000000022;;;lu;000100000000000000000046;Bonne nuit !;2026-09-22 07:38:39;0005000000000000000006a2
prive;;000100000000000000000001;;;recu;000100000000000000000082;Je suis dans le bus, je reponds plus tard.;2026-09-22 07:51:44;0005000000000000000006a3
prive;;000100000000000000000022;;;lu;000100000000000000000046;On se retrouve ou ?;2026-09-22 08:27:39;0005000000000000000006a4
prive;;00010000000000000000002a;;;lu;000100000000000000000014;J'arrive dans dix minutes.;2026-09-22 08:36:37;0005000000000000000006a5
prive;;000100000000000000000043;;;lu;00010000000000000000007f;Tu as des nouvelles de la famille ?;2026-09-22 09:14:59;0005000000000000000006a6
prive;;000100000000000000000014;;;lu;00010000000000000000002a;Bonne nuit !;2026-09-22 09:27:37;0005000000000000000006a7
prive;;000100000000000000000046;;;lu;000100000000000000000022;Peux-tu me renvoyer l'adresse ?;2026-09-22 09:29:39;0005000000000000000006a8
groupe;00020000000000000000001a;;;;envoye;000100000000000000000003;Voici le lien dont je parlais hier.;2026-09-22 09:30:00;0005000000000000000006a9
groupe;00020000000000000000001a;;;;envoye;000100000000000000000089;Je suis d'accord avec la proposition.;2026-09-22 10:27:00;0005000000000000000006aa
prive;;000100000000000000000022;;;lu;000100000000000000000046;Passe une bonne soiree.;2026-09-22 10:32:39;0005000000000000000006ab
prive;;000100000000000000000046;;;lu;000100000000000000000022;Salut, tu vas bien ?;2026-09-22 10:33:39;0005000000000000000006ac
prive;;000100000000000000000049;;;lu;000100000000000000000091;Bonne nuit !;2026-09-22 10:34:02;0005000000000000000006ad
prive;;00010000000000000000002a;;;lu;000100000000000000000014;Haha, trop drole !;2026-09-22 10:52:37;0005000000000000000006ae
prive;;000100000000000000000014;;;lu;00010000000000000000002a;Tu as vu la publication d'hier ?;2026-09-22 11:11:37;0005000000000000000006af
prive;;000100000000000000000022;;;lu;000100000000000000000046;A tout a l'heure !;2026-09-22 11:56:39;0005000000000000000006b0
prive;;000100000000000000000091;;;lu;000100000000000000000049;Ne t'inquiete pas, tout va bien.;2026-09-22 11:59:02;0005000000000000000006b1
groupe;00020000000000000000001c;;;;envoye;000100000000000000000055;Rappel : rendez-vous samedi a 10h.;2026-09-22 12:15:00;0005000000000000000006b2
prive;;00010000000000000000002a;;;lu;000100000000000000000014;J'arrive dans dix minutes.;2026-09-22 12:34:37;0005000000000000000006b3
prive;;000100000000000000000046;;;lu;000100000000000000000022;Le cours commence a quelle heure ?;2026-09-22 12:51:39;0005000000000000000006b4
prive;;000100000000000000000014;;;lu;00010000000000000000002a;Dis-moi quand tu es libre.;2026-09-22 13:09:37;0005000000000000000006b5
prive;;000100000000000000000046;;;lu;000100000000000000000022;Ok, c'est note.;2026-09-22 13:27:39;0005000000000000000006b6
prive;;000100000000000000000046;;;lu;000100000000000000000022;Passe une bonne soiree.;2026-09-22 13:51:39;0005000000000000000006b7
groupe;000200000000000000000015;;;;envoye;000100000000000000000015;N'oubliez pas de confirmer votre presence.;2026-09-22 14:06:00;0005000000000000000006b8
groupe;00020000000000000000001a;;;;envoye;00010000000000000000003a;Question rapide : a quelle heure on commence ?;2026-09-22 14:23:00;0005000000000000000006b9
groupe;00020000000000000000001b;;;;envoye;00010000000000000000007e;Je poste le compte rendu ce soir.;2026-09-22 14:24:00;0005000000000000000006ba
prive;;00010000000000000000002a;;;lu;000100000000000000000014;Je n'ai pas bien compris, tu peux repeter ?;2026-09-22 14:38:37;0005000000000000000006bb
prive;;000100000000000000000014;;;lu;00010000000000000000002a;Je t'ai envoye une photo.;2026-09-22 15:32:37;0005000000000000000006bc
groupe;00020000000000000000000f;;;;envoye;00010000000000000000003d;Quelqu'un connait un bon prestataire ?;2026-09-22 15:42:00;0005000000000000000006bd
groupe;000200000000000000000005;;;;envoye;000100000000000000000088;Je suis d'accord avec la proposition.;2026-09-22 15:51:00;0005000000000000000006be
prive;;00010000000000000000002a;;;lu;000100000000000000000014;Je t'envoie le document dans la journee.;2026-09-22 16:37:37;0005000000000000000006bf
prive;;000100000000000000000014;;;envoye;00010000000000000000002a;Tu peux m'appeler quand tu as une minute ?;2026-09-22 16:47:37;0005000000000000000006c0
groupe;000200000000000000000015;;;;envoye;000100000000000000000007;Je suis d'accord avec la proposition.;2026-09-22 18:43:00;0005000000000000000006c1
groupe;00020000000000000000000c;;;;envoye;000100000000000000000037;Voici le lien dont je parlais hier.;2026-09-22 18:53:00;0005000000000000000006c2
prive;;000100000000000000000072;;;lu;000100000000000000000065;A tout a l'heure !;2026-09-22 21:27:26;0005000000000000000006c3
groupe;000200000000000000000006;;;;envoye;000100000000000000000073;Bonne journee a tous !;2026-09-22 21:37:00;0005000000000000000006c4
groupe;00020000000000000000001b;;;;envoye;000100000000000000000024;Je poste le compte rendu ce soir.;2026-09-22 21:42:00;0005000000000000000006c5
prive;;00010000000000000000007e;;;lu;000100000000000000000001;Tu as reussi a te connecter ?;2026-09-22 22:10:42;0005000000000000000006c6
prive;;000100000000000000000065;;;lu;000100000000000000000072;Ne t'inquiete pas, tout va bien.;2026-09-22 22:11:26;0005000000000000000006c7
prive;;000100000000000000000012;;;lu;000100000000000000000077;Ne t'inquiete pas, tout va bien.;2026-09-22 22:48:34;0005000000000000000006c8
prive;;000100000000000000000072;;;lu;000100000000000000000065;Je t'envoie le document dans la journee.;2026-09-22 23:22:26;0005000000000000000006c9
prive;;000100000000000000000077;;;lu;000100000000000000000012;J'arrive dans dix minutes.;2026-09-23 00:13:34;0005000000000000000006ca
prive;;000100000000000000000077;;;lu;000100000000000000000012;Passe une bonne soiree.;2026-09-23 00:20:34;0005000000000000000006cb
prive;;000100000000000000000012;;;envoye;000100000000000000000077;Tu as fini ton rapport ?;2026-09-23 01:33:34;0005000000000000000006cc
prive;;000100000000000000000031;;;lu;00010000000000000000000b;Bravo pour ta presentation.;2026-09-23 02:33:22;0005000000000000000006cd
groupe;000200000000000000000018;;;;envoye;000100000000000000000078;Bravo a toute l'equipe !;2026-09-23 04:01:00;0005000000000000000006ce
groupe;000200000000000000000005;;;;envoye;00010000000000000000008e;Question rapide : a quelle heure on commence ?;2026-09-23 05:03:00;0005000000000000000006cf
prive;;000100000000000000000001;;;lu;00010000000000000000002f;Ne t'inquiete pas, tout va bien.;2026-09-23 05:35:23;0005000000000000000006d0
groupe;000200000000000000000002;;000100000000000000000001;;envoye;000100000000000000000061;Je ne pourrai pas venir cette fois.;2026-09-23 05:56:00;0005000000000000000006d1
prive;;00010000000000000000002f;;;lu;000100000000000000000001;Je n'ai pas bien compris, tu peux repeter ?;2026-09-23 06:43:23;0005000000000000000006d2
prive;;00010000000000000000007f;;;lu;000100000000000000000020;Bonne idee, je suis partant.;2026-09-23 07:41:05;0005000000000000000006d3
prive;;00010000000000000000007f;;;lu;000100000000000000000020;Dis-moi quand tu es libre.;2026-09-23 07:54:05;0005000000000000000006d4
prive;;000100000000000000000014;;;lu;000100000000000000000043;Bravo pour ta presentation.;2026-09-23 07:57:50;0005000000000000000006d5
groupe;00020000000000000000001b;;;;envoye;000100000000000000000088;Je suis d'accord avec la proposition.;2026-09-23 08:03:00;0005000000000000000006d6
prive;;000100000000000000000001;;;lu;00010000000000000000002f;Passe une bonne soiree.;2026-09-23 08:03:23;0005000000000000000006d7
prive;;000100000000000000000050;;;lu;00010000000000000000001e;Tu as vu la publication d'hier ?;2026-09-23 08:49:51;0005000000000000000006d8
prive;;000100000000000000000020;;;lu;00010000000000000000007f;Je t'envoie le document dans la journee.;2026-09-23 08:55:05;0005000000000000000006d9
prive;;000100000000000000000043;;;lu;000100000000000000000014;J'arrive dans dix minutes.;2026-09-23 09:09:50;0005000000000000000006da
prive;;00010000000000000000007f;;;lu;000100000000000000000020;Bravo pour ta presentation.;2026-09-23 09:25:05;0005000000000000000006db
prive;;000100000000000000000043;;;lu;000100000000000000000014;Tu peux m'appeler quand tu as une minute ?;2026-09-23 09:56:50;0005000000000000000006dc
groupe;00020000000000000000001a;;;;envoye;000100000000000000000049;Rappel : rendez-vous samedi a 10h.;2026-09-23 10:31:00;0005000000000000000006dd
groupe;000200000000000000000004;;000100000000000000000001;;envoye;000100000000000000000075;Quelqu'un a l'information pour la reunion ?;2026-09-23 11:05:00;0005000000000000000006de
prive;;000100000000000000000011;;;lu;000100000000000000000044;Je t'ai envoye une photo.;2026-09-23 12:18:12;0005000000000000000006df
prive;;000100000000000000000011;;;lu;000100000000000000000044;J'arrive dans dix minutes.;2026-09-23 12:22:12;0005000000000000000006e0
groupe;00020000000000000000000c;;;;envoye;00010000000000000000006f;Bonne journee a tous !;2026-09-23 12:23:00;0005000000000000000006e1
groupe;00020000000000000000001e;;;;envoye;00010000000000000000005b;Bravo a toute l'equipe !;2026-09-23 13:28:00;0005000000000000000006e2
groupe;000200000000000000000019;;;;envoye;000100000000000000000073;On vote pour la date ?;2026-09-23 13:29:00;0005000000000000000006e3
prive;;000100000000000000000064;;;lu;000100000000000000000020;Salut, tu vas bien ?;2026-09-23 13:38:46;0005000000000000000006e4
groupe;000200000000000000000006;;;;envoye;000100000000000000000065;Bonjour a tous, bienvenue dans le groupe.;2026-09-23 14:31:00;0005000000000000000006e5
prive;;000100000000000000000064;;;lu;000100000000000000000020;Tu as des nouvelles de la famille ?;2026-09-23 14:31:46;0005000000000000000006e6
prive;;000100000000000000000020;;;lu;000100000000000000000064;Tu as reussi a te connecter ?;2026-09-23 14:52:46;0005000000000000000006e7
prive;;000100000000000000000085;;;lu;00010000000000000000002b;Tu peux m'appeler quand tu as une minute ?;2026-09-23 15:17:19;0005000000000000000006e8
prive;;000100000000000000000043;;;lu;000100000000000000000014;Je t'ai envoye une photo.;2026-09-23 15:56:50;0005000000000000000006e9
prive;;000100000000000000000064;;;lu;000100000000000000000020;On en parle demain ?;2026-09-23 16:13:46;0005000000000000000006ea
groupe;00020000000000000000001b;;;;envoye;000100000000000000000003;On vote pour la date ?;2026-09-23 17:00:00;0005000000000000000006eb
prive;;000100000000000000000014;;;lu;000100000000000000000043;Tu as reussi a te connecter ?;2026-09-23 17:13:50;0005000000000000000006ec
groupe;000200000000000000000018;;;;envoye;000100000000000000000042;On vote pour la date ?;2026-09-23 17:55:00;0005000000000000000006ed
prive;;00010000000000000000007e;;;lu;000100000000000000000001;Bravo pour ta presentation.;2026-09-23 18:10:42;0005000000000000000006ee
prive;;000100000000000000000043;;;lu;000100000000000000000014;On se retrouve ou ?;2026-09-23 18:28:50;0005000000000000000006ef
groupe;000200000000000000000012;;"000100000000000000000037;00010000000000000000000e";;envoye;000100000000000000000028;Merci pour le partage, tres utile.;2026-09-23 18:42:00;0005000000000000000006f0
prive;;00010000000000000000007e;;;lu;000100000000000000000001;Haha, trop drole !;2026-09-23 18:46:42;0005000000000000000006f1
prive;;00010000000000000000007e;;;lu;000100000000000000000001;Tu as fini ton rapport ?;2026-09-23 18:47:42;0005000000000000000006f2
groupe;000200000000000000000015;;;;envoye;00010000000000000000001b;Qui peut apporter les chaises ?;2026-09-23 18:58:00;0005000000000000000006f3
prive;;00010000000000000000002f;;;lu;000100000000000000000001;Tu as reussi a te connecter ?;2026-09-23 19:03:23;0005000000000000000006f4
prive;;000100000000000000000043;;;lu;000100000000000000000014;Dis-moi quand tu es libre.;2026-09-23 19:04:50;0005000000000000000006f5
prive;;000100000000000000000001;;;lu;00010000000000000000007e;J'arrive dans dix minutes.;2026-09-23 19:36:42;0005000000000000000006f6
prive;;00010000000000000000002f;;;envoye;000100000000000000000001;Ne t'inquiete pas, tout va bien.;2026-09-23 19:53:23;0005000000000000000006f7
groupe;000200000000000000000009;;;;envoye;000100000000000000000085;Bonjour a tous, bienvenue dans le groupe.;2026-09-23 20:25:00;0005000000000000000006f8
prive;;00010000000000000000002f;;;envoye;000100000000000000000001;Bravo pour ta presentation.;2026-09-23 21:20:23;0005000000000000000006f9
groupe;000200000000000000000011;;;;envoye;000100000000000000000094;Rappel : rendez-vous samedi a 10h.;2026-09-23 22:01:00;0005000000000000000006fa
groupe;00020000000000000000000c;;;;envoye;00010000000000000000003e;Voici le lien dont je parlais hier.;2026-09-23 22:03:00;0005000000000000000006fb
groupe;000200000000000000000019;;;;envoye;000100000000000000000064;Question rapide : a quelle heure on commence ?;2026-09-23 22:58:00;0005000000000000000006fc
groupe;00020000000000000000001b;;;;envoye;000100000000000000000048;Rappel : rendez-vous samedi a 10h.;2026-09-24 00:40:00;0005000000000000000006fd
prive;;000100000000000000000014;;;lu;000100000000000000000043;Tu as reussi a te connecter ?;2026-09-24 02:04:50;0005000000000000000006fe
groupe;000200000000000000000019;;;;envoye;000100000000000000000010;Bonjour a tous, bienvenue dans le groupe.;2026-09-24 02:41:00;0005000000000000000006ff
prive;;000100000000000000000014;;;lu;000100000000000000000043;Merci pour ton aide, vraiment.;2026-09-24 03:19:50;000500000000000000000700
prive;;00010000000000000000001b;;;lu;000100000000000000000035;Passe une bonne soiree.;2026-09-24 03:50:46;000500000000000000000701
prive;;000100000000000000000043;;;lu;000100000000000000000014;Dis-moi quand tu es libre.;2026-09-24 04:00:50;000500000000000000000702
groupe;00020000000000000000001a;;;;envoye;00010000000000000000004e;Merci pour le partage, tres utile.;2026-09-24 04:13:00;000500000000000000000703
prive;;000100000000000000000035;;;lu;00010000000000000000001b;Passe une bonne soiree.;2026-09-24 04:13:46;000500000000000000000704
prive;;000100000000000000000043;;;lu;000100000000000000000014;Passe une bonne soiree.;2026-09-24 04:43:50;000500000000000000000705
prive;;00010000000000000000001b;;;lu;000100000000000000000035;Bravo pour ta presentation.;2026-09-24 05:07:46;000500000000000000000706
groupe;00020000000000000000001a;;;;envoye;00010000000000000000004a;Quelqu'un a l'information pour la reunion ?;2026-09-24 05:30:00;000500000000000000000707
groupe;00020000000000000000000c;;;;envoye;000100000000000000000004;N'oubliez pas de confirmer votre presence.;2026-09-24 05:35:00;000500000000000000000708
groupe;000200000000000000000004;;000100000000000000000001;;envoye;000100000000000000000021;Quelqu'un a l'information pour la reunion ?;2026-09-24 05:36:00;000500000000000000000709
prive;;000100000000000000000043;;;lu;000100000000000000000014;On se retrouve ou ?;2026-09-24 05:42:50;00050000000000000000070a
prive;;000100000000000000000043;;;lu;000100000000000000000014;Haha, trop drole !;2026-09-24 06:04:50;00050000000000000000070b
groupe;00020000000000000000001b;;;;envoye;000100000000000000000075;Voici le lien dont je parlais hier.;2026-09-24 06:06:00;00050000000000000000070c
prive;;00010000000000000000003e;;;lu;000100000000000000000081;Haha, trop drole !;2026-09-24 06:42:37;00050000000000000000070d
groupe;000200000000000000000009;;;;envoye;000100000000000000000055;N'oubliez pas de confirmer votre presence.;2026-09-24 06:53:00;00050000000000000000070e
prive;;000100000000000000000043;;;lu;000100000000000000000014;Tu as fini ton rapport ?;2026-09-24 06:53:50;00050000000000000000070f
prive;;000100000000000000000081;;;lu;00010000000000000000003e;Coucou, tu es dispo ce soir ?;2026-09-24 08:04:37;000500000000000000000710
prive;;00010000000000000000003e;;;lu;000100000000000000000081;Je t'ai envoye une photo.;2026-09-24 08:35:37;000500000000000000000711
prive;;000100000000000000000057;;;lu;000100000000000000000075;Tu as reussi a te connecter ?;2026-09-24 09:38:27;000500000000000000000712
prive;;000100000000000000000081;;;lu;00010000000000000000003e;Je n'ai pas bien compris, tu peux repeter ?;2026-09-24 09:43:37;000500000000000000000713
prive;;000100000000000000000081;;;lu;00010000000000000000003e;Bonne nuit !;2026-09-24 10:38:37;000500000000000000000714
groupe;000200000000000000000005;;;;envoye;00010000000000000000004e;Merci pour le partage, tres utile.;2026-09-24 10:54:00;000500000000000000000715
prive;;00010000000000000000007e;;;lu;000100000000000000000001;A tout a l'heure !;2026-09-24 11:36:42;000500000000000000000716
groupe;000200000000000000000010;;000100000000000000000026;;envoye;000100000000000000000027;Qui peut apporter les chaises ?;2026-09-24 12:12:00;000500000000000000000717
prive;;000100000000000000000001;;;lu;00010000000000000000007e;Passe une bonne soiree.;2026-09-24 12:23:42;000500000000000000000718
prive;;00010000000000000000007e;;;lu;000100000000000000000001;Merci pour ton aide, vraiment.;2026-09-24 12:33:42;000500000000000000000719
prive;;000100000000000000000091;;;lu;000100000000000000000049;Ok, c'est note.;2026-09-24 12:59:02;00050000000000000000071a
groupe;000200000000000000000015;;"00010000000000000000001b;000100000000000000000081";;envoye;000100000000000000000094;Question rapide : a quelle heure on commence ?;2026-09-24 13:04:00;00050000000000000000071b
groupe;00020000000000000000000f;;;;envoye;000100000000000000000045;Je ne pourrai pas venir cette fois.;2026-09-24 13:35:00;00050000000000000000071c
prive;;000100000000000000000001;;;lu;00010000000000000000007e;Dis-moi quand tu es libre.;2026-09-24 13:55:42;00050000000000000000071d
prive;;00010000000000000000007f;;;lu;000100000000000000000043;Tu as des nouvelles de la famille ?;2026-09-24 14:14:59;00050000000000000000071e
groupe;00020000000000000000001a;;;;envoye;000100000000000000000025;Une idee pour la prochaine sortie ?;2026-09-24 14:28:00;00050000000000000000071f
groupe;000200000000000000000004;;000100000000000000000001;;envoye;000100000000000000000075;Rappel : rendez-vous samedi a 10h.;2026-09-24 14:37:00;000500000000000000000720
prive;;000100000000000000000001;;;recu;00010000000000000000007e;On se voit demain a la fac ?;2026-09-24 15:06:42;000500000000000000000721
groupe;000200000000000000000007;;;;envoye;000100000000000000000007;Bonjour a tous, bienvenue dans le groupe.;2026-09-24 15:19:00;000500000000000000000722
groupe;000200000000000000000009;;;;envoye;000100000000000000000042;Bravo a toute l'equipe !;2026-09-24 15:35:00;000500000000000000000723
prive;;000100000000000000000070;;;lu;000100000000000000000075;Bonne nuit !;2026-09-24 19:01:59;000500000000000000000724
prive;;00010000000000000000002b;;;lu;000100000000000000000026;Dis-moi quand tu es libre.;2026-09-24 19:19:35;000500000000000000000725
prive;;000100000000000000000026;;;lu;00010000000000000000002b;Tu as vu la publication d'hier ?;2026-09-24 19:23:35;000500000000000000000726
prive;;00010000000000000000002b;;;lu;000100000000000000000026;Je t'envoie le document dans la journee.;2026-09-24 19:43:35;000500000000000000000727
prive;;000100000000000000000070;;;lu;000100000000000000000075;Tu as fini ton rapport ?;2026-09-24 20:12:59;000500000000000000000728
prive;;000100000000000000000026;;;lu;00010000000000000000002b;Bonne nuit !;2026-09-24 20:22:35;000500000000000000000729
prive;;00010000000000000000002b;;;lu;000100000000000000000026;Tu as vu la publication d'hier ?;2026-09-24 21:16:35;00050000000000000000072a
prive;;00010000000000000000002b;;;lu;000100000000000000000026;Bonne idee, je suis partant.;2026-09-24 22:29:35;00050000000000000000072b
groupe;000200000000000000000018;;00010000000000000000002e;;envoye;000100000000000000000042;Bonne journee a tous !;2026-09-24 22:47:00;00050000000000000000072c
prive;;000100000000000000000026;;;lu;00010000000000000000002b;Bravo pour ta presentation.;2026-09-24 22:55:35;00050000000000000000072d
groupe;000200000000000000000008;;00010000000000000000005a;;envoye;000100000000000000000090;Qui peut apporter les chaises ?;2026-09-24 23:14:00;00050000000000000000072e
groupe;00020000000000000000000a;;"00010000000000000000003a;000100000000000000000014";;envoye;00010000000000000000000a;Voici le lien dont je parlais hier.;2026-09-24 23:28:00;00050000000000000000072f
prive;;00010000000000000000002b;;;lu;000100000000000000000026;On en parle demain ?;2026-09-25 00:06:35;000500000000000000000730
groupe;00020000000000000000000f;;000100000000000000000054;;envoye;000100000000000000000094;N'oubliez pas de confirmer votre presence.;2026-09-25 00:23:00;000500000000000000000731
prive;;00010000000000000000002b;;;lu;000100000000000000000026;Peux-tu me renvoyer l'adresse ?;2026-09-25 00:34:35;000500000000000000000732
prive;;000100000000000000000026;;;lu;00010000000000000000002b;Je t'envoie le document dans la journee.;2026-09-25 01:06:35;000500000000000000000733
groupe;000200000000000000000007;;;;envoye;00010000000000000000008f;Une idee pour la prochaine sortie ?;2026-09-25 01:09:00;000500000000000000000734
prive;;000100000000000000000026;;;lu;00010000000000000000002b;A tout a l'heure !;2026-09-25 01:49:35;000500000000000000000735
prive;;000100000000000000000085;;;lu;00010000000000000000002b;Tu peux m'appeler quand tu as une minute ?;2026-09-25 02:17:19;000500000000000000000736
prive;;00010000000000000000002b;;;lu;000100000000000000000026;On se retrouve ou ?;2026-09-25 02:17:35;000500000000000000000737
groupe;000200000000000000000007;;"000100000000000000000065;000100000000000000000057;000100000000000000000039;000100000000000000000079";;envoye;00010000000000000000003c;Bonne journee a tous !;2026-09-25 02:39:00;000500000000000000000738
prive;;000100000000000000000085;;;lu;00010000000000000000002b;Super, merci beaucoup !;2026-09-25 03:09:19;000500000000000000000739
prive;;000100000000000000000026;;;envoye;00010000000000000000002b;Tu as reussi a te connecter ?;2026-09-25 03:11:35;00050000000000000000073a
prive;;000100000000000000000043;;;lu;00010000000000000000007f;On se voit demain a la fac ?;2026-09-25 03:14:59;00050000000000000000073b
prive;;000100000000000000000085;;;lu;00010000000000000000002b;Le cours commence a quelle heure ?;2026-09-25 03:47:19;00050000000000000000073c
prive;;000100000000000000000043;;;lu;00010000000000000000007f;On se voit demain a la fac ?;2026-09-25 04:27:59;00050000000000000000073d
prive;;00010000000000000000002b;;;lu;000100000000000000000085;C'est confirme pour samedi.;2026-09-25 04:38:19;00050000000000000000073e
prive;;00010000000000000000007f;;;lu;000100000000000000000043;Merci pour ton aide, vraiment.;2026-09-25 05:19:59;00050000000000000000073f
groupe;000200000000000000000011;;;;envoye;000100000000000000000024;Une idee pour la prochaine sortie ?;2026-09-25 05:20:00;000500000000000000000740
groupe;00020000000000000000001b;;;;envoye;00010000000000000000005b;Je ne pourrai pas venir cette fois.;2026-09-25 05:28:00;000500000000000000000741
prive;;000100000000000000000085;;;lu;00010000000000000000002b;On se retrouve ou ?;2026-09-25 05:41:19;000500000000000000000742
groupe;000200000000000000000019;;;;envoye;000100000000000000000080;Voici le lien dont je parlais hier.;2026-09-25 05:45:00;000500000000000000000743
prive;;000100000000000000000043;;;lu;00010000000000000000007f;Super, merci beaucoup !;2026-09-25 05:58:59;000500000000000000000744
prive;;00010000000000000000007f;;;lu;000100000000000000000043;Tu as des nouvelles de la famille ?;2026-09-25 06:51:59;000500000000000000000745
prive;;000100000000000000000084;;;lu;00010000000000000000002b;J'arrive dans dix minutes.;2026-09-25 06:59:13;000500000000000000000746
prive;;00010000000000000000002b;;;lu;000100000000000000000085;Super, merci beaucoup !;2026-09-25 07:10:19;000500000000000000000747
prive;;000100000000000000000043;;;lu;00010000000000000000007f;Tu peux m'appeler quand tu as une minute ?;2026-09-25 07:15:59;000500000000000000000748
groupe;00020000000000000000000b;;000100000000000000000066;;envoye;000100000000000000000049;Une photo de l'evenement de ce week-end.;2026-09-25 07:29:00;000500000000000000000749
groupe;000200000000000000000004;;000100000000000000000001;;envoye;000100000000000000000075;Excellente discussion aujourd'hui.;2026-09-25 07:55:00;00050000000000000000074a
prive;;00010000000000000000002b;;;lu;000100000000000000000084;Super, merci beaucoup !;2026-09-25 08:01:13;00050000000000000000074b
prive;;00010000000000000000007f;;;recu;000100000000000000000043;C'est confirme pour samedi.;2026-09-25 08:02:59;00050000000000000000074c
prive;;000100000000000000000084;;;lu;00010000000000000000002b;Le cours commence a quelle heure ?;2026-09-25 08:29:13;00050000000000000000074d
prive;;00010000000000000000002b;;;lu;000100000000000000000085;Tu peux m'appeler quand tu as une minute ?;2026-09-25 08:36:19;00050000000000000000074e
groupe;000200000000000000000019;;"000100000000000000000003;000100000000000000000076";;envoye;000100000000000000000007;Bravo a toute l'equipe !;2026-09-25 08:47:00;00050000000000000000074f
groupe;00020000000000000000000d;;"000100000000000000000069;000100000000000000000087";;envoye;00010000000000000000007e;Je suis d'accord avec la proposition.;2026-09-25 08:51:00;000500000000000000000750
groupe;00020000000000000000001b;;;;envoye;000100000000000000000044;Quelqu'un a l'information pour la reunion ?;2026-09-25 09:05:00;000500000000000000000751
groupe;000200000000000000000002;;"00010000000000000000004c;00010000000000000000005a;000100000000000000000010;00010000000000000000008e;000100000000000000000001";;envoye;000100000000000000000050;Une idee pour la prochaine sortie ?;2026-09-25 09:28:00;000500000000000000000752
groupe;000200000000000000000016;;000100000000000000000015;;envoye;00010000000000000000004a;Quelqu'un connait un bon prestataire ?;2026-09-25 09:29:00;000500000000000000000753
groupe;000200000000000000000007;;"000100000000000000000025;000100000000000000000001";;envoye;000100000000000000000024;Quelqu'un connait un bon prestataire ?;2026-09-25 09:34:00;000500000000000000000754
prive;;000100000000000000000024;;;lu;00010000000000000000003e;Je suis en retard, desole.;2026-09-25 11:07:02;000500000000000000000755
groupe;000200000000000000000011;;00010000000000000000003c;;envoye;00010000000000000000001c;Voici le lien dont je parlais hier.;2026-09-25 11:54:00;000500000000000000000756
prive;;00010000000000000000003e;;;lu;000100000000000000000024;Coucou, tu es dispo ce soir ?;2026-09-25 12:02:02;000500000000000000000757
groupe;000200000000000000000019;;"000100000000000000000056;000100000000000000000004";;envoye;00010000000000000000003d;Bonjour a tous, bienvenue dans le groupe.;2026-09-25 12:42:00;000500000000000000000758
groupe;000200000000000000000002;;"000100000000000000000010;000100000000000000000045";;envoye;000100000000000000000013;On vote pour la date ?;2026-09-25 13:04:00;000500000000000000000759
groupe;00020000000000000000001b;;000100000000000000000048;;envoye;000100000000000000000096;Quelqu'un a l'information pour la reunion ?;2026-09-25 14:54:00;00050000000000000000075a
groupe;00020000000000000000000a;;"000100000000000000000011;00010000000000000000000a;000100000000000000000061;000100000000000000000045";;envoye;000100000000000000000058;Voici le lien dont je parlais hier.;2026-09-25 14:54:00;00050000000000000000075b
prive;;000100000000000000000075;;;lu;000100000000000000000057;Je suis dans le bus, je reponds plus tard.;2026-09-25 16:38:27;00050000000000000000075c
groupe;000200000000000000000005;;;;envoye;000100000000000000000065;Question rapide : a quelle heure on commence ?;2026-09-25 16:42:00;00050000000000000000075d
groupe;000200000000000000000009;;;;envoye;000100000000000000000061;Je poste le compte rendu ce soir.;2026-09-25 17:30:00;00050000000000000000075e
groupe;000200000000000000000010;;000100000000000000000026;;envoye;00010000000000000000004e;Question rapide : a quelle heure on commence ?;2026-09-25 17:44:00;00050000000000000000075f
groupe;00020000000000000000000b;;000100000000000000000073;;envoye;000100000000000000000094;Quelqu'un connait un bon prestataire ?;2026-09-25 18:19:00;000500000000000000000760
prive;;00010000000000000000007f;;;lu;000100000000000000000020;Coucou, tu es dispo ce soir ?;2026-09-25 18:25:05;000500000000000000000761
groupe;00020000000000000000001e;;"00010000000000000000004e;00010000000000000000003d;000100000000000000000089";;envoye;00010000000000000000008a;On vote pour la date ?;2026-09-25 19:44:00;000500000000000000000762
groupe;00020000000000000000001b;;"000100000000000000000053;000100000000000000000012";;envoye;000100000000000000000045;Bravo a toute l'equipe !;2026-09-25 20:33:00;000500000000000000000763
groupe;000200000000000000000005;;"000100000000000000000010;000100000000000000000020;000100000000000000000014";;envoye;000100000000000000000001;Je suis d'accord avec la proposition.;2026-09-25 21:43:00;000500000000000000000764
groupe;00020000000000000000000c;;000100000000000000000024;;envoye;00010000000000000000006f;Je ne pourrai pas venir cette fois.;2026-09-25 23:02:00;000500000000000000000765
groupe;000200000000000000000007;;"000100000000000000000054;00010000000000000000007e;000100000000000000000036";;envoye;00010000000000000000008a;Je poste le compte rendu ce soir.;2026-09-25 23:25:00;000500000000000000000766
groupe;000200000000000000000008;;000100000000000000000032;;envoye;00010000000000000000002a;Merci aux admins pour l'organisation.;2026-09-25 23:47:00;000500000000000000000767
prive;;000100000000000000000064;;;lu;000100000000000000000020;Le cours commence a quelle heure ?;2026-09-26 01:13:46;000500000000000000000768
groupe;000200000000000000000007;;00010000000000000000005a;;envoye;000100000000000000000093;Bonne journee a tous !;2026-09-26 01:14:00;000500000000000000000769
groupe;000200000000000000000018;;"000100000000000000000006;000100000000000000000011;000100000000000000000082";;envoye;00010000000000000000007e;Bravo a toute l'equipe !;2026-09-26 01:23:00;00050000000000000000076a
prive;;000100000000000000000064;;;lu;000100000000000000000020;On se retrouve ou ?;2026-09-26 02:42:46;00050000000000000000076b
groupe;00020000000000000000000c;;000100000000000000000024;;envoye;000100000000000000000048;Qui peut apporter les chaises ?;2026-09-26 04:33:00;00050000000000000000076c
groupe;000200000000000000000009;;"00010000000000000000001c;000100000000000000000064;000100000000000000000061";;envoye;00010000000000000000000d;On vote pour la date ?;2026-09-26 04:49:00;00050000000000000000076d
groupe;000200000000000000000007;;"00010000000000000000008f;000100000000000000000031";;envoye;00010000000000000000007b;Bonjour a tous, bienvenue dans le groupe.;2026-09-26 05:22:00;00050000000000000000076e
groupe;000200000000000000000019;;000100000000000000000051;;envoye;00010000000000000000000f;Quelqu'un connait un bon prestataire ?;2026-09-26 05:57:00;00050000000000000000076f
groupe;00020000000000000000000b;;00010000000000000000002b;;envoye;000100000000000000000034;N'oubliez pas de confirmer votre presence.;2026-09-26 06:19:00;000500000000000000000770
groupe;00020000000000000000000a;;"000100000000000000000084;000100000000000000000045";;envoye;00010000000000000000007f;Merci pour le partage, tres utile.;2026-09-26 07:19:00;000500000000000000000771
groupe;000200000000000000000019;;00010000000000000000008f;;envoye;00010000000000000000001f;Je propose qu'on s'organise cette semaine.;2026-09-26 07:24:00;000500000000000000000772
prive;;000100000000000000000066;;;lu;000100000000000000000073;Tu as reussi a te connecter ?;2026-09-26 07:52:13;000500000000000000000773
groupe;00020000000000000000001c;;"000100000000000000000096;00010000000000000000006d;000100000000000000000055;000100000000000000000014";;envoye;000100000000000000000019;Une photo de l'evenement de ce week-end.;2026-09-26 08:32:00;000500000000000000000774
groupe;000200000000000000000019;;"000100000000000000000021;000100000000000000000077;000100000000000000000096";;envoye;000100000000000000000092;N'oubliez pas de confirmer votre presence.;2026-09-26 08:41:00;000500000000000000000775
prive;;000100000000000000000035;;;lu;00010000000000000000001b;Salut, tu vas bien ?;2026-09-26 09:07:46;000500000000000000000776
groupe;00020000000000000000001b;;"000100000000000000000033;00010000000000000000005d;000100000000000000000076";;envoye;00010000000000000000006a;N'oubliez pas de confirmer votre presence.;2026-09-26 09:58:00;000500000000000000000777
groupe;000200000000000000000003;;"00010000000000000000003c;000100000000000000000086;00010000000000000000005a;000100000000000000000001";;envoye;00010000000000000000008c;Une idee pour la prochaine sortie ?;2026-09-26 11:02:00;000500000000000000000778
prive;;00010000000000000000004f;;;lu;00010000000000000000008e;Tu as fini ton rapport ?;2026-09-26 13:28:49;000500000000000000000779
groupe;000200000000000000000006;;"000100000000000000000004;000100000000000000000087;000100000000000000000012;000100000000000000000073";;envoye;00010000000000000000002d;Une photo de l'evenement de ce week-end.;2026-09-26 13:41:00;00050000000000000000077a
groupe;00020000000000000000000e;;000100000000000000000052;;envoye;000100000000000000000044;Excellente discussion aujourd'hui.;2026-09-26 13:42:00;00050000000000000000077b
prive;;00010000000000000000008e;;;recu;00010000000000000000004f;Coucou, tu es dispo ce soir ?;2026-09-26 13:45:49;00050000000000000000077c
prive;;000100000000000000000049;;;lu;000100000000000000000091;Tu as des nouvelles de la famille ?;2026-09-26 13:59:02;00050000000000000000077d
groupe;000200000000000000000002;;;;envoye;000100000000000000000049;Je propose qu'on s'organise cette semaine.;2026-09-26 14:14:00;00050000000000000000077e
prive;;000100000000000000000053;;;lu;00010000000000000000001c;Coucou, tu es dispo ce soir ?;2026-09-26 15:08:12;00050000000000000000077f
prive;;000100000000000000000049;;;lu;000100000000000000000091;Peux-tu me renvoyer l'adresse ?;2026-09-26 15:22:02;000500000000000000000780
prive;;000100000000000000000091;;;lu;000100000000000000000049;Bonne idee, je suis partant.;2026-09-26 15:35:02;000500000000000000000781
prive;;000100000000000000000085;;;lu;00010000000000000000002b;Je suis en retard, desole.;2026-09-26 15:36:19;000500000000000000000782
prive;;00010000000000000000003e;;;lu;000100000000000000000081;On se retrouve ou ?;2026-09-26 15:38:37;000500000000000000000783
groupe;00020000000000000000001c;;00010000000000000000000d;;envoye;000100000000000000000055;Bonjour a tous, bienvenue dans le groupe.;2026-09-26 15:44:00;000500000000000000000784
prive;;000100000000000000000049;;;lu;000100000000000000000091;Je t'ai envoye une photo.;2026-09-26 15:49:02;000500000000000000000785
prive;;000100000000000000000049;;;lu;000100000000000000000091;On en parle demain ?;2026-09-26 16:53:02;000500000000000000000786
prive;;00010000000000000000007d;;;lu;000100000000000000000032;Tu peux m'appeler quand tu as une minute ?;2026-09-26 18:02:13;000500000000000000000787
prive;;000100000000000000000028;;;lu;000100000000000000000025;A tout a l'heure !;2026-09-26 18:49:08;000500000000000000000788
groupe;00020000000000000000000f;;"000100000000000000000026;00010000000000000000004a;000100000000000000000042;000100000000000000000094";;envoye;000100000000000000000012;Rappel : rendez-vous samedi a 10h.;2026-09-26 18:52:00;000500000000000000000789
prive;;00010000000000000000007d;;;lu;000100000000000000000032;Ne t'inquiete pas, tout va bien.;2026-09-26 19:16:13;00050000000000000000078a
prive;;00010000000000000000007d;;;lu;000100000000000000000032;Tu as vu la publication d'hier ?;2026-09-26 19:27:13;00050000000000000000078b
prive;;000100000000000000000025;;;lu;000100000000000000000028;J'arrive dans dix minutes.;2026-09-26 19:54:08;00050000000000000000078c
prive;;000100000000000000000032;;;lu;00010000000000000000007d;Haha, trop drole !;2026-09-26 20:11:13;00050000000000000000078d
prive;;000100000000000000000025;;;lu;000100000000000000000028;Merci pour ton aide, vraiment.;2026-09-26 20:24:08;00050000000000000000078e
groupe;000200000000000000000004;;"00010000000000000000001f;00010000000000000000003c;000100000000000000000033;000100000000000000000075;000100000000000000000001";;envoye;00010000000000000000007b;Une photo de l'evenement de ce week-end.;2026-09-26 20:26:00;00050000000000000000078f
groupe;000200000000000000000002;;"00010000000000000000005a;000100000000000000000001";;envoye;000100000000000000000007;Je suis d'accord avec la proposition.;2026-09-26 20:32:00;000500000000000000000790
prive;;000100000000000000000032;;;lu;00010000000000000000007d;Salut, tu vas bien ?;2026-09-26 20:51:13;000500000000000000000791
prive;;00010000000000000000007d;;;lu;000100000000000000000032;Salut, tu vas bien ?;2026-09-26 21:39:13;000500000000000000000792
prive;;000100000000000000000025;;;lu;000100000000000000000028;Je t'envoie le document dans la journee.;2026-09-26 21:49:08;000500000000000000000793
groupe;000200000000000000000006;;"00010000000000000000002d;000100000000000000000071";;envoye;00010000000000000000000a;Voici le lien dont je parlais hier.;2026-09-26 22:06:00;000500000000000000000794
groupe;00020000000000000000001a;;00010000000000000000004a;;envoye;000100000000000000000079;Bonjour a tous, bienvenue dans le groupe.;2026-09-26 22:21:00;000500000000000000000795
prive;;000100000000000000000032;;;lu;00010000000000000000007d;Je t'envoie le document dans la journee.;2026-09-26 22:34:13;000500000000000000000796
prive;;000100000000000000000025;;;lu;000100000000000000000028;Je t'envoie le document dans la journee.;2026-09-26 22:48:08;000500000000000000000797
groupe;000200000000000000000003;;"000100000000000000000046;000100000000000000000026";;envoye;000100000000000000000001;Excellente discussion aujourd'hui.;2026-09-26 23:46:00;000500000000000000000798
prive;;000100000000000000000032;;;lu;00010000000000000000007d;Je t'envoie le document dans la journee.;2026-09-26 23:55:13;000500000000000000000799
prive;;00010000000000000000007d;;;lu;000100000000000000000032;Ok, c'est note.;2026-09-27 00:13:13;00050000000000000000079a
groupe;000200000000000000000011;;000100000000000000000054;;envoye;00010000000000000000008e;Bonne journee a tous !;2026-09-27 00:37:00;00050000000000000000079b
groupe;000200000000000000000007;;"000100000000000000000048;00010000000000000000007f";;envoye;000100000000000000000086;Merci aux admins pour l'organisation.;2026-09-27 00:39:00;00050000000000000000079c
prive;;00010000000000000000007d;;;lu;000100000000000000000032;Tu as vu la publication d'hier ?;2026-09-27 00:39:13;00050000000000000000079d
groupe;000200000000000000000007;;"000100000000000000000037;00010000000000000000007f;00010000000000000000007b";;envoye;00010000000000000000003b;Une idee pour la prochaine sortie ?;2026-09-27 00:54:00;00050000000000000000079e
groupe;00020000000000000000000d;;;;envoye;000100000000000000000087;Bonne journee a tous !;2026-09-27 01:12:00;00050000000000000000079f
prive;;00010000000000000000007d;;;lu;000100000000000000000032;J'arrive dans dix minutes.;2026-09-27 01:19:13;0005000000000000000007a0
groupe;00020000000000000000001a;;"00010000000000000000002b;000100000000000000000096;000100000000000000000043";;envoye;000100000000000000000019;Bonjour a tous, bienvenue dans le groupe.;2026-09-27 01:26:00;0005000000000000000007a1
groupe;00020000000000000000000e;;"00010000000000000000000d;00010000000000000000003c;00010000000000000000001f";;envoye;000100000000000000000046;On vote pour la date ?;2026-09-27 01:34:00;0005000000000000000007a2
groupe;000200000000000000000010;;"000100000000000000000021;000100000000000000000027;00010000000000000000000a;00010000000000000000007b";;envoye;00010000000000000000004e;Je poste le compte rendu ce soir.;2026-09-27 02:06:00;0005000000000000000007a3
prive;;000100000000000000000032;;;lu;00010000000000000000007d;Je suis en retard, desole.;2026-09-27 02:27:13;0005000000000000000007a4
prive;;000100000000000000000032;;;lu;00010000000000000000007d;J'arrive dans dix minutes.;2026-09-27 03:50:13;0005000000000000000007a5
groupe;00020000000000000000001e;;"000100000000000000000015;000100000000000000000080;00010000000000000000007e;00010000000000000000001a";;envoye;00010000000000000000003f;Je suis d'accord avec la proposition.;2026-09-27 03:54:00;0005000000000000000007a6
prive;;00010000000000000000007d;;;recu;000100000000000000000032;Tu as reussi a te connecter ?;2026-09-27 05:03:13;0005000000000000000007a7
prive;;000100000000000000000050;;;lu;000100000000000000000054;Tu as reussi a te connecter ?;2026-09-27 05:34:13;0005000000000000000007a8
groupe;00020000000000000000001a;;"000100000000000000000049;000100000000000000000030";;envoye;00010000000000000000006d;Je poste le compte rendu ce soir.;2026-09-27 05:45:00;0005000000000000000007a9
groupe;00020000000000000000000b;;"000100000000000000000094;000100000000000000000052";;envoye;000100000000000000000059;Je suis d'accord avec la proposition.;2026-09-27 06:17:00;0005000000000000000007aa
prive;;000100000000000000000054;;;lu;000100000000000000000050;Dis-moi quand tu es libre.;2026-09-27 06:41:13;0005000000000000000007ab
groupe;000200000000000000000007;;000100000000000000000042;;envoye;00010000000000000000000b;Voici le lien dont je parlais hier.;2026-09-27 06:51:00;0005000000000000000007ac
prive;;000100000000000000000050;;;lu;000100000000000000000054;Super, merci beaucoup !;2026-09-27 08:07:13;0005000000000000000007ad
prive;;000100000000000000000054;;;lu;000100000000000000000050;Ok, c'est note.;2026-09-27 08:29:13;0005000000000000000007ae
groupe;000200000000000000000007;;"000100000000000000000048;000100000000000000000056;000100000000000000000076;000100000000000000000031";;envoye;000100000000000000000049;Je propose qu'on s'organise cette semaine.;2026-09-27 08:45:00;0005000000000000000007af
groupe;000200000000000000000019;;"000100000000000000000078;00010000000000000000008b";;envoye;000100000000000000000018;Bonne journee a tous !;2026-09-27 09:10:00;0005000000000000000007b0
prive;;000100000000000000000050;;;lu;000100000000000000000054;Tu as vu la publication d'hier ?;2026-09-27 09:31:13;0005000000000000000007b1
prive;;000100000000000000000044;;;lu;00010000000000000000002b;Haha, trop drole !;2026-09-27 09:41:23;0005000000000000000007b2
prive;;00010000000000000000002b;;;lu;000100000000000000000044;On se retrouve ou ?;2026-09-27 09:42:23;0005000000000000000007b3
groupe;00020000000000000000000c;;;;envoye;00010000000000000000004e;Bonne journee a tous !;2026-09-27 09:59:00;0005000000000000000007b4
prive;;000100000000000000000054;;;lu;000100000000000000000050;Tu as vu la publication d'hier ?;2026-09-27 10:45:13;0005000000000000000007b5
prive;;000100000000000000000037;;;lu;000100000000000000000047;Peux-tu me renvoyer l'adresse ?;2026-09-27 10:47:07;0005000000000000000007b6
groupe;00020000000000000000000e;;;;envoye;000100000000000000000086;Quelqu'un a l'information pour la reunion ?;2026-09-27 11:22:00;0005000000000000000007b7
groupe;000200000000000000000019;;"00010000000000000000008b;00010000000000000000003d;000100000000000000000044;00010000000000000000005d";;envoye;00010000000000000000004c;Je ne pourrai pas venir cette fois.;2026-09-27 11:39:00;0005000000000000000007b8
groupe;00020000000000000000000e;;000100000000000000000032;;envoye;000100000000000000000013;Bonjour a tous, bienvenue dans le groupe.;2026-09-27 11:47:00;0005000000000000000007b9
prive;;000100000000000000000054;;;lu;000100000000000000000050;Bonne nuit !;2026-09-27 11:48:13;0005000000000000000007ba
groupe;000200000000000000000015;;;;envoye;000100000000000000000084;Une idee pour la prochaine sortie ?;2026-09-27 12:00:00;0005000000000000000007bb
prive;;000100000000000000000096;;;lu;000100000000000000000089;Tu as vu la publication d'hier ?;2026-09-27 12:05:32;0005000000000000000007bc
prive;;000100000000000000000054;;;lu;000100000000000000000050;On en parle demain ?;2026-09-27 12:06:13;0005000000000000000007bd
prive;;000100000000000000000047;;;lu;000100000000000000000037;J'arrive dans dix minutes.;2026-09-27 12:16:07;0005000000000000000007be
prive;;000100000000000000000050;;;lu;000100000000000000000054;Je n'ai pas bien compris, tu peux repeter ?;2026-09-27 12:28:13;0005000000000000000007bf
prive;;000100000000000000000047;;;lu;000100000000000000000037;Le cours commence a quelle heure ?;2026-09-27 13:02:07;0005000000000000000007c0
groupe;00020000000000000000001b;;"000100000000000000000048;000100000000000000000044";;envoye;00010000000000000000007b;Bonne journee a tous !;2026-09-27 13:39:00;0005000000000000000007c1
prive;;000100000000000000000054;;;recu;000100000000000000000050;Tu as des nouvelles de la famille ?;2026-09-27 13:48:13;0005000000000000000007c2
prive;;000100000000000000000047;;;lu;000100000000000000000037;Tu as fini ton rapport ?;2026-09-27 13:52:07;0005000000000000000007c3
prive;;000100000000000000000047;;;lu;000100000000000000000037;Tu peux m'appeler quand tu as une minute ?;2026-09-27 15:08:07;0005000000000000000007c4
groupe;000200000000000000000019;;"000100000000000000000036;000100000000000000000023";;envoye;00010000000000000000008b;Une idee pour la prochaine sortie ?;2026-09-27 15:18:00;0005000000000000000007c5
groupe;00020000000000000000000c;;000100000000000000000065;;envoye;000100000000000000000073;Merci aux admins pour l'organisation.;2026-09-27 15:22:00;0005000000000000000007c6
groupe;00020000000000000000000a;;"00010000000000000000003f;000100000000000000000054;000100000000000000000048;00010000000000000000005b";;envoye;000100000000000000000014;Merci pour le partage, tres utile.;2026-09-27 15:53:00;0005000000000000000007c7
prive;;000100000000000000000037;;;lu;000100000000000000000047;J'arrive dans dix minutes.;2026-09-27 16:31:07;0005000000000000000007c8
groupe;00020000000000000000000f;;"000100000000000000000073;000100000000000000000024";;envoye;00010000000000000000000e;Voici le lien dont je parlais hier.;2026-09-27 16:32:00;0005000000000000000007c9
groupe;00020000000000000000001a;;"000100000000000000000071;000100000000000000000019;000100000000000000000044";;envoye;000100000000000000000084;Bonne journee a tous !;2026-09-27 16:58:00;0005000000000000000007ca
prive;;000100000000000000000037;;;lu;000100000000000000000047;Bonne nuit !;2026-09-27 17:41:07;0005000000000000000007cb
prive;;000100000000000000000047;;;lu;000100000000000000000037;Ne t'inquiete pas, tout va bien.;2026-09-27 18:32:07;0005000000000000000007cc
prive;;000100000000000000000037;;;lu;000100000000000000000047;Ok, c'est note.;2026-09-27 19:45:07;0005000000000000000007cd
groupe;000200000000000000000005;;"000100000000000000000012;00010000000000000000004e;00010000000000000000000f";;envoye;000100000000000000000014;Voici le lien dont je parlais hier.;2026-09-27 20:50:00;0005000000000000000007ce
groupe;00020000000000000000001b;;"000100000000000000000028;000100000000000000000019;000100000000000000000049";;envoye;000100000000000000000014;Rappel : rendez-vous samedi a 10h.;2026-09-27 20:57:00;0005000000000000000007cf
groupe;000200000000000000000001;;"00010000000000000000008e;000100000000000000000027;000100000000000000000081";;envoye;000100000000000000000019;Une photo de l'evenement de ce week-end.;2026-09-27 21:09:00;0005000000000000000007d0
groupe;000200000000000000000019;;;;envoye;00010000000000000000000d;Je ne pourrai pas venir cette fois.;2026-09-27 21:49:00;0005000000000000000007d1
groupe;000200000000000000000004;;"000100000000000000000039;00010000000000000000000e;000100000000000000000015;000100000000000000000001";;envoye;000100000000000000000024;Question rapide : a quelle heure on commence ?;2026-09-27 21:57:00;0005000000000000000007d2
groupe;000200000000000000000008;;"000100000000000000000048;00010000000000000000005a;00010000000000000000002a";;envoye;000100000000000000000052;Je ne pourrai pas venir cette fois.;2026-09-27 23:50:00;0005000000000000000007d3
groupe;00020000000000000000001a;;000100000000000000000028;;envoye;000100000000000000000081;Une idee pour la prochaine sortie ?;2026-09-28 00:20:00;0005000000000000000007d4
prive;;000100000000000000000040;;;lu;00010000000000000000000d;On se voit demain a la fac ?;2026-09-28 00:24:38;0005000000000000000007d5
prive;;000100000000000000000040;;;lu;00010000000000000000000d;Je t'envoie le document dans la journee.;2026-09-28 00:41:38;0005000000000000000007d6
prive;;00010000000000000000000d;;;lu;000100000000000000000040;Bravo pour ta presentation.;2026-09-28 01:28:38;0005000000000000000007d7
groupe;000200000000000000000004;;;;envoye;000100000000000000000015;Bonjour a tous, bienvenue dans le groupe.;2026-09-28 01:46:00;0005000000000000000007d8
prive;;00010000000000000000000d;;;lu;000100000000000000000040;Je n'ai pas bien compris, tu peux repeter ?;2026-09-28 02:51:38;0005000000000000000007d9
groupe;00020000000000000000001e;;"00010000000000000000008a;000100000000000000000085;000100000000000000000020";;envoye;000100000000000000000056;Bravo a toute l'equipe !;2026-09-28 05:10:00;0005000000000000000007da
prive;;000100000000000000000020;;;lu;000100000000000000000081;Tu as fini ton rapport ?;2026-09-28 05:26:33;0005000000000000000007db
prive;;000100000000000000000091;;;lu;000100000000000000000049;Tu as des nouvelles de la famille ?;2026-09-28 05:53:02;0005000000000000000007dc
prive;;000100000000000000000091;;;lu;000100000000000000000049;Tu as des nouvelles de la famille ?;2026-09-28 06:04:02;0005000000000000000007dd
prive;;000100000000000000000049;;;lu;000100000000000000000091;Je t'envoie le document dans la journee.;2026-09-28 06:16:02;0005000000000000000007de
prive;;000100000000000000000020;;;lu;000100000000000000000081;A tout a l'heure !;2026-09-28 06:26:33;0005000000000000000007df
groupe;000200000000000000000013;;"00010000000000000000001f;000100000000000000000020;000100000000000000000008;000100000000000000000049";;envoye;000100000000000000000088;N'oubliez pas de confirmer votre presence.;2026-09-28 07:10:00;0005000000000000000007e0
prive;;000100000000000000000081;;;lu;000100000000000000000020;Tu peux m'appeler quand tu as une minute ?;2026-09-28 07:21:33;0005000000000000000007e1
groupe;00020000000000000000000f;;"000100000000000000000096;00010000000000000000003d;000100000000000000000042";;envoye;000100000000000000000024;Rappel : rendez-vous samedi a 10h.;2026-09-28 07:24:00;0005000000000000000007e2
groupe;000200000000000000000008;;"000100000000000000000032;000100000000000000000071;000100000000000000000010;00010000000000000000000f";;envoye;000100000000000000000094;Rappel : rendez-vous samedi a 10h.;2026-09-28 07:32:00;0005000000000000000007e3
groupe;000200000000000000000009;;"000100000000000000000007;000100000000000000000039;00010000000000000000007e;000100000000000000000032";;envoye;000100000000000000000085;Excellente discussion aujourd'hui.;2026-09-28 07:56:00;0005000000000000000007e4
groupe;00020000000000000000001e;;"000100000000000000000088;000100000000000000000080;000100000000000000000006;000100000000000000000020";;envoye;00010000000000000000004e;Quelqu'un a l'information pour la reunion ?;2026-09-28 08:20:00;0005000000000000000007e5
prive;;00010000000000000000007b;;;lu;000100000000000000000050;Bonne idee, je suis partant.;2026-09-28 08:25:42;0005000000000000000007e6
groupe;000200000000000000000019;;"00010000000000000000001f;000100000000000000000015;000100000000000000000022;000100000000000000000050";;envoye;00010000000000000000008e;Une photo de l'evenement de ce week-end.;2026-09-28 09:21:00;0005000000000000000007e7
prive;;00010000000000000000007b;;;lu;000100000000000000000050;J'arrive dans dix minutes.;2026-09-28 09:26:42;0005000000000000000007e8
prive;;000100000000000000000050;;;lu;00010000000000000000007b;Bravo pour ta presentation.;2026-09-28 09:37:42;0005000000000000000007e9
groupe;000200000000000000000007;;000100000000000000000001;;envoye;00010000000000000000003d;Je suis d'accord avec la proposition.;2026-09-28 10:18:00;0005000000000000000007ea
prive;;000100000000000000000026;;;lu;000100000000000000000060;C'est confirme pour samedi.;2026-09-28 10:21:50;0005000000000000000007eb
prive;;000100000000000000000050;;;lu;00010000000000000000007b;Le cours commence a quelle heure ?;2026-09-28 10:25:42;0005000000000000000007ec
groupe;00020000000000000000001b;;"000100000000000000000024;000100000000000000000022;000100000000000000000038";;envoye;00010000000000000000008c;Je poste le compte rendu ce soir.;2026-09-28 11:06:00;0005000000000000000007ed
prive;;000100000000000000000060;;;lu;000100000000000000000026;Peux-tu me renvoyer l'adresse ?;2026-09-28 11:12:50;0005000000000000000007ee
groupe;000200000000000000000017;;;;envoye;000100000000000000000056;Rappel : rendez-vous samedi a 10h.;2026-09-28 11:16:00;0005000000000000000007ef
prive;;000100000000000000000026;;;lu;000100000000000000000060;Coucou, tu es dispo ce soir ?;2026-09-28 11:22:50;0005000000000000000007f0
groupe;000200000000000000000018;;;;envoye;000100000000000000000078;Je ne pourrai pas venir cette fois.;2026-09-28 11:45:00;0005000000000000000007f1
prive;;000100000000000000000060;;;lu;000100000000000000000026;Salut, tu vas bien ?;2026-09-28 11:46:50;0005000000000000000007f2
groupe;00020000000000000000000c;;;;envoye;000100000000000000000003;Je suis d'accord avec la proposition.;2026-09-28 12:20:00;0005000000000000000007f3
prive;;000100000000000000000026;;;lu;000100000000000000000060;Je suis dans le bus, je reponds plus tard.;2026-09-28 12:59:50;0005000000000000000007f4
groupe;000200000000000000000019;;;;envoye;000100000000000000000006;Question rapide : a quelle heure on commence ?;2026-09-28 13:06:00;0005000000000000000007f5
groupe;000200000000000000000008;;"000100000000000000000007;000100000000000000000056";;envoye;000100000000000000000048;Je propose qu'on s'organise cette semaine.;2026-09-28 13:57:00;0005000000000000000007f6
groupe;00020000000000000000001b;;"000100000000000000000092;000100000000000000000033";;envoye;000100000000000000000030;Je suis d'accord avec la proposition.;2026-09-28 14:24:00;0005000000000000000007f7
groupe;00020000000000000000000f;;"000100000000000000000042;000100000000000000000058;000100000000000000000096";;envoye;00010000000000000000000e;Rappel : rendez-vous samedi a 10h.;2026-09-28 14:33:00;0005000000000000000007f8
groupe;000200000000000000000016;;000100000000000000000014;;envoye;000100000000000000000058;N'oubliez pas de confirmer votre presence.;2026-09-28 14:52:00;0005000000000000000007f9
prive;;000100000000000000000089;;;lu;000100000000000000000096;Haha, trop drole !;2026-09-28 15:05:32;0005000000000000000007fa
prive;;00010000000000000000000d;;;lu;000100000000000000000040;Tu as fini ton rapport ?;2026-09-28 15:51:38;0005000000000000000007fb
prive;;000100000000000000000040;;;lu;00010000000000000000000d;On se retrouve ou ?;2026-09-28 16:05:38;0005000000000000000007fc
prive;;000100000000000000000089;;;lu;000100000000000000000096;Bravo pour ta presentation.;2026-09-28 16:31:32;0005000000000000000007fd
prive;;000100000000000000000040;;;lu;00010000000000000000000d;Bravo pour ta presentation.;2026-09-28 16:42:38;0005000000000000000007fe
prive;;000100000000000000000047;;;lu;000100000000000000000037;Salut, tu vas bien ?;2026-09-28 16:45:07;0005000000000000000007ff
groupe;000200000000000000000018;;"000100000000000000000038;000100000000000000000004;00010000000000000000007f;00010000000000000000002e";;envoye;000100000000000000000076;Voici le lien dont je parlais hier.;2026-09-28 17:16:00;000500000000000000000800
prive;;000100000000000000000037;;;lu;000100000000000000000047;Salut, tu vas bien ?;2026-09-28 17:22:07;000500000000000000000801
prive;;00010000000000000000000d;;;lu;000100000000000000000040;Tu as reussi a te connecter ?;2026-09-28 17:28:38;000500000000000000000802
prive;;00010000000000000000000d;;;lu;000100000000000000000040;C'est confirme pour samedi.;2026-09-28 17:48:38;000500000000000000000803
groupe;000200000000000000000013;;;;envoye;000100000000000000000015;Je propose qu'on s'organise cette semaine.;2026-09-28 18:28:00;000500000000000000000804
groupe;000200000000000000000018;;;;envoye;000100000000000000000042;N'oubliez pas de confirmer votre presence.;2026-09-28 19:07:00;000500000000000000000805
prive;;000100000000000000000053;;;lu;00010000000000000000001c;Je suis en retard, desole.;2026-09-28 19:08:12;000500000000000000000806
groupe;000200000000000000000019;;"00010000000000000000002b;00010000000000000000008c;000100000000000000000036";;envoye;00010000000000000000002a;Une photo de l'evenement de ce week-end.;2026-09-28 19:49:00;000500000000000000000807
groupe;00020000000000000000001d;;"000100000000000000000063;00010000000000000000008a;00010000000000000000007b";;envoye;000100000000000000000034;Bonjour a tous, bienvenue dans le groupe.;2026-09-28 21:23:00;000500000000000000000808
groupe;000200000000000000000002;;"000100000000000000000032;000100000000000000000081;000100000000000000000001";;envoye;000100000000000000000063;Une idee pour la prochaine sortie ?;2026-09-28 22:24:00;000500000000000000000809
groupe;00020000000000000000001d;;"00010000000000000000000b;000100000000000000000027;000100000000000000000046";;envoye;000100000000000000000064;Bonjour a tous, bienvenue dans le groupe.;2026-09-28 22:34:00;00050000000000000000080a
groupe;00020000000000000000000a;;"00010000000000000000006b;000100000000000000000044;000100000000000000000054;000100000000000000000027";;envoye;000100000000000000000052;Quelqu'un a l'information pour la reunion ?;2026-09-28 22:49:00;00050000000000000000080b
groupe;00020000000000000000000e;;"00010000000000000000003c;000100000000000000000081;000100000000000000000079;000100000000000000000007";;envoye;000100000000000000000085;Bonjour a tous, bienvenue dans le groupe.;2026-09-28 23:19:00;00050000000000000000080c
groupe;00020000000000000000000b;;"000100000000000000000042;00010000000000000000007f";;envoye;000100000000000000000094;Bonne journee a tous !;2026-09-28 23:36:00;00050000000000000000080d
groupe;00020000000000000000001a;;000100000000000000000037;;envoye;00010000000000000000003d;Bonne journee a tous !;2026-09-29 01:34:00;00050000000000000000080e
prive;;000100000000000000000001;;;lu;00010000000000000000001a;Bonne idee, je suis partant.;2026-09-29 01:38:47;00050000000000000000080f
groupe;00020000000000000000001b;;000100000000000000000015;;envoye;00010000000000000000004e;Je suis d'accord avec la proposition.;2026-09-29 02:18:00;000500000000000000000810
groupe;000200000000000000000012;;000100000000000000000003;;envoye;000100000000000000000050;N'oubliez pas de confirmer votre presence.;2026-09-29 02:19:00;000500000000000000000811
prive;;000100000000000000000020;;;lu;000100000000000000000081;A tout a l'heure !;2026-09-29 02:21:33;000500000000000000000812
prive;;00010000000000000000001a;;;lu;000100000000000000000001;Bonne idee, je suis partant.;2026-09-29 02:23:47;000500000000000000000813
groupe;00020000000000000000000a;;;;envoye;000100000000000000000037;Merci aux admins pour l'organisation.;2026-09-29 02:58:00;000500000000000000000814
groupe;000200000000000000000012;;;;envoye;000100000000000000000058;Je poste le compte rendu ce soir.;2026-09-29 03:09:00;000500000000000000000815
groupe;000200000000000000000002;;000100000000000000000032;;envoye;000100000000000000000005;Qui peut apporter les chaises ?;2026-09-29 03:14:00;000500000000000000000816
groupe;00020000000000000000001b;;;;envoye;000100000000000000000075;Je suis d'accord avec la proposition.;2026-09-29 03:20:00;000500000000000000000817
prive;;000100000000000000000085;;;lu;00010000000000000000002b;Coucou, tu es dispo ce soir ?;2026-09-29 03:36:19;000500000000000000000818
groupe;000200000000000000000004;;000100000000000000000069;;envoye;000100000000000000000024;Excellente discussion aujourd'hui.;2026-09-29 03:42:00;000500000000000000000819
groupe;00020000000000000000001b;;"00010000000000000000001e;000100000000000000000007";;envoye;00010000000000000000007b;Qui peut apporter les chaises ?;2026-09-29 03:48:00;00050000000000000000081a
groupe;000200000000000000000007;;"000100000000000000000025;000100000000000000000024;00010000000000000000007f;00010000000000000000001c;000100000000000000000001";;envoye;000100000000000000000039;N'oubliez pas de confirmer votre presence.;2026-09-29 03:48:00;00050000000000000000081b
groupe;000200000000000000000019;;"000100000000000000000007;000100000000000000000004;000100000000000000000009;00010000000000000000003f";;envoye;000100000000000000000092;Voici le lien dont je parlais hier.;2026-09-29 04:03:00;00050000000000000000081c
groupe;000200000000000000000015;;"000100000000000000000075;000100000000000000000045";;envoye;00010000000000000000001f;Une idee pour la prochaine sortie ?;2026-09-29 04:16:00;00050000000000000000081d
groupe;00020000000000000000000e;;"000100000000000000000015;000100000000000000000044;000100000000000000000088;00010000000000000000005a";;envoye;000100000000000000000013;Bravo a toute l'equipe !;2026-09-29 05:50:00;00050000000000000000081e
groupe;00020000000000000000001b;;"00010000000000000000003d;000100000000000000000033;00010000000000000000005b";;envoye;000100000000000000000028;Rappel : rendez-vous samedi a 10h.;2026-09-29 06:02:00;00050000000000000000081f
groupe;00020000000000000000001b;;"00010000000000000000003f;000100000000000000000054";;envoye;00010000000000000000001e;Merci aux admins pour l'organisation.;2026-09-29 07:12:00;000500000000000000000820
groupe;000200000000000000000004;;"000100000000000000000021;000100000000000000000075;000100000000000000000046";;envoye;000100000000000000000001;Je propose qu'on s'organise cette semaine.;2026-09-29 08:23:00;000500000000000000000821
prive;;000100000000000000000040;;;lu;00010000000000000000002a;Bonne nuit !;2026-09-29 08:53:45;000500000000000000000822
prive;;00010000000000000000002a;;;lu;000100000000000000000040;Ok, c'est note.;2026-09-29 09:49:45;000500000000000000000823
groupe;000200000000000000000018;;"00010000000000000000002b;000100000000000000000037;000100000000000000000042";;envoye;000100000000000000000003;Une idee pour la prochaine sortie ?;2026-09-29 10:12:00;000500000000000000000824
groupe;000200000000000000000007;;"000100000000000000000031;000100000000000000000080;00010000000000000000008f";;envoye;000100000000000000000027;Quelqu'un connait un bon prestataire ?;2026-09-29 10:50:00;000500000000000000000825
prive;;00010000000000000000001c;;;lu;000100000000000000000053;Tu as des nouvelles de la famille ?;2026-09-29 11:08:12;000500000000000000000826
prive;;000100000000000000000047;;;lu;000100000000000000000037;Tu as des nouvelles de la famille ?;2026-09-29 11:22:07;000500000000000000000827
prive;;000100000000000000000037;;;recu;000100000000000000000047;A tout a l'heure !;2026-09-29 11:33:07;000500000000000000000828
prive;;000100000000000000000053;;;lu;00010000000000000000001c;A tout a l'heure !;2026-09-29 11:53:12;000500000000000000000829
prive;;000100000000000000000037;;;recu;000100000000000000000047;Je suis dans le bus, je reponds plus tard.;2026-09-29 12:22:07;00050000000000000000082a
prive;;000100000000000000000053;;;lu;00010000000000000000001c;A tout a l'heure !;2026-09-29 12:28:12;00050000000000000000082b
prive;;000100000000000000000053;;;lu;00010000000000000000001c;Le cours commence a quelle heure ?;2026-09-29 12:44:12;00050000000000000000082c
prive;;00010000000000000000001c;;;lu;000100000000000000000053;On se retrouve ou ?;2026-09-29 12:53:12;00050000000000000000082d
groupe;000200000000000000000018;;"000100000000000000000025;000100000000000000000013;000100000000000000000011;000100000000000000000059";;envoye;00010000000000000000007e;Je ne pourrai pas venir cette fois.;2026-09-29 13:29:00;00050000000000000000082e
prive;;00010000000000000000001c;;;lu;000100000000000000000053;J'arrive dans dix minutes.;2026-09-29 13:46:12;00050000000000000000082f
groupe;00020000000000000000000c;;000100000000000000000019;;envoye;000100000000000000000059;Merci pour le partage, tres utile.;2026-09-29 14:08:00;000500000000000000000830
prive;;00010000000000000000000f;;;lu;00010000000000000000008a;Tu as reussi a te connecter ?;2026-09-29 14:10:28;000500000000000000000831
prive;;00010000000000000000008a;;;lu;00010000000000000000000f;Je suis dans le bus, je reponds plus tard.;2026-09-29 15:36:28;000500000000000000000832
groupe;000200000000000000000015;;"000100000000000000000058;000100000000000000000045;00010000000000000000007b;000100000000000000000055";;envoye;000100000000000000000075;Question rapide : a quelle heure on commence ?;2026-09-29 15:48:00;000500000000000000000833
prive;;00010000000000000000000f;;;lu;00010000000000000000008a;Je suis en retard, desole.;2026-09-29 15:50:28;000500000000000000000834
groupe;00020000000000000000001b;;000100000000000000000003;;envoye;000100000000000000000075;Quelqu'un a l'information pour la reunion ?;2026-09-29 16:34:00;000500000000000000000835
prive;;00010000000000000000008a;;;lu;00010000000000000000000f;Je t'ai envoye une photo.;2026-09-29 17:05:28;000500000000000000000836
groupe;000200000000000000000007;;"000100000000000000000045;000100000000000000000065;000100000000000000000001";;envoye;000100000000000000000087;Merci aux admins pour l'organisation.;2026-09-29 17:16:00;000500000000000000000837
prive;;00010000000000000000008a;;;lu;00010000000000000000000f;Je n'ai pas bien compris, tu peux repeter ?;2026-09-29 17:47:28;000500000000000000000838
prive;;00010000000000000000008a;;;lu;00010000000000000000000f;J'arrive dans dix minutes.;2026-09-29 18:29:28;000500000000000000000839
groupe;000200000000000000000004;;"00010000000000000000001c;00010000000000000000003c;000100000000000000000049;000100000000000000000001";;envoye;000100000000000000000007;Quelqu'un a l'information pour la reunion ?;2026-09-29 18:34:00;00050000000000000000083a
groupe;00020000000000000000001b;;000100000000000000000026;;envoye;00010000000000000000008d;Je ne pourrai pas venir cette fois.;2026-09-29 19:17:00;00050000000000000000083b
groupe;00020000000000000000001a;;"000100000000000000000010;00010000000000000000008f";;envoye;000100000000000000000087;Voici le lien dont je parlais hier.;2026-09-29 19:46:00;00050000000000000000083c
groupe;00020000000000000000000f;;"000100000000000000000017;000100000000000000000026;000100000000000000000032;000100000000000000000011";;envoye;00010000000000000000007b;Je propose qu'on s'organise cette semaine.;2026-09-29 21:34:00;00050000000000000000083d
prive;;00010000000000000000000d;;;lu;000100000000000000000040;Ok, c'est note.;2026-09-29 21:48:38;00050000000000000000083e
prive;;000100000000000000000040;;;lu;00010000000000000000000d;Je suis dans le bus, je reponds plus tard.;2026-09-29 22:08:38;00050000000000000000083f
prive;;000100000000000000000040;;;lu;00010000000000000000000d;On se voit demain a la fac ?;2026-09-29 22:43:38;000500000000000000000840
groupe;000200000000000000000010;;00010000000000000000004e;;envoye;000100000000000000000006;Je ne pourrai pas venir cette fois.;2026-09-29 22:44:00;000500000000000000000841
prive;;000100000000000000000040;;;recu;00010000000000000000000d;Coucou, tu es dispo ce soir ?;2026-09-29 23:23:38;000500000000000000000842
prive;;000100000000000000000017;;;lu;000100000000000000000030;Passe une bonne soiree.;2026-09-30 00:20:07;000500000000000000000843
prive;;000100000000000000000017;;;lu;000100000000000000000030;Peux-tu me renvoyer l'adresse ?;2026-09-30 01:01:07;000500000000000000000844
groupe;00020000000000000000000e;;;;envoye;00010000000000000000001f;Quelqu'un connait un bon prestataire ?;2026-09-30 01:13:00;000500000000000000000845
prive;;000100000000000000000017;;;lu;000100000000000000000030;Ok, c'est note.;2026-09-30 02:13:07;000500000000000000000846
groupe;000200000000000000000015;;"000100000000000000000039;00010000000000000000007b;000100000000000000000015";;envoye;000100000000000000000058;Une photo de l'evenement de ce week-end.;2026-09-30 02:22:00;000500000000000000000847
prive;;000100000000000000000017;;;lu;000100000000000000000030;Dis-moi quand tu es libre.;2026-09-30 02:47:07;000500000000000000000848
groupe;00020000000000000000000b;;;;envoye;000100000000000000000002;Excellente discussion aujourd'hui.;2026-09-30 03:13:00;000500000000000000000849
prive;;000100000000000000000030;;;lu;000100000000000000000017;Tu as reussi a te connecter ?;2026-09-30 03:21:07;00050000000000000000084a
groupe;00020000000000000000000a;;"000100000000000000000044;000100000000000000000033;00010000000000000000005a;00010000000000000000007e";;envoye;000100000000000000000054;Rappel : rendez-vous samedi a 10h.;2026-09-30 03:34:00;00050000000000000000084b
prive;;000100000000000000000017;;;lu;000100000000000000000030;Ne t'inquiete pas, tout va bien.;2026-09-30 03:36:07;00050000000000000000084c
prive;;000100000000000000000030;;;lu;000100000000000000000017;J'arrive dans dix minutes.;2026-09-30 03:55:07;00050000000000000000084d
groupe;00020000000000000000001b;;"000100000000000000000007;000100000000000000000075;000100000000000000000012";;envoye;000100000000000000000073;Bonjour a tous, bienvenue dans le groupe.;2026-09-30 04:19:00;00050000000000000000084e
prive;;000100000000000000000030;;;lu;000100000000000000000017;Ok, c'est note.;2026-09-30 04:40:07;00050000000000000000084f
groupe;000200000000000000000013;;"00010000000000000000001f;000100000000000000000020;000100000000000000000027";;envoye;000100000000000000000038;Merci pour le partage, tres utile.;2026-09-30 04:45:00;000500000000000000000850
prive;;000100000000000000000017;;;lu;000100000000000000000030;Bonne nuit !;2026-09-30 04:56:07;000500000000000000000851
prive;;000100000000000000000030;;;lu;000100000000000000000017;Bonne idee, je suis partant.;2026-09-30 05:39:07;000500000000000000000852
prive;;000100000000000000000017;;;lu;000100000000000000000030;Super, merci beaucoup !;2026-09-30 05:40:07;000500000000000000000853
prive;;000100000000000000000017;;;lu;000100000000000000000030;Je t'ai envoye une photo.;2026-09-30 05:54:07;000500000000000000000854
prive;;000100000000000000000028;;;lu;000100000000000000000043;A tout a l'heure !;2026-09-30 06:16:21;000500000000000000000855
prive;;000100000000000000000017;;;lu;000100000000000000000030;Le cours commence a quelle heure ?;2026-09-30 06:32:07;000500000000000000000856
prive;;000100000000000000000028;;;lu;000100000000000000000043;Je suis en retard, desole.;2026-09-30 06:45:21;000500000000000000000857
groupe;00020000000000000000000b;;"000100000000000000000077;000100000000000000000059";;envoye;000100000000000000000049;Je propose qu'on s'organise cette semaine.;2026-09-30 06:56:00;000500000000000000000858
prive;;000100000000000000000043;;;lu;000100000000000000000028;Le cours commence a quelle heure ?;2026-09-30 07:16:21;000500000000000000000859
prive;;000100000000000000000030;;;recu;000100000000000000000017;Le cours commence a quelle heure ?;2026-09-30 07:42:07;00050000000000000000085a
groupe;000200000000000000000006;;"000100000000000000000066;000100000000000000000011;00010000000000000000000a;00010000000000000000002a";;envoye;000100000000000000000003;Merci pour le partage, tres utile.;2026-09-30 07:47:00;00050000000000000000085b
prive;;000100000000000000000028;;;lu;000100000000000000000043;C'est confirme pour samedi.;2026-09-30 07:51:21;00050000000000000000085c
prive;;000100000000000000000026;;;lu;000100000000000000000060;C'est confirme pour samedi.;2026-09-30 07:59:50;00050000000000000000085d
prive;;000100000000000000000028;;;lu;000100000000000000000043;Ok, c'est note.;2026-09-30 08:28:21;00050000000000000000085e
prive;;000100000000000000000060;;;lu;000100000000000000000026;Ok, c'est note.;2026-09-30 08:32:50;00050000000000000000085f
prive;;000100000000000000000043;;;lu;000100000000000000000028;Tu as reussi a te connecter ?;2026-09-30 08:41:21;000500000000000000000860
groupe;00020000000000000000001b;;"000100000000000000000078;00010000000000000000007e";;envoye;00010000000000000000001f;Excellente discussion aujourd'hui.;2026-09-30 08:45:00;000500000000000000000861
groupe;000200000000000000000006;;"000100000000000000000087;000100000000000000000046;000100000000000000000050";;envoye;00010000000000000000001f;Merci pour le partage, tres utile.;2026-09-30 08:49:00;000500000000000000000862
groupe;00020000000000000000001b;;"000100000000000000000010;00010000000000000000003c;000100000000000000000024;000100000000000000000033";;envoye;00010000000000000000001c;Quelqu'un connait un bon prestataire ?;2026-09-30 09:06:00;000500000000000000000863
groupe;000200000000000000000008;;"000100000000000000000063;000100000000000000000032;000100000000000000000090;000100000000000000000005";;envoye;00010000000000000000005a;Merci pour le partage, tres utile.;2026-09-30 09:07:00;000500000000000000000864
prive;;000100000000000000000089;;;lu;000100000000000000000096;Super, merci beaucoup !;2026-09-30 09:31:32;000500000000000000000865
prive;;000100000000000000000089;;;lu;000100000000000000000096;Bravo pour ta presentation.;2026-09-30 09:34:32;000500000000000000000866
prive;;000100000000000000000026;;;lu;000100000000000000000060;J'arrive dans dix minutes.;2026-09-30 09:56:50;000500000000000000000867
prive;;000100000000000000000049;;;lu;000100000000000000000091;Le cours commence a quelle heure ?;2026-09-30 10:16:02;000500000000000000000868
prive;;000100000000000000000091;;;lu;000100000000000000000049;Dis-moi quand tu es libre.;2026-09-30 10:19:02;000500000000000000000869
groupe;000200000000000000000007;;000100000000000000000001;;envoye;00010000000000000000000b;Je propose qu'on s'organise cette semaine.;2026-09-30 10:31:00;00050000000000000000086a
groupe;000200000000000000000011;;"000100000000000000000043;000100000000000000000094;000100000000000000000093;00010000000000000000007b";;envoye;00010000000000000000001f;Question rapide : a quelle heure on commence ?;2026-09-30 11:29:00;00050000000000000000086b
groupe;00020000000000000000001a;;"00010000000000000000002a;00010000000000000000001f;000100000000000000000010;00010000000000000000002e";;envoye;000100000000000000000006;On vote pour la date ?;2026-09-30 12:15:00;00050000000000000000086c
prive;;000100000000000000000068;;;recu;000100000000000000000069;On se voit demain a la fac ?;2026-09-30 13:35:10;00050000000000000000086d
prive;;000100000000000000000026;;;lu;00010000000000000000000b;A tout a l'heure !;2026-09-30 13:52:35;00050000000000000000086e
prive;;000100000000000000000026;;;lu;00010000000000000000000b;Merci pour ton aide, vraiment.;2026-09-30 13:55:35;00050000000000000000086f
prive;;000100000000000000000068;;;envoye;000100000000000000000069;On se voit demain a la fac ?;2026-09-30 13:56:10;000500000000000000000870
prive;;00010000000000000000000b;;;lu;000100000000000000000026;Le cours commence a quelle heure ?;2026-09-30 14:43:35;000500000000000000000871
groupe;000200000000000000000017;;000100000000000000000046;;envoye;000100000000000000000056;Merci pour le partage, tres utile.;2026-09-30 15:03:00;000500000000000000000872
prive;;000100000000000000000026;;;lu;00010000000000000000000b;Je suis en retard, desole.;2026-09-30 15:14:35;000500000000000000000873
groupe;00020000000000000000001a;;"00010000000000000000002b;000100000000000000000026;000100000000000000000006;00010000000000000000007b";;envoye;00010000000000000000006a;On vote pour la date ?;2026-09-30 15:16:00;000500000000000000000874
prive;;000100000000000000000026;;;lu;00010000000000000000000b;Bravo pour ta presentation.;2026-09-30 15:21:35;000500000000000000000875
prive;;000100000000000000000050;;;lu;00010000000000000000007b;Je t'envoie le document dans la journee.;2026-09-30 15:25:42;000500000000000000000876
groupe;000200000000000000000006;;;;envoye;00010000000000000000001f;Quelqu'un a l'information pour la reunion ?;2026-09-30 15:30:00;000500000000000000000877
prive;;000100000000000000000026;;;lu;00010000000000000000000b;Je t'ai envoye une photo.;2026-09-30 15:40:35;000500000000000000000878
groupe;000200000000000000000004;;"000100000000000000000046;000100000000000000000039;000100000000000000000061";;envoye;000100000000000000000086;Qui peut apporter les chaises ?;2026-09-30 16:17:00;000500000000000000000879
prive;;00010000000000000000000b;;;lu;000100000000000000000026;Peux-tu me renvoyer l'adresse ?;2026-09-30 16:27:35;00050000000000000000087a
prive;;00010000000000000000007b;;;lu;000100000000000000000050;Bravo pour ta presentation.;2026-09-30 16:38:42;00050000000000000000087b
prive;;000100000000000000000026;;;lu;00010000000000000000000b;C'est confirme pour samedi.;2026-09-30 16:53:35;00050000000000000000087c
prive;;00010000000000000000007b;;;lu;000100000000000000000050;Ne t'inquiete pas, tout va bien.;2026-09-30 17:18:42;00050000000000000000087d
prive;;000100000000000000000050;;;lu;00010000000000000000007b;On en parle demain ?;2026-09-30 17:45:42;00050000000000000000087e
prive;;00010000000000000000000b;;;lu;000100000000000000000026;Tu peux m'appeler quand tu as une minute ?;2026-09-30 18:18:35;00050000000000000000087f
prive;;000100000000000000000050;;;lu;00010000000000000000007b;Bravo pour ta presentation.;2026-09-30 18:44:42;000500000000000000000880
prive;;000100000000000000000035;;;lu;000100000000000000000020;Tu as vu la publication d'hier ?;2026-09-30 18:53:59;000500000000000000000881
prive;;000100000000000000000050;;;lu;00010000000000000000007b;Merci pour ton aide, vraiment.;2026-09-30 19:43:42;000500000000000000000882
prive;;000100000000000000000020;;;lu;000100000000000000000035;Je suis en retard, desole.;2026-09-30 20:23:59;000500000000000000000883
groupe;000200000000000000000019;;"00010000000000000000001c;00010000000000000000008f;000100000000000000000043";;envoye;000100000000000000000096;Excellente discussion aujourd'hui.;2026-09-30 20:31:00;000500000000000000000884
groupe;000200000000000000000007;;"00010000000000000000003d;00010000000000000000007b;000100000000000000000001";;envoye;000100000000000000000071;Une photo de l'evenement de ce week-end.;2026-09-30 20:39:00;000500000000000000000885
prive;;000100000000000000000020;;;lu;000100000000000000000035;Tu as reussi a te connecter ?;2026-09-30 20:39:59;000500000000000000000886
groupe;000200000000000000000005;;"00010000000000000000001a;000100000000000000000001";;envoye;000100000000000000000049;Quelqu'un connait un bon prestataire ?;2026-09-30 20:47:00;000500000000000000000887
groupe;000200000000000000000011;;"000100000000000000000008;00010000000000000000007e;00010000000000000000001c";;envoye;000100000000000000000049;Merci aux admins pour l'organisation.;2026-09-30 20:48:00;000500000000000000000888
groupe;000200000000000000000019;;"000100000000000000000017;000100000000000000000023";;envoye;00010000000000000000008a;Je poste le compte rendu ce soir.;2026-09-30 21:24:00;000500000000000000000889
groupe;00020000000000000000001d;;"000100000000000000000046;000100000000000000000064";;envoye;00010000000000000000007b;On vote pour la date ?;2026-09-30 21:25:00;00050000000000000000088a
groupe;00020000000000000000001a;;;;envoye;000100000000000000000025;Merci pour le partage, tres utile.;2026-09-30 22:30:00;00050000000000000000088b
groupe;00020000000000000000000a;;"00010000000000000000000e;00010000000000000000002b;000100000000000000000036";;envoye;00010000000000000000005a;Qui peut apporter les chaises ?;2026-09-30 22:36:00;00050000000000000000088c
groupe;00020000000000000000001d;;00010000000000000000007b;;envoye;00010000000000000000000b;N'oubliez pas de confirmer votre presence.;2026-09-30 23:50:00;00050000000000000000088d
groupe;00020000000000000000000c;;;;envoye;00010000000000000000002b;Une idee pour la prochaine sortie ?;2026-10-01 00:35:00;00050000000000000000088e
groupe;000200000000000000000012;;000100000000000000000088;;envoye;00010000000000000000004c;Quelqu'un a l'information pour la reunion ?;2026-10-01 00:53:00;00050000000000000000088f
groupe;000200000000000000000005;;00010000000000000000008c;;envoye;000100000000000000000042;Je poste le compte rendu ce soir.;2026-10-01 01:19:00;000500000000000000000890
prive;;00010000000000000000001a;;;lu;000100000000000000000001;Ne t'inquiete pas, tout va bien.;2026-10-01 01:23:47;000500000000000000000891
groupe;000200000000000000000019;;000100000000000000000039;;envoye;000100000000000000000055;Je propose qu'on s'organise cette semaine.;2026-10-01 01:33:00;000500000000000000000892
groupe;000200000000000000000007;;"00010000000000000000005c;00010000000000000000003d;000100000000000000000057;000100000000000000000017";;envoye;000100000000000000000053;Je propose qu'on s'organise cette semaine.;2026-10-01 01:44:00;000500000000000000000893
prive;;000100000000000000000001;;;lu;00010000000000000000001a;Peux-tu me renvoyer l'adresse ?;2026-10-01 02:38:47;000500000000000000000894
groupe;00020000000000000000000e;;"00010000000000000000008c;000100000000000000000088";;envoye;000100000000000000000031;Excellente discussion aujourd'hui.;2026-10-01 02:54:00;000500000000000000000895
groupe;00020000000000000000001b;;000100000000000000000033;;envoye;000100000000000000000088;Rappel : rendez-vous samedi a 10h.;2026-10-01 03:05:00;000500000000000000000896
groupe;000200000000000000000007;;"000100000000000000000071;000100000000000000000092;000100000000000000000091;00010000000000000000002d";;envoye;000100000000000000000076;Je propose qu'on s'organise cette semaine.;2026-10-01 03:41:00;000500000000000000000897
prive;;000100000000000000000040;;;lu;00010000000000000000002a;On en parle demain ?;2026-10-01 03:49:45;000500000000000000000898
prive;;000100000000000000000040;;;lu;00010000000000000000002a;Tu as des nouvelles de la famille ?;2026-10-01 04:05:45;000500000000000000000899
groupe;000200000000000000000011;;"000100000000000000000024;00010000000000000000000d;000100000000000000000046";;envoye;000100000000000000000063;Je poste le compte rendu ce soir.;2026-10-01 04:07:00;00050000000000000000089a
groupe;00020000000000000000000a;;000100000000000000000009;;envoye;00010000000000000000005c;Voici le lien dont je parlais hier.;2026-10-01 04:37:00;00050000000000000000089b
groupe;000200000000000000000004;;"000100000000000000000048;000100000000000000000001";;envoye;000100000000000000000017;Voici le lien dont je parlais hier.;2026-10-01 04:54:00;00050000000000000000089c
groupe;000200000000000000000018;;"00010000000000000000007e;00010000000000000000002b";;envoye;00010000000000000000008e;On vote pour la date ?;2026-10-01 05:09:00;00050000000000000000089d
groupe;000200000000000000000019;;000100000000000000000053;;envoye;000100000000000000000021;Bonne journee a tous !;2026-10-01 05:13:00;00050000000000000000089e
groupe;00020000000000000000000b;;000100000000000000000007;;envoye;00010000000000000000003b;Excellente discussion aujourd'hui.;2026-10-01 05:29:00;00050000000000000000089f
groupe;00020000000000000000001b;;"000100000000000000000018;000100000000000000000048;00010000000000000000001c;000100000000000000000024";;envoye;00010000000000000000005b;On vote pour la date ?;2026-10-01 05:55:00;0005000000000000000008a0
groupe;00020000000000000000001b;;"000100000000000000000075;000100000000000000000038;00010000000000000000001f";;envoye;000100000000000000000011;Bravo a toute l'equipe !;2026-10-01 08:06:00;0005000000000000000008a1
groupe;000200000000000000000006;;"00010000000000000000002d;00010000000000000000002a";;envoye;00010000000000000000003b;Merci pour le partage, tres utile.;2026-10-01 08:25:00;0005000000000000000008a2
prive;;00010000000000000000001a;;;lu;000100000000000000000001;Peux-tu me renvoyer l'adresse ?;2026-10-01 08:38:47;0005000000000000000008a3
groupe;000200000000000000000011;;000100000000000000000093;;envoye;000100000000000000000054;Une photo de l'evenement de ce week-end.;2026-10-01 08:50:00;0005000000000000000008a4
groupe;000200000000000000000018;;000100000000000000000042;;envoye;00010000000000000000005c;Merci aux admins pour l'organisation.;2026-10-01 09:14:00;0005000000000000000008a5
prive;;000100000000000000000043;;;lu;000100000000000000000028;Ne t'inquiete pas, tout va bien.;2026-10-01 09:41:21;0005000000000000000008a6
prive;;000100000000000000000001;;;lu;00010000000000000000001a;Bonne idee, je suis partant.;2026-10-01 10:05:47;0005000000000000000008a7
groupe;00020000000000000000000a;;"00010000000000000000003a;00010000000000000000005a;000100000000000000000014";;envoye;000100000000000000000009;On vote pour la date ?;2026-10-01 12:34:00;0005000000000000000008a8
groupe;000200000000000000000004;;"000100000000000000000021;000100000000000000000012";;envoye;00010000000000000000001f;Je propose qu'on s'organise cette semaine.;2026-10-01 12:58:00;0005000000000000000008a9
groupe;00020000000000000000001b;;"000100000000000000000075;000100000000000000000053;000100000000000000000093";;envoye;000100000000000000000078;Bonne journee a tous !;2026-10-01 13:22:00;0005000000000000000008aa
groupe;000200000000000000000009;;"00010000000000000000001b;000100000000000000000018";;envoye;000100000000000000000008;Bonjour a tous, bienvenue dans le groupe.;2026-10-01 15:39:00;0005000000000000000008ab
groupe;00020000000000000000000a;;;;envoye;00010000000000000000007f;Quelqu'un a l'information pour la reunion ?;2026-10-01 15:42:00;0005000000000000000008ac
groupe;00020000000000000000001a;;"000100000000000000000087;000100000000000000000088";;envoye;000100000000000000000075;Voici le lien dont je parlais hier.;2026-10-01 16:26:00;0005000000000000000008ad
groupe;00020000000000000000001a;;"000100000000000000000031;000100000000000000000052";;envoye;000100000000000000000090;Quelqu'un a l'information pour la reunion ?;2026-10-01 16:31:00;0005000000000000000008ae
groupe;00020000000000000000001e;;00010000000000000000005b;;envoye;00010000000000000000004e;Quelqu'un connait un bon prestataire ?;2026-10-01 16:57:00;0005000000000000000008af
groupe;000200000000000000000017;;"000100000000000000000054;000100000000000000000046;000100000000000000000056;000100000000000000000048";;envoye;000100000000000000000059;Je propose qu'on s'organise cette semaine.;2026-10-01 17:02:00;0005000000000000000008b0
prive;;00010000000000000000000f;;;lu;00010000000000000000008a;Peux-tu me renvoyer l'adresse ?;2026-10-01 17:29:28;0005000000000000000008b1
prive;;00010000000000000000000f;;;lu;00010000000000000000008a;Tu as vu la publication d'hier ?;2026-10-01 17:48:28;0005000000000000000008b2
groupe;000200000000000000000004;;"000100000000000000000012;000100000000000000000007;000100000000000000000017;000100000000000000000043;000100000000000000000001";;envoye;000100000000000000000023;Bonne journee a tous !;2026-10-01 18:28:00;0005000000000000000008b3
prive;;00010000000000000000008a;;;lu;00010000000000000000000f;Bonne nuit !;2026-10-01 18:35:28;0005000000000000000008b4
prive;;00010000000000000000000f;;;lu;00010000000000000000008a;Je t'ai envoye une photo.;2026-10-01 19:10:28;0005000000000000000008b5
prive;;00010000000000000000000f;;;lu;00010000000000000000008a;Ne t'inquiete pas, tout va bien.;2026-10-01 19:30:28;0005000000000000000008b6
groupe;000200000000000000000006;;"00010000000000000000003b;000100000000000000000027;000100000000000000000003;00010000000000000000000a";;envoye;000100000000000000000014;Je ne pourrai pas venir cette fois.;2026-10-01 19:34:00;0005000000000000000008b7
groupe;00020000000000000000000c;;000100000000000000000053;;envoye;00010000000000000000007b;Je propose qu'on s'organise cette semaine.;2026-10-01 20:32:00;0005000000000000000008b8
prive;;00010000000000000000008a;;;envoye;00010000000000000000000f;A tout a l'heure !;2026-10-01 20:59:28;0005000000000000000008b9
prive;;00010000000000000000004a;;;lu;00010000000000000000001e;Je suis dans le bus, je reponds plus tard.;2026-10-01 21:03:04;0005000000000000000008ba
groupe;00020000000000000000001a;;00010000000000000000001a;;envoye;000100000000000000000027;Je ne pourrai pas venir cette fois.;2026-10-01 21:35:00;0005000000000000000008bb
prive;;000100000000000000000045;;;lu;000100000000000000000030;Tu as des nouvelles de la famille ?;2026-10-01 21:35:47;0005000000000000000008bc
prive;;000100000000000000000045;;;lu;000100000000000000000030;Bravo pour ta presentation.;2026-10-01 21:36:47;0005000000000000000008bd
prive;;000100000000000000000030;;;lu;000100000000000000000045;A tout a l'heure !;2026-10-01 21:45:47;0005000000000000000008be
groupe;00020000000000000000000b;;000100000000000000000007;;envoye;000100000000000000000081;Merci aux admins pour l'organisation.;2026-10-01 23:03:00;0005000000000000000008bf
groupe;000200000000000000000005;;"000100000000000000000015;00010000000000000000008e;000100000000000000000065;000100000000000000000010;000100000000000000000001";;envoye;000100000000000000000012;Je suis d'accord avec la proposition.;2026-10-01 23:39:00;0005000000000000000008c0
groupe;00020000000000000000001d;;"00010000000000000000007b;00010000000000000000008a;000100000000000000000013";;envoye;000100000000000000000027;Bonjour a tous, bienvenue dans le groupe.;2026-10-01 23:47:00;0005000000000000000008c1
groupe;00020000000000000000001a;;"000100000000000000000064;000100000000000000000006;000100000000000000000056";;envoye;000100000000000000000017;Bonne journee a tous !;2026-10-01 23:51:00;0005000000000000000008c2
groupe;00020000000000000000000f;;"000100000000000000000011;000100000000000000000017;00010000000000000000005d;000100000000000000000054";;envoye;000100000000000000000058;Je propose qu'on s'organise cette semaine.;2026-10-02 00:06:00;0005000000000000000008c3
groupe;00020000000000000000000d;;;;envoye;00010000000000000000007e;Je propose qu'on s'organise cette semaine.;2026-10-02 01:34:00;0005000000000000000008c4
groupe;00020000000000000000000b;;"000100000000000000000054;000100000000000000000026";;envoye;000100000000000000000092;Je propose qu'on s'organise cette semaine.;2026-10-02 01:39:00;0005000000000000000008c5
groupe;00020000000000000000000e;;"000100000000000000000065;00010000000000000000001c";;envoye;000100000000000000000094;Je ne pourrai pas venir cette fois.;2026-10-02 02:03:00;0005000000000000000008c6
groupe;000200000000000000000018;;"000100000000000000000038;00010000000000000000006a";;envoye;00010000000000000000002b;Rappel : rendez-vous samedi a 10h.;2026-10-02 02:40:00;0005000000000000000008c7
groupe;000200000000000000000019;;00010000000000000000001d;;envoye;000100000000000000000008;Quelqu'un connait un bon prestataire ?;2026-10-02 02:45:00;0005000000000000000008c8
groupe;000200000000000000000009;;"000100000000000000000039;00010000000000000000004a;000100000000000000000086";;envoye;00010000000000000000005a;Qui peut apporter les chaises ?;2026-10-02 02:58:00;0005000000000000000008c9
prive;;000100000000000000000084;;;lu;00010000000000000000008b;Super, merci beaucoup !;2026-10-02 03:03:33;0005000000000000000008ca
groupe;000200000000000000000004;;"000100000000000000000069;000100000000000000000023;000100000000000000000046;000100000000000000000061";;envoye;000100000000000000000043;Bravo a toute l'equipe !;2026-10-02 03:18:00;0005000000000000000008cb
groupe;00020000000000000000001a;;000100000000000000000089;;envoye;000100000000000000000030;Merci aux admins pour l'organisation.;2026-10-02 03:30:00;0005000000000000000008cc
groupe;00020000000000000000000b;;"000100000000000000000002;00010000000000000000003b;00010000000000000000002b;000100000000000000000010";;envoye;000100000000000000000043;Je ne pourrai pas venir cette fois.;2026-10-02 04:43:00;0005000000000000000008cd
prive;;000100000000000000000059;;;lu;000100000000000000000014;Je t'envoie le document dans la journee.;2026-10-02 05:16:07;0005000000000000000008ce
prive;;000100000000000000000089;;;lu;000100000000000000000096;Passe une bonne soiree.;2026-10-02 05:34:32;0005000000000000000008cf
prive;;000100000000000000000014;;;lu;000100000000000000000059;Je suis en retard, desole.;2026-10-02 05:50:07;0005000000000000000008d0
prive;;000100000000000000000096;;;lu;000100000000000000000089;Dis-moi quand tu es libre.;2026-10-02 06:29:32;0005000000000000000008d1
prive;;000100000000000000000089;;;lu;000100000000000000000096;Je t'ai envoye une photo.;2026-10-02 06:31:32;0005000000000000000008d2
prive;;000100000000000000000059;;;lu;000100000000000000000014;Je suis dans le bus, je reponds plus tard.;2026-10-02 06:49:07;0005000000000000000008d3
prive;;000100000000000000000089;;;lu;000100000000000000000096;Peux-tu me renvoyer l'adresse ?;2026-10-02 07:00:32;0005000000000000000008d4
prive;;000100000000000000000014;;;lu;00010000000000000000004d;C'est confirme pour samedi.;2026-10-02 07:05:25;0005000000000000000008d5
prive;;000100000000000000000089;;;lu;000100000000000000000096;Passe une bonne soiree.;2026-10-02 07:10:32;0005000000000000000008d6
groupe;00020000000000000000000c;;"00010000000000000000005a;00010000000000000000002b";;envoye;000100000000000000000064;Merci pour le partage, tres utile.;2026-10-02 07:16:00;0005000000000000000008d7
groupe;000200000000000000000018;;;;envoye;000100000000000000000004;Une idee pour la prochaine sortie ?;2026-10-02 07:18:00;0005000000000000000008d8
groupe;00020000000000000000001b;;"000100000000000000000066;000100000000000000000065;000100000000000000000013;000100000000000000000007";;envoye;00010000000000000000005a;Excellente discussion aujourd'hui.;2026-10-02 07:34:00;0005000000000000000008d9
groupe;00020000000000000000001b;;000100000000000000000075;;envoye;000100000000000000000071;Je ne pourrai pas venir cette fois.;2026-10-02 07:44:00;0005000000000000000008da
groupe;00020000000000000000000f;;"000100000000000000000011;00010000000000000000007b;000100000000000000000054;000100000000000000000019";;envoye;000100000000000000000017;Quelqu'un connait un bon prestataire ?;2026-10-02 08:08:00;0005000000000000000008db
prive;;00010000000000000000004d;;;lu;000100000000000000000014;Tu peux m'appeler quand tu as une minute ?;2026-10-02 08:18:25;0005000000000000000008dc
prive;;000100000000000000000014;;;lu;00010000000000000000004d;Merci pour ton aide, vraiment.;2026-10-02 08:19:25;0005000000000000000008dd
groupe;000200000000000000000019;;"000100000000000000000063;000100000000000000000092;00010000000000000000007e";;envoye;00010000000000000000002b;Quelqu'un a l'information pour la reunion ?;2026-10-02 09:14:00;0005000000000000000008de
groupe;00020000000000000000001e;;000100000000000000000088;;envoye;000100000000000000000059;Je propose qu'on s'organise cette semaine.;2026-10-02 09:15:00;0005000000000000000008df
prive;;000100000000000000000014;;;lu;00010000000000000000004d;Je n'ai pas bien compris, tu peux repeter ?;2026-10-02 09:42:25;0005000000000000000008e0
prive;;00010000000000000000004d;;;lu;000100000000000000000014;Salut, tu vas bien ?;2026-10-02 09:52:25;0005000000000000000008e1
groupe;00020000000000000000000c;;"000100000000000000000049;000100000000000000000034";;envoye;00010000000000000000000e;Qui peut apporter les chaises ?;2026-10-02 10:05:00;0005000000000000000008e2
groupe;00020000000000000000001a;;"000100000000000000000055;00010000000000000000004e";;envoye;000100000000000000000052;Je propose qu'on s'organise cette semaine.;2026-10-02 10:08:00;0005000000000000000008e3
groupe;000200000000000000000019;;;;envoye;00010000000000000000008b;Rappel : rendez-vous samedi a 10h.;2026-10-02 10:32:00;0005000000000000000008e4
prive;;00010000000000000000004d;;;recu;000100000000000000000014;Coucou, tu es dispo ce soir ?;2026-10-02 10:44:25;0005000000000000000008e5
groupe;00020000000000000000000e;;;;envoye;00010000000000000000000b;Qui peut apporter les chaises ?;2026-10-02 11:52:00;0005000000000000000008e6
prive;;000100000000000000000084;;;lu;00010000000000000000008b;Tu as fini ton rapport ?;2026-10-02 12:03:33;0005000000000000000008e7
prive;;000100000000000000000033;;;lu;000100000000000000000047;Dis-moi quand tu es libre.;2026-10-02 12:18:33;0005000000000000000008e8
prive;;000100000000000000000033;;;lu;000100000000000000000047;Tu as des nouvelles de la famille ?;2026-10-02 12:57:33;0005000000000000000008e9
groupe;000200000000000000000019;;"000100000000000000000019;000100000000000000000052;000100000000000000000013";;envoye;000100000000000000000023;Je propose qu'on s'organise cette semaine.;2026-10-02 13:17:00;0005000000000000000008ea
prive;;000100000000000000000040;;;lu;000100000000000000000077;Bravo pour ta presentation.;2026-10-02 13:42:05;0005000000000000000008eb
prive;;000100000000000000000040;;;lu;00010000000000000000002a;Je suis en retard, desole.;2026-10-02 14:05:45;0005000000000000000008ec
groupe;000200000000000000000011;;"00010000000000000000002e;000100000000000000000063;00010000000000000000003c;00010000000000000000008e";;envoye;000100000000000000000049;Je poste le compte rendu ce soir.;2026-10-02 14:09:00;0005000000000000000008ed
prive;;000100000000000000000040;;;lu;00010000000000000000002a;Ne t'inquiete pas, tout va bien.;2026-10-02 14:26:45;0005000000000000000008ee
prive;;00010000000000000000002a;;;lu;000100000000000000000040;Ok, c'est note.;2026-10-02 14:53:45;0005000000000000000008ef
prive;;000100000000000000000040;;;lu;000100000000000000000077;On se voit demain a la fac ?;2026-10-02 14:54:05;0005000000000000000008f0
groupe;000200000000000000000005;;000100000000000000000001;;envoye;000100000000000000000055;Bonne journee a tous !;2026-10-02 14:58:00;0005000000000000000008f1
groupe;000200000000000000000005;;"000100000000000000000078;000100000000000000000010;000100000000000000000021;000100000000000000000001";;envoye;00010000000000000000006f;Qui peut apporter les chaises ?;2026-10-02 15:01:00;0005000000000000000008f2
groupe;00020000000000000000000b;;"000100000000000000000066;000100000000000000000081;00010000000000000000007f";;envoye;000100000000000000000010;Quelqu'un connait un bon prestataire ?;2026-10-02 15:02:00;0005000000000000000008f3
groupe;00020000000000000000000e;;000100000000000000000081;;envoye;00010000000000000000000d;Question rapide : a quelle heure on commence ?;2026-10-02 15:27:00;0005000000000000000008f4
prive;;00010000000000000000002a;;;lu;000100000000000000000040;On en parle demain ?;2026-10-02 15:40:45;0005000000000000000008f5
prive;;000100000000000000000077;;;lu;000100000000000000000040;Tu as fini ton rapport ?;2026-10-02 15:43:05;0005000000000000000008f6
groupe;000200000000000000000015;;"00010000000000000000000f;000100000000000000000027";;envoye;000100000000000000000096;Question rapide : a quelle heure on commence ?;2026-10-02 16:18:00;0005000000000000000008f7
prive;;00010000000000000000002a;;;lu;000100000000000000000040;Tu as des nouvelles de la famille ?;2026-10-02 16:25:45;0005000000000000000008f8
groupe;000200000000000000000012;;"000100000000000000000081;00010000000000000000005d";;envoye;000100000000000000000050;Une idee pour la prochaine sortie ?;2026-10-02 16:26:00;0005000000000000000008f9
groupe;000200000000000000000009;;"000100000000000000000065;000100000000000000000064;000100000000000000000063";;envoye;000100000000000000000039;Bonne journee a tous !;2026-10-02 16:56:00;0005000000000000000008fa
prive;;000100000000000000000001;;;lu;00010000000000000000001a;Tu as des nouvelles de la famille ?;2026-10-02 18:05:47;0005000000000000000008fb
groupe;00020000000000000000001e;;"00010000000000000000007e;000100000000000000000020";;envoye;000100000000000000000063;On vote pour la date ?;2026-10-02 19:03:00;0005000000000000000008fc
prive;;00010000000000000000001a;;;lu;000100000000000000000001;Ne t'inquiete pas, tout va bien.;2026-10-02 19:25:47;0005000000000000000008fd
groupe;000200000000000000000019;;;;envoye;00010000000000000000001a;Voici le lien dont je parlais hier.;2026-10-02 19:48:00;0005000000000000000008fe
groupe;000200000000000000000009;;"000100000000000000000022;00010000000000000000007e;00010000000000000000001c;00010000000000000000000b";;envoye;000100000000000000000039;Rappel : rendez-vous samedi a 10h.;2026-10-02 20:23:00;0005000000000000000008ff
groupe;00020000000000000000001a;;000100000000000000000037;;envoye;000100000000000000000057;Bonne journee a tous !;2026-10-02 20:51:00;000500000000000000000900
prive;;00010000000000000000001a;;;lu;000100000000000000000001;Merci pour ton aide, vraiment.;2026-10-02 20:54:47;000500000000000000000901
prive;;000100000000000000000001;;;lu;00010000000000000000001a;Dis-moi quand tu es libre.;2026-10-02 21:14:47;000500000000000000000902
groupe;00020000000000000000000b;;"000100000000000000000077;00010000000000000000007f;000100000000000000000079";;envoye;000100000000000000000050;Voici le lien dont je parlais hier.;2026-10-02 21:21:00;000500000000000000000903
prive;;00010000000000000000001e;;;lu;00010000000000000000004a;Le cours commence a quelle heure ?;2026-10-02 22:03:04;000500000000000000000904
prive;;00010000000000000000004a;;;lu;00010000000000000000001e;Dis-moi quand tu es libre.;2026-10-02 22:08:04;000500000000000000000905
groupe;00020000000000000000001a;;"000100000000000000000008;00010000000000000000000b";;envoye;00010000000000000000004e;N'oubliez pas de confirmer votre presence.;2026-10-02 22:15:00;000500000000000000000906
groupe;000200000000000000000005;;"000100000000000000000049;000100000000000000000001";;envoye;00010000000000000000008c;Rappel : rendez-vous samedi a 10h.;2026-10-02 22:32:00;000500000000000000000907
groupe;000200000000000000000009;;000100000000000000000018;;envoye;000100000000000000000024;Une photo de l'evenement de ce week-end.;2026-10-02 22:57:00;000500000000000000000908
prive;;00010000000000000000001e;;;lu;00010000000000000000004a;Tu as des nouvelles de la famille ?;2026-10-02 23:08:04;000500000000000000000909
groupe;000200000000000000000002;;"000100000000000000000045;00010000000000000000001e;000100000000000000000001";;envoye;00010000000000000000005a;Qui peut apporter les chaises ?;2026-10-03 00:12:00;00050000000000000000090a
groupe;00020000000000000000001b;;"00010000000000000000003d;000100000000000000000024";;envoye;000100000000000000000023;Rappel : rendez-vous samedi a 10h.;2026-10-03 00:14:00;00050000000000000000090b
groupe;000200000000000000000013;;;;envoye;000100000000000000000014;On vote pour la date ?;2026-10-03 00:24:00;00050000000000000000090c
groupe;000200000000000000000004;;000100000000000000000001;;envoye;000100000000000000000033;Quelqu'un a l'information pour la reunion ?;2026-10-03 01:34:00;00050000000000000000090d
groupe;000200000000000000000016;;;;envoye;00010000000000000000007e;Je propose qu'on s'organise cette semaine.;2026-10-03 03:11:00;00050000000000000000090e
groupe;000200000000000000000005;;"000100000000000000000073;000100000000000000000012;000100000000000000000042;000100000000000000000001";;envoye;000100000000000000000086;Merci aux admins pour l'organisation.;2026-10-03 03:13:00;00050000000000000000090f
groupe;000200000000000000000009;;;;envoye;00010000000000000000008e;Quelqu'un connait un bon prestataire ?;2026-10-03 03:38:00;000500000000000000000910
groupe;00020000000000000000000b;;"000100000000000000000002;000100000000000000000052";;envoye;000100000000000000000081;Quelqu'un connait un bon prestataire ?;2026-10-03 03:45:00;000500000000000000000911
groupe;000200000000000000000005;;"00010000000000000000005a;000100000000000000000001;00010000000000000000008c;000100000000000000000015";;envoye;000100000000000000000088;N'oubliez pas de confirmer votre presence.;2026-10-03 04:29:00;000500000000000000000912
groupe;00020000000000000000000d;;;;envoye;000100000000000000000036;Merci pour le partage, tres utile.;2026-10-03 04:29:00;000500000000000000000913
groupe;000200000000000000000006;;000100000000000000000011;;envoye;000100000000000000000026;Bonjour a tous, bienvenue dans le groupe.;2026-10-03 04:42:00;000500000000000000000914
groupe;000200000000000000000018;;"000100000000000000000049;00010000000000000000002e;000100000000000000000090;000100000000000000000003";;envoye;00010000000000000000008e;Excellente discussion aujourd'hui.;2026-10-03 04:57:00;000500000000000000000915
groupe;000200000000000000000018;;"00010000000000000000002e;000100000000000000000049";;envoye;00010000000000000000003e;Je ne pourrai pas venir cette fois.;2026-10-03 04:58:00;000500000000000000000916
groupe;000200000000000000000007;;000100000000000000000081;;envoye;000100000000000000000014;Question rapide : a quelle heure on commence ?;2026-10-03 05:27:00;000500000000000000000917
groupe;00020000000000000000001e;;"000100000000000000000080;00010000000000000000001a;000100000000000000000020";;envoye;000100000000000000000094;Je suis d'accord avec la proposition.;2026-10-03 05:46:00;000500000000000000000918
groupe;00020000000000000000001b;;"000100000000000000000061;00010000000000000000008a";;envoye;00010000000000000000001f;Je poste le compte rendu ce soir.;2026-10-03 05:53:00;000500000000000000000919
prive;;000100000000000000000052;;;lu;000100000000000000000060;Je t'ai envoye une photo.;2026-10-03 06:47:58;00050000000000000000091a
groupe;00020000000000000000001b;;"000100000000000000000052;00010000000000000000000a;000100000000000000000030;000100000000000000000080";;envoye;000100000000000000000087;Question rapide : a quelle heure on commence ?;2026-10-03 07:06:00;00050000000000000000091b
groupe;000200000000000000000001;;;;envoye;00010000000000000000001a;On vote pour la date ?;2026-10-03 07:24:00;00050000000000000000091c
groupe;000200000000000000000010;;"000100000000000000000027;000100000000000000000021;000100000000000000000006;00010000000000000000008c";;envoye;00010000000000000000000a;N'oubliez pas de confirmer votre presence.;2026-10-03 07:26:00;00050000000000000000091d
groupe;00020000000000000000000a;;"00010000000000000000003f;00010000000000000000005b";;envoye;00010000000000000000007e;Merci aux admins pour l'organisation.;2026-10-03 07:52:00;00050000000000000000091e
groupe;00020000000000000000001b;;"00010000000000000000001f;000100000000000000000081";;envoye;00010000000000000000003c;Une photo de l'evenement de ce week-end.;2026-10-03 07:56:00;00050000000000000000091f
groupe;000200000000000000000015;;00010000000000000000003c;;envoye;000100000000000000000075;Quelqu'un a l'information pour la reunion ?;2026-10-03 07:58:00;000500000000000000000920
groupe;000200000000000000000009;;;;envoye;00010000000000000000005a;Bonjour a tous, bienvenue dans le groupe.;2026-10-03 08:01:00;000500000000000000000921
groupe;00020000000000000000001a;;"000100000000000000000021;000100000000000000000055;000100000000000000000027;000100000000000000000054";;envoye;000100000000000000000044;Quelqu'un a l'information pour la reunion ?;2026-10-03 08:20:00;000500000000000000000922
groupe;00020000000000000000001b;;"000100000000000000000012;000100000000000000000043;000100000000000000000075";;envoye;000100000000000000000014;On vote pour la date ?;2026-10-03 08:21:00;000500000000000000000923
prive;;000100000000000000000035;;;lu;000100000000000000000020;Peux-tu me renvoyer l'adresse ?;2026-10-03 08:39:59;000500000000000000000924
groupe;00020000000000000000000e;;"000100000000000000000012;000100000000000000000088;00010000000000000000003a";;envoye;00010000000000000000008c;Quelqu'un connait un bon prestataire ?;2026-10-03 08:59:00;000500000000000000000925
prive;;000100000000000000000084;;;lu;00010000000000000000008b;Haha, trop drole !;2026-10-03 09:03:33;000500000000000000000926
prive;;000100000000000000000035;;;lu;000100000000000000000020;Salut, tu vas bien ?;2026-10-03 09:10:59;000500000000000000000927
groupe;00020000000000000000000f;;"000100000000000000000019;000100000000000000000038";;envoye;000100000000000000000045;Je ne pourrai pas venir cette fois.;2026-10-03 09:24:00;000500000000000000000928
prive;;00010000000000000000008b;;;lu;000100000000000000000084;Dis-moi quand tu es libre.;2026-10-03 09:37:33;000500000000000000000929
prive;;000100000000000000000035;;;lu;000100000000000000000020;Je t'envoie le document dans la journee.;2026-10-03 09:56:59;00050000000000000000092a
groupe;00020000000000000000001c;;"000100000000000000000096;00010000000000000000003f";;envoye;000100000000000000000014;Une idee pour la prochaine sortie ?;2026-10-03 10:05:00;00050000000000000000092b
prive;;000100000000000000000020;;;lu;000100000000000000000035;On en parle demain ?;2026-10-03 10:22:59;00050000000000000000092c
prive;;000100000000000000000035;;;lu;000100000000000000000020;Tu as vu la publication d'hier ?;2026-10-03 10:36:59;00050000000000000000092d
groupe;000200000000000000000019;;;;envoye;00010000000000000000002a;Bonne journee a tous !;2026-10-03 10:40:00;00050000000000000000092e
groupe;000200000000000000000003;;"000100000000000000000086;000100000000000000000046;00010000000000000000008c";;envoye;00010000000000000000005a;Bonne journee a tous !;2026-10-03 11:03:00;00050000000000000000092f
prive;;00010000000000000000001e;;;lu;00010000000000000000004a;Je n'ai pas bien compris, tu peux repeter ?;2026-10-03 11:08:04;000500000000000000000930
prive;;000100000000000000000020;;;lu;000100000000000000000035;Tu as fini ton rapport ?;2026-10-03 11:21:59;000500000000000000000931
groupe;000200000000000000000006;;"00010000000000000000005a;000100000000000000000026;000100000000000000000050";;envoye;00010000000000000000002d;Excellente discussion aujourd'hui.;2026-10-03 11:26:00;000500000000000000000932
prive;;00010000000000000000001e;;;lu;00010000000000000000004a;Je suis dans le bus, je reponds plus tard.;2026-10-03 11:27:04;000500000000000000000933
groupe;000200000000000000000009;;"000100000000000000000022;000100000000000000000076;000100000000000000000064";;envoye;00010000000000000000000b;Une photo de l'evenement de ce week-end.;2026-10-03 11:45:00;000500000000000000000934
groupe;000200000000000000000016;;"000100000000000000000058;000100000000000000000056";;envoye;000100000000000000000022;Quelqu'un a l'information pour la reunion ?;2026-10-03 11:54:00;000500000000000000000935
prive;;000100000000000000000020;;;lu;000100000000000000000035;Dis-moi quand tu es libre.;2026-10-03 12:04:59;000500000000000000000936
prive;;00010000000000000000004a;;;lu;00010000000000000000001e;C'est confirme pour samedi.;2026-10-03 12:14:04;000500000000000000000937
prive;;00010000000000000000004a;;;lu;00010000000000000000001e;Passe une bonne soiree.;2026-10-03 12:19:04;000500000000000000000938
groupe;000200000000000000000019;;"000100000000000000000061;000100000000000000000037";;envoye;000100000000000000000080;Je poste le compte rendu ce soir.;2026-10-03 12:56:00;000500000000000000000939
prive;;000100000000000000000035;;;lu;000100000000000000000020;Tu as reussi a te connecter ?;2026-10-03 13:28:59;00050000000000000000093a
prive;;000100000000000000000035;;;lu;000100000000000000000020;Le cours commence a quelle heure ?;2026-10-03 13:45:59;00050000000000000000093b
groupe;00020000000000000000001a;;"000100000000000000000077;000100000000000000000018;00010000000000000000006a;00010000000000000000000a";;envoye;000100000000000000000087;Voici le lien dont je parlais hier.;2026-10-03 13:51:00;00050000000000000000093c
groupe;000200000000000000000007;;000100000000000000000001;;envoye;00010000000000000000005d;Bravo a toute l'equipe !;2026-10-03 14:12:00;00050000000000000000093d
groupe;00020000000000000000001b;;"000100000000000000000082;000100000000000000000076;000100000000000000000078;000100000000000000000055";;envoye;000100000000000000000075;Bonne journee a tous !;2026-10-03 14:23:00;00050000000000000000093e
groupe;000200000000000000000011;;;;envoye;00010000000000000000001c;Quelqu'un connait un bon prestataire ?;2026-10-03 14:24:00;00050000000000000000093f
groupe;000200000000000000000019;;"000100000000000000000064;00010000000000000000003f;00010000000000000000000f";;envoye;00010000000000000000008b;Voici le lien dont je parlais hier.;2026-10-03 14:35:00;000500000000000000000940
groupe;000200000000000000000007;;"000100000000000000000009;000100000000000000000045;00010000000000000000003f";;envoye;000100000000000000000011;Merci aux admins pour l'organisation.;2026-10-03 14:46:00;000500000000000000000941
groupe;000200000000000000000012;;"000100000000000000000028;000100000000000000000088;00010000000000000000004c";;envoye;000100000000000000000057;N'oubliez pas de confirmer votre presence.;2026-10-03 15:19:00;000500000000000000000942
groupe;000200000000000000000017;;"000100000000000000000046;000100000000000000000056";;envoye;000100000000000000000059;Je propose qu'on s'organise cette semaine.;2026-10-03 15:27:00;000500000000000000000943
groupe;00020000000000000000001b;;"00010000000000000000001c;00010000000000000000008f;00010000000000000000005d;000100000000000000000043";;envoye;00010000000000000000008c;Je suis d'accord avec la proposition.;2026-10-03 15:29:00;000500000000000000000944
groupe;00020000000000000000000b;;;;envoye;000100000000000000000054;Quelqu'un connait un bon prestataire ?;2026-10-03 16:57:00;000500000000000000000945
prive;;000100000000000000000059;;;lu;00010000000000000000001e;Tu peux m'appeler quand tu as une minute ?;2026-10-03 17:40:44;000500000000000000000946
groupe;000200000000000000000019;;000100000000000000000018;;envoye;000100000000000000000073;Une photo de l'evenement de ce week-end.;2026-10-03 17:53:00;000500000000000000000947
groupe;000200000000000000000012;;000100000000000000000009;;envoye;000100000000000000000050;Bonne journee a tous !;2026-10-03 18:00:00;000500000000000000000948
prive;;000100000000000000000059;;;lu;00010000000000000000001e;Merci pour ton aide, vraiment.;2026-10-03 19:06:44;000500000000000000000949
prive;;000100000000000000000059;;;lu;00010000000000000000001e;On se retrouve ou ?;2026-10-03 19:16:44;00050000000000000000094a
prive;;00010000000000000000001e;;;lu;000100000000000000000059;Passe une bonne soiree.;2026-10-03 19:20:44;00050000000000000000094b
groupe;000200000000000000000007;;"000100000000000000000096;000100000000000000000023;000100000000000000000001";;envoye;000100000000000000000025;Voici le lien dont je parlais hier.;2026-10-03 19:24:00;00050000000000000000094c
groupe;000200000000000000000006;;"000100000000000000000026;00010000000000000000002a;000100000000000000000096;000100000000000000000066";;envoye;00010000000000000000001f;Je ne pourrai pas venir cette fois.;2026-10-03 19:35:00;00050000000000000000094d
groupe;00020000000000000000000f;;"000100000000000000000096;000100000000000000000026;000100000000000000000017;000100000000000000000094";;envoye;000100000000000000000032;Qui peut apporter les chaises ?;2026-10-03 20:19:00;00050000000000000000094e
prive;;00010000000000000000001e;;;lu;000100000000000000000059;Haha, trop drole !;2026-10-03 20:25:44;00050000000000000000094f
groupe;00020000000000000000001b;;;;envoye;00010000000000000000000a;N'oubliez pas de confirmer votre presence.;2026-10-03 21:11:00;000500000000000000000950
groupe;000200000000000000000012;;000100000000000000000003;;envoye;000100000000000000000081;N'oubliez pas de confirmer votre presence.;2026-10-03 21:49:00;000500000000000000000951
groupe;000200000000000000000017;;;;envoye;000100000000000000000057;Quelqu'un a l'information pour la reunion ?;2026-10-03 22:23:00;000500000000000000000952
groupe;000200000000000000000004;;000100000000000000000033;;envoye;000100000000000000000031;N'oubliez pas de confirmer votre presence.;2026-10-03 22:55:00;000500000000000000000953
groupe;00020000000000000000001b;;"000100000000000000000079;000100000000000000000046";;envoye;000100000000000000000003;Bonjour a tous, bienvenue dans le groupe.;2026-10-03 23:12:00;000500000000000000000954
prive;;000100000000000000000009;;;lu;000100000000000000000066;Passe une bonne soiree.;2026-10-03 23:55:17;000500000000000000000955
groupe;000200000000000000000012;;"00010000000000000000005d;000100000000000000000088";;envoye;000100000000000000000043;Bonne journee a tous !;2026-10-04 00:01:00;000500000000000000000956
groupe;000200000000000000000006;;000100000000000000000004;;envoye;000100000000000000000096;Une idee pour la prochaine sortie ?;2026-10-04 00:09:00;000500000000000000000957
groupe;00020000000000000000001b;;"00010000000000000000005b;000100000000000000000076;00010000000000000000003d";;envoye;00010000000000000000000a;Question rapide : a quelle heure on commence ?;2026-10-04 00:15:00;000500000000000000000958
prive;;00010000000000000000001e;;;lu;000100000000000000000059;Je suis dans le bus, je reponds plus tard.;2026-10-04 00:25:44;000500000000000000000959
groupe;000200000000000000000006;;000100000000000000000030;;envoye;00010000000000000000000a;Je suis d'accord avec la proposition.;2026-10-04 00:28:00;00050000000000000000095a
prive;;000100000000000000000066;;;lu;000100000000000000000009;Passe une bonne soiree.;2026-10-04 00:51:17;00050000000000000000095b
groupe;00020000000000000000001a;;;;envoye;000100000000000000000048;Quelqu'un a l'information pour la reunion ?;2026-10-04 01:08:00;00050000000000000000095c
groupe;000200000000000000000002;;"00010000000000000000008e;000100000000000000000022;000100000000000000000001";;envoye;000100000000000000000005;Quelqu'un a l'information pour la reunion ?;2026-10-04 02:20:00;00050000000000000000095d
groupe;000200000000000000000012;;"000100000000000000000050;000100000000000000000061;00010000000000000000000e;00010000000000000000008d";;envoye;000100000000000000000015;Quelqu'un a l'information pour la reunion ?;2026-10-04 03:04:00;00050000000000000000095e
groupe;00020000000000000000000e;;"00010000000000000000005b;000100000000000000000086;000100000000000000000031;00010000000000000000006a";;envoye;000100000000000000000026;Excellente discussion aujourd'hui.;2026-10-04 03:22:00;00050000000000000000095f
groupe;000200000000000000000007;;"000100000000000000000017;00010000000000000000000b;000100000000000000000096";;envoye;000100000000000000000026;Je ne pourrai pas venir cette fois.;2026-10-04 04:06:00;000500000000000000000960
groupe;00020000000000000000000c;;"000100000000000000000049;00010000000000000000006f;00010000000000000000000f;000100000000000000000008";;envoye;000100000000000000000059;Quelqu'un a l'information pour la reunion ?;2026-10-04 04:34:00;000500000000000000000961
groupe;000200000000000000000011;;"000100000000000000000043;000100000000000000000048;000100000000000000000056";;envoye;00010000000000000000001c;Merci aux admins pour l'organisation.;2026-10-04 04:45:00;000500000000000000000962
groupe;000200000000000000000006;;"00010000000000000000005b;000100000000000000000011;000100000000000000000026;00010000000000000000000a";;envoye;00010000000000000000005a;Excellente discussion aujourd'hui.;2026-10-04 04:49:00;000500000000000000000963
groupe;000200000000000000000007;;"00010000000000000000001c;000100000000000000000058;000100000000000000000036";;envoye;00010000000000000000003a;Rappel : rendez-vous samedi a 10h.;2026-10-04 04:56:00;000500000000000000000964
groupe;000200000000000000000019;;000100000000000000000037;;envoye;00010000000000000000005d;Merci aux admins pour l'organisation.;2026-10-04 05:41:00;000500000000000000000965
groupe;000200000000000000000019;;;;envoye;000100000000000000000018;Voici le lien dont je parlais hier.;2026-10-04 06:55:00;000500000000000000000966
groupe;000200000000000000000019;;"000100000000000000000075;00010000000000000000008c;00010000000000000000001f;000100000000000000000079";;envoye;000100000000000000000021;Voici le lien dont je parlais hier.;2026-10-04 07:14:00;000500000000000000000967
groupe;000200000000000000000004;;000100000000000000000001;;envoye;000100000000000000000007;Quelqu'un a l'information pour la reunion ?;2026-10-04 07:19:00;000500000000000000000968
groupe;000200000000000000000016;;;;envoye;000100000000000000000054;Quelqu'un a l'information pour la reunion ?;2026-10-04 07:21:00;000500000000000000000969
groupe;000200000000000000000019;;"00010000000000000000005b;00010000000000000000008e";;envoye;000100000000000000000006;Excellente discussion aujourd'hui.;2026-10-04 07:27:00;00050000000000000000096a
groupe;000200000000000000000015;;"000100000000000000000007;000100000000000000000045";;envoye;000100000000000000000008;Quelqu'un connait un bon prestataire ?;2026-10-04 07:28:00;00050000000000000000096b
groupe;000200000000000000000018;;000100000000000000000096;;envoye;00010000000000000000003e;Bonjour a tous, bienvenue dans le groupe.;2026-10-04 07:45:00;00050000000000000000096c
groupe;00020000000000000000001a;;"000100000000000000000021;00010000000000000000000a;000100000000000000000003;000100000000000000000077";;envoye;000100000000000000000054;On vote pour la date ?;2026-10-04 07:56:00;00050000000000000000096d
groupe;00020000000000000000000e;;"000100000000000000000012;000100000000000000000066;000100000000000000000052";;envoye;00010000000000000000001c;Bravo a toute l'equipe !;2026-10-04 07:57:00;00050000000000000000096e
groupe;000200000000000000000008;;00010000000000000000005c;;envoye;000100000000000000000010;Merci pour le partage, tres utile.;2026-10-04 07:57:00;00050000000000000000096f
groupe;000200000000000000000008;;"00010000000000000000005c;000100000000000000000032;000100000000000000000039;00010000000000000000000f";;envoye;000100000000000000000063;N'oubliez pas de confirmer votre presence.;2026-10-04 08:15:00;000500000000000000000970
groupe;000200000000000000000008;;"000100000000000000000075;000100000000000000000087;00010000000000000000002a;000100000000000000000052";;envoye;000100000000000000000090;Une photo de l'evenement de ce week-end.;2026-10-04 08:29:00;000500000000000000000971
groupe;000200000000000000000019;;"000100000000000000000017;000100000000000000000087;000100000000000000000082;000100000000000000000066";;envoye;000100000000000000000013;Rappel : rendez-vous samedi a 10h.;2026-10-04 08:44:00;000500000000000000000972
groupe;000200000000000000000019;;;;envoye;00010000000000000000007b;On vote pour la date ?;2026-10-04 09:15:00;000500000000000000000973
prive;;000100000000000000000047;;;lu;000100000000000000000033;Super, merci beaucoup !;2026-10-04 09:57:33;000500000000000000000974
groupe;000200000000000000000009;;000100000000000000000018;;envoye;00010000000000000000001d;Bonjour a tous, bienvenue dans le groupe.;2026-10-04 10:06:00;000500000000000000000975
groupe;00020000000000000000001b;;00010000000000000000005a;;envoye;000100000000000000000092;N'oubliez pas de confirmer votre presence.;2026-10-04 10:22:00;000500000000000000000976
groupe;000200000000000000000007;;"000100000000000000000025;000100000000000000000001";;envoye;00010000000000000000000e;Bonne journee a tous !;2026-10-04 10:25:00;000500000000000000000977
groupe;000200000000000000000015;;"000100000000000000000013;000100000000000000000015";;envoye;000100000000000000000008;Merci aux admins pour l'organisation.;2026-10-04 10:49:00;000500000000000000000978
groupe;00020000000000000000000f;;"000100000000000000000094;000100000000000000000014;000100000000000000000042;00010000000000000000003d";;envoye;000100000000000000000026;Excellente discussion aujourd'hui.;2026-10-04 10:55:00;000500000000000000000979
groupe;00020000000000000000000e;;000100000000000000000066;;envoye;000100000000000000000044;Une idee pour la prochaine sortie ?;2026-10-04 10:56:00;00050000000000000000097a
groupe;000200000000000000000006;;000100000000000000000018;;envoye;000100000000000000000030;Quelqu'un connait un bon prestataire ?;2026-10-04 11:02:00;00050000000000000000097b
groupe;000200000000000000000001;;;;envoye;00010000000000000000004e;Une idee pour la prochaine sortie ?;2026-10-04 11:14:00;00050000000000000000097c
groupe;00020000000000000000001b;;000100000000000000000025;;envoye;000100000000000000000096;Bonjour a tous, bienvenue dans le groupe.;2026-10-04 11:17:00;00050000000000000000097d
prive;;000100000000000000000047;;;lu;000100000000000000000033;Bonne nuit !;2026-10-04 11:17:33;00050000000000000000097e
prive;;000100000000000000000047;;;lu;000100000000000000000033;Dis-moi quand tu es libre.;2026-10-04 11:35:33;00050000000000000000097f
groupe;00020000000000000000001b;;"000100000000000000000010;000100000000000000000024;000100000000000000000050";;envoye;00010000000000000000008a;Excellente discussion aujourd'hui.;2026-10-04 12:05:00;000500000000000000000980
groupe;000200000000000000000001;;"000100000000000000000081;00010000000000000000008e;00010000000000000000002a;00010000000000000000001a";;envoye;00010000000000000000005c;Qui peut apporter les chaises ?;2026-10-04 12:21:00;000500000000000000000981
groupe;000200000000000000000018;;"000100000000000000000037;000100000000000000000096";;envoye;000100000000000000000013;Bonjour a tous, bienvenue dans le groupe.;2026-10-04 12:39:00;000500000000000000000982
groupe;000200000000000000000015;;;;envoye;000100000000000000000058;Merci pour le partage, tres utile.;2026-10-04 13:09:00;000500000000000000000983
groupe;000200000000000000000019;;000100000000000000000025;;envoye;00010000000000000000007b;Je ne pourrai pas venir cette fois.;2026-10-04 13:24:00;000500000000000000000984
groupe;000200000000000000000011;;"00010000000000000000007b;00010000000000000000001b;000100000000000000000046;00010000000000000000001c";;envoye;000100000000000000000059;Excellente discussion aujourd'hui.;2026-10-04 13:26:00;000500000000000000000985
groupe;000200000000000000000018;;"000100000000000000000082;000100000000000000000090";;envoye;000100000000000000000027;Question rapide : a quelle heure on commence ?;2026-10-04 13:26:00;000500000000000000000986
groupe;00020000000000000000001a;;;;envoye;00010000000000000000003d;Merci aux admins pour l'organisation.;2026-10-04 13:41:00;000500000000000000000987
groupe;000200000000000000000011;;00010000000000000000003b;;envoye;00010000000000000000001f;Je ne pourrai pas venir cette fois.;2026-10-04 13:49:00;000500000000000000000988
groupe;00020000000000000000001a;;000100000000000000000010;;envoye;000100000000000000000087;Bravo a toute l'equipe !;2026-10-04 14:00:00;000500000000000000000989
groupe;00020000000000000000000d;;"000100000000000000000054;000100000000000000000040";;envoye;00010000000000000000007e;Je suis d'accord avec la proposition.;2026-10-04 14:18:00;00050000000000000000098a
groupe;000200000000000000000004;;"000100000000000000000001;000100000000000000000055;000100000000000000000015;000100000000000000000049";;envoye;000100000000000000000094;Bravo a toute l'equipe !;2026-10-04 14:32:00;00050000000000000000098b
groupe;000200000000000000000018;;"000100000000000000000006;000100000000000000000066";;envoye;00010000000000000000007f;Quelqu'un a l'information pour la reunion ?;2026-10-04 14:40:00;00050000000000000000098c
groupe;000200000000000000000007;;000100000000000000000001;;envoye;000100000000000000000036;Merci aux admins pour l'organisation.;2026-10-04 14:56:00;00050000000000000000098d
groupe;000200000000000000000001;;000100000000000000000081;;envoye;00010000000000000000005c;Quelqu'un connait un bon prestataire ?;2026-10-04 15:01:00;00050000000000000000098e
groupe;00020000000000000000000b;;"000100000000000000000075;00010000000000000000000f";;envoye;000100000000000000000073;N'oubliez pas de confirmer votre presence.;2026-10-04 15:03:00;00050000000000000000098f
groupe;000200000000000000000011;;00010000000000000000007e;;envoye;000100000000000000000043;N'oubliez pas de confirmer votre presence.;2026-10-04 15:12:00;000500000000000000000990
groupe;000200000000000000000018;;"00010000000000000000007f;000100000000000000000086";;envoye;000100000000000000000004;Bravo a toute l'equipe !;2026-10-04 15:24:00;000500000000000000000991
groupe;000200000000000000000007;;"000100000000000000000024;000100000000000000000091;000100000000000000000066;000100000000000000000001";;envoye;00010000000000000000007f;Je ne pourrai pas venir cette fois.;2026-10-04 16:08:00;000500000000000000000992
groupe;000200000000000000000017;;"000100000000000000000057;00010000000000000000007e";;envoye;000100000000000000000046;Bonjour a tous, bienvenue dans le groupe.;2026-10-04 16:19:00;000500000000000000000993
groupe;00020000000000000000001b;;"000100000000000000000039;000100000000000000000088;000100000000000000000012";;envoye;000100000000000000000081;Merci pour le partage, tres utile.;2026-10-04 16:58:00;000500000000000000000994
groupe;000200000000000000000019;;00010000000000000000001d;;envoye;000100000000000000000026;Je propose qu'on s'organise cette semaine.;2026-10-04 18:07:00;000500000000000000000995
groupe;000200000000000000000013;;"000100000000000000000063;000100000000000000000049;000100000000000000000038;000100000000000000000020";;envoye;00010000000000000000001f;On vote pour la date ?;2026-10-04 18:32:00;000500000000000000000996
groupe;000200000000000000000001;;000100000000000000000073;;envoye;000100000000000000000081;Je ne pourrai pas venir cette fois.;2026-10-04 19:23:00;000500000000000000000997
