utilisateur_id;type;date;statut;date_lecture;source.kind;source.id;source.de_user_id;source.publication_id;_id;source.groupe_id
000100000000000000000014;commentaire;2026-06-13 22:01:00;lue;2026-06-15 07:01:00;commentaire;00040000000000000000028b;00010000000000000000002a;000300000000000000000012;000600000000000000000001;
000100000000000000000086;commentaire;2026-06-14 08:02:00;non_lue;;commentaire;000400000000000000000458;000100000000000000000039;000300000000000000000006;000600000000000000000002;
00010000000000000000002a;jaime;2026-06-14 19:12:00;lue;2026-06-16 14:12:00;publication;000300000000000000000013;00010000000000000000008f;000300000000000000000013;000600000000000000000003;
000100000000000000000075;jaime;2026-06-15 20:26:00;lue;2026-06-17 13:26:00;publication;000300000000000000000017;000100000000000000000065;000300000000000000000017;000600000000000000000004;
000100000000000000000084;jaime;2026-06-17 11:24:00;lue;2026-06-18 09:24:00;publication;00030000000000000000001e;000100000000000000000086;00030000000000000000001e;000600000000000000000005;
000100000000000000000076;commentaire;2026-06-18 18:45:00;non_lue;;commentaire;0004000000000000000003aa;00010000000000000000004e;00030000000000000000001d;000600000000000000000006;
00010000000000000000006b;jaime;2026-06-19 01:01:00;lue;2026-06-19 12:01:00;publication;00030000000000000000000e;000100000000000000000090;00030000000000000000000e;000600000000000000000007;
00010000000000000000006b;commentaire;2026-06-19 04:58:00;lue;2026-06-20 21:58:00;commentaire;00040000000000000000020e;000100000000000000000007;00030000000000000000002c;000600000000000000000008;
000100000000000000000020;jaime;2026-06-19 10:56:00;lue;2026-06-20 00:56:00;publication;000300000000000000000015;00010000000000000000002b;000300000000000000000015;000600000000000000000009;
000100000000000000000084;jaime;2026-06-19 11:13:00;lue;2026-06-20 00:13:00;publication;00030000000000000000001e;00010000000000000000002a;00030000000000000000001e;00060000000000000000000a;
000100000000000000000020;commentaire;2026-06-19 17:32:00;lue;2026-06-21 04:32:00;commentaire;00040000000000000000009c;000100000000000000000062;000300000000000000000015;00060000000000000000000b;
000100000000000000000042;jaime;2026-06-19 19:15:00;lue;2026-06-21 13:15:00;publication;00030000000000000000002a;000100000000000000000019;00030000000000000000002a;00060000000000000000000c;
00010000000000000000007f;commentaire;2026-06-19 20:05:00;lue;2026-06-20 13:05:00;commentaire;000400000000000000000298;000100000000000000000093;000300000000000000000018;00060000000000000000000d;
000100000000000000000014;jaime;2026-06-20 10:49:00;lue;2026-06-21 03:49:00;publication;000300000000000000000029;000100000000000000000064;000300000000000000000029;00060000000000000000000e;
00010000000000000000006b;jaime;2026-06-20 21:37:00;lue;2026-06-21 11:37:00;publication;00030000000000000000000e;000100000000000000000020;00030000000000000000000e;00060000000000000000000f;
000100000000000000000076;commentaire;2026-06-21 00:04:00;lue;2026-06-21 01:04:00;commentaire;00040000000000000000039e;00010000000000000000001a;000300000000000000000025;000600000000000000000010;
000100000000000000000020;commentaire;2026-06-21 03:11:00;lue;2026-06-22 20:11:00;commentaire;00040000000000000000019b;000100000000000000000049;000300000000000000000033;000600000000000000000011;
000100000000000000000075;commentaire;2026-06-21 16:30:00;lue;2026-06-21 18:30:00;commentaire;000400000000000000000329;000100000000000000000027;000300000000000000000017;000600000000000000000012;
00010000000000000000006b;jaime;2026-06-22 01:25:00;non_lue;;publication;000300000000000000000026;000100000000000000000078;000300000000000000000026;000600000000000000000013;
00010000000000000000008e;commentaire;2026-06-22 22:31:00;non_lue;;commentaire;00040000000000000000009d;000100000000000000000046;000300000000000000000031;000600000000000000000014;
000100000000000000000020;commentaire;2026-06-23 00:58:00;lue;2026-06-24 06:58:00;commentaire;000400000000000000000055;000100000000000000000070;000300000000000000000033;000600000000000000000015;
000100000000000000000042;commentaire;2026-06-23 06:58:00;lue;2026-06-24 06:58:00;commentaire;000400000000000000000180;000100000000000000000074;00030000000000000000002a;000600000000000000000016;
00010000000000000000007f;jaime;2026-06-23 06:59:00;lue;2026-06-24 11:59:00;publication;000300000000000000000001;00010000000000000000002f;000300000000000000000001;000600000000000000000017;
000100000000000000000028;commentaire;2026-06-24 05:03:00;lue;2026-06-25 02:03:00;commentaire;000400000000000000000412;000100000000000000000068;000300000000000000000049;000600000000000000000018;
00010000000000000000006b;jaime;2026-06-26 13:21:00;lue;2026-06-26 19:21:00;publication;00030000000000000000004e;000100000000000000000063;00030000000000000000004e;000600000000000000000019;
000100000000000000000042;commentaire;2026-06-26 23:10:00;lue;2026-06-28 03:10:00;commentaire;000400000000000000000041;000100000000000000000036;00030000000000000000002a;00060000000000000000001a;
00010000000000000000002a;jaime;2026-06-27 06:32:00;lue;2026-06-29 05:32:00;publication;000300000000000000000013;00010000000000000000006a;000300000000000000000013;00060000000000000000001b;
000100000000000000000086;jaime;2026-06-27 09:22:00;non_lue;;publication;00030000000000000000001a;000100000000000000000038;00030000000000000000001a;00060000000000000000001c;
000100000000000000000028;jaime;2026-06-27 18:14:00;non_lue;;publication;000300000000000000000044;000100000000000000000092;000300000000000000000044;00060000000000000000001d;
000100000000000000000042;jaime;2026-06-27 22:27:00;lue;2026-06-29 07:27:00;publication;000300000000000000000050;000100000000000000000028;000300000000000000000050;00060000000000000000001e;
000100000000000000000042;jaime;2026-06-28 15:01:00;lue;2026-06-29 22:01:00;publication;000300000000000000000056;000100000000000000000082;000300000000000000000056;00060000000000000000001f;
000100000000000000000020;jaime;2026-06-29 04:37:00;lue;2026-06-30 09:37:00;publication;000300000000000000000015;000100000000000000000075;000300000000000000000015;000600000000000000000020;
000100000000000000000020;jaime;2026-07-01 07:07:00;lue;2026-07-01 20:07:00;publication;000300000000000000000033;000100000000000000000062;000300000000000000000033;000600000000000000000021;
000100000000000000000086;jaime;2026-07-01 16:45:00;lue;2026-07-03 02:45:00;publication;00030000000000000000005b;000100000000000000000058;00030000000000000000005b;000600000000000000000022;
000100000000000000000086;jaime;2026-07-01 16:47:00;lue;2026-07-03 09:47:00;publication;00030000000000000000001a;000100000000000000000042;00030000000000000000001a;000600000000000000000023;
000100000000000000000028;jaime;2026-07-01 22:51:00;lue;2026-07-03 19:51:00;publication;000300000000000000000044;000100000000000000000048;000300000000000000000044;000600000000000000000024;
000100000000000000000042;jaime;2026-07-01 23:59:00;lue;2026-07-02 23:59:00;publication;00030000000000000000002a;000100000000000000000091;00030000000000000000002a;000600000000000000000025;
000100000000000000000020;jaime;2026-07-02 07:20:00;lue;2026-07-03 19:20:00;publication;000300000000000000000015;00010000000000000000000e;000300000000000000000015;000600000000000000000026;
00010000000000000000007e;commentaire;2026-07-02 14:53:00;lue;2026-07-02 17:53:00;commentaire;000400000000000000000424;00010000000000000000006e;000300000000000000000054;000600000000000000000027;
00010000000000000000008e;jaime;2026-07-02 17:59:00;lue;2026-07-04 08:59:00;publication;000300000000000000000058;000100000000000000000079;000300000000000000000058;000600000000000000000028;
000100000000000000000076;jaime;2026-07-03 10:33:00;lue;2026-07-04 14:33:00;publication;00030000000000000000001d;000100000000000000000042;00030000000000000000001d;000600000000000000000029;
000100000000000000000020;jaime;2026-07-03 20:20:00;lue;2026-07-05 07:20:00;publication;00030000000000000000000f;00010000000000000000004f;00030000000000000000000f;00060000000000000000002a;
000100000000000000000020;jaime;2026-07-04 03:04:00;non_lue;;publication;00030000000000000000004f;000100000000000000000054;00030000000000000000004f;00060000000000000000002b;
000100000000000000000041;jaime;2026-07-04 06:50:00;lue;2026-07-06 01:50:00;publication;00030000000000000000000c;00010000000000000000008f;00030000000000000000000c;00060000000000000000002c;
00010000000000000000002a;jaime;2026-07-04 19:37:00;lue;2026-07-06 10:37:00;publication;000300000000000000000013;00010000000000000000004c;000300000000000000000013;00060000000000000000002d;
000100000000000000000020;commentaire;2026-07-05 12:39:00;lue;2026-07-06 09:39:00;commentaire;0004000000000000000001a2;000100000000000000000027;00030000000000000000004f;00060000000000000000002e;
00010000000000000000007f;commentaire;2026-07-05 17:55:00;lue;2026-07-06 03:55:00;commentaire;00040000000000000000006c;00010000000000000000002e;000300000000000000000063;00060000000000000000002f;
000100000000000000000081;jaime;2026-07-06 00:28:00;lue;2026-07-06 15:28:00;publication;000300000000000000000066;000100000000000000000041;000300000000000000000066;000600000000000000000030;
000100000000000000000084;commentaire;2026-07-06 03:51:00;lue;2026-07-07 22:51:00;commentaire;000400000000000000000164;000100000000000000000003;000300000000000000000057;000600000000000000000031;
000100000000000000000086;jaime;2026-07-06 04:16:00;lue;2026-07-08 01:16:00;publication;00030000000000000000005e;000100000000000000000024;00030000000000000000005e;000600000000000000000032;
00010000000000000000008e;commentaire;2026-07-06 14:30:00;lue;2026-07-07 05:30:00;commentaire;000400000000000000000139;000100000000000000000041;00030000000000000000006a;000600000000000000000033;
00010000000000000000007e;jaime;2026-07-06 16:38:00;lue;2026-07-06 23:38:00;publication;000300000000000000000061;000100000000000000000018;000300000000000000000061;000600000000000000000034;
000100000000000000000060;jaime;2026-07-07 05:17:00;lue;2026-07-07 23:17:00;publication;00030000000000000000002e;000100000000000000000003;00030000000000000000002e;000600000000000000000035;
000100000000000000000020;jaime;2026-07-07 12:07:00;lue;2026-07-07 18:07:00;publication;00030000000000000000004c;00010000000000000000003a;00030000000000000000004c;000600000000000000000036;
000100000000000000000029;commentaire;2026-07-07 14:57:00;lue;2026-07-07 21:57:00;commentaire;00040000000000000000024a;000100000000000000000011;00030000000000000000007c;000600000000000000000037;
000100000000000000000066;jaime;2026-07-07 15:04:00;lue;2026-07-08 04:04:00;publication;000300000000000000000043;000100000000000000000001;000300000000000000000043;000600000000000000000038;
000100000000000000000020;jaime;2026-07-07 22:39:00;non_lue;;publication;00030000000000000000003f;000100000000000000000010;00030000000000000000003f;000600000000000000000039;
000100000000000000000028;jaime;2026-07-08 09:45:00;lue;2026-07-08 13:45:00;publication;000300000000000000000044;000100000000000000000007;000300000000000000000044;00060000000000000000003a;
000100000000000000000086;jaime;2026-07-09 10:39:00;lue;2026-07-10 19:39:00;publication;00030000000000000000001a;00010000000000000000003c;00030000000000000000001a;00060000000000000000003b;
000100000000000000000020;jaime;2026-07-09 14:06:00;lue;2026-07-10 14:06:00;publication;000300000000000000000076;000100000000000000000095;000300000000000000000076;00060000000000000000003c;
000100000000000000000081;jaime;2026-07-09 15:08:00;lue;2026-07-10 23:08:00;publication;000300000000000000000066;00010000000000000000002c;000300000000000000000066;00060000000000000000003d;
000100000000000000000014;jaime;2026-07-09 15:43:00;lue;2026-07-10 22:43:00;publication;000300000000000000000016;000100000000000000000003;000300000000000000000016;00060000000000000000003e;
000100000000000000000021;jaime;2026-07-09 17:45:00;lue;2026-07-11 08:45:00;publication;000300000000000000000028;00010000000000000000000c;000300000000000000000028;00060000000000000000003f;
00010000000000000000007e;commentaire;2026-07-09 21:46:00;non_lue;;commentaire;000400000000000000000220;000100000000000000000012;000300000000000000000088;000600000000000000000040;
000100000000000000000042;jaime;2026-07-10 09:05:00;non_lue;;publication;000300000000000000000050;00010000000000000000001f;000300000000000000000050;000600000000000000000041;
000100000000000000000086;jaime;2026-07-10 12:42:00;lue;2026-07-11 11:42:00;publication;000300000000000000000080;000100000000000000000020;000300000000000000000080;000600000000000000000042;
000100000000000000000042;jaime;2026-07-11 01:57:00;lue;2026-07-11 16:57:00;publication;000300000000000000000056;00010000000000000000005d;000300000000000000000056;000600000000000000000043;
000100000000000000000014;jaime;2026-07-11 12:32:00;lue;2026-07-11 16:32:00;publication;000300000000000000000032;000100000000000000000019;000300000000000000000032;000600000000000000000044;
000100000000000000000042;jaime;2026-07-11 13:06:00;lue;2026-07-13 04:06:00;publication;000300000000000000000009;000100000000000000000094;000300000000000000000009;000600000000000000000045;
000100000000000000000020;jaime;2026-07-11 13:44:00;lue;2026-07-11 22:44:00;publication;000300000000000000000076;000100000000000000000096;000300000000000000000076;000600000000000000000046;
000100000000000000000032;jaime;2026-07-11 17:26:00;lue;2026-07-12 01:26:00;publication;00030000000000000000005a;000100000000000000000005;00030000000000000000005a;000600000000000000000047;
000100000000000000000086;jaime;2026-07-11 18:20:00;lue;2026-07-12 02:20:00;publication;00030000000000000000004d;000100000000000000000063;00030000000000000000004d;000600000000000000000048;
000100000000000000000029;commentaire;2026-07-11 22:26:00;lue;2026-07-13 02:26:00;commentaire;00040000000000000000022f;00010000000000000000002e;00030000000000000000007c;000600000000000000000049;
00010000000000000000008e;jaime;2026-07-12 03:28:00;lue;2026-07-13 01:28:00;publication;000300000000000000000031;00010000000000000000003a;000300000000000000000031;00060000000000000000004a;
000100000000000000000020;jaime;2026-07-12 07:51:00;lue;2026-07-13 01:51:00;publication;000300000000000000000076;000100000000000000000086;000300000000000000000076;00060000000000000000004b;
000100000000000000000081;jaime;2026-07-12 11:21:00;non_lue;;publication;00030000000000000000007a;00010000000000000000003b;00030000000000000000007a;00060000000000000000004c;
000100000000000000000042;jaime;2026-07-12 16:46:00;lue;2026-07-14 13:46:00;publication;000300000000000000000081;00010000000000000000002c;000300000000000000000081;00060000000000000000004d;
000100000000000000000086;jaime;2026-07-13 12:29:00;lue;2026-07-14 23:29:00;publication;00030000000000000000004a;00010000000000000000001b;00030000000000000000004a;00060000000000000000004e;
000100000000000000000086;jaime;2026-07-13 16:54:00;lue;2026-07-14 20:54:00;publication;00030000000000000000001a;000100000000000000000041;00030000000000000000001a;00060000000000000000004f;
000100000000000000000059;jaime;2026-07-13 18:04:00;lue;2026-07-15 01:04:00;publication;00030000000000000000009d;000100000000000000000001;00030000000000000000009d;000600000000000000000050;
000100000000000000000072;jaime;2026-07-13 19:25:00;lue;2026-07-15 01:25:00;publication;000300000000000000000064;00010000000000000000001f;000300000000000000000064;000600000000000000000051;
000100000000000000000028;commentaire;2026-07-14 07:55:00;lue;2026-07-16 03:55:00;commentaire;00040000000000000000042f;000100000000000000000050;00030000000000000000007f;000600000000000000000052;
000100000000000000000086;commentaire;2026-07-14 11:10:00;lue;2026-07-14 14:10:00;commentaire;0004000000000000000001e3;00010000000000000000001d;00030000000000000000009b;000600000000000000000053;
000100000000000000000066;jaime;2026-07-14 11:38:00;non_lue;;publication;000300000000000000000043;00010000000000000000002f;000300000000000000000043;000600000000000000000054;
000100000000000000000021;jaime;2026-07-14 18:01:00;lue;2026-07-15 12:01:00;publication;000300000000000000000028;00010000000000000000001e;000300000000000000000028;000600000000000000000055;
00010000000000000000007f;jaime;2026-07-14 18:53:00;lue;2026-07-16 14:53:00;publication;000300000000000000000063;00010000000000000000001a;000300000000000000000063;000600000000000000000056;
000100000000000000000086;jaime;2026-07-14 21:56:00;lue;2026-07-15 18:56:00;publication;000300000000000000000074;000100000000000000000027;000300000000000000000074;000600000000000000000057;
000100000000000000000081;commentaire;2026-07-15 12:44:00;lue;2026-07-15 22:44:00;commentaire;0004000000000000000001a1;00010000000000000000006e;00030000000000000000007a;000600000000000000000058;
00010000000000000000006b;jaime;2026-07-16 02:01:00;lue;2026-07-17 15:01:00;publication;00030000000000000000002c;00010000000000000000001a;00030000000000000000002c;000600000000000000000059;
000100000000000000000022;jaime;2026-07-16 06:16:00;lue;2026-07-17 05:16:00;publication;00030000000000000000008d;00010000000000000000007e;00030000000000000000008d;00060000000000000000005a;
000100000000000000000014;jaime;2026-07-16 06:19:00;lue;2026-07-16 16:19:00;publication;00030000000000000000002b;00010000000000000000004d;00030000000000000000002b;00060000000000000000005b;
00010000000000000000008e;jaime;2026-07-16 10:50:00;lue;2026-07-18 00:50:00;publication;000300000000000000000090;000100000000000000000084;000300000000000000000090;00060000000000000000005c;
000100000000000000000042;commentaire;2026-07-16 11:46:00;non_lue;;commentaire;0004000000000000000000ac;000100000000000000000096;00030000000000000000008a;00060000000000000000005d;
00010000000000000000006b;jaime;2026-07-16 15:41:00;lue;2026-07-18 08:41:00;publication;00030000000000000000000e;00010000000000000000007d;00030000000000000000000e;00060000000000000000005e;
000100000000000000000059;jaime;2026-07-16 18:07:00;lue;2026-07-18 11:07:00;publication;00030000000000000000009d;000100000000000000000012;00030000000000000000009d;00060000000000000000005f;
00010000000000000000006b;jaime;2026-07-16 20:38:00;lue;2026-07-17 08:38:00;publication;000300000000000000000055;00010000000000000000000d;000300000000000000000055;000600000000000000000060;
000100000000000000000042;jaime;2026-07-17 03:50:00;lue;2026-07-17 06:50:00;publication;00030000000000000000006f;000100000000000000000059;00030000000000000000006f;000600000000000000000061;
000100000000000000000086;jaime;2026-07-17 06:50:00;lue;2026-07-19 02:50:00;publication;00030000000000000000002f;00010000000000000000002a;00030000000000000000002f;000600000000000000000062;
00010000000000000000008b;jaime;2026-07-17 08:03:00;lue;2026-07-17 15:03:00;publication;00030000000000000000009c;000100000000000000000021;00030000000000000000009c;000600000000000000000063;
00010000000000000000002a;commentaire;2026-07-17 10:53:00;lue;2026-07-18 20:53:00;commentaire;0004000000000000000001ea;000100000000000000000019;0003000000000000000000a0;000600000000000000000064;
000100000000000000000042;jaime;2026-07-17 10:59:00;lue;2026-07-17 14:59:00;publication;00030000000000000000006f;000100000000000000000067;00030000000000000000006f;000600000000000000000065;
000100000000000000000020;jaime;2026-07-17 11:18:00;lue;2026-07-19 11:18:00;publication;00030000000000000000001f;000100000000000000000078;00030000000000000000001f;000600000000000000000066;
000100000000000000000020;jaime;2026-07-17 12:20:00;lue;2026-07-18 14:20:00;publication;000300000000000000000076;00010000000000000000005b;000300000000000000000076;000600000000000000000067;
000100000000000000000028;jaime;2026-07-17 17:06:00;lue;2026-07-18 13:06:00;publication;00030000000000000000007f;000100000000000000000050;00030000000000000000007f;000600000000000000000068;
000100000000000000000020;jaime;2026-07-17 18:32:00;lue;2026-07-18 07:32:00;publication;000300000000000000000024;000100000000000000000092;000300000000000000000024;000600000000000000000069;
000100000000000000000041;commentaire;2026-07-19 02:43:00;non_lue;;commentaire;0004000000000000000003b7;000100000000000000000073;0003000000000000000000a2;00060000000000000000006a;
000100000000000000000020;jaime;2026-07-19 08:03:00;lue;2026-07-20 16:03:00;publication;00030000000000000000001f;000100000000000000000088;00030000000000000000001f;00060000000000000000006b;
000100000000000000000084;jaime;2026-07-19 15:51:00;lue;2026-07-19 16:51:00;publication;000300000000000000000093;000100000000000000000020;000300000000000000000093;00060000000000000000006c;
000100000000000000000059;jaime;2026-07-19 19:34:00;lue;2026-07-21 19:34:00;publication;00030000000000000000003e;000100000000000000000017;00030000000000000000003e;00060000000000000000006d;
000100000000000000000084;jaime;2026-07-20 23:46:00;lue;2026-07-22 11:46:00;publication;00030000000000000000008c;000100000000000000000054;00030000000000000000008c;00060000000000000000006e;
00010000000000000000006b;jaime;2026-07-21 15:53:00;lue;2026-07-23 06:53:00;publication;000300000000000000000055;00010000000000000000003a;000300000000000000000055;00060000000000000000006f;
000100000000000000000020;jaime;2026-07-21 21:24:00;lue;2026-07-23 12:24:00;publication;00030000000000000000004c;000100000000000000000016;00030000000000000000004c;000600000000000000000070;
000100000000000000000059;commentaire;2026-07-22 00:08:00;lue;2026-07-22 17:08:00;commentaire;0004000000000000000001e7;00010000000000000000001a;00030000000000000000009d;000600000000000000000071;
000100000000000000000037;jaime;2026-07-22 02:56:00;non_lue;;publication;000300000000000000000007;00010000000000000000001d;000300000000000000000007;000600000000000000000072;
000100000000000000000020;jaime;2026-07-22 04:10:00;lue;2026-07-23 10:10:00;publication;000300000000000000000076;00010000000000000000002f;000300000000000000000076;000600000000000000000073;
000100000000000000000022;jaime;2026-07-22 04:32:00;lue;2026-07-22 07:32:00;publication;0003000000000000000000ab;000100000000000000000074;0003000000000000000000ab;000600000000000000000074;
000100000000000000000020;commentaire;2026-07-22 09:55:00;lue;2026-07-23 10:55:00;commentaire;000400000000000000000207;00010000000000000000008f;0003000000000000000000b8;000600000000000000000075;
000100000000000000000081;jaime;2026-07-22 16:43:00;non_lue;;publication;00030000000000000000007a;000100000000000000000003;00030000000000000000007a;000600000000000000000076;
000100000000000000000047;jaime;2026-07-22 19:17:00;lue;2026-07-24 02:17:00;publication;0003000000000000000000b6;000100000000000000000021;0003000000000000000000b6;000600000000000000000077;
00010000000000000000002a;jaime;2026-07-23 00:17:00;lue;2026-07-23 14:17:00;publication;000300000000000000000096;00010000000000000000003f;000300000000000000000096;000600000000000000000078;
000100000000000000000006;jaime;2026-07-23 02:12:00;lue;2026-07-24 17:12:00;publication;00030000000000000000003c;000100000000000000000036;00030000000000000000003c;000600000000000000000079;
00010000000000000000007e;jaime;2026-07-23 02:40:00;lue;2026-07-24 10:40:00;publication;000300000000000000000054;000100000000000000000039;000300000000000000000054;00060000000000000000007a;
000100000000000000000084;jaime;2026-07-24 02:47:00;lue;2026-07-25 19:47:00;publication;0003000000000000000000a1;000100000000000000000036;0003000000000000000000a1;00060000000000000000007b;
000100000000000000000028;jaime;2026-07-24 03:00:00;lue;2026-07-24 11:00:00;publication;00030000000000000000007f;00010000000000000000002f;00030000000000000000007f;00060000000000000000007c;
000100000000000000000028;jaime;2026-07-24 15:14:00;lue;2026-07-25 23:14:00;publication;00030000000000000000007f;000100000000000000000064;00030000000000000000007f;00060000000000000000007d;
000100000000000000000084;jaime;2026-07-24 20:47:00;lue;2026-07-26 06:47:00;publication;00030000000000000000008c;000100000000000000000034;00030000000000000000008c;00060000000000000000007e;
000100000000000000000077;jaime;2026-07-24 22:07:00;lue;2026-07-26 04:07:00;publication;000300000000000000000053;00010000000000000000005f;000300000000000000000053;00060000000000000000007f;
000100000000000000000014;jaime;2026-07-25 00:39:00;lue;2026-07-25 14:39:00;publication;00030000000000000000000d;00010000000000000000008f;00030000000000000000000d;000600000000000000000080;
00010000000000000000008e;jaime;2026-07-25 01:27:00;lue;2026-07-26 05:27:00;publication;000300000000000000000090;000100000000000000000051;000300000000000000000090;000600000000000000000081;
000100000000000000000028;commentaire;2026-07-25 04:48:00;lue;2026-07-26 23:48:00;commentaire;00040000000000000000044f;00010000000000000000004f;0003000000000000000000b3;000600000000000000000082;
000100000000000000000084;jaime;2026-07-25 05:11:00;lue;2026-07-27 05:11:00;publication;00030000000000000000008c;000100000000000000000015;00030000000000000000008c;000600000000000000000083;
00010000000000000000008e;jaime;2026-07-25 08:59:00;lue;2026-07-25 15:59:00;publication;000300000000000000000004;000100000000000000000008;000300000000000000000004;000600000000000000000084;
000100000000000000000028;jaime;2026-07-25 19:00:00;lue;2026-07-27 06:00:00;publication;0003000000000000000000bd;00010000000000000000003b;0003000000000000000000bd;000600000000000000000085;
000100000000000000000084;jaime;2026-07-26 03:27:00;non_lue;;publication;000300000000000000000072;000100000000000000000064;000300000000000000000072;000600000000000000000086;
000100000000000000000028;jaime;2026-07-26 07:26:00;lue;2026-07-26 14:26:00;publication;0003000000000000000000c2;000100000000000000000039;0003000000000000000000c2;000600000000000000000087;
000100000000000000000028;commentaire;2026-07-26 07:59:00;lue;2026-07-27 10:59:00;commentaire;00040000000000000000040d;000100000000000000000023;0003000000000000000000a8;000600000000000000000088;
00010000000000000000002a;jaime;2026-07-26 08:56:00;lue;2026-07-27 04:56:00;publication;0003000000000000000000a0;000100000000000000000065;0003000000000000000000a0;000600000000000000000089;
000100000000000000000081;jaime;2026-07-26 09:03:00;lue;2026-07-27 13:03:00;publication;00030000000000000000007a;00010000000000000000002b;00030000000000000000007a;00060000000000000000008a;
00010000000000000000008e;jaime;2026-07-26 12:12:00;lue;2026-07-27 14:12:00;publication;0003000000000000000000b4;000100000000000000000067;0003000000000000000000b4;00060000000000000000008b;
000100000000000000000059;jaime;2026-07-26 13:41:00;lue;2026-07-27 17:41:00;publication;00030000000000000000003e;00010000000000000000006c;00030000000000000000003e;00060000000000000000008c;
000100000000000000000020;jaime;2026-07-26 17:36:00;non_lue;;publication;00030000000000000000004f;000100000000000000000031;00030000000000000000004f;00060000000000000000008d;
00010000000000000000008e;jaime;2026-07-26 19:54:00;lue;2026-07-27 20:54:00;publication;000300000000000000000090;000100000000000000000042;000300000000000000000090;00060000000000000000008e;
000100000000000000000014;jaime;2026-07-26 20:50:00;lue;2026-07-28 05:50:00;publication;000300000000000000000089;00010000000000000000004a;000300000000000000000089;00060000000000000000008f;
000100000000000000000014;jaime;2026-07-26 23:36:00;lue;2026-07-28 19:36:00;publication;0003000000000000000000ca;000100000000000000000090;0003000000000000000000ca;000600000000000000000090;
000100000000000000000020;jaime;2026-07-27 00:16:00;lue;2026-07-27 19:16:00;publication;00030000000000000000001f;000100000000000000000079;00030000000000000000001f;000600000000000000000091;
000100000000000000000014;jaime;2026-07-27 05:01:00;lue;2026-07-27 20:01:00;publication;0003000000000000000000a7;00010000000000000000000f;0003000000000000000000a7;000600000000000000000092;
000100000000000000000029;commentaire;2026-07-27 15:15:00;lue;2026-07-28 15:15:00;commentaire;00040000000000000000041d;00010000000000000000005d;0003000000000000000000cc;000600000000000000000093;
000100000000000000000014;jaime;2026-07-27 17:47:00;non_lue;;publication;0003000000000000000000c9;000100000000000000000002;0003000000000000000000c9;000600000000000000000094;
000100000000000000000020;jaime;2026-07-28 12:03:00;lue;2026-07-29 12:03:00;publication;000300000000000000000015;000100000000000000000010;000300000000000000000015;000600000000000000000095;
00010000000000000000002a;jaime;2026-07-28 21:08:00;non_lue;;publication;0003000000000000000000a0;000100000000000000000068;0003000000000000000000a0;000600000000000000000096;
000100000000000000000033;jaime;2026-07-28 22:59:00;lue;2026-07-30 22:59:00;publication;000300000000000000000070;000100000000000000000024;000300000000000000000070;000600000000000000000097;
000100000000000000000028;jaime;2026-07-29 00:46:00;lue;2026-07-30 06:46:00;publication;000300000000000000000044;00010000000000000000007e;000300000000000000000044;000600000000000000000098;
00010000000000000000007f;jaime;2026-07-29 03:08:00;lue;2026-07-29 19:08:00;publication;000300000000000000000069;000100000000000000000032;000300000000000000000069;000600000000000000000099;
000100000000000000000022;jaime;2026-07-29 03:21:00;non_lue;;publication;0003000000000000000000ab;00010000000000000000008b;0003000000000000000000ab;00060000000000000000009a;
000100000000000000000042;jaime;2026-07-29 15:36:00;lue;2026-07-31 02:36:00;publication;000300000000000000000009;000100000000000000000095;000300000000000000000009;00060000000000000000009b;
000100000000000000000086;jaime;2026-07-29 16:14:00;lue;2026-07-31 01:14:00;publication;00030000000000000000009b;00010000000000000000006e;00030000000000000000009b;00060000000000000000009c;
000100000000000000000020;jaime;2026-07-29 23:07:00;non_lue;;publication;0003000000000000000000b8;000100000000000000000086;0003000000000000000000b8;00060000000000000000009d;
000100000000000000000084;jaime;2026-07-30 00:51:00;lue;2026-07-30 12:51:00;publication;0003000000000000000000c8;000100000000000000000022;0003000000000000000000c8;00060000000000000000009e;
00010000000000000000008e;jaime;2026-07-30 04:50:00;lue;2026-07-31 05:50:00;publication;000300000000000000000090;00010000000000000000008b;000300000000000000000090;00060000000000000000009f;
00010000000000000000006b;jaime;2026-07-30 05:28:00;lue;2026-07-31 09:28:00;publication;000300000000000000000055;000100000000000000000074;000300000000000000000055;0006000000000000000000a0;
000100000000000000000014;jaime;2026-07-30 06:50:00;lue;2026-07-31 18:50:00;publication;00030000000000000000002b;000100000000000000000061;00030000000000000000002b;0006000000000000000000a1;
000100000000000000000028;jaime;2026-07-30 08:49:00;lue;2026-07-31 17:49:00;publication;0003000000000000000000cd;00010000000000000000004f;0003000000000000000000cd;0006000000000000000000a2;
000100000000000000000055;jaime;2026-07-30 08:53:00;non_lue;;publication;000300000000000000000045;00010000000000000000008d;000300000000000000000045;0006000000000000000000a3;
000100000000000000000020;jaime;2026-07-30 09:19:00;lue;2026-07-31 04:19:00;publication;000300000000000000000060;000100000000000000000009;000300000000000000000060;0006000000000000000000a4;
000100000000000000000086;jaime;2026-07-30 09:39:00;lue;2026-07-30 12:39:00;publication;00030000000000000000005b;000100000000000000000048;00030000000000000000005b;0006000000000000000000a5;
00010000000000000000002a;jaime;2026-07-30 13:03:00;lue;2026-08-01 11:03:00;publication;0003000000000000000000cb;00010000000000000000006a;0003000000000000000000cb;0006000000000000000000a6;
000100000000000000000042;jaime;2026-07-30 15:38:00;lue;2026-07-30 18:38:00;publication;000300000000000000000037;00010000000000000000005f;000300000000000000000037;0006000000000000000000a7;
000100000000000000000086;jaime;2026-07-30 15:46:00;non_lue;;publication;00030000000000000000001a;000100000000000000000078;00030000000000000000001a;0006000000000000000000a8;
000100000000000000000014;commentaire;2026-07-30 16:30:00;lue;2026-07-31 16:30:00;commentaire;000400000000000000000348;000100000000000000000057;0003000000000000000000ca;0006000000000000000000a9;
000100000000000000000086;jaime;2026-07-31 03:03:00;non_lue;;publication;00030000000000000000009b;00010000000000000000008d;00030000000000000000009b;0006000000000000000000aa;
000100000000000000000022;jaime;2026-07-31 06:09:00;lue;2026-07-31 15:09:00;publication;000300000000000000000065;000100000000000000000003;000300000000000000000065;0006000000000000000000ab;
000100000000000000000042;jaime;2026-07-31 11:39:00;lue;2026-08-01 22:39:00;publication;00030000000000000000002a;00010000000000000000003c;00030000000000000000002a;0006000000000000000000ac;
000100000000000000000042;jaime;2026-07-31 12:37:00;non_lue;;publication;0003000000000000000000c1;000100000000000000000030;0003000000000000000000c1;0006000000000000000000ad;
000100000000000000000042;jaime;2026-07-31 17:42:00;lue;2026-08-01 01:42:00;publication;0003000000000000000000be;00010000000000000000006b;0003000000000000000000be;0006000000000000000000ae;
00010000000000000000006b;jaime;2026-07-31 22:46:00;lue;2026-08-02 08:46:00;publication;0003000000000000000000ae;000100000000000000000063;0003000000000000000000ae;0006000000000000000000af;
00010000000000000000008e;jaime;2026-07-31 22:58:00;lue;2026-08-01 20:58:00;publication;000300000000000000000031;000100000000000000000041;000300000000000000000031;0006000000000000000000b0;
000100000000000000000086;jaime;2026-07-31 23:30:00;lue;2026-08-02 22:30:00;publication;0003000000000000000000a5;000100000000000000000005;0003000000000000000000a5;0006000000000000000000b1;
00010000000000000000007e;jaime;2026-08-01 02:40:00;lue;2026-08-02 12:40:00;publication;0003000000000000000000d1;000100000000000000000054;0003000000000000000000d1;0006000000000000000000b2;
000100000000000000000032;jaime;2026-08-01 04:03:00;lue;2026-08-03 01:03:00;publication;000300000000000000000082;00010000000000000000008a;000300000000000000000082;0006000000000000000000b3;
000100000000000000000072;jaime;2026-08-01 06:21:00;lue;2026-08-01 15:21:00;publication;0003000000000000000000b1;00010000000000000000001d;0003000000000000000000b1;0006000000000000000000b4;
000100000000000000000076;jaime;2026-08-01 06:29:00;lue;2026-08-02 14:29:00;publication;000300000000000000000011;00010000000000000000008f;000300000000000000000011;0006000000000000000000b5;
00010000000000000000006b;jaime;2026-08-01 11:18:00;lue;2026-08-02 21:18:00;publication;000300000000000000000040;000100000000000000000043;000300000000000000000040;0006000000000000000000b6;
000100000000000000000059;jaime;2026-08-01 14:25:00;non_lue;;publication;0003000000000000000000d0;000100000000000000000003;0003000000000000000000d0;0006000000000000000000b7;
00010000000000000000008e;jaime;2026-08-02 06:06:00;lue;2026-08-03 02:06:00;publication;0003000000000000000000b4;00010000000000000000004a;0003000000000000000000b4;0006000000000000000000b8;
000100000000000000000020;jaime;2026-08-02 17:01:00;lue;2026-08-03 01:01:00;publication;00030000000000000000004f;000100000000000000000002;00030000000000000000004f;0006000000000000000000b9;
000100000000000000000028;jaime;2026-08-02 17:43:00;non_lue;;publication;0003000000000000000000bd;000100000000000000000058;0003000000000000000000bd;0006000000000000000000ba;
00010000000000000000008e;jaime;2026-08-02 21:52:00;lue;2026-08-03 21:52:00;publication;000300000000000000000090;000100000000000000000063;000300000000000000000090;0006000000000000000000bb;
000100000000000000000084;jaime;2026-08-02 21:55:00;lue;2026-08-04 00:55:00;publication;00030000000000000000008c;000100000000000000000094;00030000000000000000008c;0006000000000000000000bc;
000100000000000000000020;jaime;2026-08-03 00:14:00;lue;2026-08-03 22:14:00;publication;0003000000000000000000eb;00010000000000000000001d;0003000000000000000000eb;0006000000000000000000bd;
000100000000000000000014;jaime;2026-08-03 03:33:00;lue;2026-08-04 05:33:00;publication;000300000000000000000089;00010000000000000000001c;000300000000000000000089;0006000000000000000000be;
00010000000000000000008e;jaime;2026-08-03 04:29:00;lue;2026-08-04 17:29:00;publication;0003000000000000000000d2;000100000000000000000093;0003000000000000000000d2;0006000000000000000000bf;
00010000000000000000007f;jaime;2026-08-03 06:22:00;lue;2026-08-04 20:22:00;publication;000300000000000000000098;000100000000000000000093;000300000000000000000098;0006000000000000000000c0;
000100000000000000000086;jaime;2026-08-03 09:14:00;lue;2026-08-05 02:14:00;publication;0003000000000000000000e7;00010000000000000000001d;0003000000000000000000e7;0006000000000000000000c1;
00010000000000000000008e;jaime;2026-08-03 16:10:00;lue;2026-08-04 10:10:00;publication;0003000000000000000000d2;000100000000000000000046;0003000000000000000000d2;0006000000000000000000c2;
000100000000000000000014;jaime;2026-08-03 22:39:00;lue;2026-08-04 18:39:00;publication;0003000000000000000000c6;000100000000000000000028;0003000000000000000000c6;0006000000000000000000c3;
000100000000000000000020;jaime;2026-08-03 23:41:00;non_lue;;publication;0003000000000000000000d4;00010000000000000000002a;0003000000000000000000d4;0006000000000000000000c4;
00010000000000000000008e;jaime;2026-08-04 02:06:00;lue;2026-08-05 06:06:00;publication;000300000000000000000090;000100000000000000000025;000300000000000000000090;0006000000000000000000c5;
000100000000000000000086;jaime;2026-08-04 07:40:00;lue;2026-08-05 03:40:00;publication;0003000000000000000000cf;000100000000000000000048;0003000000000000000000cf;0006000000000000000000c6;
000100000000000000000020;jaime;2026-08-04 08:02:00;lue;2026-08-05 06:02:00;publication;0003000000000000000000d4;000100000000000000000019;0003000000000000000000d4;0006000000000000000000c7;
00010000000000000000008e;jaime;2026-08-04 13:02:00;non_lue;;publication;000300000000000000000090;000100000000000000000052;000300000000000000000090;0006000000000000000000c8;
000100000000000000000059;jaime;2026-08-04 14:59:00;non_lue;;publication;00030000000000000000009d;000100000000000000000032;00030000000000000000009d;0006000000000000000000c9;
000100000000000000000072;jaime;2026-08-04 16:27:00;lue;2026-08-06 07:27:00;publication;000300000000000000000019;000100000000000000000089;000300000000000000000019;0006000000000000000000ca;
000100000000000000000059;commentaire;2026-08-05 10:38:00;lue;2026-08-06 09:38:00;commentaire;000400000000000000000218;000100000000000000000090;0003000000000000000000d7;0006000000000000000000cb;
000100000000000000000059;jaime;2026-08-05 15:32:00;lue;2026-08-06 02:32:00;publication;00030000000000000000003e;000100000000000000000023;00030000000000000000003e;0006000000000000000000cc;
00010000000000000000006b;jaime;2026-08-05 18:36:00;lue;2026-08-07 18:36:00;publication;0003000000000000000000f4;00010000000000000000006d;0003000000000000000000f4;0006000000000000000000cd;
00010000000000000000002a;jaime;2026-08-05 22:08:00;lue;2026-08-06 10:08:00;publication;000300000000000000000048;00010000000000000000002b;000300000000000000000048;0006000000000000000000ce;
000100000000000000000028;jaime;2026-08-05 22:42:00;lue;2026-08-07 13:42:00;publication;0003000000000000000000b3;000100000000000000000087;0003000000000000000000b3;0006000000000000000000cf;
00010000000000000000007e;message;2026-08-06 01:22:26;non_lue;;message_prive;000500000000000000000003;000100000000000000000010;;0006000000000000000000d0;
000100000000000000000020;jaime;2026-08-06 02:46:00;lue;2026-08-06 17:46:00;publication;00030000000000000000004c;00010000000000000000006b;00030000000000000000004c;0006000000000000000000d1;
000100000000000000000059;jaime;2026-08-06 07:18:00;lue;2026-08-07 05:18:00;publication;0003000000000000000000d0;00010000000000000000003e;0003000000000000000000d0;0006000000000000000000d2;
000100000000000000000028;jaime;2026-08-06 10:05:00;lue;2026-08-08 06:05:00;publication;0003000000000000000000cd;00010000000000000000000a;0003000000000000000000cd;0006000000000000000000d3;
00010000000000000000008e;jaime;2026-08-06 13:58:00;lue;2026-08-08 09:58:00;publication;000300000000000000000090;000100000000000000000053;000300000000000000000090;0006000000000000000000d4;
000100000000000000000041;message;2026-08-06 19:30:14;non_lue;;message_prive;00050000000000000000000e;000100000000000000000050;;0006000000000000000000d5;
000100000000000000000041;message;2026-08-06 19:43:14;non_lue;;message_prive;00050000000000000000000f;000100000000000000000050;;0006000000000000000000d6;
000100000000000000000047;jaime;2026-08-06 19:58:00;lue;2026-08-08 16:58:00;publication;0003000000000000000000b6;00010000000000000000004f;0003000000000000000000b6;0006000000000000000000d7;
000100000000000000000014;commentaire;2026-08-06 20:04:00;lue;2026-08-07 14:04:00;commentaire;0004000000000000000001b5;000100000000000000000004;0003000000000000000000e3;0006000000000000000000d8;
000100000000000000000037;jaime;2026-08-06 20:11:00;non_lue;;publication;000300000000000000000007;000100000000000000000061;000300000000000000000007;0006000000000000000000d9;
00010000000000000000002a;jaime;2026-08-07 04:32:00;lue;2026-08-07 19:32:00;publication;0003000000000000000000a0;000100000000000000000050;0003000000000000000000a0;0006000000000000000000da;
00010000000000000000004d;jaime;2026-08-07 05:03:00;lue;2026-08-08 20:03:00;publication;000300000000000000000091;000100000000000000000063;000300000000000000000091;0006000000000000000000db;
000100000000000000000041;message;2026-08-07 23:43:14;non_lue;;message_prive;000500000000000000000020;000100000000000000000050;;0006000000000000000000dc;
00010000000000000000006b;jaime;2026-08-08 02:06:00;lue;2026-08-10 01:06:00;publication;0003000000000000000000ae;00010000000000000000003e;0003000000000000000000ae;0006000000000000000000dd;
00010000000000000000007e;jaime;2026-08-08 03:04:00;lue;2026-08-09 23:04:00;publication;0003000000000000000000d6;000100000000000000000095;0003000000000000000000d6;0006000000000000000000de;
000100000000000000000084;jaime;2026-08-08 06:46:00;lue;2026-08-09 13:46:00;publication;0003000000000000000000ad;00010000000000000000004b;0003000000000000000000ad;0006000000000000000000df;
000100000000000000000081;jaime;2026-08-08 07:42:00;lue;2026-08-09 06:42:00;publication;0003000000000000000000af;00010000000000000000007d;0003000000000000000000af;0006000000000000000000e0;
000100000000000000000086;jaime;2026-08-08 09:11:00;non_lue;;publication;00030000000000000000004d;00010000000000000000002f;00030000000000000000004d;0006000000000000000000e1;
00010000000000000000006b;jaime;2026-08-08 11:05:00;lue;2026-08-10 01:05:00;publication;000300000000000000000055;000100000000000000000043;000300000000000000000055;0006000000000000000000e2;
000100000000000000000022;jaime;2026-08-08 17:30:00;non_lue;;publication;000300000000000000000002;000100000000000000000052;000300000000000000000002;0006000000000000000000e3;
000100000000000000000075;jaime;2026-08-08 17:44:00;lue;2026-08-10 02:44:00;publication;000300000000000000000078;000100000000000000000001;000300000000000000000078;0006000000000000000000e4;
000100000000000000000041;jaime;2026-08-08 18:53:00;lue;2026-08-09 11:53:00;publication;0003000000000000000000a2;000100000000000000000058;0003000000000000000000a2;0006000000000000000000e5;
000100000000000000000081;jaime;2026-08-08 23:41:00;non_lue;;publication;0003000000000000000000de;00010000000000000000005e;0003000000000000000000de;0006000000000000000000e6;
00010000000000000000008e;jaime;2026-08-08 23:47:00;lue;2026-08-10 01:47:00;publication;00030000000000000000009a;000100000000000000000096;00030000000000000000009a;0006000000000000000000e7;
000100000000000000000028;jaime;2026-08-09 00:51:00;lue;2026-08-10 14:51:00;publication;0003000000000000000000aa;00010000000000000000001a;0003000000000000000000aa;0006000000000000000000e8;
00010000000000000000008e;jaime;2026-08-09 01:56:00;non_lue;;publication;00030000000000000000006a;00010000000000000000006c;00030000000000000000006a;0006000000000000000000e9;
000100000000000000000042;jaime;2026-08-09 03:20:00;lue;2026-08-09 13:20:00;publication;000300000000000000000009;000100000000000000000061;000300000000000000000009;0006000000000000000000ea;
00010000000000000000001b;message;2026-08-09 06:38:46;non_lue;;message_prive;00050000000000000000003d;000100000000000000000088;;0006000000000000000000eb;
000100000000000000000001;message;2026-08-09 07:53:35;non_lue;;message_prive;000500000000000000000040;000100000000000000000003;;0006000000000000000000ec;
00010000000000000000007e;jaime;2026-08-09 10:55:00;lue;2026-08-10 21:55:00;publication;0003000000000000000000d6;00010000000000000000004a;0003000000000000000000d6;0006000000000000000000ed;
000100000000000000000050;jaime;2026-08-09 11:17:00;lue;2026-08-10 22:17:00;publication;000300000000000000000067;00010000000000000000002d;000300000000000000000067;0006000000000000000000ee;
000100000000000000000072;jaime;2026-08-09 12:23:00;lue;2026-08-09 14:23:00;publication;000300000000000000000019;00010000000000000000004d;000300000000000000000019;0006000000000000000000ef;
000100000000000000000029;jaime;2026-08-09 17:58:00;lue;2026-08-11 03:58:00;publication;0003000000000000000000cc;000100000000000000000021;0003000000000000000000cc;0006000000000000000000f0;
00010000000000000000006b;jaime;2026-08-09 19:10:00;non_lue;;publication;0003000000000000000000f4;00010000000000000000000c;0003000000000000000000f4;0006000000000000000000f1;
000100000000000000000086;jaime;2026-08-09 19:37:00;lue;2026-08-10 19:37:00;publication;00030000000000000000001a;000100000000000000000012;00030000000000000000001a;0006000000000000000000f2;
00010000000000000000007e;jaime;2026-08-09 19:44:00;lue;2026-08-11 19:44:00;publication;000300000000000000000061;000100000000000000000073;000300000000000000000061;0006000000000000000000f3;
000100000000000000000076;jaime;2026-08-09 20:49:00;non_lue;;publication;0003000000000000000000e4;000100000000000000000068;0003000000000000000000e4;0006000000000000000000f4;
000100000000000000000014;jaime;2026-08-10 03:39:00;lue;2026-08-11 06:39:00;publication;000300000000000000000016;000100000000000000000052;000300000000000000000016;0006000000000000000000f5;
000100000000000000000081;commentaire;2026-08-10 05:29:00;lue;2026-08-12 02:29:00;commentaire;000400000000000000000423;00010000000000000000003b;0003000000000000000000fa;0006000000000000000000f6;
000100000000000000000028;jaime;2026-08-10 11:09:00;lue;2026-08-11 14:09:00;publication;000300000000000000000044;000100000000000000000084;000300000000000000000044;0006000000000000000000f7;
000100000000000000000022;jaime;2026-08-10 12:39:00;lue;2026-08-10 21:39:00;publication;00030000000000000000008f;000100000000000000000088;00030000000000000000008f;0006000000000000000000f8;
00010000000000000000008e;jaime;2026-08-10 17:40:00;lue;2026-08-12 16:40:00;publication;00030000000000000000009a;00010000000000000000000a;00030000000000000000009a;0006000000000000000000f9;
00010000000000000000001b;message;2026-08-10 19:38:46;non_lue;;message_prive;000500000000000000000050;000100000000000000000088;;0006000000000000000000fa;
00010000000000000000000b;message;2026-08-11 00:32:12;non_lue;;message_prive;000500000000000000000058;00010000000000000000003c;;0006000000000000000000fb;
00010000000000000000008e;jaime;2026-08-11 01:15:00;lue;2026-08-12 17:15:00;publication;000300000000000000000058;00010000000000000000004a;000300000000000000000058;0006000000000000000000fc;
00010000000000000000000b;message;2026-08-11 01:47:12;non_lue;;message_prive;00050000000000000000005b;00010000000000000000003c;;0006000000000000000000fd;
00010000000000000000002a;jaime;2026-08-11 03:18:00;lue;2026-08-12 17:18:00;publication;0003000000000000000000a0;000100000000000000000002;0003000000000000000000a0;0006000000000000000000fe;
000100000000000000000072;jaime;2026-08-11 03:58:00;lue;2026-08-12 23:58:00;publication;000300000000000000000019;00010000000000000000004c;000300000000000000000019;0006000000000000000000ff;
000100000000000000000086;jaime;2026-08-11 06:20:00;non_lue;;publication;0003000000000000000000ed;000100000000000000000021;0003000000000000000000ed;000600000000000000000100;
000100000000000000000014;jaime;2026-08-11 08:19:00;lue;2026-08-12 18:19:00;publication;0003000000000000000000a9;000100000000000000000085;0003000000000000000000a9;000600000000000000000101;
000100000000000000000059;jaime;2026-08-11 09:11:00;non_lue;;publication;00030000000000000000003e;000100000000000000000075;00030000000000000000003e;000600000000000000000102;
000100000000000000000043;jaime;2026-08-11 10:09:00;lue;2026-08-13 00:09:00;publication;000300000000000000000099;000100000000000000000036;000300000000000000000099;000600000000000000000103;
000100000000000000000086;jaime;2026-08-11 11:57:00;lue;2026-08-13 02:57:00;publication;00030000000000000000001a;000100000000000000000045;00030000000000000000001a;000600000000000000000104;
000100000000000000000084;jaime;2026-08-11 13:22:00;lue;2026-08-11 14:22:00;publication;0003000000000000000000a1;000100000000000000000004;0003000000000000000000a1;000600000000000000000105;
000100000000000000000022;jaime;2026-08-11 15:30:00;lue;2026-08-12 13:30:00;publication;000300000000000000000101;000100000000000000000021;000300000000000000000101;000600000000000000000106;
00010000000000000000002a;jaime;2026-08-11 15:57:00;non_lue;;publication;000300000000000000000109;000100000000000000000050;000300000000000000000109;000600000000000000000107;
000100000000000000000044;jaime;2026-08-11 19:52:00;non_lue;;publication;0003000000000000000000bf;000100000000000000000019;0003000000000000000000bf;000600000000000000000108;
000100000000000000000084;jaime;2026-08-12 01:12:00;lue;2026-08-12 12:12:00;publication;00030000000000000000001e;00010000000000000000004c;00030000000000000000001e;000600000000000000000109;
00010000000000000000007f;jaime;2026-08-12 01:32:00;lue;2026-08-13 15:32:00;publication;000300000000000000000001;000100000000000000000041;000300000000000000000001;00060000000000000000010a;
000100000000000000000012;jaime;2026-08-12 05:26:00;lue;2026-08-13 17:26:00;publication;00030000000000000000004b;00010000000000000000001b;00030000000000000000004b;00060000000000000000010b;
00010000000000000000007f;jaime;2026-08-12 09:56:00;lue;2026-08-13 16:56:00;publication;00030000000000000000002d;000100000000000000000023;00030000000000000000002d;00060000000000000000010c;
000100000000000000000020;jaime;2026-08-12 14:06:00;lue;2026-08-14 03:06:00;publication;00030000000000000000004c;000100000000000000000079;00030000000000000000004c;00060000000000000000010d;
000100000000000000000029;jaime;2026-08-12 16:21:00;lue;2026-08-14 08:21:00;publication;0003000000000000000000cc;00010000000000000000004c;0003000000000000000000cc;00060000000000000000010e;
000100000000000000000017;jaime;2026-08-12 19:13:00;lue;2026-08-14 02:13:00;publication;000300000000000000000021;000100000000000000000083;000300000000000000000021;00060000000000000000010f;
000100000000000000000014;jaime;2026-08-12 20:48:00;lue;2026-08-13 05:48:00;publication;0003000000000000000000fd;000100000000000000000012;0003000000000000000000fd;000600000000000000000110;
00010000000000000000008e;jaime;2026-08-12 21:09:00;lue;2026-08-14 13:09:00;publication;000300000000000000000004;00010000000000000000006a;000300000000000000000004;000600000000000000000111;
00010000000000000000007e;jaime;2026-08-12 22:40:00;non_lue;;publication;000300000000000000000079;000100000000000000000048;000300000000000000000079;000600000000000000000112;
000100000000000000000014;jaime;2026-08-13 12:06:00;lue;2026-08-13 16:06:00;publication;00030000000000000000002b;000100000000000000000009;00030000000000000000002b;000600000000000000000113;
000100000000000000000048;message;2026-08-13 14:21:28;non_lue;;message_prive;000500000000000000000090;000100000000000000000040;;000600000000000000000114;
000100000000000000000014;jaime;2026-08-13 15:42:00;lue;2026-08-14 21:42:00;publication;0003000000000000000000a9;000100000000000000000026;0003000000000000000000a9;000600000000000000000115;
00010000000000000000005a;message;2026-08-13 17:33:16;non_lue;;message_prive;000500000000000000000092;000100000000000000000068;;000600000000000000000116;
000100000000000000000001;commentaire;2026-08-13 17:50:00;lue;2026-08-15 16:50:00;commentaire;0004000000000000000003c1;000100000000000000000095;000300000000000000000111;000600000000000000000117;
00010000000000000000005a;message;2026-08-13 17:53:16;non_lue;;message_prive;000500000000000000000093;000100000000000000000068;;000600000000000000000118;
000100000000000000000020;jaime;2026-08-13 22:11:00;lue;2026-08-15 03:11:00;publication;000300000000000000000100;000100000000000000000066;000300000000000000000100;000600000000000000000119;
000100000000000000000059;jaime;2026-08-14 00:16:00;lue;2026-08-14 20:16:00;publication;0003000000000000000000d0;00010000000000000000001d;0003000000000000000000d0;00060000000000000000011a;
000100000000000000000022;jaime;2026-08-14 01:09:00;lue;2026-08-15 06:09:00;publication;000300000000000000000101;00010000000000000000007f;000300000000000000000101;00060000000000000000011b;
00010000000000000000007f;jaime;2026-08-14 06:58:00;lue;2026-08-14 21:58:00;publication;000300000000000000000084;00010000000000000000007e;000300000000000000000084;00060000000000000000011c;
000100000000000000000042;jaime;2026-08-14 07:35:00;lue;2026-08-15 12:35:00;publication;000300000000000000000037;00010000000000000000008e;000300000000000000000037;00060000000000000000011d;
000100000000000000000059;jaime;2026-08-14 12:05:00;lue;2026-08-16 11:05:00;publication;0003000000000000000000ce;000100000000000000000068;0003000000000000000000ce;00060000000000000000011e;
000100000000000000000026;jaime;2026-08-14 12:36:00;lue;2026-08-16 10:36:00;publication;0003000000000000000000b7;00010000000000000000007f;0003000000000000000000b7;00060000000000000000011f;
000100000000000000000060;message;2026-08-14 13:26:27;non_lue;;message_prive;00050000000000000000009d;000100000000000000000006;;000600000000000000000120;
00010000000000000000003e;message;2026-08-14 14:08:01;non_lue;;message_prive;00050000000000000000009f;00010000000000000000005a;;000600000000000000000121;
000100000000000000000059;jaime;2026-08-14 14:18:00;lue;2026-08-14 18:18:00;publication;0003000000000000000000ec;000100000000000000000084;0003000000000000000000ec;000600000000000000000122;
000100000000000000000001;jaime;2026-08-14 14:25:00;lue;2026-08-16 05:25:00;publication;000300000000000000000111;000100000000000000000081;000300000000000000000111;000600000000000000000123;
00010000000000000000005c;jaime;2026-08-14 14:37:00;lue;2026-08-14 21:37:00;publication;0003000000000000000000e0;00010000000000000000002e;0003000000000000000000e0;000600000000000000000124;
000100000000000000000084;jaime;2026-08-14 19:42:00;lue;2026-08-14 20:42:00;publication;0003000000000000000000b0;000100000000000000000068;0003000000000000000000b0;000600000000000000000125;
000100000000000000000086;jaime;2026-08-14 20:25:00;lue;2026-08-16 10:25:00;publication;00030000000000000000009b;000100000000000000000031;00030000000000000000009b;000600000000000000000126;
000100000000000000000014;jaime;2026-08-14 22:47:00;lue;2026-08-16 04:47:00;publication;0003000000000000000000a9;00010000000000000000003c;0003000000000000000000a9;000600000000000000000127;
000100000000000000000047;jaime;2026-08-15 03:15:00;non_lue;;publication;000300000000000000000005;00010000000000000000008b;000300000000000000000005;000600000000000000000128;
000100000000000000000020;jaime;2026-08-15 05:17:00;lue;2026-08-16 17:17:00;publication;000300000000000000000076;000100000000000000000038;000300000000000000000076;000600000000000000000129;
000100000000000000000001;message;2026-08-15 09:00:29;non_lue;;message_prive;0005000000000000000000b1;00010000000000000000008f;;00060000000000000000012a;
000100000000000000000001;jaime;2026-08-15 13:21:00;non_lue;;publication;000300000000000000000111;000100000000000000000074;000300000000000000000111;00060000000000000000012b;
00010000000000000000008e;jaime;2026-08-15 15:53:00;lue;2026-08-16 00:53:00;publication;0003000000000000000000f0;00010000000000000000007e;0003000000000000000000f0;00060000000000000000012c;
000100000000000000000001;commentaire;2026-08-15 17:56:00;non_lue;;commentaire;000400000000000000000003;000100000000000000000044;000300000000000000000111;00060000000000000000012d;
000100000000000000000086;jaime;2026-08-15 18:52:00;lue;2026-08-17 00:52:00;publication;00030000000000000000005b;000100000000000000000036;00030000000000000000005b;00060000000000000000012e;
00010000000000000000006b;jaime;2026-08-15 19:36:00;lue;2026-08-16 08:36:00;publication;0003000000000000000000ae;00010000000000000000001e;0003000000000000000000ae;00060000000000000000012f;
000100000000000000000090;jaime;2026-08-15 22:09:00;lue;2026-08-17 16:09:00;publication;000300000000000000000062;00010000000000000000007c;000300000000000000000062;000600000000000000000130;
00010000000000000000007e;commentaire;2026-08-15 23:07:00;lue;2026-08-17 19:07:00;commentaire;000400000000000000000476;00010000000000000000002f;00030000000000000000010d;000600000000000000000131;
000100000000000000000042;jaime;2026-08-15 23:33:00;non_lue;;publication;000300000000000000000102;000100000000000000000052;000300000000000000000102;000600000000000000000132;
000100000000000000000020;jaime;2026-08-16 00:51:00;lue;2026-08-17 01:51:00;publication;00030000000000000000001f;00010000000000000000001b;00030000000000000000001f;000600000000000000000133;
000100000000000000000086;jaime;2026-08-16 01:08:00;lue;2026-08-16 23:08:00;publication;000300000000000000000074;00010000000000000000008e;000300000000000000000074;000600000000000000000134;
000100000000000000000086;jaime;2026-08-16 01:22:00;lue;2026-08-16 11:22:00;publication;00030000000000000000009b;000100000000000000000096;00030000000000000000009b;000600000000000000000135;
000100000000000000000014;jaime;2026-08-16 01:41:00;lue;2026-08-16 07:41:00;publication;00030000000000000000002b;000100000000000000000002;00030000000000000000002b;000600000000000000000136;
000100000000000000000028;jaime;2026-08-16 03:45:00;non_lue;;publication;0003000000000000000000a8;000100000000000000000007;0003000000000000000000a8;000600000000000000000137;
000100000000000000000086;commentaire;2026-08-16 06:43:00;lue;2026-08-16 23:43:00;commentaire;000400000000000000000106;000100000000000000000075;0003000000000000000000f8;000600000000000000000138;
000100000000000000000006;message;2026-08-16 09:18:39;non_lue;;message_prive;0005000000000000000000dc;000100000000000000000001;;000600000000000000000139;
000100000000000000000022;jaime;2026-08-16 10:49:00;lue;2026-08-17 08:49:00;publication;000300000000000000000117;00010000000000000000006a;000300000000000000000117;00060000000000000000013a;
000100000000000000000020;jaime;2026-08-16 11:35:00;non_lue;;publication;0003000000000000000000eb;00010000000000000000005f;0003000000000000000000eb;00060000000000000000013b;
00010000000000000000002a;jaime;2026-08-16 11:47:00;lue;2026-08-17 05:47:00;publication;0003000000000000000000cb;000100000000000000000078;0003000000000000000000cb;00060000000000000000013c;
00010000000000000000008e;jaime;2026-08-16 12:25:00;lue;2026-08-17 23:25:00;publication;00030000000000000000009a;000100000000000000000082;00030000000000000000009a;00060000000000000000013d;
00010000000000000000008e;jaime;2026-08-16 19:34:00;lue;2026-08-18 12:34:00;publication;0003000000000000000000d2;000100000000000000000006;0003000000000000000000d2;00060000000000000000013e;
000100000000000000000022;jaime;2026-08-16 19:49:00;non_lue;;publication;000300000000000000000101;000100000000000000000044;000300000000000000000101;00060000000000000000013f;
00010000000000000000002a;jaime;2026-08-16 22:48:00;non_lue;;publication;00030000000000000000011a;000100000000000000000029;00030000000000000000011a;000600000000000000000140;
000100000000000000000022;jaime;2026-08-17 02:46:00;lue;2026-08-18 18:46:00;publication;000300000000000000000095;000100000000000000000007;000300000000000000000095;000600000000000000000141;
000100000000000000000059;jaime;2026-08-17 05:45:00;lue;2026-08-17 20:45:00;publication;00030000000000000000000b;000100000000000000000071;00030000000000000000000b;000600000000000000000142;
000100000000000000000072;jaime;2026-08-17 06:35:00;lue;2026-08-17 21:35:00;publication;000300000000000000000019;000100000000000000000096;000300000000000000000019;000600000000000000000143;
000100000000000000000059;commentaire;2026-08-17 08:46:00;lue;2026-08-17 17:46:00;commentaire;000400000000000000000319;000100000000000000000003;00030000000000000000010f;000600000000000000000144;
000100000000000000000059;jaime;2026-08-17 11:06:00;lue;2026-08-17 21:06:00;publication;00030000000000000000010a;000100000000000000000034;00030000000000000000010a;000600000000000000000145;
00010000000000000000006b;commentaire;2026-08-17 13:27:00;lue;2026-08-19 04:27:00;commentaire;0004000000000000000003b2;00010000000000000000000b;000300000000000000000106;000600000000000000000146;
00010000000000000000008e;jaime;2026-08-17 13:48:00;lue;2026-08-18 17:48:00;publication;000300000000000000000058;000100000000000000000002;000300000000000000000058;000600000000000000000147;
000100000000000000000042;jaime;2026-08-17 17:16:00;lue;2026-08-18 00:16:00;publication;000300000000000000000102;000100000000000000000064;000300000000000000000102;000600000000000000000148;
00010000000000000000006b;jaime;2026-08-17 17:16:00;lue;2026-08-18 16:16:00;publication;000300000000000000000103;00010000000000000000004d;000300000000000000000103;000600000000000000000149;
000100000000000000000086;jaime;2026-08-17 17:48:00;lue;2026-08-17 23:48:00;publication;00030000000000000000005e;00010000000000000000006f;00030000000000000000005e;00060000000000000000014a;
000100000000000000000014;jaime;2026-08-17 21:25:00;lue;2026-08-17 22:25:00;publication;0003000000000000000000ef;000100000000000000000025;0003000000000000000000ef;00060000000000000000014b;
00010000000000000000002a;jaime;2026-08-17 22:48:00;lue;2026-08-19 11:48:00;publication;0003000000000000000000ac;00010000000000000000004e;0003000000000000000000ac;00060000000000000000014c;
000100000000000000000033;message;2026-08-17 22:59:01;non_lue;;message_prive;00050000000000000000010b;000100000000000000000001;;00060000000000000000014d;
000100000000000000000093;jaime;2026-08-17 23:52:00;lue;2026-08-18 18:52:00;publication;000300000000000000000014;000100000000000000000091;000300000000000000000014;00060000000000000000014e;
000100000000000000000014;jaime;2026-08-18 00:40:00;lue;2026-08-20 00:40:00;publication;0003000000000000000000a9;000100000000000000000068;0003000000000000000000a9;00060000000000000000014f;
000100000000000000000014;jaime;2026-08-18 00:42:00;lue;2026-08-18 01:42:00;publication;000300000000000000000127;000100000000000000000055;000300000000000000000127;000600000000000000000150;
000100000000000000000014;jaime;2026-08-18 00:55:00;lue;2026-08-19 11:55:00;publication;0003000000000000000000e3;000100000000000000000007;0003000000000000000000e3;000600000000000000000151;
000100000000000000000020;jaime;2026-08-18 01:12:00;lue;2026-08-18 21:12:00;publication;000300000000000000000100;00010000000000000000004b;000300000000000000000100;000600000000000000000152;
00010000000000000000008e;jaime;2026-08-18 01:33:00;lue;2026-08-19 20:33:00;publication;000300000000000000000119;000100000000000000000032;000300000000000000000119;000600000000000000000153;
000100000000000000000001;commentaire;2026-08-18 04:34:00;lue;2026-08-18 13:34:00;commentaire;000400000000000000000001;000100000000000000000042;000300000000000000000111;000600000000000000000154;
000100000000000000000061;message;2026-08-18 04:55:49;non_lue;;message_prive;000500000000000000000112;000100000000000000000042;;000600000000000000000155;
000100000000000000000061;message;2026-08-18 04:59:49;non_lue;;message_prive;000500000000000000000113;000100000000000000000042;;000600000000000000000156;
000100000000000000000081;jaime;2026-08-18 08:40:00;lue;2026-08-20 06:40:00;publication;000300000000000000000097;000100000000000000000011;000300000000000000000097;000600000000000000000157;
000100000000000000000022;commentaire;2026-08-18 09:47:00;lue;2026-08-19 17:47:00;commentaire;0004000000000000000000f8;000100000000000000000047;000300000000000000000117;000600000000000000000158;
000100000000000000000020;jaime;2026-08-18 13:21:00;non_lue;;publication;00030000000000000000001f;000100000000000000000071;00030000000000000000001f;000600000000000000000159;
000100000000000000000076;jaime;2026-08-18 15:57:00;lue;2026-08-18 21:57:00;publication;00030000000000000000011f;00010000000000000000004b;00030000000000000000011f;00060000000000000000015a;
00010000000000000000006b;jaime;2026-08-18 17:52:00;lue;2026-08-19 17:52:00;publication;000300000000000000000125;000100000000000000000055;000300000000000000000125;00060000000000000000015b;
00010000000000000000002a;jaime;2026-08-18 20:43:00;lue;2026-08-19 11:43:00;publication;000300000000000000000109;000100000000000000000014;000300000000000000000109;00060000000000000000015c;
000100000000000000000068;jaime;2026-08-19 02:19:00;non_lue;;publication;00030000000000000000010e;00010000000000000000007c;00030000000000000000010e;00060000000000000000015d;
000100000000000000000075;jaime;2026-08-19 04:14:00;non_lue;;publication;000300000000000000000017;000100000000000000000046;000300000000000000000017;00060000000000000000015e;
000100000000000000000020;jaime;2026-08-19 04:36:00;lue;2026-08-20 19:36:00;publication;0003000000000000000000b8;000100000000000000000071;0003000000000000000000b8;00060000000000000000015f;
000100000000000000000086;jaime;2026-08-19 07:04:00;lue;2026-08-19 08:04:00;publication;0003000000000000000000e7;00010000000000000000000d;0003000000000000000000e7;000600000000000000000160;
000100000000000000000014;commentaire;2026-08-19 08:41:00;lue;2026-08-20 15:41:00;commentaire;0004000000000000000002e5;000100000000000000000058;00030000000000000000012b;000600000000000000000161;
00010000000000000000002a;jaime;2026-08-19 08:50:00;non_lue;;publication;000300000000000000000128;00010000000000000000006d;000300000000000000000128;000600000000000000000162;
000100000000000000000096;message;2026-08-19 13:43:32;non_lue;;message_prive;00050000000000000000012b;000100000000000000000081;;000600000000000000000163;
000100000000000000000001;commentaire;2026-08-19 14:43:00;non_lue;;commentaire;000400000000000000000004;00010000000000000000006f;000300000000000000000132;000600000000000000000164;
000100000000000000000014;jaime;2026-08-19 17:10:00;lue;2026-08-21 11:10:00;publication;0003000000000000000000d9;00010000000000000000005d;0003000000000000000000d9;000600000000000000000165;
000100000000000000000086;jaime;2026-08-19 19:07:00;non_lue;;publication;0003000000000000000000a4;000100000000000000000050;0003000000000000000000a4;000600000000000000000166;
000100000000000000000001;jaime;2026-08-19 20:08:00;lue;2026-08-21 03:08:00;publication;000300000000000000000132;000100000000000000000081;000300000000000000000132;000600000000000000000167;
000100000000000000000084;jaime;2026-08-19 20:13:00;lue;2026-08-20 17:13:00;publication;000300000000000000000072;000100000000000000000012;000300000000000000000072;000600000000000000000168;
000100000000000000000086;jaime;2026-08-19 21:23:00;lue;2026-08-20 07:23:00;publication;000300000000000000000137;000100000000000000000052;000300000000000000000137;000600000000000000000169;
00010000000000000000007f;jaime;2026-08-20 01:38:00;lue;2026-08-21 02:38:00;publication;000300000000000000000112;000100000000000000000001;000300000000000000000112;00060000000000000000016a;
000100000000000000000028;jaime;2026-08-20 06:34:00;lue;2026-08-20 13:34:00;publication;000300000000000000000135;00010000000000000000001b;000300000000000000000135;00060000000000000000016b;
000100000000000000000014;jaime;2026-08-20 07:28:00;lue;2026-08-21 13:28:00;publication;0003000000000000000000a9;000100000000000000000056;0003000000000000000000a9;00060000000000000000016c;
000100000000000000000020;commentaire;2026-08-20 10:02:00;lue;2026-08-22 06:02:00;commentaire;0004000000000000000003d0;000100000000000000000052;000300000000000000000108;00060000000000000000016d;
00010000000000000000008e;commentaire;2026-08-20 12:44:00;lue;2026-08-21 20:44:00;commentaire;00040000000000000000044e;000100000000000000000007;00030000000000000000012d;00060000000000000000016e;
000100000000000000000065;jaime;2026-08-20 13:31:00;lue;2026-08-20 19:31:00;publication;0003000000000000000000e5;000100000000000000000007;0003000000000000000000e5;00060000000000000000016f;
000100000000000000000014;jaime;2026-08-20 14:13:00;non_lue;;publication;000300000000000000000032;000100000000000000000081;000300000000000000000032;000600000000000000000170;
00010000000000000000002a;jaime;2026-08-20 14:15:00;lue;2026-08-22 03:15:00;publication;000300000000000000000109;000100000000000000000035;000300000000000000000109;000600000000000000000171;
000100000000000000000086;jaime;2026-08-20 17:52:00;lue;2026-08-21 07:52:00;publication;0003000000000000000000a4;000100000000000000000092;0003000000000000000000a4;000600000000000000000172;
00010000000000000000002a;jaime;2026-08-20 17:57:00;lue;2026-08-22 10:57:00;publication;000300000000000000000109;000100000000000000000032;000300000000000000000109;000600000000000000000173;
000100000000000000000042;jaime;2026-08-20 18:27:00;lue;2026-08-21 16:27:00;publication;0003000000000000000000c1;000100000000000000000059;0003000000000000000000c1;000600000000000000000174;
00010000000000000000006b;jaime;2026-08-20 20:12:00;lue;2026-08-22 11:12:00;publication;00030000000000000000000e;000100000000000000000039;00030000000000000000000e;000600000000000000000175;
000100000000000000000012;message;2026-08-21 00:58:00;non_lue;;message_groupe;000500000000000000000154;000100000000000000000087;;000600000000000000000176;00020000000000000000000e
000100000000000000000014;jaime;2026-08-21 02:34:00;lue;2026-08-21 19:34:00;publication;00030000000000000000002b;000100000000000000000008;00030000000000000000002b;000600000000000000000177;
000100000000000000000022;commentaire;2026-08-21 02:42:00;lue;2026-08-22 11:42:00;commentaire;0004000000000000000001aa;00010000000000000000003a;000300000000000000000117;000600000000000000000178;
000100000000000000000078;message;2026-08-21 02:50:00;non_lue;;message_groupe;000500000000000000000155;000100000000000000000010;;000600000000000000000179;00020000000000000000001b
000100000000000000000043;message;2026-08-21 02:50:00;non_lue;;message_groupe;000500000000000000000155;000100000000000000000010;;00060000000000000000017a;00020000000000000000001b
000100000000000000000081;jaime;2026-08-21 03:52:00;lue;2026-08-22 06:52:00;publication;0003000000000000000000de;000100000000000000000040;0003000000000000000000de;00060000000000000000017b;
000100000000000000000028;jaime;2026-08-21 05:32:00;lue;2026-08-21 13:32:00;publication;0003000000000000000000aa;00010000000000000000007a;0003000000000000000000aa;00060000000000000000017c;
00010000000000000000002a;jaime;2026-08-21 09:31:00;lue;2026-08-23 02:31:00;publication;000300000000000000000146;00010000000000000000003f;000300000000000000000146;00060000000000000000017d;
000100000000000000000024;message;2026-08-21 10:37:46;non_lue;;message_prive;00050000000000000000015a;00010000000000000000008c;;00060000000000000000017e;
000100000000000000000028;jaime;2026-08-21 12:47:00;non_lue;;publication;0003000000000000000000cd;000100000000000000000045;0003000000000000000000cd;00060000000000000000017f;
000100000000000000000086;jaime;2026-08-21 13:08:00;lue;2026-08-22 23:08:00;publication;000300000000000000000092;000100000000000000000071;000300000000000000000092;000600000000000000000180;
000100000000000000000086;jaime;2026-08-21 13:17:00;lue;2026-08-22 17:17:00;publication;0003000000000000000000fe;000100000000000000000008;0003000000000000000000fe;000600000000000000000181;
00010000000000000000008e;jaime;2026-08-21 14:05:00;lue;2026-08-23 13:05:00;publication;0003000000000000000000b4;000100000000000000000070;0003000000000000000000b4;000600000000000000000182;
000100000000000000000042;jaime;2026-08-21 14:22:00;lue;2026-08-21 19:22:00;publication;0003000000000000000000c1;000100000000000000000048;0003000000000000000000c1;000600000000000000000183;
000100000000000000000059;jaime;2026-08-21 14:39:00;lue;2026-08-22 10:39:00;publication;00030000000000000000010f;00010000000000000000007b;00030000000000000000010f;000600000000000000000184;
000100000000000000000022;jaime;2026-08-21 15:52:00;non_lue;;publication;000300000000000000000117;000100000000000000000057;000300000000000000000117;000600000000000000000185;
000100000000000000000059;jaime;2026-08-21 16:06:00;lue;2026-08-23 09:06:00;publication;0003000000000000000000ec;00010000000000000000000d;0003000000000000000000ec;000600000000000000000186;
000100000000000000000059;jaime;2026-08-21 20:30:00;lue;2026-08-22 04:30:00;publication;00030000000000000000009d;000100000000000000000073;00030000000000000000009d;000600000000000000000187;
000100000000000000000059;message;2026-08-21 20:51:00;non_lue;;message_groupe;000500000000000000000162;00010000000000000000007f;;000600000000000000000188;00020000000000000000000c
000100000000000000000019;message;2026-08-21 20:51:00;non_lue;;message_groupe;000500000000000000000162;00010000000000000000007f;;000600000000000000000189;00020000000000000000000c
000100000000000000000001;commentaire;2026-08-21 21:27:00;non_lue;;commentaire;000400000000000000000002;000100000000000000000066;000300000000000000000111;00060000000000000000018a;
000100000000000000000028;jaime;2026-08-21 22:48:00;lue;2026-08-23 13:48:00;publication;000300000000000000000073;000100000000000000000057;000300000000000000000073;00060000000000000000018b;
000100000000000000000086;commentaire;2026-08-22 00:21:00;lue;2026-08-23 08:21:00;commentaire;00040000000000000000031c;000100000000000000000065;000300000000000000000137;00060000000000000000018c;
000100000000000000000001;message;2026-08-22 00:32:10;non_lue;;message_prive;000500000000000000000168;000100000000000000000011;;00060000000000000000018d;
000100000000000000000042;jaime;2026-08-22 00:55:00;lue;2026-08-23 11:55:00;publication;0003000000000000000000d8;00010000000000000000007a;0003000000000000000000d8;00060000000000000000018e;
00010000000000000000007e;jaime;2026-08-22 00:59:00;non_lue;;publication;000300000000000000000147;00010000000000000000004b;000300000000000000000147;00060000000000000000018f;
000100000000000000000094;message;2026-08-22 02:21:00;non_lue;;message_groupe;00050000000000000000016d;000100000000000000000071;;000600000000000000000190;000200000000000000000007
00010000000000000000007f;jaime;2026-08-22 04:03:00;lue;2026-08-24 03:03:00;publication;000300000000000000000112;00010000000000000000001b;000300000000000000000112;000600000000000000000191;
00010000000000000000002a;jaime;2026-08-22 04:41:00;lue;2026-08-22 16:41:00;publication;00030000000000000000011a;000100000000000000000093;00030000000000000000011a;000600000000000000000192;
000100000000000000000086;jaime;2026-08-22 05:01:00;lue;2026-08-24 03:01:00;publication;0003000000000000000000f8;00010000000000000000004c;0003000000000000000000f8;000600000000000000000193;
00010000000000000000007f;jaime;2026-08-22 06:01:00;lue;2026-08-23 01:01:00;publication;00030000000000000000013b;000100000000000000000088;00030000000000000000013b;000600000000000000000194;
000100000000000000000076;commentaire;2026-08-22 06:03:00;lue;2026-08-22 20:03:00;commentaire;0004000000000000000003a9;000100000000000000000011;00030000000000000000011f;000600000000000000000195;
000100000000000000000001;message;2026-08-22 06:24:24;non_lue;;message_prive;00050000000000000000016f;00010000000000000000006b;;000600000000000000000196;
00010000000000000000002a;jaime;2026-08-22 06:46:00;lue;2026-08-24 03:46:00;publication;0003000000000000000000a0;000100000000000000000085;0003000000000000000000a0;000600000000000000000197;
000100000000000000000001;message;2026-08-22 09:32:10;non_lue;;message_prive;000500000000000000000177;000100000000000000000011;;000600000000000000000198;
000100000000000000000014;commentaire;2026-08-22 10:46:00;lue;2026-08-23 16:46:00;commentaire;000400000000000000000213;000100000000000000000073;000300000000000000000134;000600000000000000000199;
000100000000000000000001;message;2026-08-22 10:47:10;non_lue;;message_prive;00050000000000000000017a;000100000000000000000011;;00060000000000000000019a;
000100000000000000000001;jaime;2026-08-22 11:42:00;lue;2026-08-24 06:42:00;publication;000300000000000000000111;00010000000000000000006f;000300000000000000000111;00060000000000000000019b;
000100000000000000000035;message;2026-08-22 12:51:27;non_lue;;message_prive;000500000000000000000186;000100000000000000000076;;00060000000000000000019c;
00010000000000000000008d;message;2026-08-22 13:37:09;non_lue;;message_prive;000500000000000000000189;000100000000000000000001;;00060000000000000000019d;
00010000000000000000006b;jaime;2026-08-22 15:33:00;lue;2026-08-24 06:33:00;publication;00030000000000000000011d;000100000000000000000088;00030000000000000000011d;00060000000000000000019e;
000100000000000000000026;message;2026-08-22 17:27:02;non_lue;;message_prive;000500000000000000000196;000100000000000000000048;;00060000000000000000019f;
000100000000000000000014;jaime;2026-08-22 20:01:00;lue;2026-08-23 21:01:00;publication;00030000000000000000012e;000100000000000000000095;00030000000000000000012e;0006000000000000000001a0;
000100000000000000000020;jaime;2026-08-22 20:26:00;lue;2026-08-23 18:26:00;publication;000300000000000000000033;00010000000000000000008a;000300000000000000000033;0006000000000000000001a1;
000100000000000000000014;jaime;2026-08-22 20:34:00;lue;2026-08-24 13:34:00;publication;0003000000000000000000a9;00010000000000000000001a;0003000000000000000000a9;0006000000000000000001a2;
000100000000000000000001;jaime;2026-08-22 21:54:00;lue;2026-08-24 04:54:00;publication;000300000000000000000150;00010000000000000000000b;000300000000000000000150;0006000000000000000001a3;
00010000000000000000001c;message;2026-08-22 23:01:00;non_lue;;message_groupe;0005000000000000000001a3;00010000000000000000001b;;0006000000000000000001a4;000200000000000000000011
000100000000000000000048;message;2026-08-22 23:01:00;non_lue;;message_groupe;0005000000000000000001a3;00010000000000000000001b;;0006000000000000000001a5;000200000000000000000011
000100000000000000000022;jaime;2026-08-22 23:28:00;lue;2026-08-23 16:28:00;publication;00030000000000000000008d;00010000000000000000006d;00030000000000000000008d;0006000000000000000001a6;
00010000000000000000007f;jaime;2026-08-23 01:02:00;lue;2026-08-24 19:02:00;publication;000300000000000000000112;000100000000000000000027;000300000000000000000112;0006000000000000000001a7;
00010000000000000000008e;jaime;2026-08-23 03:04:00;lue;2026-08-23 12:04:00;publication;00030000000000000000012d;000100000000000000000022;00030000000000000000012d;0006000000000000000001a8;
000100000000000000000003;commentaire;2026-08-23 03:11:00;lue;2026-08-23 14:11:00;commentaire;00040000000000000000011c;00010000000000000000005b;00030000000000000000013a;0006000000000000000001a9;
00010000000000000000005a;message;2026-08-23 04:23:00;non_lue;;message_groupe;0005000000000000000001b0;00010000000000000000006a;;0006000000000000000001aa;00020000000000000000000e
000100000000000000000029;jaime;2026-08-23 10:26:00;lue;2026-08-23 20:26:00;publication;0003000000000000000000cc;00010000000000000000005e;0003000000000000000000cc;0006000000000000000001ab;
00010000000000000000007f;jaime;2026-08-23 11:34:00;lue;2026-08-23 17:34:00;publication;000300000000000000000063;000100000000000000000079;000300000000000000000063;0006000000000000000001ac;
000100000000000000000028;commentaire;2026-08-23 15:13:00;lue;2026-08-24 22:13:00;commentaire;00040000000000000000032f;000100000000000000000092;00030000000000000000013d;0006000000000000000001ad;
000100000000000000000001;jaime;2026-08-23 17:59:00;lue;2026-08-25 07:59:00;publication;000300000000000000000155;000100000000000000000064;000300000000000000000155;0006000000000000000001ae;
000100000000000000000086;jaime;2026-08-23 18:42:00;non_lue;;publication;000300000000000000000123;000100000000000000000040;000300000000000000000123;0006000000000000000001af;
000100000000000000000001;commentaire;2026-08-23 18:46:00;lue;2026-08-25 08:46:00;commentaire;00040000000000000000000b;000100000000000000000048;000300000000000000000155;0006000000000000000001b0;
000100000000000000000048;message;2026-08-23 19:14:31;non_lue;;message_prive;0005000000000000000001c1;000100000000000000000001;;0006000000000000000001b1;
00010000000000000000007e;jaime;2026-08-23 20:07:00;lue;2026-08-24 23:07:00;publication;0003000000000000000000d1;000100000000000000000081;0003000000000000000000d1;0006000000000000000001b2;
00010000000000000000006b;jaime;2026-08-23 20:11:00;lue;2026-08-24 03:11:00;publication;00030000000000000000011d;000100000000000000000010;00030000000000000000011d;0006000000000000000001b3;
000100000000000000000001;jaime;2026-08-23 20:32:00;non_lue;;publication;000300000000000000000150;00010000000000000000008b;000300000000000000000150;0006000000000000000001b4;
000100000000000000000086;jaime;2026-08-23 21:05:00;lue;2026-08-24 05:05:00;publication;0003000000000000000000f8;000100000000000000000038;0003000000000000000000f8;0006000000000000000001b5;
000100000000000000000001;commentaire;2026-08-23 22:57:00;lue;2026-08-24 23:57:00;commentaire;000400000000000000000006;00010000000000000000002e;000300000000000000000132;0006000000000000000001b6;
000100000000000000000028;jaime;2026-08-23 23:33:00;non_lue;;publication;000300000000000000000044;000100000000000000000004;000300000000000000000044;0006000000000000000001b7;
000100000000000000000059;jaime;2026-08-24 00:09:00;lue;2026-08-25 07:09:00;publication;000300000000000000000139;00010000000000000000007e;000300000000000000000139;0006000000000000000001b8;
000100000000000000000023;message;2026-08-24 01:13:00;non_lue;;message_groupe;0005000000000000000001c8;000100000000000000000087;;0006000000000000000001b9;00020000000000000000001b
000100000000000000000049;message;2026-08-24 01:13:00;non_lue;;message_groupe;0005000000000000000001c8;000100000000000000000087;;0006000000000000000001ba;00020000000000000000001b
000100000000000000000014;commentaire;2026-08-24 01:18:00;lue;2026-08-25 05:18:00;commentaire;0004000000000000000000de;000100000000000000000063;000300000000000000000134;0006000000000000000001bb;
000100000000000000000033;jaime;2026-08-24 02:15:00;lue;2026-08-25 14:15:00;publication;000300000000000000000070;000100000000000000000062;000300000000000000000070;0006000000000000000001bc;
000100000000000000000086;jaime;2026-08-24 03:44:00;non_lue;;publication;000300000000000000000157;00010000000000000000001e;000300000000000000000157;0006000000000000000001bd;
000100000000000000000014;jaime;2026-08-24 03:48:00;lue;2026-08-25 16:48:00;publication;000300000000000000000089;000100000000000000000040;000300000000000000000089;0006000000000000000001be;
000100000000000000000042;jaime;2026-08-24 04:46:00;lue;2026-08-25 13:46:00;publication;0003000000000000000000c1;000100000000000000000058;0003000000000000000000c1;0006000000000000000001bf;
000100000000000000000028;jaime;2026-08-24 06:54:00;lue;2026-08-24 22:54:00;publication;000300000000000000000073;00010000000000000000005f;000300000000000000000073;0006000000000000000001c0;
000100000000000000000028;jaime;2026-08-24 11:49:00;lue;2026-08-24 20:49:00;publication;0003000000000000000000aa;000100000000000000000062;0003000000000000000000aa;0006000000000000000001c1;
000100000000000000000036;message;2026-08-24 12:10:00;non_lue;;message_groupe;0005000000000000000001dc;00010000000000000000001a;;0006000000000000000001c2;000200000000000000000007
00010000000000000000008e;message;2026-08-24 12:15:00;non_lue;;message_groupe;0005000000000000000001de;000100000000000000000046;;0006000000000000000001c3;000200000000000000000019
00010000000000000000008e;jaime;2026-08-24 12:30:00;lue;2026-08-25 04:30:00;publication;0003000000000000000000d2;00010000000000000000008f;0003000000000000000000d2;0006000000000000000001c4;
000100000000000000000001;commentaire;2026-08-24 12:48:00;non_lue;;commentaire;00040000000000000000000a;000100000000000000000065;000300000000000000000155;0006000000000000000001c5;
000100000000000000000020;jaime;2026-08-24 15:19:00;lue;2026-08-24 16:19:00;publication;00030000000000000000004c;00010000000000000000005d;00030000000000000000004c;0006000000000000000001c6;
000100000000000000000076;jaime;2026-08-24 15:28:00;lue;2026-08-26 09:28:00;publication;000300000000000000000011;000100000000000000000042;000300000000000000000011;0006000000000000000001c7;
000100000000000000000028;jaime;2026-08-24 15:57:00;lue;2026-08-25 09:57:00;publication;00030000000000000000015f;00010000000000000000002c;00030000000000000000015f;0006000000000000000001c8;
00010000000000000000006b;jaime;2026-08-24 16:47:00;lue;2026-08-25 08:47:00;publication;000300000000000000000106;000100000000000000000073;000300000000000000000106;0006000000000000000001c9;
00010000000000000000002a;jaime;2026-08-24 17:50:00;lue;2026-08-25 06:50:00;publication;0003000000000000000000cb;00010000000000000000008b;0003000000000000000000cb;0006000000000000000001ca;
000100000000000000000024;message;2026-08-24 18:15:00;non_lue;;message_groupe;0005000000000000000001ea;000100000000000000000064;;0006000000000000000001cb;00020000000000000000001a
00010000000000000000008e;jaime;2026-08-24 19:13:00;lue;2026-08-25 00:13:00;publication;0003000000000000000000b4;00010000000000000000003f;0003000000000000000000b4;0006000000000000000001cc;
000100000000000000000042;jaime;2026-08-24 19:26:00;non_lue;;publication;000300000000000000000056;000100000000000000000087;000300000000000000000056;0006000000000000000001cd;
000100000000000000000028;jaime;2026-08-24 19:56:00;lue;2026-08-26 06:56:00;publication;00030000000000000000000a;00010000000000000000008a;00030000000000000000000a;0006000000000000000001ce;
000100000000000000000059;jaime;2026-08-25 01:37:00;lue;2026-08-26 21:37:00;publication;00030000000000000000010a;000100000000000000000042;00030000000000000000010a;0006000000000000000001cf;
000100000000000000000064;jaime;2026-08-25 01:51:00;lue;2026-08-25 20:51:00;publication;0003000000000000000000f9;00010000000000000000000d;0003000000000000000000f9;0006000000000000000001d0;
000100000000000000000042;jaime;2026-08-25 03:54:00;lue;2026-08-27 02:54:00;publication;0003000000000000000000d8;000100000000000000000095;0003000000000000000000d8;0006000000000000000001d1;
000100000000000000000001;jaime;2026-08-25 04:04:00;lue;2026-08-27 02:04:00;publication;000300000000000000000132;000100000000000000000095;000300000000000000000132;0006000000000000000001d2;
00010000000000000000002a;jaime;2026-08-25 04:50:00;non_lue;;publication;000300000000000000000146;000100000000000000000040;000300000000000000000146;0006000000000000000001d3;
000100000000000000000028;jaime;2026-08-25 05:43:00;lue;2026-08-25 12:43:00;publication;000300000000000000000073;000100000000000000000038;000300000000000000000073;0006000000000000000001d4;
000100000000000000000001;commentaire;2026-08-25 06:35:00;lue;2026-08-27 04:35:00;commentaire;00040000000000000000000c;000100000000000000000016;000300000000000000000155;0006000000000000000001d5;
000100000000000000000024;jaime;2026-08-25 08:40:00;lue;2026-08-26 10:40:00;publication;00030000000000000000014d;000100000000000000000064;00030000000000000000014d;0006000000000000000001d6;
00010000000000000000002a;jaime;2026-08-25 10:17:00;lue;2026-08-26 17:17:00;publication;000300000000000000000146;000100000000000000000049;000300000000000000000146;0006000000000000000001d7;
00010000000000000000008e;jaime;2026-08-25 12:43:00;lue;2026-08-25 18:43:00;publication;000300000000000000000058;000100000000000000000033;000300000000000000000058;0006000000000000000001d8;
000100000000000000000086;jaime;2026-08-25 13:32:00;non_lue;;publication;000300000000000000000137;000100000000000000000026;000300000000000000000137;0006000000000000000001d9;
000100000000000000000081;jaime;2026-08-25 13:53:00;lue;2026-08-26 11:53:00;publication;000300000000000000000066;00010000000000000000007b;000300000000000000000066;0006000000000000000001da;
000100000000000000000001;jaime;2026-08-25 13:56:00;lue;2026-08-26 03:56:00;publication;000300000000000000000132;00010000000000000000003f;000300000000000000000132;0006000000000000000001db;
000100000000000000000014;jaime;2026-08-25 16:16:00;lue;2026-08-26 01:16:00;publication;000300000000000000000133;000100000000000000000019;000300000000000000000133;0006000000000000000001dc;
000100000000000000000086;jaime;2026-08-25 17:53:00;lue;2026-08-26 18:53:00;publication;00030000000000000000001a;000100000000000000000032;00030000000000000000001a;0006000000000000000001dd;
000100000000000000000028;jaime;2026-08-25 20:02:00;lue;2026-08-26 06:02:00;publication;0003000000000000000000c2;000100000000000000000065;0003000000000000000000c2;0006000000000000000001de;
000100000000000000000001;commentaire;2026-08-25 20:21:00;lue;2026-08-26 14:21:00;commentaire;000400000000000000000005;000100000000000000000050;000300000000000000000132;0006000000000000000001df;
00010000000000000000007e;jaime;2026-08-25 21:00:00;lue;2026-08-27 21:00:00;publication;0003000000000000000000d6;000100000000000000000001;0003000000000000000000d6;0006000000000000000001e0;
000100000000000000000001;jaime;2026-08-25 21:20:00;lue;2026-08-27 07:20:00;publication;000300000000000000000111;000100000000000000000072;000300000000000000000111;0006000000000000000001e1;
00010000000000000000002a;jaime;2026-08-25 21:38:00;lue;2026-08-27 05:38:00;publication;0003000000000000000000c3;000100000000000000000015;0003000000000000000000c3;0006000000000000000001e2;
000100000000000000000026;message;2026-08-25 22:25:00;non_lue;;message_groupe;00050000000000000000020b;000100000000000000000027;;0006000000000000000001e3;000200000000000000000010
000100000000000000000086;jaime;2026-08-26 00:37:00;lue;2026-08-26 17:37:00;publication;00030000000000000000014c;000100000000000000000089;00030000000000000000014c;0006000000000000000001e4;
000100000000000000000086;commentaire;2026-08-26 01:03:00;lue;2026-08-27 10:03:00;commentaire;000400000000000000000095;000100000000000000000054;00030000000000000000014c;0006000000000000000001e5;
000100000000000000000020;jaime;2026-08-26 01:27:00;lue;2026-08-26 06:27:00;publication;000300000000000000000100;000100000000000000000056;000300000000000000000100;0006000000000000000001e6;
00010000000000000000008e;jaime;2026-08-26 01:34:00;lue;2026-08-27 20:34:00;publication;0003000000000000000000b4;000100000000000000000020;0003000000000000000000b4;0006000000000000000001e7;
00010000000000000000008e;jaime;2026-08-26 03:22:00;lue;2026-08-26 23:22:00;publication;000300000000000000000158;000100000000000000000049;000300000000000000000158;0006000000000000000001e8;
000100000000000000000059;message;2026-08-26 09:37:00;non_lue;;message_groupe;000500000000000000000211;00010000000000000000005d;;0006000000000000000001e9;000200000000000000000017
000100000000000000000028;commentaire;2026-08-26 09:41:00;non_lue;;commentaire;0004000000000000000000d4;000100000000000000000005;00030000000000000000015d;0006000000000000000001ea;
000100000000000000000086;commentaire;2026-08-26 09:43:00;lue;2026-08-26 18:43:00;commentaire;00040000000000000000008c;000100000000000000000073;000300000000000000000136;0006000000000000000001eb;
000100000000000000000020;jaime;2026-08-26 11:25:00;lue;2026-08-28 03:25:00;publication;000300000000000000000108;000100000000000000000039;000300000000000000000108;0006000000000000000001ec;
00010000000000000000008e;jaime;2026-08-26 14:12:00;lue;2026-08-28 10:12:00;publication;000300000000000000000154;000100000000000000000049;000300000000000000000154;0006000000000000000001ed;
00010000000000000000002a;message;2026-08-26 15:06:00;non_lue;;message_groupe;000500000000000000000219;00010000000000000000005c;;0006000000000000000001ee;000200000000000000000001
000100000000000000000079;message;2026-08-26 15:06:00;non_lue;;message_groupe;000500000000000000000219;00010000000000000000005c;;0006000000000000000001ef;000200000000000000000001
000100000000000000000017;message;2026-08-26 18:31:00;non_lue;;message_groupe;00050000000000000000021b;000100000000000000000046;;0006000000000000000001f0;000200000000000000000019
000100000000000000000020;jaime;2026-08-26 19:12:00;lue;2026-08-27 04:12:00;publication;000300000000000000000033;00010000000000000000006a;000300000000000000000033;0006000000000000000001f1;
00010000000000000000002a;commentaire;2026-08-26 21:24:00;lue;2026-08-27 04:24:00;commentaire;0004000000000000000000ff;000100000000000000000050;00030000000000000000014b;0006000000000000000001f2;
000100000000000000000068;message;2026-08-26 22:54:39;non_lue;;message_prive;000500000000000000000221;000100000000000000000081;;0006000000000000000001f3;
000100000000000000000068;message;2026-08-26 23:38:39;non_lue;;message_prive;000500000000000000000222;000100000000000000000081;;0006000000000000000001f4;
000100000000000000000014;jaime;2026-08-27 00:12:00;lue;2026-08-28 09:12:00;publication;00030000000000000000012e;000100000000000000000036;00030000000000000000012e;0006000000000000000001f5;
000100000000000000000033;jaime;2026-08-27 00:13:00;lue;2026-08-27 11:13:00;publication;00030000000000000000012a;000100000000000000000062;00030000000000000000012a;0006000000000000000001f6;
000100000000000000000086;jaime;2026-08-27 00:24:00;lue;2026-08-28 07:24:00;publication;0003000000000000000000e7;000100000000000000000065;0003000000000000000000e7;0006000000000000000001f7;
000100000000000000000042;message;2026-08-27 00:53:00;non_lue;;message_groupe;000500000000000000000224;000100000000000000000075;;0006000000000000000001f8;000200000000000000000005
000100000000000000000042;jaime;2026-08-27 00:55:00;lue;2026-08-28 05:55:00;publication;0003000000000000000000b2;000100000000000000000038;0003000000000000000000b2;0006000000000000000001f9;
000100000000000000000086;jaime;2026-08-27 03:07:00;lue;2026-08-28 05:07:00;publication;000300000000000000000080;000100000000000000000034;000300000000000000000080;0006000000000000000001fa;
000100000000000000000028;jaime;2026-08-27 04:58:00;non_lue;;publication;000300000000000000000044;00010000000000000000004a;000300000000000000000044;0006000000000000000001fb;
000100000000000000000086;jaime;2026-08-27 04:59:00;lue;2026-08-27 08:59:00;publication;00030000000000000000005e;000100000000000000000003;00030000000000000000005e;0006000000000000000001fc;
000100000000000000000034;message;2026-08-27 06:37:00;non_lue;;message_groupe;00050000000000000000022e;000100000000000000000043;;0006000000000000000001fd;00020000000000000000000b
00010000000000000000002a;jaime;2026-08-27 12:54:00;lue;2026-08-28 21:54:00;publication;0003000000000000000000c5;00010000000000000000007d;0003000000000000000000c5;0006000000000000000001fe;
000100000000000000000042;jaime;2026-08-27 15:27:00;lue;2026-08-27 17:27:00;publication;000300000000000000000037;000100000000000000000040;000300000000000000000037;0006000000000000000001ff;
000100000000000000000014;jaime;2026-08-27 15:49:00;lue;2026-08-29 02:49:00;publication;000300000000000000000032;000100000000000000000031;000300000000000000000032;000600000000000000000200;
00010000000000000000002a;jaime;2026-08-27 17:18:00;lue;2026-08-28 03:18:00;publication;000300000000000000000109;000100000000000000000011;000300000000000000000109;000600000000000000000201;
000100000000000000000028;message;2026-08-27 17:54:00;non_lue;;message_groupe;000500000000000000000245;000100000000000000000043;;000600000000000000000202;000200000000000000000004
000100000000000000000069;message;2026-08-27 17:54:00;non_lue;;message_groupe;000500000000000000000245;000100000000000000000043;;000600000000000000000203;000200000000000000000004
000100000000000000000026;jaime;2026-08-27 20:04:00;lue;2026-08-28 19:04:00;publication;00030000000000000000016c;000100000000000000000008;00030000000000000000016c;000600000000000000000204;
000100000000000000000086;jaime;2026-08-27 21:30:00;lue;2026-08-28 17:30:00;publication;00030000000000000000014f;00010000000000000000005c;00030000000000000000014f;000600000000000000000205;
000100000000000000000084;jaime;2026-08-27 22:52:00;lue;2026-08-28 18:52:00;publication;000300000000000000000110;000100000000000000000053;000300000000000000000110;000600000000000000000206;
000100000000000000000028;jaime;2026-08-28 01:31:00;lue;2026-08-29 05:31:00;publication;00030000000000000000007d;00010000000000000000002a;00030000000000000000007d;000600000000000000000207;
000100000000000000000042;jaime;2026-08-28 03:51:00;lue;2026-08-29 12:51:00;publication;00030000000000000000006f;000100000000000000000002;00030000000000000000006f;000600000000000000000208;
000100000000000000000014;jaime;2026-08-28 05:44:00;lue;2026-08-29 05:44:00;publication;0003000000000000000000c6;00010000000000000000002e;0003000000000000000000c6;000600000000000000000209;
00010000000000000000007e;jaime;2026-08-28 06:00:00;lue;2026-08-28 20:00:00;publication;00030000000000000000016f;00010000000000000000002b;00030000000000000000016f;00060000000000000000020a;
000100000000000000000014;jaime;2026-08-28 06:30:00;lue;2026-08-28 14:30:00;publication;000300000000000000000127;000100000000000000000083;000300000000000000000127;00060000000000000000020b;
000100000000000000000047;jaime;2026-08-28 06:41:00;lue;2026-08-28 18:41:00;publication;0003000000000000000000b6;00010000000000000000006f;0003000000000000000000b6;00060000000000000000020c;
000100000000000000000026;commentaire;2026-08-28 07:34:00;lue;2026-08-29 01:34:00;commentaire;00040000000000000000018e;00010000000000000000008d;00030000000000000000016c;00060000000000000000020d;
000100000000000000000086;jaime;2026-08-28 07:36:00;lue;2026-08-28 19:36:00;publication;00030000000000000000004a;000100000000000000000017;00030000000000000000004a;00060000000000000000020e;
000100000000000000000001;commentaire;2026-08-28 08:38:00;lue;2026-08-30 04:38:00;commentaire;000400000000000000000184;000100000000000000000037;000300000000000000000155;00060000000000000000020f;
00010000000000000000006c;message;2026-08-28 11:37:00;non_lue;;message_groupe;000500000000000000000257;000100000000000000000030;;000600000000000000000210;00020000000000000000001a
00010000000000000000005a;message;2026-08-28 11:37:00;non_lue;;message_groupe;000500000000000000000257;000100000000000000000030;;000600000000000000000211;00020000000000000000001a
00010000000000000000007f;jaime;2026-08-28 11:40:00;lue;2026-08-29 16:40:00;publication;000300000000000000000172;00010000000000000000002e;000300000000000000000172;000600000000000000000212;
00010000000000000000007f;message;2026-08-28 12:55:00;non_lue;;message_groupe;00050000000000000000025a;000100000000000000000054;;000600000000000000000213;00020000000000000000000a
000100000000000000000028;jaime;2026-08-28 14:09:00;non_lue;;publication;0003000000000000000000b3;00010000000000000000003c;0003000000000000000000b3;000600000000000000000214;
000100000000000000000014;jaime;2026-08-28 17:08:00;non_lue;;publication;0003000000000000000000ef;00010000000000000000006b;0003000000000000000000ef;000600000000000000000215;
000100000000000000000026;jaime;2026-08-28 20:39:00;lue;2026-08-29 05:39:00;publication;00030000000000000000016c;000100000000000000000009;00030000000000000000016c;000600000000000000000216;
00010000000000000000007f;jaime;2026-08-28 22:00:00;lue;2026-08-30 09:00:00;publication;00030000000000000000013b;000100000000000000000052;00030000000000000000013b;000600000000000000000217;
000100000000000000000086;jaime;2026-08-28 23:09:00;lue;2026-08-30 10:09:00;publication;00030000000000000000006b;00010000000000000000005b;00030000000000000000006b;000600000000000000000218;
00010000000000000000005f;message;2026-08-28 23:21:00;non_lue;;message_groupe;000500000000000000000272;000100000000000000000002;;000600000000000000000219;000200000000000000000007
000100000000000000000058;message;2026-08-28 23:21:00;non_lue;;message_groupe;000500000000000000000272;000100000000000000000002;;00060000000000000000021a;000200000000000000000007
000100000000000000000086;jaime;2026-08-28 23:24:00;lue;2026-08-30 20:24:00;publication;0003000000000000000000a5;000100000000000000000029;0003000000000000000000a5;00060000000000000000021b;
000100000000000000000096;message;2026-08-29 00:33:00;non_lue;;message_groupe;000500000000000000000274;000100000000000000000053;;00060000000000000000021c;00020000000000000000001b
000100000000000000000001;commentaire;2026-08-29 00:48:00;lue;2026-08-30 09:48:00;commentaire;000400000000000000000008;00010000000000000000001d;000300000000000000000150;00060000000000000000021d;
000100000000000000000084;jaime;2026-08-29 03:04:00;lue;2026-08-31 01:04:00;publication;0003000000000000000000c0;00010000000000000000001f;0003000000000000000000c0;00060000000000000000021e;
000100000000000000000009;message;2026-08-29 03:38:00;non_lue;;message_groupe;000500000000000000000279;000100000000000000000055;;00060000000000000000021f;00020000000000000000001b
000100000000000000000059;jaime;2026-08-29 05:13:00;lue;2026-08-29 06:13:00;publication;0003000000000000000000c7;00010000000000000000006b;0003000000000000000000c7;000600000000000000000220;
00010000000000000000002a;jaime;2026-08-29 05:52:00;lue;2026-08-30 07:52:00;publication;000300000000000000000013;000100000000000000000092;000300000000000000000013;000600000000000000000221;
000100000000000000000038;jaime;2026-08-29 06:45:00;lue;2026-08-30 00:45:00;publication;0003000000000000000000df;000100000000000000000096;0003000000000000000000df;000600000000000000000222;
000100000000000000000086;jaime;2026-08-29 06:49:00;lue;2026-08-29 21:49:00;publication;000300000000000000000068;00010000000000000000001c;000300000000000000000068;000600000000000000000223;
00010000000000000000002a;jaime;2026-08-29 07:04:00;lue;2026-08-30 11:04:00;publication;00030000000000000000014b;000100000000000000000094;00030000000000000000014b;000600000000000000000224;
000100000000000000000020;commentaire;2026-08-29 08:00:00;lue;2026-08-31 01:00:00;commentaire;00040000000000000000011e;00010000000000000000001d;000300000000000000000178;000600000000000000000225;
00010000000000000000002a;jaime;2026-08-29 08:37:00;lue;2026-08-30 13:37:00;publication;000300000000000000000183;00010000000000000000003c;000300000000000000000183;000600000000000000000226;
000100000000000000000003;jaime;2026-08-29 14:55:00;non_lue;;publication;00030000000000000000013a;000100000000000000000069;00030000000000000000013a;000600000000000000000227;
00010000000000000000008e;jaime;2026-08-29 16:02:00;lue;2026-08-31 06:02:00;publication;000300000000000000000151;000100000000000000000077;000300000000000000000151;000600000000000000000228;
000100000000000000000042;jaime;2026-08-29 18:47:00;non_lue;;publication;000300000000000000000081;000100000000000000000095;000300000000000000000081;000600000000000000000229;
000100000000000000000047;jaime;2026-08-29 19:47:00;lue;2026-08-29 20:47:00;publication;000300000000000000000005;000100000000000000000007;000300000000000000000005;00060000000000000000022a;
000100000000000000000042;jaime;2026-08-29 21:09:00;lue;2026-08-31 11:09:00;publication;000300000000000000000142;000100000000000000000086;000300000000000000000142;00060000000000000000022b;
000100000000000000000001;commentaire;2026-08-29 21:22:00;non_lue;;commentaire;000400000000000000000009;000100000000000000000038;000300000000000000000150;00060000000000000000022c;
000100000000000000000028;jaime;2026-08-30 02:29:00;lue;2026-08-31 09:29:00;publication;000300000000000000000073;000100000000000000000080;000300000000000000000073;00060000000000000000022d;
000100000000000000000086;jaime;2026-08-30 02:50:00;lue;2026-08-30 23:50:00;publication;000300000000000000000068;00010000000000000000005a;000300000000000000000068;00060000000000000000022e;
000100000000000000000022;jaime;2026-08-30 04:01:00;lue;2026-08-31 06:01:00;publication;000300000000000000000101;000100000000000000000027;000300000000000000000101;00060000000000000000022f;
000100000000000000000084;jaime;2026-08-30 04:01:00;lue;2026-09-01 03:01:00;publication;00030000000000000000008c;00010000000000000000003b;00030000000000000000008c;000600000000000000000230;
000100000000000000000043;jaime;2026-08-30 06:15:00;lue;2026-08-31 04:15:00;publication;000300000000000000000099;000100000000000000000009;000300000000000000000099;000600000000000000000231;
000100000000000000000020;jaime;2026-08-30 06:39:00;non_lue;;publication;000300000000000000000071;00010000000000000000008e;000300000000000000000071;000600000000000000000232;
00010000000000000000006b;jaime;2026-08-30 07:13:00;lue;2026-09-01 07:13:00;publication;000300000000000000000106;000100000000000000000018;000300000000000000000106;000600000000000000000233;
000100000000000000000059;jaime;2026-08-30 11:45:00;lue;2026-08-31 00:45:00;publication;000300000000000000000160;000100000000000000000092;000300000000000000000160;000600000000000000000234;
000100000000000000000033;jaime;2026-08-30 11:59:00;lue;2026-08-31 00:59:00;publication;000300000000000000000051;000100000000000000000061;000300000000000000000051;000600000000000000000235;
000100000000000000000081;jaime;2026-08-30 14:23:00;lue;2026-09-01 02:23:00;publication;0003000000000000000000fa;00010000000000000000003f;0003000000000000000000fa;000600000000000000000236;
00010000000000000000008e;jaime;2026-08-30 14:41:00;lue;2026-09-01 06:41:00;publication;000300000000000000000151;00010000000000000000002f;000300000000000000000151;000600000000000000000237;
000100000000000000000072;message;2026-08-30 16:24:25;non_lue;;message_prive;0005000000000000000002a8;00010000000000000000008b;;000600000000000000000238;
000100000000000000000093;jaime;2026-08-30 16:40:00;lue;2026-08-31 22:40:00;publication;000300000000000000000014;00010000000000000000006b;000300000000000000000014;000600000000000000000239;
000100000000000000000072;message;2026-08-30 16:52:25;non_lue;;message_prive;0005000000000000000002a9;00010000000000000000008b;;00060000000000000000023a;
00010000000000000000008e;jaime;2026-08-30 17:20:00;lue;2026-08-31 02:20:00;publication;000300000000000000000119;00010000000000000000004c;000300000000000000000119;00060000000000000000023b;
00010000000000000000003d;message;2026-08-30 17:48:00;non_lue;;message_groupe;0005000000000000000002ab;00010000000000000000005c;;00060000000000000000023c;00020000000000000000000e
000100000000000000000079;message;2026-08-30 17:48:00;non_lue;;message_groupe;0005000000000000000002ab;00010000000000000000005c;;00060000000000000000023d;00020000000000000000000e
000100000000000000000014;message;2026-08-30 18:47:00;non_lue;;message_groupe;0005000000000000000002ad;00010000000000000000000f;;00060000000000000000023e;000200000000000000000008
000100000000000000000059;jaime;2026-08-30 19:57:00;non_lue;;publication;0003000000000000000000ce;000100000000000000000053;0003000000000000000000ce;00060000000000000000023f;
00010000000000000000006b;commentaire;2026-08-31 00:09:00;lue;2026-08-31 17:09:00;commentaire;000400000000000000000255;000100000000000000000019;000300000000000000000159;000600000000000000000240;
000100000000000000000020;jaime;2026-08-31 00:34:00;lue;2026-09-01 21:34:00;publication;000300000000000000000100;000100000000000000000035;000300000000000000000100;000600000000000000000241;
000100000000000000000020;jaime;2026-08-31 00:50:00;lue;2026-08-31 20:50:00;publication;000300000000000000000076;00010000000000000000006b;000300000000000000000076;000600000000000000000242;
000100000000000000000042;jaime;2026-08-31 00:55:00;lue;2026-08-31 20:55:00;publication;00030000000000000000017c;000100000000000000000023;00030000000000000000017c;000600000000000000000243;
00010000000000000000008e;jaime;2026-08-31 02:57:00;non_lue;;publication;000300000000000000000119;000100000000000000000060;000300000000000000000119;000600000000000000000244;
000100000000000000000094;message;2026-08-31 03:19:00;non_lue;;message_groupe;0005000000000000000002b9;00010000000000000000001b;;000600000000000000000245;000200000000000000000004
00010000000000000000002a;jaime;2026-08-31 04:55:00;non_lue;;publication;000300000000000000000146;00010000000000000000004e;000300000000000000000146;000600000000000000000246;
000100000000000000000001;commentaire;2026-08-31 05:23:00;lue;2026-09-01 12:23:00;commentaire;000400000000000000000007;000100000000000000000080;000300000000000000000150;000600000000000000000247;
000100000000000000000020;jaime;2026-08-31 05:51:00;lue;2026-09-01 17:51:00;publication;000300000000000000000076;000100000000000000000057;000300000000000000000076;000600000000000000000248;
000100000000000000000001;jaime;2026-08-31 05:55:00;lue;2026-09-01 05:55:00;publication;000300000000000000000132;00010000000000000000004b;000300000000000000000132;000600000000000000000249;
000100000000000000000089;message;2026-08-31 06:16:34;non_lue;;message_prive;0005000000000000000002bd;000100000000000000000001;;00060000000000000000024a;
00010000000000000000008e;jaime;2026-08-31 06:22:00;lue;2026-09-01 03:22:00;publication;000300000000000000000090;00010000000000000000001c;000300000000000000000090;00060000000000000000024b;
00010000000000000000006a;message;2026-08-31 07:50:00;non_lue;;message_groupe;0005000000000000000002c0;000100000000000000000080;;00060000000000000000024c;00020000000000000000001b
00010000000000000000002b;message;2026-08-31 08:52:00;non_lue;;message_groupe;0005000000000000000002c1;00010000000000000000002e;;00060000000000000000024d;000200000000000000000018
00010000000000000000005c;message;2026-08-31 08:52:00;non_lue;;message_groupe;0005000000000000000002c1;00010000000000000000002e;;00060000000000000000024e;000200000000000000000018
000100000000000000000028;commentaire;2026-08-31 08:59:00;lue;2026-08-31 13:59:00;commentaire;000400000000000000000043;000100000000000000000052;00030000000000000000015f;00060000000000000000024f;
000100000000000000000014;jaime;2026-08-31 09:32:00;lue;2026-09-01 21:32:00;publication;00030000000000000000012b;00010000000000000000006d;00030000000000000000012b;000600000000000000000250;
000100000000000000000086;jaime;2026-08-31 10:54:00;lue;2026-09-01 20:54:00;publication;000300000000000000000092;00010000000000000000003b;000300000000000000000092;000600000000000000000251;
000100000000000000000065;jaime;2026-08-31 11:31:00;lue;2026-08-31 18:31:00;publication;0003000000000000000000e5;000100000000000000000023;0003000000000000000000e5;000600000000000000000252;
000100000000000000000001;commentaire;2026-08-31 11:42:00;lue;2026-09-01 05:42:00;commentaire;00040000000000000000022c;000100000000000000000026;000300000000000000000155;000600000000000000000253;
000100000000000000000042;commentaire;2026-08-31 13:35:00;lue;2026-09-02 00:35:00;commentaire;00040000000000000000032b;000100000000000000000065;000300000000000000000168;000600000000000000000254;
000100000000000000000068;jaime;2026-08-31 14:46:00;non_lue;;publication;000300000000000000000020;000100000000000000000015;000300000000000000000020;000600000000000000000255;
000100000000000000000028;jaime;2026-08-31 15:12:00;non_lue;;publication;00030000000000000000013d;000100000000000000000064;00030000000000000000013d;000600000000000000000256;
000100000000000000000086;jaime;2026-08-31 15:58:00;non_lue;;publication;000300000000000000000137;000100000000000000000079;000300000000000000000137;000600000000000000000257;
00010000000000000000008e;jaime;2026-08-31 18:16:00;non_lue;;publication;000300000000000000000158;000100000000000000000045;000300000000000000000158;000600000000000000000258;
000100000000000000000063;message;2026-08-31 19:47:00;non_lue;;message_groupe;0005000000000000000002cd;000100000000000000000082;;000600000000000000000259;000200000000000000000012
00010000000000000000008d;message;2026-08-31 19:47:00;non_lue;;message_groupe;0005000000000000000002cd;000100000000000000000082;;00060000000000000000025a;000200000000000000000012
00010000000000000000008e;jaime;2026-08-31 21:28:00;lue;2026-09-02 14:28:00;publication;00030000000000000000009a;000100000000000000000088;00030000000000000000009a;00060000000000000000025b;
00010000000000000000002a;commentaire;2026-08-31 21:39:00;lue;2026-08-31 23:39:00;commentaire;000400000000000000000028;000100000000000000000014;00030000000000000000018b;00060000000000000000025c;
000100000000000000000028;jaime;2026-08-31 23:49:00;non_lue;;publication;00030000000000000000013d;000100000000000000000048;00030000000000000000013d;00060000000000000000025d;
000100000000000000000084;jaime;2026-09-01 00:11:00;lue;2026-09-02 21:11:00;publication;0003000000000000000000a1;00010000000000000000001d;0003000000000000000000a1;00060000000000000000025e;
000100000000000000000028;jaime;2026-09-01 02:16:00;lue;2026-09-02 19:16:00;publication;0003000000000000000000c2;00010000000000000000007d;0003000000000000000000c2;00060000000000000000025f;
000100000000000000000086;jaime;2026-09-01 02:30:00;lue;2026-09-01 15:30:00;publication;00030000000000000000014a;00010000000000000000000e;00030000000000000000014a;000600000000000000000260;
000100000000000000000059;jaime;2026-09-01 02:59:00;lue;2026-09-02 03:59:00;publication;00030000000000000000003e;000100000000000000000009;00030000000000000000003e;000600000000000000000261;
00010000000000000000002a;jaime;2026-09-01 03:05:00;lue;2026-09-01 16:05:00;publication;00030000000000000000012c;000100000000000000000066;00030000000000000000012c;000600000000000000000262;
00010000000000000000002a;jaime;2026-09-01 04:18:00;lue;2026-09-01 16:18:00;publication;000300000000000000000146;00010000000000000000007a;000300000000000000000146;000600000000000000000263;
00010000000000000000007f;jaime;2026-09-01 04:19:00;non_lue;;publication;000300000000000000000112;00010000000000000000005c;000300000000000000000112;000600000000000000000264;
00010000000000000000002a;jaime;2026-09-01 04:30:00;lue;2026-09-03 04:30:00;publication;000300000000000000000146;000100000000000000000015;000300000000000000000146;000600000000000000000265;
000100000000000000000020;jaime;2026-09-01 04:34:00;lue;2026-09-02 10:34:00;publication;000300000000000000000108;000100000000000000000002;000300000000000000000108;000600000000000000000266;
00010000000000000000002a;jaime;2026-09-01 06:04:00;lue;2026-09-01 20:04:00;publication;000300000000000000000170;00010000000000000000003c;000300000000000000000170;000600000000000000000267;
00010000000000000000007f;jaime;2026-09-01 06:30:00;lue;2026-09-02 23:30:00;publication;00030000000000000000013b;00010000000000000000002b;00030000000000000000013b;000600000000000000000268;
000100000000000000000084;jaime;2026-09-01 06:41:00;lue;2026-09-02 14:41:00;publication;00030000000000000000017b;000100000000000000000049;00030000000000000000017b;000600000000000000000269;
00010000000000000000002a;jaime;2026-09-01 06:59:00;lue;2026-09-02 01:59:00;publication;0003000000000000000000a0;000100000000000000000089;0003000000000000000000a0;00060000000000000000026a;
000100000000000000000022;jaime;2026-09-01 07:45:00;non_lue;;publication;000300000000000000000101;000100000000000000000047;000300000000000000000101;00060000000000000000026b;
000100000000000000000013;jaime;2026-09-01 10:48:00;lue;2026-09-03 08:48:00;publication;00030000000000000000006d;00010000000000000000005e;00030000000000000000006d;00060000000000000000026c;
000100000000000000000044;jaime;2026-09-01 11:29:00;non_lue;;publication;0003000000000000000000bf;00010000000000000000006e;0003000000000000000000bf;00060000000000000000026d;
000100000000000000000001;jaime;2026-09-01 12:00:00;lue;2026-09-02 15:00:00;publication;000300000000000000000150;00010000000000000000007a;000300000000000000000150;00060000000000000000026e;
000100000000000000000086;jaime;2026-09-01 13:08:00;lue;2026-09-02 21:08:00;publication;00030000000000000000014f;000100000000000000000096;00030000000000000000014f;00060000000000000000026f;
000100000000000000000001;jaime;2026-09-01 16:08:00;lue;2026-09-03 16:08:00;publication;000300000000000000000155;000100000000000000000094;000300000000000000000155;000600000000000000000270;
000100000000000000000042;jaime;2026-09-01 19:47:00;lue;2026-09-02 19:47:00;publication;000300000000000000000173;00010000000000000000007e;000300000000000000000173;000600000000000000000271;
00010000000000000000005c;jaime;2026-09-01 20:00:00;lue;2026-09-02 05:00:00;publication;0003000000000000000000e0;00010000000000000000000e;0003000000000000000000e0;000600000000000000000272;
000100000000000000000086;jaime;2026-09-01 22:33:00;non_lue;;publication;000300000000000000000157;00010000000000000000008a;000300000000000000000157;000600000000000000000273;
000100000000000000000042;jaime;2026-09-02 00:31:00;lue;2026-09-02 03:31:00;publication;000300000000000000000102;000100000000000000000086;000300000000000000000102;000600000000000000000274;
000100000000000000000014;jaime;2026-09-02 00:39:00;lue;2026-09-03 23:39:00;publication;0003000000000000000000fd;000100000000000000000027;0003000000000000000000fd;000600000000000000000275;
00010000000000000000008e;jaime;2026-09-02 00:44:00;lue;2026-09-02 16:44:00;publication;000300000000000000000154;000100000000000000000096;000300000000000000000154;000600000000000000000276;
000100000000000000000028;jaime;2026-09-02 02:00:00;lue;2026-09-02 23:00:00;publication;000300000000000000000156;000100000000000000000031;000300000000000000000156;000600000000000000000277;
000100000000000000000086;jaime;2026-09-02 06:21:00;lue;2026-09-02 19:21:00;publication;000300000000000000000136;00010000000000000000003c;000300000000000000000136;000600000000000000000278;
000100000000000000000086;jaime;2026-09-02 06:52:00;lue;2026-09-03 17:52:00;publication;000300000000000000000157;000100000000000000000023;000300000000000000000157;000600000000000000000279;
000100000000000000000001;message;2026-09-02 07:29:54;non_lue;;message_prive;000500000000000000000304;000100000000000000000022;;00060000000000000000027a;
000100000000000000000001;message;2026-09-02 08:00:54;non_lue;;message_prive;000500000000000000000306;000100000000000000000022;;00060000000000000000027b;
000100000000000000000086;jaime;2026-09-02 08:26:00;lue;2026-09-03 09:26:00;publication;000300000000000000000137;000100000000000000000007;000300000000000000000137;00060000000000000000027c;
000100000000000000000001;jaime;2026-09-02 14:06:00;lue;2026-09-03 21:06:00;publication;000300000000000000000199;000100000000000000000020;000300000000000000000199;00060000000000000000027d;
00010000000000000000007b;message;2026-09-02 14:49:00;non_lue;;message_groupe;000500000000000000000313;000100000000000000000091;;00060000000000000000027e;00020000000000000000001b
000100000000000000000032;message;2026-09-02 14:49:00;non_lue;;message_groupe;000500000000000000000313;000100000000000000000091;;00060000000000000000027f;00020000000000000000001b
000100000000000000000042;jaime;2026-09-02 14:58:00;lue;2026-09-02 18:58:00;publication;0003000000000000000000b2;00010000000000000000002e;0003000000000000000000b2;000600000000000000000280;
000100000000000000000014;jaime;2026-09-02 18:46:00;non_lue;;publication;0003000000000000000000a7;00010000000000000000004d;0003000000000000000000a7;000600000000000000000281;
000100000000000000000001;jaime;2026-09-02 19:47:00;non_lue;;publication;000300000000000000000199;00010000000000000000005f;000300000000000000000199;000600000000000000000282;
00010000000000000000008e;jaime;2026-09-02 21:04:00;lue;2026-09-03 05:04:00;publication;000300000000000000000154;000100000000000000000032;000300000000000000000154;000600000000000000000283;
000100000000000000000001;message;2026-09-02 22:51:32;non_lue;;message_prive;000500000000000000000326;000100000000000000000024;;000600000000000000000284;
00010000000000000000007f;jaime;2026-09-02 23:54:00;lue;2026-09-03 21:54:00;publication;000300000000000000000172;000100000000000000000019;000300000000000000000172;000600000000000000000285;
000100000000000000000001;message;2026-09-02 23:57:32;non_lue;;message_prive;000500000000000000000327;000100000000000000000024;;000600000000000000000286;
000100000000000000000022;jaime;2026-09-03 00:15:00;lue;2026-09-03 20:15:00;publication;000300000000000000000117;00010000000000000000006d;000300000000000000000117;000600000000000000000287;
000100000000000000000001;commentaire;2026-09-03 02:37:00;lue;2026-09-04 23:37:00;commentaire;00040000000000000000000d;000100000000000000000003;000300000000000000000199;000600000000000000000288;
00010000000000000000007f;jaime;2026-09-03 05:25:00;lue;2026-09-03 09:25:00;publication;00030000000000000000010b;00010000000000000000007e;00030000000000000000010b;000600000000000000000289;
00010000000000000000002a;jaime;2026-09-03 06:19:00;non_lue;;publication;0003000000000000000000a0;000100000000000000000061;0003000000000000000000a0;00060000000000000000028a;
000100000000000000000014;jaime;2026-09-03 08:13:00;lue;2026-09-03 12:13:00;publication;000300000000000000000186;000100000000000000000069;000300000000000000000186;00060000000000000000028b;
000100000000000000000029;jaime;2026-09-03 09:03:00;lue;2026-09-04 14:03:00;publication;00030000000000000000007c;00010000000000000000002f;00030000000000000000007c;00060000000000000000028c;
00010000000000000000007f;jaime;2026-09-03 09:05:00;non_lue;;publication;00030000000000000000015e;000100000000000000000021;00030000000000000000015e;00060000000000000000028d;
000100000000000000000055;message;2026-09-03 09:33:00;non_lue;;message_groupe;000500000000000000000335;000100000000000000000096;;00060000000000000000028e;00020000000000000000001c
000100000000000000000064;message;2026-09-03 09:33:00;non_lue;;message_groupe;000500000000000000000335;000100000000000000000096;;00060000000000000000028f;00020000000000000000001c
000100000000000000000014;jaime;2026-09-03 11:57:00;lue;2026-09-04 09:57:00;publication;0003000000000000000000ca;000100000000000000000033;0003000000000000000000ca;000600000000000000000290;
000100000000000000000017;message;2026-09-03 14:10:06;non_lue;;message_prive;000500000000000000000342;00010000000000000000007d;;000600000000000000000291;
00010000000000000000008e;jaime;2026-09-03 14:30:00;lue;2026-09-05 06:30:00;publication;000300000000000000000119;000100000000000000000013;000300000000000000000119;000600000000000000000292;
000100000000000000000004;jaime;2026-09-03 14:37:00;lue;2026-09-04 01:37:00;publication;000300000000000000000165;00010000000000000000008d;000300000000000000000165;000600000000000000000293;
000100000000000000000086;jaime;2026-09-03 18:33:00;lue;2026-09-04 09:33:00;publication;000300000000000000000137;000100000000000000000015;000300000000000000000137;000600000000000000000294;
00010000000000000000007e;jaime;2026-09-03 19:30:00;lue;2026-09-05 04:30:00;publication;000300000000000000000079;00010000000000000000008a;000300000000000000000079;000600000000000000000295;
000100000000000000000006;message;2026-09-03 20:13:00;non_lue;;message_groupe;000500000000000000000350;000100000000000000000065;;000600000000000000000296;00020000000000000000000c
00010000000000000000007f;jaime;2026-09-03 20:21:00;lue;2026-09-04 11:21:00;publication;000300000000000000000172;000100000000000000000037;000300000000000000000172;000600000000000000000297;
000100000000000000000013;message;2026-09-03 20:54:00;non_lue;;message_groupe;000500000000000000000352;000100000000000000000007;;000600000000000000000298;000200000000000000000018
00010000000000000000008e;jaime;2026-09-04 00:03:00;lue;2026-09-05 18:03:00;publication;000300000000000000000154;000100000000000000000068;000300000000000000000154;000600000000000000000299;
00010000000000000000008e;jaime;2026-09-04 00:34:00;lue;2026-09-06 00:34:00;publication;00030000000000000000019e;00010000000000000000000a;00030000000000000000019e;00060000000000000000029a;
000100000000000000000020;jaime;2026-09-04 04:08:00;lue;2026-09-05 16:08:00;publication;000300000000000000000182;000100000000000000000090;000300000000000000000182;00060000000000000000029b;
000100000000000000000014;jaime;2026-09-04 05:01:00;lue;2026-09-04 12:01:00;publication;0003000000000000000000a7;00010000000000000000005c;0003000000000000000000a7;00060000000000000000029c;
000100000000000000000094;message;2026-09-04 05:23:00;non_lue;;message_groupe;00050000000000000000035e;00010000000000000000008f;;00060000000000000000029d;000200000000000000000007
000100000000000000000037;message;2026-09-04 05:23:00;non_lue;;message_groupe;00050000000000000000035e;00010000000000000000008f;;00060000000000000000029e;000200000000000000000007
000100000000000000000036;message;2026-09-04 05:46:00;non_lue;;message_groupe;000500000000000000000361;00010000000000000000007e;;00060000000000000000029f;00020000000000000000000d
000100000000000000000014;jaime;2026-09-04 06:28:00;lue;2026-09-05 22:28:00;publication;000300000000000000000193;000100000000000000000087;000300000000000000000193;0006000000000000000002a0;
00010000000000000000002a;jaime;2026-09-04 07:35:00;lue;2026-09-05 08:35:00;publication;00030000000000000000017e;000100000000000000000087;00030000000000000000017e;0006000000000000000002a1;
000100000000000000000001;jaime;2026-09-04 08:27:00;lue;2026-09-05 15:27:00;publication;000300000000000000000199;000100000000000000000032;000300000000000000000199;0006000000000000000002a2;
00010000000000000000006b;jaime;2026-09-04 08:36:00;lue;2026-09-05 03:36:00;publication;000300000000000000000143;000100000000000000000036;000300000000000000000143;0006000000000000000002a3;
000100000000000000000069;message;2026-09-04 08:51:40;non_lue;;message_prive;000500000000000000000363;00010000000000000000001f;;0006000000000000000002a4;
000100000000000000000014;jaime;2026-09-04 09:33:00;lue;2026-09-06 05:33:00;publication;0003000000000000000000e8;000100000000000000000043;0003000000000000000000e8;0006000000000000000002a5;
000100000000000000000001;jaime;2026-09-04 09:37:00;lue;2026-09-05 20:37:00;publication;000300000000000000000132;000100000000000000000052;000300000000000000000132;0006000000000000000002a6;
000100000000000000000029;jaime;2026-09-04 09:39:00;non_lue;;publication;000300000000000000000034;000100000000000000000085;000300000000000000000034;0006000000000000000002a7;
000100000000000000000014;jaime;2026-09-04 10:11:00;lue;2026-09-05 19:11:00;publication;00030000000000000000010c;000100000000000000000088;00030000000000000000010c;0006000000000000000002a8;
000100000000000000000055;jaime;2026-09-04 11:03:00;non_lue;;publication;000300000000000000000192;00010000000000000000004b;000300000000000000000192;0006000000000000000002a9;
000100000000000000000088;message;2026-09-04 11:37:00;non_lue;;message_groupe;000500000000000000000364;000100000000000000000046;;0006000000000000000002aa;00020000000000000000000e
000100000000000000000033;jaime;2026-09-04 12:34:00;lue;2026-09-06 01:34:00;publication;000300000000000000000198;000100000000000000000095;000300000000000000000198;0006000000000000000002ab;
000100000000000000000001;jaime;2026-09-04 12:40:00;lue;2026-09-04 19:40:00;publication;000300000000000000000199;000100000000000000000078;000300000000000000000199;0006000000000000000002ac;
000100000000000000000020;jaime;2026-09-04 14:35:00;lue;2026-09-05 07:35:00;publication;000300000000000000000178;000100000000000000000077;000300000000000000000178;0006000000000000000002ad;
00010000000000000000007e;jaime;2026-09-04 15:03:00;lue;2026-09-05 14:03:00;publication;000300000000000000000196;00010000000000000000004f;000300000000000000000196;0006000000000000000002ae;
000100000000000000000081;jaime;2026-09-04 16:35:00;lue;2026-09-05 22:35:00;publication;000300000000000000000167;000100000000000000000019;000300000000000000000167;0006000000000000000002af;
000100000000000000000020;jaime;2026-09-04 16:57:00;lue;2026-09-04 17:57:00;publication;00030000000000000000005f;00010000000000000000005b;00030000000000000000005f;0006000000000000000002b0;
000100000000000000000094;message;2026-09-04 17:08:00;non_lue;;message_groupe;000500000000000000000372;000100000000000000000024;;0006000000000000000002b1;000200000000000000000012
000100000000000000000079;message;2026-09-04 17:08:00;non_lue;;message_groupe;000500000000000000000372;000100000000000000000024;;0006000000000000000002b2;000200000000000000000012
000100000000000000000042;jaime;2026-09-04 17:16:00;non_lue;;publication;00030000000000000000019a;000100000000000000000096;00030000000000000000019a;0006000000000000000002b3;
000100000000000000000026;jaime;2026-09-04 18:32:00;non_lue;;publication;0003000000000000000000b7;000100000000000000000009;0003000000000000000000b7;0006000000000000000002b4;
00010000000000000000002a;commentaire;2026-09-04 18:32:00;lue;2026-09-05 09:32:00;commentaire;000400000000000000000437;00010000000000000000001f;00030000000000000000017e;0006000000000000000002b5;
000100000000000000000014;commentaire;2026-09-04 18:58:00;non_lue;;commentaire;000400000000000000000187;000100000000000000000015;000300000000000000000197;0006000000000000000002b6;
00010000000000000000008e;jaime;2026-09-04 19:00:00;lue;2026-09-05 18:00:00;publication;000300000000000000000177;000100000000000000000010;000300000000000000000177;0006000000000000000002b7;
00010000000000000000002a;jaime;2026-09-04 19:40:00;lue;2026-09-05 17:40:00;publication;00030000000000000000011a;000100000000000000000068;00030000000000000000011a;0006000000000000000002b8;
00010000000000000000003e;jaime;2026-09-04 19:59:00;lue;2026-09-05 04:59:00;publication;000300000000000000000153;00010000000000000000002e;000300000000000000000153;0006000000000000000002b9;
000100000000000000000028;jaime;2026-09-04 20:13:00;lue;2026-09-06 11:13:00;publication;00030000000000000000007f;000100000000000000000032;00030000000000000000007f;0006000000000000000002ba;
000100000000000000000001;message;2026-09-04 20:43:27;non_lue;;message_prive;000500000000000000000381;00010000000000000000003f;;0006000000000000000002bb;
000100000000000000000047;demande_ami;2026-09-04 21:25:00;lue;2026-09-05 07:25:00;utilisateur;00010000000000000000007c;00010000000000000000007c;;0006000000000000000002bc;
000100000000000000000066;demande_ami;2026-09-04 21:49:00;non_lue;;utilisateur;000100000000000000000086;000100000000000000000086;;0006000000000000000002bd;
000100000000000000000042;jaime;2026-09-05 00:11:00;lue;2026-09-06 11:11:00;publication;000300000000000000000188;00010000000000000000007e;000300000000000000000188;0006000000000000000002be;
000100000000000000000014;message;2026-09-05 01:05:15;non_lue;;message_prive;00050000000000000000038e;000100000000000000000010;;0006000000000000000002bf;
000100000000000000000086;jaime;2026-09-05 01:25:00;lue;2026-09-05 16:25:00;publication;000300000000000000000068;000100000000000000000024;000300000000000000000068;0006000000000000000002c0;
00010000000000000000008a;demande_ami;2026-09-05 01:58:00;lue;2026-09-05 19:58:00;utilisateur;00010000000000000000005a;00010000000000000000005a;;0006000000000000000002c1;
000100000000000000000086;jaime;2026-09-05 02:23:00;lue;2026-09-06 22:23:00;publication;000300000000000000000181;000100000000000000000083;000300000000000000000181;0006000000000000000002c2;
000100000000000000000014;jaime;2026-09-05 02:28:00;lue;2026-09-05 09:28:00;publication;000300000000000000000127;00010000000000000000002d;000300000000000000000127;0006000000000000000002c3;
000100000000000000000028;jaime;2026-09-05 02:52:00;lue;2026-09-05 19:52:00;publication;000300000000000000000135;000100000000000000000094;000300000000000000000135;0006000000000000000002c4;
000100000000000000000043;jaime;2026-09-05 03:28:00;lue;2026-09-05 07:28:00;publication;000300000000000000000099;00010000000000000000005e;000300000000000000000099;0006000000000000000002c5;
00010000000000000000007f;jaime;2026-09-05 03:29:00;lue;2026-09-05 09:29:00;publication;00030000000000000000013b;000100000000000000000002;00030000000000000000013b;0006000000000000000002c6;
000100000000000000000086;jaime;2026-09-05 03:47:00;lue;2026-09-06 03:47:00;publication;0003000000000000000000fe;00010000000000000000007f;0003000000000000000000fe;0006000000000000000002c7;
00010000000000000000007e;message;2026-09-05 04:16:00;non_lue;;message_groupe;000500000000000000000396;00010000000000000000005d;;0006000000000000000002c8;000200000000000000000017
000100000000000000000048;message;2026-09-05 04:16:00;non_lue;;message_groupe;000500000000000000000396;00010000000000000000005d;;0006000000000000000002c9;000200000000000000000017
000100000000000000000014;jaime;2026-09-05 05:06:00;lue;2026-09-05 07:06:00;publication;000300000000000000000134;000100000000000000000044;000300000000000000000134;0006000000000000000002ca;
000100000000000000000086;jaime;2026-09-05 05:33:00;lue;2026-09-06 19:33:00;publication;00030000000000000000005b;000100000000000000000003;00030000000000000000005b;0006000000000000000002cb;
000100000000000000000013;message;2026-09-05 06:02:00;non_lue;;message_groupe;0005000000000000000003a0;000100000000000000000033;;0006000000000000000002cc;000200000000000000000007
00010000000000000000007a;demande_ami;2026-09-05 06:10:00;non_lue;;utilisateur;00010000000000000000002c;00010000000000000000002c;;0006000000000000000002cd;
000100000000000000000084;message;2026-09-05 07:13:40;non_lue;;message_prive;0005000000000000000003a7;000100000000000000000003;;0006000000000000000002ce;
000100000000000000000028;jaime;2026-09-05 07:36:00;lue;2026-09-05 21:36:00;publication;000300000000000000000044;000100000000000000000022;000300000000000000000044;0006000000000000000002cf;
000100000000000000000014;message;2026-09-05 09:45:00;non_lue;;message_groupe;0005000000000000000003aa;00010000000000000000004a;;0006000000000000000002d0;000200000000000000000016
000100000000000000000094;message;2026-09-05 09:45:00;non_lue;;message_groupe;0005000000000000000003aa;00010000000000000000004a;;0006000000000000000002d1;000200000000000000000016
00010000000000000000002b;jaime;2026-09-05 10:09:00;lue;2026-09-07 03:09:00;publication;0003000000000000000000ee;00010000000000000000002c;0003000000000000000000ee;0006000000000000000002d2;
000100000000000000000059;jaime;2026-09-05 10:14:00;lue;2026-09-05 14:14:00;publication;0003000000000000000000e9;00010000000000000000003f;0003000000000000000000e9;0006000000000000000002d3;
000100000000000000000086;jaime;2026-09-05 10:25:00;lue;2026-09-06 20:25:00;publication;000300000000000000000080;00010000000000000000008e;000300000000000000000080;0006000000000000000002d4;
000100000000000000000059;jaime;2026-09-05 11:29:00;lue;2026-09-06 23:29:00;publication;0003000000000000000000ce;000100000000000000000007;0003000000000000000000ce;0006000000000000000002d5;
000100000000000000000001;jaime;2026-09-05 12:04:00;non_lue;;publication;000300000000000000000199;000100000000000000000053;000300000000000000000199;0006000000000000000002d6;
000100000000000000000001;demande_ami;2026-09-05 12:18:00;lue;2026-09-05 20:18:00;utilisateur;000100000000000000000096;000100000000000000000096;;0006000000000000000002d7;
000100000000000000000030;demande_ami;2026-09-05 12:47:00;non_lue;;utilisateur;000100000000000000000032;000100000000000000000032;;0006000000000000000002d8;
00010000000000000000008d;demande_ami;2026-09-05 13:17:00;non_lue;;utilisateur;00010000000000000000000f;00010000000000000000000f;;0006000000000000000002d9;
000100000000000000000028;jaime;2026-09-05 14:01:00;lue;2026-09-06 17:01:00;publication;00030000000000000000013d;000100000000000000000086;00030000000000000000013d;0006000000000000000002da;
00010000000000000000004b;demande_ami;2026-09-05 14:24:00;non_lue;;utilisateur;000100000000000000000021;000100000000000000000021;;0006000000000000000002db;
000100000000000000000055;demande_ami;2026-09-05 16:05:00;lue;2026-09-07 10:05:00;utilisateur;000100000000000000000053;000100000000000000000053;;0006000000000000000002dc;
000100000000000000000079;demande_ami;2026-09-05 17:12:00;non_lue;;utilisateur;00010000000000000000006a;00010000000000000000006a;;0006000000000000000002dd;
00010000000000000000002a;jaime;2026-09-05 19:43:00;lue;2026-09-07 08:43:00;publication;00030000000000000000011a;000100000000000000000056;00030000000000000000011a;0006000000000000000002de;
000100000000000000000086;commentaire;2026-09-05 19:49:00;non_lue;;commentaire;0004000000000000000002d1;000100000000000000000083;00030000000000000000019d;0006000000000000000002df;
000100000000000000000089;demande_ami;2026-09-05 21:10:00;lue;2026-09-06 04:10:00;utilisateur;000100000000000000000036;000100000000000000000036;;0006000000000000000002e0;
000100000000000000000053;demande_ami;2026-09-05 21:26:00;non_lue;;utilisateur;00010000000000000000002f;00010000000000000000002f;;0006000000000000000002e1;
000100000000000000000086;jaime;2026-09-05 22:56:00;non_lue;;publication;00030000000000000000001a;000100000000000000000029;00030000000000000000001a;0006000000000000000002e2;
000100000000000000000054;jaime;2026-09-05 23:14:00;non_lue;;publication;000300000000000000000126;00010000000000000000007c;000300000000000000000126;0006000000000000000002e3;
00010000000000000000008e;message;2026-09-05 23:18:31;non_lue;;message_prive;0005000000000000000003c5;000100000000000000000089;;0006000000000000000002e4;
000100000000000000000001;jaime;2026-09-05 23:29:00;lue;2026-09-07 02:29:00;publication;000300000000000000000132;000100000000000000000049;000300000000000000000132;0006000000000000000002e5;
00010000000000000000002e;demande_ami;2026-09-06 00:04:00;non_lue;;utilisateur;000100000000000000000078;000100000000000000000078;;0006000000000000000002e6;
00010000000000000000002a;commentaire;2026-09-06 01:06:00;non_lue;;commentaire;00040000000000000000033a;000100000000000000000032;000300000000000000000191;0006000000000000000002e7;
000100000000000000000039;message;2026-09-06 02:05:00;non_lue;;message_groupe;0005000000000000000003d1;000100000000000000000008;;0006000000000000000002e8;000200000000000000000009
00010000000000000000002f;demande_ami;2026-09-06 02:33:00;lue;2026-09-06 11:33:00;utilisateur;00010000000000000000005c;00010000000000000000005c;;0006000000000000000002e9;
000100000000000000000086;jaime;2026-09-06 04:44:00;lue;2026-09-06 20:44:00;publication;00030000000000000000002f;000100000000000000000035;00030000000000000000002f;0006000000000000000002ea;
000100000000000000000081;jaime;2026-09-06 04:56:00;lue;2026-09-06 19:56:00;publication;00030000000000000000007a;000100000000000000000035;00030000000000000000007a;0006000000000000000002eb;
000100000000000000000014;jaime;2026-09-06 05:06:00;lue;2026-09-07 23:06:00;publication;0003000000000000000001a9;000100000000000000000037;0003000000000000000001a9;0006000000000000000002ec;
000100000000000000000021;demande_ami;2026-09-06 05:21:00;lue;2026-09-07 07:21:00;utilisateur;00010000000000000000001b;00010000000000000000001b;;0006000000000000000002ed;
000100000000000000000028;jaime;2026-09-06 06:01:00;lue;2026-09-07 23:01:00;publication;00030000000000000000015f;00010000000000000000004e;00030000000000000000015f;0006000000000000000002ee;
000100000000000000000028;jaime;2026-09-06 06:24:00;lue;2026-09-06 19:24:00;publication;0003000000000000000000b3;00010000000000000000005b;0003000000000000000000b3;0006000000000000000002ef;
00010000000000000000001d;demande_ami;2026-09-06 06:26:00;lue;2026-09-07 23:26:00;utilisateur;000100000000000000000015;000100000000000000000015;;0006000000000000000002f0;
000100000000000000000049;message;2026-09-06 07:00:00;non_lue;;message_groupe;0005000000000000000003de;00010000000000000000002e;;0006000000000000000002f1;000200000000000000000007
00010000000000000000007a;demande_ami;2026-09-06 10:21:00;non_lue;;utilisateur;000100000000000000000078;000100000000000000000078;;0006000000000000000002f2;
000100000000000000000001;jaime;2026-09-06 11:02:00;lue;2026-09-07 00:02:00;publication;000300000000000000000150;000100000000000000000037;000300000000000000000150;0006000000000000000002f3;
00010000000000000000003a;demande_ami;2026-09-06 11:12:00;non_lue;;utilisateur;00010000000000000000004f;00010000000000000000004f;;0006000000000000000002f4;
000100000000000000000029;jaime;2026-09-06 13:08:00;lue;2026-09-08 09:08:00;publication;000300000000000000000034;000100000000000000000003;000300000000000000000034;0006000000000000000002f5;
000100000000000000000019;message;2026-09-06 14:47:00;non_lue;;message_groupe;0005000000000000000003f2;000100000000000000000017;;0006000000000000000002f6;00020000000000000000000f
00010000000000000000006b;jaime;2026-09-06 14:49:00;lue;2026-09-06 16:49:00;publication;0003000000000000000001a7;000100000000000000000026;0003000000000000000001a7;0006000000000000000002f7;
000100000000000000000014;commentaire;2026-09-06 15:06:00;non_lue;;commentaire;000400000000000000000091;000100000000000000000054;000300000000000000000197;0006000000000000000002f8;
000100000000000000000081;jaime;2026-09-06 15:23:00;lue;2026-09-08 11:23:00;publication;0003000000000000000000af;00010000000000000000002d;0003000000000000000000af;0006000000000000000002f9;
000100000000000000000001;jaime;2026-09-06 16:00:00;lue;2026-09-07 19:00:00;publication;000300000000000000000199;000100000000000000000058;000300000000000000000199;0006000000000000000002fa;
000100000000000000000090;demande_ami;2026-09-06 16:16:00;non_lue;;utilisateur;000100000000000000000094;000100000000000000000094;;0006000000000000000002fb;
00010000000000000000006b;jaime;2026-09-06 17:07:00;lue;2026-09-08 00:07:00;publication;000300000000000000000162;000100000000000000000017;000300000000000000000162;0006000000000000000002fc;
00010000000000000000007c;jaime;2026-09-06 17:15:00;lue;2026-09-07 18:15:00;publication;000300000000000000000030;000100000000000000000014;000300000000000000000030;0006000000000000000002fd;
00010000000000000000002a;jaime;2026-09-06 17:37:00;non_lue;;publication;000300000000000000000176;000100000000000000000095;000300000000000000000176;0006000000000000000002fe;
000100000000000000000054;jaime;2026-09-06 18:09:00;lue;2026-09-07 23:09:00;publication;000300000000000000000126;000100000000000000000070;000300000000000000000126;0006000000000000000002ff;
00010000000000000000008e;jaime;2026-09-06 18:28:00;lue;2026-09-06 21:28:00;publication;000300000000000000000154;000100000000000000000019;000300000000000000000154;000600000000000000000300;
000100000000000000000035;demande_ami;2026-09-06 18:35:00;non_lue;;utilisateur;00010000000000000000003d;00010000000000000000003d;;000600000000000000000301;
000100000000000000000022;jaime;2026-09-06 19:01:00;lue;2026-09-06 21:01:00;publication;0003000000000000000001ad;00010000000000000000007b;0003000000000000000001ad;000600000000000000000302;
00010000000000000000001c;demande_ami;2026-09-06 19:18:00;lue;2026-09-07 07:18:00;utilisateur;000100000000000000000067;000100000000000000000067;;000600000000000000000303;
000100000000000000000007;message;2026-09-06 19:45:04;non_lue;;message_prive;0005000000000000000003f8;000100000000000000000031;;000600000000000000000304;
000100000000000000000007;message;2026-09-06 20:14:04;non_lue;;message_prive;0005000000000000000003f9;000100000000000000000031;;000600000000000000000305;
00010000000000000000001c;demande_ami;2026-09-06 21:06:00;non_lue;;utilisateur;000100000000000000000005;000100000000000000000005;;000600000000000000000306;
00010000000000000000004f;message;2026-09-06 21:21:39;non_lue;;message_prive;0005000000000000000003fa;00010000000000000000003c;;000600000000000000000307;
000100000000000000000020;jaime;2026-09-06 23:35:00;lue;2026-09-07 23:35:00;publication;0003000000000000000001a0;00010000000000000000006f;0003000000000000000001a0;000600000000000000000308;
000100000000000000000012;demande_ami;2026-09-07 00:04:00;lue;2026-09-07 13:04:00;utilisateur;000100000000000000000016;000100000000000000000016;;000600000000000000000309;
00010000000000000000002a;jaime;2026-09-07 02:07:00;non_lue;;publication;0003000000000000000001aa;00010000000000000000003c;0003000000000000000001aa;00060000000000000000030a;
00010000000000000000007f;jaime;2026-09-07 02:38:00;non_lue;;publication;000300000000000000000172;000100000000000000000049;000300000000000000000172;00060000000000000000030b;
000100000000000000000084;jaime;2026-09-07 02:40:00;lue;2026-09-08 15:40:00;publication;0003000000000000000000b0;000100000000000000000047;0003000000000000000000b0;00060000000000000000030c;
00010000000000000000002a;jaime;2026-09-07 02:42:00;lue;2026-09-07 18:42:00;publication;0003000000000000000000c3;000100000000000000000028;0003000000000000000000c3;00060000000000000000030d;
000100000000000000000001;jaime;2026-09-07 03:02:00;lue;2026-09-08 14:02:00;publication;000300000000000000000199;00010000000000000000000a;000300000000000000000199;00060000000000000000030e;
000100000000000000000001;commentaire;2026-09-07 03:20:00;lue;2026-09-08 02:20:00;commentaire;000400000000000000000182;000100000000000000000011;0003000000000000000001a8;00060000000000000000030f;
00010000000000000000008e;jaime;2026-09-07 03:33:00;non_lue;;publication;000300000000000000000090;000100000000000000000003;000300000000000000000090;000600000000000000000310;
000100000000000000000054;message;2026-09-07 04:09:00;non_lue;;message_groupe;000500000000000000000402;000100000000000000000063;;000600000000000000000311;00020000000000000000001a
00010000000000000000002a;jaime;2026-09-07 05:04:00;non_lue;;publication;000300000000000000000183;000100000000000000000061;000300000000000000000183;000600000000000000000312;
000100000000000000000086;jaime;2026-09-07 05:08:00;lue;2026-09-08 00:08:00;publication;0003000000000000000000f8;000100000000000000000053;0003000000000000000000f8;000600000000000000000313;
000100000000000000000001;jaime;2026-09-07 05:46:00;lue;2026-09-09 02:46:00;publication;000300000000000000000132;00010000000000000000006e;000300000000000000000132;000600000000000000000314;
000100000000000000000045;message;2026-09-07 05:56:20;non_lue;;message_prive;000500000000000000000405;000100000000000000000001;;000600000000000000000315;
000100000000000000000082;demande_ami;2026-09-07 06:58:00;lue;2026-09-09 05:58:00;utilisateur;000100000000000000000018;000100000000000000000018;;000600000000000000000316;
000100000000000000000063;message;2026-09-07 09:06:00;non_lue;;message_groupe;000500000000000000000407;00010000000000000000000f;;000600000000000000000317;000200000000000000000008
000100000000000000000001;commentaire;2026-09-07 09:52:00;lue;2026-09-07 12:52:00;commentaire;00040000000000000000000f;00010000000000000000006d;000300000000000000000199;000600000000000000000318;
000100000000000000000001;jaime;2026-09-07 10:46:00;non_lue;;publication;000300000000000000000199;00010000000000000000003c;000300000000000000000199;000600000000000000000319;
00010000000000000000004b;demande_ami;2026-09-07 11:19:00;lue;2026-09-09 07:19:00;utilisateur;000100000000000000000028;000100000000000000000028;;00060000000000000000031a;
000100000000000000000034;demande_ami;2026-09-07 11:24:00;non_lue;;utilisateur;000100000000000000000064;000100000000000000000064;;00060000000000000000031b;
000100000000000000000024;demande_ami;2026-09-07 12:16:00;lue;2026-09-07 21:16:00;utilisateur;000100000000000000000080;000100000000000000000080;;00060000000000000000031c;
000100000000000000000001;commentaire;2026-09-07 12:22:00;lue;2026-09-07 21:22:00;commentaire;000400000000000000000012;000100000000000000000096;0003000000000000000001a8;00060000000000000000031d;
00010000000000000000001e;demande_ami;2026-09-07 13:44:00;lue;2026-09-07 20:44:00;utilisateur;000100000000000000000095;000100000000000000000095;;00060000000000000000031e;
000100000000000000000069;message;2026-09-07 13:52:00;non_lue;;message_prive;000500000000000000000411;00010000000000000000002f;;00060000000000000000031f;
000100000000000000000042;jaime;2026-09-07 14:08:00;lue;2026-09-08 05:08:00;publication;0003000000000000000000be;00010000000000000000004d;0003000000000000000000be;000600000000000000000320;
000100000000000000000042;jaime;2026-09-07 14:41:00;lue;2026-09-07 16:41:00;publication;000300000000000000000173;000100000000000000000007;000300000000000000000173;000600000000000000000321;
000100000000000000000040;message;2026-09-07 16:36:52;non_lue;;message_prive;000500000000000000000416;00010000000000000000001c;;000600000000000000000322;
000100000000000000000057;demande_ami;2026-09-07 18:02:00;non_lue;;utilisateur;000100000000000000000067;000100000000000000000067;;000600000000000000000323;
000100000000000000000091;demande_ami;2026-09-07 20:36:00;non_lue;;utilisateur;00010000000000000000007c;00010000000000000000007c;;000600000000000000000324;
000100000000000000000020;jaime;2026-09-07 22:08:00;lue;2026-09-09 15:08:00;publication;000300000000000000000182;000100000000000000000082;000300000000000000000182;000600000000000000000325;
000100000000000000000089;demande_ami;2026-09-07 22:13:00;non_lue;;utilisateur;00010000000000000000001e;00010000000000000000001e;;000600000000000000000326;
000100000000000000000072;demande_ami;2026-09-07 22:29:00;lue;2026-09-08 21:29:00;utilisateur;00010000000000000000001e;00010000000000000000001e;;000600000000000000000327;
000100000000000000000020;jaime;2026-09-07 22:32:00;lue;2026-09-08 20:32:00;publication;000300000000000000000033;00010000000000000000007a;000300000000000000000033;000600000000000000000328;
000100000000000000000001;jaime;2026-09-07 23:10:00;lue;2026-09-08 05:10:00;publication;0003000000000000000001a8;000100000000000000000007;0003000000000000000001a8;000600000000000000000329;
00010000000000000000008e;jaime;2026-09-08 00:38:00;lue;2026-09-08 16:38:00;publication;00030000000000000000019e;000100000000000000000043;00030000000000000000019e;00060000000000000000032a;
00010000000000000000008e;jaime;2026-09-08 00:53:00;lue;2026-09-08 20:53:00;publication;000300000000000000000151;00010000000000000000001e;000300000000000000000151;00060000000000000000032b;
000100000000000000000086;jaime;2026-09-08 01:02:00;lue;2026-09-09 08:02:00;publication;000300000000000000000181;000100000000000000000078;000300000000000000000181;00060000000000000000032c;
000100000000000000000031;demande_ami;2026-09-08 02:16:00;non_lue;;utilisateur;00010000000000000000008c;00010000000000000000008c;;00060000000000000000032d;
00010000000000000000002a;commentaire;2026-09-08 02:48:00;lue;2026-09-08 16:48:00;commentaire;00040000000000000000042b;00010000000000000000003b;000300000000000000000191;00060000000000000000032e;
000100000000000000000001;jaime;2026-09-08 04:29:00;lue;2026-09-09 15:29:00;publication;0003000000000000000001b2;000100000000000000000077;0003000000000000000001b2;00060000000000000000032f;
00010000000000000000003c;message;2026-09-08 06:13:00;non_lue;;message_groupe;000500000000000000000420;00010000000000000000003a;;000600000000000000000330;000200000000000000000015
000100000000000000000039;message;2026-09-08 06:13:00;non_lue;;message_groupe;000500000000000000000420;00010000000000000000003a;;000600000000000000000331;000200000000000000000015
000100000000000000000068;demande_ami;2026-09-08 07:19:00;lue;2026-09-10 03:19:00;utilisateur;000100000000000000000045;000100000000000000000045;;000600000000000000000332;
00010000000000000000006b;jaime;2026-09-08 08:14:00;lue;2026-09-09 21:14:00;publication;000300000000000000000125;000100000000000000000084;000300000000000000000125;000600000000000000000333;
000100000000000000000022;jaime;2026-09-08 08:45:00;lue;2026-09-09 11:45:00;publication;000300000000000000000179;000100000000000000000021;000300000000000000000179;000600000000000000000334;
00010000000000000000008b;jaime;2026-09-08 08:49:00;lue;2026-09-09 08:49:00;publication;00030000000000000000009c;00010000000000000000002d;00030000000000000000009c;000600000000000000000335;
00010000000000000000007f;jaime;2026-09-08 09:43:00;lue;2026-09-08 22:43:00;publication;000300000000000000000001;000100000000000000000002;000300000000000000000001;000600000000000000000336;
00010000000000000000002a;jaime;2026-09-08 09:48:00;lue;2026-09-08 22:48:00;publication;000300000000000000000013;000100000000000000000001;000300000000000000000013;000600000000000000000337;
000100000000000000000028;jaime;2026-09-08 11:15:00;lue;2026-09-10 02:15:00;publication;000300000000000000000073;00010000000000000000006f;000300000000000000000073;000600000000000000000338;
000100000000000000000054;demande_ami;2026-09-08 13:22:00;non_lue;;utilisateur;00010000000000000000004b;00010000000000000000004b;;000600000000000000000339;
000100000000000000000042;jaime;2026-09-08 13:41:00;lue;2026-09-09 18:41:00;publication;000300000000000000000149;00010000000000000000007b;000300000000000000000149;00060000000000000000033a;
000100000000000000000028;jaime;2026-09-08 14:12:00;lue;2026-09-10 02:12:00;publication;00030000000000000000015f;000100000000000000000013;00030000000000000000015f;00060000000000000000033b;
000100000000000000000001;commentaire;2026-09-08 14:13:00;lue;2026-09-09 23:13:00;commentaire;00040000000000000000000e;000100000000000000000058;000300000000000000000199;00060000000000000000033c;
00010000000000000000004c;demande_ami;2026-09-08 15:05:00;non_lue;;utilisateur;000100000000000000000015;000100000000000000000015;;00060000000000000000033d;
000100000000000000000022;jaime;2026-09-08 15:28:00;lue;2026-09-10 10:28:00;publication;000300000000000000000187;000100000000000000000061;000300000000000000000187;00060000000000000000033e;
00010000000000000000006f;demande_ami;2026-09-08 17:37:00;lue;2026-09-09 19:37:00;utilisateur;000100000000000000000080;000100000000000000000080;;00060000000000000000033f;
000100000000000000000076;commentaire;2026-09-08 18:38:00;lue;2026-09-10 17:38:00;commentaire;000400000000000000000362;000100000000000000000085;0003000000000000000001a1;000600000000000000000340;
000100000000000000000021;message;2026-09-08 18:58:00;non_lue;;message_groupe;00050000000000000000042e;000100000000000000000008;;000600000000000000000341;00020000000000000000001a
00010000000000000000007c;demande_ami;2026-09-08 19:05:00;non_lue;;utilisateur;00010000000000000000006d;00010000000000000000006d;;000600000000000000000342;
000100000000000000000001;jaime;2026-09-08 19:18:00;non_lue;;publication;000300000000000000000155;000100000000000000000077;000300000000000000000155;000600000000000000000343;
00010000000000000000007e;commentaire;2026-09-08 19:48:00;lue;2026-09-08 22:48:00;commentaire;0004000000000000000002e8;000100000000000000000081;000300000000000000000196;000600000000000000000344;
000100000000000000000068;demande_ami;2026-09-08 19:50:00;non_lue;;utilisateur;000100000000000000000031;000100000000000000000031;;000600000000000000000345;
000100000000000000000081;jaime;2026-09-08 20:25:00;non_lue;;publication;000300000000000000000184;00010000000000000000001f;000300000000000000000184;000600000000000000000346;
000100000000000000000076;jaime;2026-09-08 21:33:00;lue;2026-09-10 19:33:00;publication;000300000000000000000115;000100000000000000000048;000300000000000000000115;000600000000000000000347;
000100000000000000000014;jaime;2026-09-08 22:47:00;lue;2026-09-10 00:47:00;publication;0003000000000000000000ca;000100000000000000000002;0003000000000000000000ca;000600000000000000000348;
000100000000000000000087;demande_ami;2026-09-08 23:02:00;non_lue;;utilisateur;000100000000000000000034;000100000000000000000034;;000600000000000000000349;
000100000000000000000001;commentaire;2026-09-08 23:04:00;lue;2026-09-09 21:04:00;commentaire;000400000000000000000013;000100000000000000000043;0003000000000000000001b2;00060000000000000000034a;
000100000000000000000042;jaime;2026-09-09 00:11:00;lue;2026-09-09 14:11:00;publication;000300000000000000000037;000100000000000000000001;000300000000000000000037;00060000000000000000034b;
00010000000000000000008e;demande_ami;2026-09-09 00:41:00;non_lue;;utilisateur;00010000000000000000007c;00010000000000000000007c;;00060000000000000000034c;
000100000000000000000001;commentaire;2026-09-09 02:36:00;lue;2026-09-10 08:36:00;commentaire;000400000000000000000010;000100000000000000000037;0003000000000000000001a8;00060000000000000000034d;
00010000000000000000001e;demande_ami;2026-09-09 02:55:00;non_lue;;utilisateur;000100000000000000000080;000100000000000000000080;;00060000000000000000034e;
00010000000000000000004f;message;2026-09-09 04:21:39;non_lue;;message_prive;00050000000000000000043c;00010000000000000000003c;;00060000000000000000034f;
000100000000000000000022;jaime;2026-09-09 04:37:00;lue;2026-09-09 20:37:00;publication;0003000000000000000001ad;000100000000000000000065;0003000000000000000001ad;000600000000000000000350;
000100000000000000000042;jaime;2026-09-09 04:54:00;lue;2026-09-09 05:54:00;publication;000300000000000000000195;00010000000000000000000a;000300000000000000000195;000600000000000000000351;
000100000000000000000020;jaime;2026-09-09 06:01:00;lue;2026-09-10 17:01:00;publication;000300000000000000000182;00010000000000000000005e;000300000000000000000182;000600000000000000000352;
000100000000000000000055;jaime;2026-09-09 06:37:00;non_lue;;publication;000300000000000000000192;000100000000000000000068;000300000000000000000192;000600000000000000000353;
000100000000000000000001;jaime;2026-09-09 07:17:00;lue;2026-09-10 01:17:00;publication;000300000000000000000199;000100000000000000000066;000300000000000000000199;000600000000000000000354;
00010000000000000000002a;jaime;2026-09-09 07:35:00;lue;2026-09-09 14:35:00;publication;000300000000000000000146;000100000000000000000026;000300000000000000000146;000600000000000000000355;
000100000000000000000084;jaime;2026-09-09 08:02:00;lue;2026-09-10 01:02:00;publication;00030000000000000000016d;00010000000000000000002e;00030000000000000000016d;000600000000000000000356;
000100000000000000000001;message;2026-09-09 08:33:00;non_lue;;message_groupe;00050000000000000000043e;000100000000000000000048;;000600000000000000000357;000200000000000000000002
000100000000000000000010;message;2026-09-09 08:33:00;non_lue;;message_groupe;00050000000000000000043e;000100000000000000000048;;000600000000000000000358;000200000000000000000002
000100000000000000000042;jaime;2026-09-09 08:48:00;lue;2026-09-09 17:48:00;publication;0003000000000000000000b2;000100000000000000000063;0003000000000000000000b2;000600000000000000000359;
000100000000000000000086;jaime;2026-09-09 08:49:00;non_lue;;publication;00030000000000000000014a;00010000000000000000007f;00030000000000000000014a;00060000000000000000035a;
00010000000000000000008e;jaime;2026-09-09 09:41:00;lue;2026-09-09 15:41:00;publication;00030000000000000000019e;00010000000000000000000e;00030000000000000000019e;00060000000000000000035b;
000100000000000000000009;demande_ami;2026-09-09 09:44:00;lue;2026-09-11 06:44:00;utilisateur;000100000000000000000073;000100000000000000000073;;00060000000000000000035c;
000100000000000000000059;jaime;2026-09-09 10:26:00;lue;2026-09-11 03:26:00;publication;000300000000000000000139;000100000000000000000015;000300000000000000000139;00060000000000000000035d;
00010000000000000000007f;jaime;2026-09-09 10:43:00;lue;2026-09-10 21:43:00;publication;00030000000000000000015e;000100000000000000000032;00030000000000000000015e;00060000000000000000035e;
000100000000000000000086;jaime;2026-09-09 10:48:00;non_lue;;publication;000300000000000000000136;000100000000000000000073;000300000000000000000136;00060000000000000000035f;
000100000000000000000056;demande_ami;2026-09-09 10:53:00;non_lue;;utilisateur;000100000000000000000002;000100000000000000000002;;000600000000000000000360;
00010000000000000000006b;jaime;2026-09-09 11:43:00;lue;2026-09-10 07:43:00;publication;000300000000000000000159;00010000000000000000006f;000300000000000000000159;000600000000000000000361;
000100000000000000000001;jaime;2026-09-09 11:53:00;lue;2026-09-09 22:53:00;publication;000300000000000000000199;000100000000000000000008;000300000000000000000199;000600000000000000000362;
000100000000000000000076;jaime;2026-09-09 12:40:00;lue;2026-09-09 22:40:00;publication;0003000000000000000001a1;00010000000000000000006d;0003000000000000000001a1;000600000000000000000363;
00010000000000000000000e;message;2026-09-09 13:04:00;non_lue;;message_groupe;000500000000000000000449;000100000000000000000014;;000600000000000000000364;00020000000000000000000a
00010000000000000000007b;demande_ami;2026-09-09 13:56:00;lue;2026-09-09 21:56:00;utilisateur;000100000000000000000012;000100000000000000000012;;000600000000000000000365;
00010000000000000000000e;demande_ami;2026-09-09 14:03:00;non_lue;;utilisateur;000100000000000000000028;000100000000000000000028;;000600000000000000000366;
00010000000000000000008e;commentaire;2026-09-09 14:09:00;lue;2026-09-10 02:09:00;commentaire;0004000000000000000001cb;000100000000000000000005;00030000000000000000018f;000600000000000000000367;
000100000000000000000081;jaime;2026-09-09 14:37:00;lue;2026-09-10 15:37:00;publication;000300000000000000000184;000100000000000000000066;000300000000000000000184;000600000000000000000368;
000100000000000000000001;jaime;2026-09-09 14:51:00;lue;2026-09-11 11:51:00;publication;000300000000000000000150;00010000000000000000005e;000300000000000000000150;000600000000000000000369;
00010000000000000000002a;jaime;2026-09-09 15:17:00;lue;2026-09-11 00:17:00;publication;00030000000000000000017a;00010000000000000000008e;00030000000000000000017a;00060000000000000000036a;
000100000000000000000084;jaime;2026-09-09 15:22:00;lue;2026-09-11 06:22:00;publication;0003000000000000000000ad;00010000000000000000006d;0003000000000000000000ad;00060000000000000000036b;
000100000000000000000025;message;2026-09-09 16:24:00;non_lue;;message_groupe;000500000000000000000450;00010000000000000000002d;;00060000000000000000036c;000200000000000000000007
00010000000000000000006b;jaime;2026-09-09 17:40:00;lue;2026-09-09 19:40:00;publication;000300000000000000000106;000100000000000000000036;000300000000000000000106;00060000000000000000036d;
000100000000000000000042;jaime;2026-09-09 18:30:00;lue;2026-09-10 07:30:00;publication;000300000000000000000149;000100000000000000000064;000300000000000000000149;00060000000000000000036e;
00010000000000000000007e;jaime;2026-09-09 18:52:00;lue;2026-09-11 12:52:00;publication;000300000000000000000054;00010000000000000000004f;000300000000000000000054;00060000000000000000036f;
000100000000000000000095;demande_ami;2026-09-09 18:55:00;non_lue;;utilisateur;00010000000000000000001d;00010000000000000000001d;;000600000000000000000370;
000100000000000000000035;demande_ami;2026-09-09 19:17:00;non_lue;;utilisateur;000100000000000000000059;000100000000000000000059;;000600000000000000000371;
000100000000000000000028;jaime;2026-09-09 19:20:00;non_lue;;publication;000300000000000000000135;00010000000000000000008f;000300000000000000000135;000600000000000000000372;
000100000000000000000001;jaime;2026-09-09 20:32:00;lue;2026-09-10 00:32:00;publication;000300000000000000000150;00010000000000000000001c;000300000000000000000150;000600000000000000000373;
000100000000000000000001;jaime;2026-09-09 21:12:00;lue;2026-09-10 05:12:00;publication;000300000000000000000150;000100000000000000000053;000300000000000000000150;000600000000000000000374;
000100000000000000000076;jaime;2026-09-09 21:24:00;lue;2026-09-11 09:24:00;publication;000300000000000000000025;000100000000000000000017;000300000000000000000025;000600000000000000000375;
000100000000000000000001;commentaire;2026-09-09 21:29:00;lue;2026-09-11 14:29:00;commentaire;000400000000000000000226;000100000000000000000067;0003000000000000000001b2;000600000000000000000376;
00010000000000000000007e;jaime;2026-09-09 21:41:00;non_lue;;publication;000300000000000000000196;000100000000000000000063;000300000000000000000196;000600000000000000000377;
000100000000000000000003;demande_ami;2026-09-09 21:44:00;lue;2026-09-10 00:44:00;utilisateur;00010000000000000000006a;00010000000000000000006a;;000600000000000000000378;
000100000000000000000078;demande_ami;2026-09-09 23:10:00;lue;2026-09-11 12:10:00;utilisateur;000100000000000000000035;000100000000000000000035;;000600000000000000000379;
000100000000000000000001;message;2026-09-09 23:28:16;non_lue;;message_prive;00050000000000000000045f;000100000000000000000028;;00060000000000000000037a;
000100000000000000000086;jaime;2026-09-10 01:01:00;lue;2026-09-10 13:01:00;publication;00030000000000000000005b;000100000000000000000061;00030000000000000000005b;00060000000000000000037b;
000100000000000000000014;jaime;2026-09-10 01:51:00;lue;2026-09-11 03:51:00;publication;000300000000000000000077;000100000000000000000005;000300000000000000000077;00060000000000000000037c;
000100000000000000000086;jaime;2026-09-10 03:33:00;non_lue;;publication;00030000000000000000014f;00010000000000000000005a;00030000000000000000014f;00060000000000000000037d;
000100000000000000000068;jaime;2026-09-10 03:46:00;lue;2026-09-10 05:46:00;publication;00030000000000000000010e;000100000000000000000003;00030000000000000000010e;00060000000000000000037e;
000100000000000000000086;jaime;2026-09-10 04:25:00;lue;2026-09-10 14:25:00;publication;000300000000000000000080;000100000000000000000070;000300000000000000000080;00060000000000000000037f;
000100000000000000000071;demande_ami;2026-09-10 06:40:00;non_lue;;utilisateur;000100000000000000000027;000100000000000000000027;;000600000000000000000380;
000100000000000000000001;commentaire;2026-09-10 07:22:00;lue;2026-09-11 23:22:00;commentaire;00040000000000000000009f;000100000000000000000054;0003000000000000000001a8;000600000000000000000381;
000100000000000000000001;jaime;2026-09-10 07:35:00;lue;2026-09-11 08:35:00;publication;000300000000000000000111;000100000000000000000076;000300000000000000000111;000600000000000000000382;
000100000000000000000014;jaime;2026-09-10 07:42:00;lue;2026-09-10 10:42:00;publication;000300000000000000000127;00010000000000000000008c;000300000000000000000127;000600000000000000000383;
000100000000000000000068;jaime;2026-09-10 08:08:00;lue;2026-09-11 02:08:00;publication;00030000000000000000010e;00010000000000000000004f;00030000000000000000010e;000600000000000000000384;
000100000000000000000014;jaime;2026-09-10 09:05:00;lue;2026-09-12 06:05:00;publication;0003000000000000000001b3;000100000000000000000086;0003000000000000000001b3;000600000000000000000385;
000100000000000000000014;jaime;2026-09-10 10:07:00;lue;2026-09-11 21:07:00;publication;000300000000000000000193;000100000000000000000063;000300000000000000000193;000600000000000000000386;
00010000000000000000007f;message;2026-09-10 10:13:56;non_lue;;message_prive;000500000000000000000472;00010000000000000000002b;;000600000000000000000387;
000100000000000000000013;message;2026-09-10 11:22:00;non_lue;;message_groupe;000500000000000000000473;000100000000000000000048;;000600000000000000000388;000200000000000000000007
000100000000000000000014;jaime;2026-09-10 11:40:00;lue;2026-09-11 20:40:00;publication;0003000000000000000000ca;00010000000000000000008c;0003000000000000000000ca;000600000000000000000389;
000100000000000000000045;demande_ami;2026-09-10 12:12:00;lue;2026-09-10 23:12:00;utilisateur;000100000000000000000017;000100000000000000000017;;00060000000000000000038a;
000100000000000000000079;message;2026-09-10 12:33:00;non_lue;;message_groupe;000500000000000000000474;000100000000000000000046;;00060000000000000000038b;00020000000000000000001b
000100000000000000000034;message;2026-09-10 12:33:00;non_lue;;message_groupe;000500000000000000000474;000100000000000000000046;;00060000000000000000038c;00020000000000000000001b
000100000000000000000014;jaime;2026-09-10 12:48:00;non_lue;;publication;0003000000000000000001b3;000100000000000000000070;0003000000000000000001b3;00060000000000000000038d;
000100000000000000000063;message;2026-09-10 13:20:00;non_lue;;message_groupe;000500000000000000000476;000100000000000000000092;;00060000000000000000038e;000200000000000000000002
00010000000000000000000b;message;2026-09-10 13:58:00;non_lue;;message_groupe;000500000000000000000477;000100000000000000000009;;00060000000000000000038f;00020000000000000000001b
000100000000000000000014;jaime;2026-09-10 14:06:00;lue;2026-09-12 10:06:00;publication;00030000000000000000012e;000100000000000000000076;00030000000000000000012e;000600000000000000000390;
00010000000000000000002b;demande_ami;2026-09-10 14:10:00;lue;2026-09-11 06:10:00;utilisateur;000100000000000000000027;000100000000000000000027;;000600000000000000000391;
000100000000000000000001;jaime;2026-09-10 14:29:00;non_lue;;publication;000300000000000000000150;000100000000000000000045;000300000000000000000150;000600000000000000000392;
000100000000000000000053;demande_ami;2026-09-10 14:40:00;non_lue;;utilisateur;000100000000000000000056;000100000000000000000056;;000600000000000000000393;
00010000000000000000008a;jaime;2026-09-10 15:28:00;lue;2026-09-11 21:28:00;publication;0003000000000000000001ab;000100000000000000000094;0003000000000000000001ab;000600000000000000000394;
000100000000000000000020;jaime;2026-09-10 16:42:00;lue;2026-09-11 06:42:00;publication;0003000000000000000001c3;000100000000000000000057;0003000000000000000001c3;000600000000000000000395;
000100000000000000000081;jaime;2026-09-10 17:25:00;lue;2026-09-12 02:25:00;publication;0003000000000000000001c6;000100000000000000000018;0003000000000000000001c6;000600000000000000000396;
00010000000000000000008c;demande_ami;2026-09-10 18:05:00;non_lue;;utilisateur;00010000000000000000001c;00010000000000000000001c;;000600000000000000000397;
000100000000000000000094;message;2026-09-10 18:12:00;non_lue;;message_groupe;000500000000000000000479;000100000000000000000028;;000600000000000000000398;000200000000000000000004
000100000000000000000028;jaime;2026-09-10 19:59:00;lue;2026-09-11 20:59:00;publication;00030000000000000000015d;000100000000000000000003;00030000000000000000015d;000600000000000000000399;
000100000000000000000001;jaime;2026-09-10 20:52:00;lue;2026-09-11 21:52:00;publication;0003000000000000000001a8;00010000000000000000008e;0003000000000000000001a8;00060000000000000000039a;
000100000000000000000014;jaime;2026-09-10 21:05:00;non_lue;;publication;0003000000000000000000ef;00010000000000000000004c;0003000000000000000000ef;00060000000000000000039b;
00010000000000000000008e;jaime;2026-09-10 21:41:00;lue;2026-09-11 01:41:00;publication;0003000000000000000001ac;000100000000000000000046;0003000000000000000001ac;00060000000000000000039c;
000100000000000000000022;jaime;2026-09-10 22:20:00;lue;2026-09-11 11:20:00;publication;000300000000000000000095;000100000000000000000017;000300000000000000000095;00060000000000000000039d;
00010000000000000000001f;message;2026-09-10 22:31:00;non_lue;;message_groupe;00050000000000000000047d;00010000000000000000000a;;00060000000000000000039e;00020000000000000000001b
00010000000000000000002a;jaime;2026-09-10 23:26:00;lue;2026-09-11 11:26:00;publication;00030000000000000000017e;000100000000000000000032;00030000000000000000017e;00060000000000000000039f;
000100000000000000000001;commentaire;2026-09-10 23:51:00;non_lue;;commentaire;000400000000000000000015;000100000000000000000013;0003000000000000000001b2;0006000000000000000003a0;
000100000000000000000014;jaime;2026-09-11 00:30:00;non_lue;;publication;00030000000000000000002b;00010000000000000000008a;00030000000000000000002b;0006000000000000000003a1;
00010000000000000000008a;message;2026-09-11 00:30:56;non_lue;;message_prive;00050000000000000000047e;000100000000000000000001;;0006000000000000000003a2;
000100000000000000000014;jaime;2026-09-11 02:09:00;lue;2026-09-12 11:09:00;publication;00030000000000000000010c;00010000000000000000007d;00030000000000000000010c;0006000000000000000003a3;
000100000000000000000061;demande_ami;2026-09-11 02:16:00;lue;2026-09-11 10:16:00;utilisateur;000100000000000000000085;000100000000000000000085;;0006000000000000000003a4;
000100000000000000000086;jaime;2026-09-11 03:08:00;lue;2026-09-12 01:08:00;publication;000300000000000000000080;00010000000000000000004e;000300000000000000000080;0006000000000000000003a5;
000100000000000000000084;jaime;2026-09-11 04:46:00;lue;2026-09-11 10:46:00;publication;0003000000000000000000ad;000100000000000000000065;0003000000000000000000ad;0006000000000000000003a6;
000100000000000000000052;demande_ami;2026-09-11 05:03:00;non_lue;;utilisateur;000100000000000000000047;000100000000000000000047;;0006000000000000000003a7;
00010000000000000000008e;jaime;2026-09-11 06:15:00;lue;2026-09-12 14:15:00;publication;000300000000000000000090;00010000000000000000003c;000300000000000000000090;0006000000000000000003a8;
000100000000000000000086;jaime;2026-09-11 06:24:00;lue;2026-09-13 03:24:00;publication;000300000000000000000123;00010000000000000000006b;000300000000000000000123;0006000000000000000003a9;
000100000000000000000014;jaime;2026-09-11 06:39:00;lue;2026-09-13 00:39:00;publication;000300000000000000000032;000100000000000000000047;000300000000000000000032;0006000000000000000003aa;
000100000000000000000001;jaime;2026-09-11 06:41:00;lue;2026-09-12 08:41:00;publication;0003000000000000000001a8;00010000000000000000007a;0003000000000000000001a8;0006000000000000000003ab;
000100000000000000000095;demande_ami;2026-09-11 07:10:00;lue;2026-09-11 12:10:00;utilisateur;000100000000000000000017;000100000000000000000017;;0006000000000000000003ac;
00010000000000000000005b;demande_ami;2026-09-11 07:31:00;non_lue;;utilisateur;00010000000000000000002e;00010000000000000000002e;;0006000000000000000003ad;
00010000000000000000008e;commentaire;2026-09-11 07:40:00;lue;2026-09-12 23:40:00;commentaire;000400000000000000000260;000100000000000000000003;0003000000000000000001ac;0006000000000000000003ae;
00010000000000000000006b;jaime;2026-09-11 09:06:00;lue;2026-09-12 07:06:00;publication;00030000000000000000011d;00010000000000000000006a;00030000000000000000011d;0006000000000000000003af;
00010000000000000000008e;jaime;2026-09-11 09:10:00;lue;2026-09-12 05:10:00;publication;00030000000000000000019e;000100000000000000000092;00030000000000000000019e;0006000000000000000003b0;
000100000000000000000001;jaime;2026-09-11 09:45:00;non_lue;;publication;000300000000000000000111;000100000000000000000016;000300000000000000000111;0006000000000000000003b1;
000100000000000000000081;message;2026-09-11 10:39:00;non_lue;;message_groupe;000500000000000000000488;000100000000000000000027;;0006000000000000000003b2;000200000000000000000001
00010000000000000000008e;message;2026-09-11 10:39:00;non_lue;;message_groupe;000500000000000000000488;000100000000000000000027;;0006000000000000000003b3;000200000000000000000001
00010000000000000000002a;jaime;2026-09-11 10:42:00;non_lue;;publication;000300000000000000000146;000100000000000000000054;000300000000000000000146;0006000000000000000003b4;
000100000000000000000015;demande_ami;2026-09-11 11:23:00;non_lue;;utilisateur;00010000000000000000000c;00010000000000000000000c;;0006000000000000000003b5;
000100000000000000000091;demande_ami;2026-09-11 11:45:00;non_lue;;utilisateur;00010000000000000000000d;00010000000000000000000d;;0006000000000000000003b6;
000100000000000000000047;demande_ami;2026-09-11 11:46:00;lue;2026-09-12 04:46:00;utilisateur;000100000000000000000041;000100000000000000000041;;0006000000000000000003b7;
000100000000000000000084;demande_ami;2026-09-11 12:01:00;lue;2026-09-11 17:01:00;utilisateur;00010000000000000000001d;00010000000000000000001d;;0006000000000000000003b8;
000100000000000000000004;demande_ami;2026-09-11 12:09:00;non_lue;;utilisateur;000100000000000000000013;000100000000000000000013;;0006000000000000000003b9;
000100000000000000000042;jaime;2026-09-11 12:16:00;lue;2026-09-12 22:16:00;publication;00030000000000000000017c;000100000000000000000002;00030000000000000000017c;0006000000000000000003ba;
000100000000000000000020;jaime;2026-09-11 12:35:00;lue;2026-09-12 07:35:00;publication;0003000000000000000001ca;00010000000000000000000a;0003000000000000000001ca;0006000000000000000003bb;
00010000000000000000003e;demande_ami;2026-09-11 12:46:00;non_lue;;utilisateur;00010000000000000000006a;00010000000000000000006a;;0006000000000000000003bc;
00010000000000000000007e;jaime;2026-09-11 13:43:00;lue;2026-09-12 19:43:00;publication;00030000000000000000016f;000100000000000000000080;00030000000000000000016f;0006000000000000000003bd;
00010000000000000000006b;jaime;2026-09-11 13:43:00;lue;2026-09-11 20:43:00;publication;000300000000000000000162;000100000000000000000039;000300000000000000000162;0006000000000000000003be;
000100000000000000000084;jaime;2026-09-11 13:51:00;lue;2026-09-12 18:51:00;publication;0003000000000000000001a5;000100000000000000000038;0003000000000000000001a5;0006000000000000000003bf;
00010000000000000000008a;demande_ami;2026-09-11 13:56:00;lue;2026-09-11 21:56:00;utilisateur;000100000000000000000025;000100000000000000000025;;0006000000000000000003c0;
00010000000000000000007e;demande_ami;2026-09-11 14:28:00;non_lue;;utilisateur;000100000000000000000033;000100000000000000000033;;0006000000000000000003c1;
000100000000000000000072;demande_ami;2026-09-11 14:38:00;lue;2026-09-12 13:38:00;utilisateur;00010000000000000000002c;00010000000000000000002c;;0006000000000000000003c2;
00010000000000000000001c;demande_ami;2026-09-11 14:56:00;non_lue;;utilisateur;000100000000000000000019;000100000000000000000019;;0006000000000000000003c3;
00010000000000000000001f;demande_ami;2026-09-11 15:08:00;non_lue;;utilisateur;000100000000000000000007;000100000000000000000007;;0006000000000000000003c4;
00010000000000000000008e;jaime;2026-09-11 15:20:00;lue;2026-09-11 21:20:00;publication;000300000000000000000090;000100000000000000000059;000300000000000000000090;0006000000000000000003c5;
000100000000000000000058;message;2026-09-11 15:25:00;non_lue;;message_groupe;00050000000000000000048e;000100000000000000000009;;0006000000000000000003c6;00020000000000000000000a
000100000000000000000085;message;2026-09-11 15:27:00;non_lue;;message_groupe;00050000000000000000048f;00010000000000000000001c;;0006000000000000000003c7;00020000000000000000000e
000100000000000000000022;demande_ami;2026-09-11 16:26:00;non_lue;;utilisateur;000100000000000000000079;000100000000000000000079;;0006000000000000000003c8;
000100000000000000000005;demande_ami;2026-09-11 17:11:00;non_lue;;utilisateur;00010000000000000000002e;00010000000000000000002e;;0006000000000000000003c9;
00010000000000000000002a;jaime;2026-09-11 17:35:00;lue;2026-09-12 17:35:00;publication;000300000000000000000176;000100000000000000000016;000300000000000000000176;0006000000000000000003ca;
00010000000000000000008e;jaime;2026-09-11 18:27:00;lue;2026-09-12 02:27:00;publication;000300000000000000000151;000100000000000000000034;000300000000000000000151;0006000000000000000003cb;
00010000000000000000008e;jaime;2026-09-11 18:38:00;non_lue;;publication;0003000000000000000000f5;000100000000000000000036;0003000000000000000000f5;0006000000000000000003cc;
000100000000000000000062;jaime;2026-09-11 18:48:00;lue;2026-09-13 15:48:00;publication;0003000000000000000000ff;00010000000000000000006f;0003000000000000000000ff;0006000000000000000003cd;
000100000000000000000020;jaime;2026-09-11 19:17:00;lue;2026-09-13 15:17:00;publication;0003000000000000000001c3;000100000000000000000001;0003000000000000000001c3;0006000000000000000003ce;
00010000000000000000005c;demande_ami;2026-09-11 19:44:00;lue;2026-09-12 02:44:00;utilisateur;000100000000000000000034;000100000000000000000034;;0006000000000000000003cf;
000100000000000000000059;jaime;2026-09-11 19:47:00;lue;2026-09-13 17:47:00;publication;000300000000000000000139;00010000000000000000004e;000300000000000000000139;0006000000000000000003d0;
000100000000000000000004;message;2026-09-11 20:44:00;non_lue;;message_groupe;000500000000000000000496;000100000000000000000059;;0006000000000000000003d1;00020000000000000000000c
000100000000000000000033;message;2026-09-11 20:44:00;non_lue;;message_groupe;000500000000000000000496;000100000000000000000059;;0006000000000000000003d2;00020000000000000000000c
000100000000000000000022;commentaire;2026-09-11 21:34:00;lue;2026-09-11 23:34:00;commentaire;0004000000000000000002d6;000100000000000000000033;0003000000000000000001ad;0006000000000000000003d3;
00010000000000000000008e;jaime;2026-09-11 21:44:00;lue;2026-09-13 10:44:00;publication;00030000000000000000012d;000100000000000000000091;00030000000000000000012d;0006000000000000000003d4;
00010000000000000000008e;jaime;2026-09-11 22:57:00;lue;2026-09-12 20:57:00;publication;000300000000000000000004;000100000000000000000026;000300000000000000000004;0006000000000000000003d5;
000100000000000000000082;demande_ami;2026-09-11 23:24:00;non_lue;;utilisateur;00010000000000000000003c;00010000000000000000003c;;0006000000000000000003d6;
00010000000000000000002a;jaime;2026-09-11 23:38:00;lue;2026-09-12 22:38:00;publication;000300000000000000000176;00010000000000000000002b;000300000000000000000176;0006000000000000000003d7;
000100000000000000000089;jaime;2026-09-11 23:59:00;lue;2026-09-13 04:59:00;publication;000300000000000000000180;000100000000000000000090;000300000000000000000180;0006000000000000000003d8;
00010000000000000000007f;demande_ami;2026-09-12 00:25:00;lue;2026-09-12 16:25:00;utilisateur;000100000000000000000013;000100000000000000000013;;0006000000000000000003d9;
00010000000000000000006b;jaime;2026-09-12 01:36:00;lue;2026-09-13 18:36:00;publication;0003000000000000000001b0;000100000000000000000027;0003000000000000000001b0;0006000000000000000003da;
000100000000000000000054;message;2026-09-12 03:18:00;non_lue;;message_groupe;00050000000000000000049d;000100000000000000000081;;0006000000000000000003db;00020000000000000000000d
000100000000000000000087;message;2026-09-12 03:18:00;non_lue;;message_groupe;00050000000000000000049d;000100000000000000000081;;0006000000000000000003dc;00020000000000000000000d
000100000000000000000021;jaime;2026-09-12 03:26:00;lue;2026-09-13 08:26:00;publication;00030000000000000000005c;000100000000000000000009;00030000000000000000005c;0006000000000000000003dd;
00010000000000000000002a;jaime;2026-09-12 04:15:00;lue;2026-09-14 04:15:00;publication;000300000000000000000176;000100000000000000000046;000300000000000000000176;0006000000000000000003de;
00010000000000000000004f;demande_ami;2026-09-12 04:24:00;non_lue;;utilisateur;000100000000000000000084;000100000000000000000084;;0006000000000000000003df;
00010000000000000000003b;demande_ami;2026-09-12 05:03:00;lue;2026-09-13 18:03:00;utilisateur;00010000000000000000007d;00010000000000000000007d;;0006000000000000000003e0;
000100000000000000000020;jaime;2026-09-12 05:41:00;lue;2026-09-12 18:41:00;publication;0003000000000000000001ca;000100000000000000000053;0003000000000000000001ca;0006000000000000000003e1;
000100000000000000000014;jaime;2026-09-12 06:00:00;lue;2026-09-13 00:00:00;publication;0003000000000000000000f3;000100000000000000000004;0003000000000000000000f3;0006000000000000000003e2;
00010000000000000000003f;jaime;2026-09-12 07:04:00;lue;2026-09-13 21:04:00;publication;000300000000000000000107;00010000000000000000005b;000300000000000000000107;0006000000000000000003e3;
000100000000000000000084;jaime;2026-09-12 07:07:00;lue;2026-09-12 15:07:00;publication;00030000000000000000016d;00010000000000000000003f;00030000000000000000016d;0006000000000000000003e4;
000100000000000000000007;demande_ami;2026-09-12 07:24:00;non_lue;;utilisateur;00010000000000000000008d;00010000000000000000008d;;0006000000000000000003e5;
00010000000000000000000d;demande_ami;2026-09-12 08:50:00;non_lue;;utilisateur;000100000000000000000086;000100000000000000000086;;0006000000000000000003e6;
00010000000000000000002a;jaime;2026-09-12 09:05:00;lue;2026-09-13 07:05:00;publication;0003000000000000000001bc;000100000000000000000076;0003000000000000000001bc;0006000000000000000003e7;
00010000000000000000007e;message;2026-09-12 09:14:00;non_lue;;message_groupe;0005000000000000000004a7;000100000000000000000032;;0006000000000000000003e8;000200000000000000000016
000100000000000000000054;message;2026-09-12 09:14:00;non_lue;;message_groupe;0005000000000000000004a7;000100000000000000000032;;0006000000000000000003e9;000200000000000000000016
000100000000000000000001;jaime;2026-09-12 10:36:00;lue;2026-09-12 21:36:00;publication;000300000000000000000150;000100000000000000000050;000300000000000000000150;0006000000000000000003ea;
000100000000000000000094;message;2026-09-12 10:44:00;non_lue;;message_groupe;0005000000000000000004b0;000100000000000000000042;;0006000000000000000003eb;00020000000000000000000f
00010000000000000000000e;message;2026-09-12 10:44:00;non_lue;;message_groupe;0005000000000000000004b0;000100000000000000000042;;0006000000000000000003ec;00020000000000000000000f
00010000000000000000007e;jaime;2026-09-12 11:27:00;lue;2026-09-12 18:27:00;publication;00030000000000000000003d;000100000000000000000045;00030000000000000000003d;0006000000000000000003ed;
000100000000000000000084;jaime;2026-09-12 12:10:00;lue;2026-09-14 09:10:00;publication;000300000000000000000057;000100000000000000000083;000300000000000000000057;0006000000000000000003ee;
00010000000000000000007f;jaime;2026-09-12 12:14:00;lue;2026-09-12 19:14:00;publication;000300000000000000000112;00010000000000000000005e;000300000000000000000112;0006000000000000000003ef;
00010000000000000000007f;message;2026-09-12 12:25:00;non_lue;;message_groupe;0005000000000000000004b5;000100000000000000000021;;0006000000000000000003f0;000200000000000000000019
000100000000000000000020;jaime;2026-09-12 12:37:00;lue;2026-09-14 09:37:00;publication;000300000000000000000076;000100000000000000000016;000300000000000000000076;0006000000000000000003f1;
000100000000000000000001;jaime;2026-09-12 13:39:00;lue;2026-09-13 20:39:00;publication;000300000000000000000155;000100000000000000000072;000300000000000000000155;0006000000000000000003f2;
000100000000000000000069;message;2026-09-12 13:44:46;non_lue;;message_prive;0005000000000000000004bf;000100000000000000000075;;0006000000000000000003f3;
000100000000000000000050;demande_ami;2026-09-12 14:22:00;non_lue;;utilisateur;000100000000000000000077;000100000000000000000077;;0006000000000000000003f4;
000100000000000000000069;message;2026-09-12 14:57:46;non_lue;;message_prive;0005000000000000000004c3;000100000000000000000075;;0006000000000000000003f5;
000100000000000000000028;jaime;2026-09-12 15:20:00;lue;2026-09-12 21:20:00;publication;000300000000000000000156;00010000000000000000001f;000300000000000000000156;0006000000000000000003f6;
000100000000000000000028;jaime;2026-09-12 17:32:00;lue;2026-09-13 09:32:00;publication;0003000000000000000000c2;000100000000000000000047;0003000000000000000000c2;0006000000000000000003f7;
000100000000000000000020;jaime;2026-09-12 18:43:00;lue;2026-09-13 19:43:00;publication;000300000000000000000024;00010000000000000000002f;000300000000000000000024;0006000000000000000003f8;
000100000000000000000084;jaime;2026-09-12 18:51:00;lue;2026-09-14 05:51:00;publication;0003000000000000000001a5;000100000000000000000026;0003000000000000000001a5;0006000000000000000003f9;
00010000000000000000008c;demande_ami;2026-09-12 20:03:00;lue;2026-09-13 02:03:00;utilisateur;00010000000000000000002f;00010000000000000000002f;;0006000000000000000003fa;
000100000000000000000001;jaime;2026-09-12 20:12:00;lue;2026-09-13 02:12:00;publication;000300000000000000000132;000100000000000000000030;000300000000000000000132;0006000000000000000003fb;
000100000000000000000049;message;2026-09-12 20:13:34;non_lue;;message_prive;0005000000000000000004d1;000100000000000000000076;;0006000000000000000003fc;
000100000000000000000015;demande_ami;2026-09-12 20:29:00;non_lue;;utilisateur;000100000000000000000005;000100000000000000000005;;0006000000000000000003fd;
000100000000000000000086;jaime;2026-09-12 21:19:00;lue;2026-09-13 20:19:00;publication;000300000000000000000157;000100000000000000000056;000300000000000000000157;0006000000000000000003fe;
000100000000000000000084;jaime;2026-09-12 21:31:00;non_lue;;publication;00030000000000000000008c;000100000000000000000070;00030000000000000000008c;0006000000000000000003ff;
00010000000000000000005b;demande_ami;2026-09-12 22:05:00;lue;2026-09-13 07:05:00;utilisateur;000100000000000000000042;000100000000000000000042;;000600000000000000000400;
000100000000000000000002;demande_ami;2026-09-12 22:25:00;non_lue;;utilisateur;000100000000000000000075;000100000000000000000075;;000600000000000000000401;
000100000000000000000001;jaime;2026-09-13 00:29:00;lue;2026-09-13 20:29:00;publication;0003000000000000000001a8;000100000000000000000025;0003000000000000000001a8;000600000000000000000402;
000100000000000000000076;jaime;2026-09-13 00:41:00;lue;2026-09-13 01:41:00;publication;00030000000000000000009e;00010000000000000000006b;00030000000000000000009e;000600000000000000000403;
000100000000000000000045;message;2026-09-13 01:18:00;non_lue;;message_groupe;0005000000000000000004d9;000100000000000000000059;;000600000000000000000404;00020000000000000000000f
00010000000000000000007b;message;2026-09-13 01:18:00;non_lue;;message_groupe;0005000000000000000004d9;000100000000000000000059;;000600000000000000000405;00020000000000000000000f
000100000000000000000069;message;2026-09-13 02:07:00;non_lue;;message_groupe;0005000000000000000004dc;000100000000000000000086;;000600000000000000000406;000200000000000000000004
00010000000000000000008a;message;2026-09-13 02:07:00;non_lue;;message_groupe;0005000000000000000004dc;000100000000000000000086;;000600000000000000000407;000200000000000000000004
000100000000000000000014;commentaire;2026-09-13 03:07:00;lue;2026-09-13 09:07:00;commentaire;000400000000000000000050;00010000000000000000008d;0003000000000000000001a4;000600000000000000000408;
00010000000000000000006c;jaime;2026-09-13 03:35:00;non_lue;;publication;000300000000000000000161;000100000000000000000016;000300000000000000000161;000600000000000000000409;
000100000000000000000086;jaime;2026-09-13 03:53:00;lue;2026-09-14 21:53:00;publication;00030000000000000000001a;000100000000000000000067;00030000000000000000001a;00060000000000000000040a;
000100000000000000000037;demande_ami;2026-09-13 03:53:00;non_lue;;utilisateur;00010000000000000000003b;00010000000000000000003b;;00060000000000000000040b;
000100000000000000000042;message;2026-09-13 04:27:00;non_lue;;message_groupe;0005000000000000000004e3;000100000000000000000048;;00060000000000000000040c;000200000000000000000019
000100000000000000000039;message;2026-09-13 04:27:00;non_lue;;message_groupe;0005000000000000000004e3;000100000000000000000048;;00060000000000000000040d;000200000000000000000019
000100000000000000000059;jaime;2026-09-13 04:31:00;lue;2026-09-13 08:31:00;publication;000300000000000000000160;000100000000000000000088;000300000000000000000160;00060000000000000000040e;
000100000000000000000057;jaime;2026-09-13 04:40:00;lue;2026-09-14 15:40:00;publication;000300000000000000000166;00010000000000000000000e;000300000000000000000166;00060000000000000000040f;
00010000000000000000008e;jaime;2026-09-13 05:02:00;lue;2026-09-14 05:02:00;publication;0003000000000000000000d2;000100000000000000000018;0003000000000000000000d2;000600000000000000000410;
00010000000000000000000b;demande_ami;2026-09-13 06:19:00;lue;2026-09-14 14:19:00;utilisateur;000100000000000000000048;000100000000000000000048;;000600000000000000000411;
000100000000000000000042;jaime;2026-09-13 07:24:00;lue;2026-09-14 13:24:00;publication;000300000000000000000081;000100000000000000000084;000300000000000000000081;000600000000000000000412;
000100000000000000000042;jaime;2026-09-13 07:30:00;lue;2026-09-15 05:30:00;publication;00030000000000000000017c;000100000000000000000004;00030000000000000000017c;000600000000000000000413;
000100000000000000000042;jaime;2026-09-13 07:52:00;lue;2026-09-15 01:52:00;publication;00030000000000000000018c;000100000000000000000052;00030000000000000000018c;000600000000000000000414;
000100000000000000000020;jaime;2026-09-13 08:04:00;lue;2026-09-14 19:04:00;publication;00030000000000000000004f;000100000000000000000006;00030000000000000000004f;000600000000000000000415;
000100000000000000000014;jaime;2026-09-13 09:49:00;lue;2026-09-15 06:49:00;publication;000300000000000000000130;000100000000000000000053;000300000000000000000130;000600000000000000000416;
000100000000000000000086;jaime;2026-09-13 10:01:00;lue;2026-09-13 16:01:00;publication;000300000000000000000137;000100000000000000000032;000300000000000000000137;000600000000000000000417;
000100000000000000000003;jaime;2026-09-13 10:05:00;lue;2026-09-14 21:05:00;publication;00030000000000000000013a;00010000000000000000001c;00030000000000000000013a;000600000000000000000418;
000100000000000000000017;message;2026-09-13 12:51:00;non_lue;;message_groupe;0005000000000000000004ec;000100000000000000000054;;000600000000000000000419;00020000000000000000000f
000100000000000000000001;jaime;2026-09-13 13:03:00;lue;2026-09-15 08:03:00;publication;000300000000000000000150;00010000000000000000004f;000300000000000000000150;00060000000000000000041a;
000100000000000000000028;jaime;2026-09-13 13:24:00;lue;2026-09-14 16:24:00;publication;0003000000000000000000aa;000100000000000000000084;0003000000000000000000aa;00060000000000000000041b;
000100000000000000000086;jaime;2026-09-13 13:55:00;lue;2026-09-15 08:55:00;publication;00030000000000000000009b;00010000000000000000008c;00030000000000000000009b;00060000000000000000041c;
00010000000000000000002a;jaime;2026-09-13 14:07:00;lue;2026-09-15 11:07:00;publication;0003000000000000000000c3;000100000000000000000051;0003000000000000000000c3;00060000000000000000041d;
00010000000000000000006e;demande_ami;2026-09-13 14:35:00;lue;2026-09-15 10:35:00;utilisateur;000100000000000000000051;000100000000000000000051;;00060000000000000000041e;
000100000000000000000020;jaime;2026-09-13 15:23:00;non_lue;;publication;0003000000000000000001ca;000100000000000000000026;0003000000000000000001ca;00060000000000000000041f;
000100000000000000000010;demande_ami;2026-09-13 16:01:00;lue;2026-09-14 20:01:00;utilisateur;00010000000000000000004d;00010000000000000000004d;;000600000000000000000420;
000100000000000000000081;jaime;2026-09-13 16:37:00;lue;2026-09-13 20:37:00;publication;000300000000000000000097;00010000000000000000007c;000300000000000000000097;000600000000000000000421;
000100000000000000000086;commentaire;2026-09-13 16:51:00;lue;2026-09-14 17:51:00;commentaire;00040000000000000000040f;000100000000000000000037;0003000000000000000001d6;000600000000000000000422;
000100000000000000000014;jaime;2026-09-13 19:23:00;non_lue;;publication;000300000000000000000186;00010000000000000000007f;000300000000000000000186;000600000000000000000423;
000100000000000000000084;jaime;2026-09-13 20:08:00;non_lue;;publication;0003000000000000000000c0;000100000000000000000020;0003000000000000000000c0;000600000000000000000424;
000100000000000000000020;jaime;2026-09-13 20:13:00;lue;2026-09-15 02:13:00;publication;000300000000000000000182;00010000000000000000007c;000300000000000000000182;000600000000000000000425;
000100000000000000000084;jaime;2026-09-13 20:42:00;lue;2026-09-15 04:42:00;publication;00030000000000000000014e;00010000000000000000004e;00030000000000000000014e;000600000000000000000426;
000100000000000000000086;jaime;2026-09-13 20:46:00;lue;2026-09-14 08:46:00;publication;0003000000000000000001c4;000100000000000000000069;0003000000000000000001c4;000600000000000000000427;
000100000000000000000043;demande_ami;2026-09-13 21:44:00;lue;2026-09-15 07:44:00;utilisateur;000100000000000000000089;000100000000000000000089;;000600000000000000000428;
000100000000000000000042;jaime;2026-09-13 21:53:00;lue;2026-09-14 04:53:00;publication;0003000000000000000001b8;00010000000000000000004e;0003000000000000000001b8;000600000000000000000429;
00010000000000000000003f;jaime;2026-09-13 22:06:00;lue;2026-09-14 14:06:00;publication;000300000000000000000107;000100000000000000000044;000300000000000000000107;00060000000000000000042a;
00010000000000000000004e;demande_ami;2026-09-13 23:31:00;lue;2026-09-15 00:31:00;utilisateur;00010000000000000000004a;00010000000000000000004a;;00060000000000000000042b;
00010000000000000000002a;jaime;2026-09-14 00:15:00;non_lue;;publication;000300000000000000000183;00010000000000000000002b;000300000000000000000183;00060000000000000000042c;
000100000000000000000081;jaime;2026-09-14 00:42:00;lue;2026-09-15 16:42:00;publication;0003000000000000000001c6;00010000000000000000000e;0003000000000000000001c6;00060000000000000000042d;
000100000000000000000092;demande_ami;2026-09-14 01:05:00;lue;2026-09-15 13:05:00;utilisateur;00010000000000000000002d;00010000000000000000002d;;00060000000000000000042e;
000100000000000000000001;commentaire;2026-09-14 02:55:00;lue;2026-09-14 16:55:00;commentaire;000400000000000000000011;000100000000000000000033;0003000000000000000001a8;00060000000000000000042f;
00010000000000000000007e;jaime;2026-09-14 03:09:00;lue;2026-09-15 03:09:00;publication;000300000000000000000061;000100000000000000000007;000300000000000000000061;000600000000000000000430;
000100000000000000000028;jaime;2026-09-14 03:51:00;lue;2026-09-14 23:51:00;publication;00030000000000000000015f;000100000000000000000010;00030000000000000000015f;000600000000000000000431;
000100000000000000000050;message;2026-09-14 06:02:00;non_lue;;message_groupe;000500000000000000000501;000100000000000000000056;;000600000000000000000432;000200000000000000000017
000100000000000000000042;jaime;2026-09-14 06:42:00;lue;2026-09-15 03:42:00;publication;000300000000000000000142;000100000000000000000043;000300000000000000000142;000600000000000000000433;
000100000000000000000042;jaime;2026-09-14 07:15:00;lue;2026-09-14 20:15:00;publication;000300000000000000000173;00010000000000000000002c;000300000000000000000173;000600000000000000000434;
00010000000000000000006b;jaime;2026-09-14 07:41:00;lue;2026-09-15 22:41:00;publication;0003000000000000000001a7;000100000000000000000084;0003000000000000000001a7;000600000000000000000435;
000100000000000000000079;jaime;2026-09-14 09:21:00;lue;2026-09-15 08:21:00;publication;0003000000000000000001d0;000100000000000000000048;0003000000000000000001d0;000600000000000000000436;
000100000000000000000086;jaime;2026-09-14 11:18:00;lue;2026-09-14 14:18:00;publication;0003000000000000000000a5;00010000000000000000004b;0003000000000000000000a5;000600000000000000000437;
00010000000000000000002a;jaime;2026-09-14 11:21:00;non_lue;;publication;000300000000000000000170;000100000000000000000039;000300000000000000000170;000600000000000000000438;
00010000000000000000008e;jaime;2026-09-14 11:41:00;lue;2026-09-15 13:41:00;publication;0003000000000000000001c5;000100000000000000000078;0003000000000000000001c5;000600000000000000000439;
000100000000000000000061;message;2026-09-14 12:40:59;non_lue;;message_prive;00050000000000000000050e;00010000000000000000003c;;00060000000000000000043a;
000100000000000000000061;message;2026-09-14 13:42:59;non_lue;;message_prive;000500000000000000000511;00010000000000000000003c;;00060000000000000000043b;
000100000000000000000053;demande_ami;2026-09-14 13:45:00;non_lue;;utilisateur;000100000000000000000071;000100000000000000000071;;00060000000000000000043c;
000100000000000000000014;jaime;2026-09-14 15:09:00;non_lue;;publication;0003000000000000000001a4;000100000000000000000002;0003000000000000000001a4;00060000000000000000043d;
000100000000000000000092;jaime;2026-09-14 15:21:00;lue;2026-09-16 14:21:00;publication;000300000000000000000138;00010000000000000000001a;000300000000000000000138;00060000000000000000043e;
000100000000000000000028;jaime;2026-09-14 16:12:00;lue;2026-09-15 09:12:00;publication;00030000000000000000015d;00010000000000000000000c;00030000000000000000015d;00060000000000000000043f;
000100000000000000000086;jaime;2026-09-14 16:18:00;non_lue;;publication;0003000000000000000001d7;00010000000000000000006c;0003000000000000000001d7;000600000000000000000440;
000100000000000000000001;jaime;2026-09-14 16:30:00;lue;2026-09-16 01:30:00;publication;000300000000000000000132;000100000000000000000002;000300000000000000000132;000600000000000000000441;
000100000000000000000022;jaime;2026-09-14 16:34:00;lue;2026-09-15 03:34:00;publication;000300000000000000000175;00010000000000000000007e;000300000000000000000175;000600000000000000000442;
000100000000000000000001;jaime;2026-09-14 16:41:00;non_lue;;publication;0003000000000000000001a8;000100000000000000000074;0003000000000000000001a8;000600000000000000000443;
000100000000000000000001;commentaire;2026-09-14 16:46:00;lue;2026-09-14 17:46:00;commentaire;000400000000000000000014;000100000000000000000093;0003000000000000000001b2;000600000000000000000444;
000100000000000000000014;jaime;2026-09-14 17:25:00;lue;2026-09-16 07:25:00;publication;0003000000000000000000ca;000100000000000000000071;0003000000000000000000ca;000600000000000000000445;
000100000000000000000027;demande_ami;2026-09-14 17:28:00;non_lue;;utilisateur;00010000000000000000000f;00010000000000000000000f;;000600000000000000000446;
00010000000000000000003f;message;2026-09-14 17:33:00;non_lue;;message_groupe;000500000000000000000517;00010000000000000000002b;;000600000000000000000447;00020000000000000000000a
000100000000000000000026;message;2026-09-14 17:33:00;non_lue;;message_groupe;000500000000000000000517;00010000000000000000002b;;000600000000000000000448;00020000000000000000000a
000100000000000000000089;demande_ami;2026-09-14 18:59:00;lue;2026-09-16 11:59:00;utilisateur;00010000000000000000007f;00010000000000000000007f;;000600000000000000000449;
000100000000000000000003;jaime;2026-09-14 19:24:00;non_lue;;publication;00030000000000000000016b;000100000000000000000007;00030000000000000000016b;00060000000000000000044a;
000100000000000000000042;jaime;2026-09-14 20:10:00;lue;2026-09-15 22:10:00;publication;000300000000000000000037;000100000000000000000068;000300000000000000000037;00060000000000000000044b;
000100000000000000000027;demande_ami;2026-09-14 21:24:00;lue;2026-09-16 19:24:00;utilisateur;000100000000000000000021;000100000000000000000021;;00060000000000000000044c;
00010000000000000000002a;jaime;2026-09-14 21:41:00;lue;2026-09-15 13:41:00;publication;0003000000000000000001bc;000100000000000000000018;0003000000000000000001bc;00060000000000000000044d;
000100000000000000000003;jaime;2026-09-14 22:26:00;non_lue;;publication;00030000000000000000013a;000100000000000000000042;00030000000000000000013a;00060000000000000000044e;
000100000000000000000033;jaime;2026-09-14 23:02:00;lue;2026-09-16 23:02:00;publication;00030000000000000000012a;000100000000000000000084;00030000000000000000012a;00060000000000000000044f;
000100000000000000000020;jaime;2026-09-14 23:28:00;lue;2026-09-15 12:28:00;publication;000300000000000000000100;000100000000000000000034;000300000000000000000100;000600000000000000000450;
000100000000000000000066;message;2026-09-15 00:22:00;non_lue;;message_groupe;00050000000000000000052b;00010000000000000000008c;;000600000000000000000451;00020000000000000000001a
00010000000000000000000e;message;2026-09-15 00:22:00;non_lue;;message_groupe;00050000000000000000052b;00010000000000000000008c;;000600000000000000000452;00020000000000000000001a
00010000000000000000008e;commentaire;2026-09-15 00:49:00;lue;2026-09-15 10:49:00;commentaire;00040000000000000000030d;000100000000000000000019;0003000000000000000001d8;000600000000000000000453;
00010000000000000000003d;demande_ami;2026-09-15 00:55:00;non_lue;;utilisateur;00010000000000000000004c;00010000000000000000004c;;000600000000000000000454;
000100000000000000000081;jaime;2026-09-15 01:27:00;lue;2026-09-16 05:27:00;publication;0003000000000000000001d2;000100000000000000000025;0003000000000000000001d2;000600000000000000000455;
000100000000000000000086;jaime;2026-09-15 01:57:00;lue;2026-09-16 02:57:00;publication;00030000000000000000014c;00010000000000000000002c;00030000000000000000014c;000600000000000000000456;
000100000000000000000086;demande_ami;2026-09-15 01:59:00;lue;2026-09-15 18:59:00;utilisateur;00010000000000000000004f;00010000000000000000004f;;000600000000000000000457;
000100000000000000000014;jaime;2026-09-15 02:35:00;lue;2026-09-15 03:35:00;publication;0003000000000000000001b3;00010000000000000000001c;0003000000000000000001b3;000600000000000000000458;
000100000000000000000042;jaime;2026-09-15 04:07:00;non_lue;;publication;0003000000000000000001d9;00010000000000000000003a;0003000000000000000001d9;000600000000000000000459;
00010000000000000000000e;message;2026-09-15 04:18:00;non_lue;;message_groupe;00050000000000000000052f;000100000000000000000071;;00060000000000000000045a;000200000000000000000005
000100000000000000000022;jaime;2026-09-15 05:07:00;lue;2026-09-16 20:07:00;publication;000300000000000000000179;00010000000000000000005a;000300000000000000000179;00060000000000000000045b;
000100000000000000000028;jaime;2026-09-15 05:12:00;lue;2026-09-16 18:12:00;publication;000300000000000000000135;00010000000000000000000a;000300000000000000000135;00060000000000000000045c;
000100000000000000000023;demande_ami;2026-09-15 05:13:00;non_lue;;utilisateur;00010000000000000000006b;00010000000000000000006b;;00060000000000000000045d;
000100000000000000000037;message;2026-09-15 06:32:00;non_lue;;message_groupe;000500000000000000000530;00010000000000000000003f;;00060000000000000000045e;00020000000000000000000a
00010000000000000000007c;demande_ami;2026-09-15 07:15:00;lue;2026-09-15 16:15:00;utilisateur;000100000000000000000066;000100000000000000000066;;00060000000000000000045f;
000100000000000000000010;message;2026-09-15 07:42:00;non_lue;;message_groupe;000500000000000000000532;00010000000000000000004e;;000600000000000000000460;00020000000000000000001a
000100000000000000000024;demande_ami;2026-09-15 07:50:00;lue;2026-09-16 22:50:00;utilisateur;00010000000000000000001e;00010000000000000000001e;;000600000000000000000461;
000100000000000000000004;message;2026-09-15 08:06:00;non_lue;;message_groupe;000500000000000000000533;00010000000000000000000e;;000600000000000000000462;00020000000000000000001a
000100000000000000000013;demande_ami;2026-09-15 08:15:00;non_lue;;utilisateur;000100000000000000000081;000100000000000000000081;;000600000000000000000463;
00010000000000000000008e;jaime;2026-09-15 08:19:00;lue;2026-09-16 22:19:00;publication;0003000000000000000001c5;00010000000000000000006a;0003000000000000000001c5;000600000000000000000464;
00010000000000000000008e;jaime;2026-09-15 08:45:00;lue;2026-09-16 21:45:00;publication;000300000000000000000119;00010000000000000000002a;000300000000000000000119;000600000000000000000465;
000100000000000000000020;jaime;2026-09-15 08:55:00;non_lue;;publication;000300000000000000000108;00010000000000000000001e;000300000000000000000108;000600000000000000000466;
00010000000000000000002c;demande_ami;2026-09-15 09:10:00;lue;2026-09-17 02:10:00;utilisateur;00010000000000000000001d;00010000000000000000001d;;000600000000000000000467;
000100000000000000000084;jaime;2026-09-15 10:09:00;lue;2026-09-15 15:09:00;publication;00030000000000000000016a;00010000000000000000003c;00030000000000000000016a;000600000000000000000468;
000100000000000000000001;jaime;2026-09-15 12:32:00;lue;2026-09-16 02:32:00;publication;0003000000000000000001b2;000100000000000000000014;0003000000000000000001b2;000600000000000000000469;
000100000000000000000014;jaime;2026-09-15 13:21:00;lue;2026-09-17 02:21:00;publication;0003000000000000000001b3;000100000000000000000047;0003000000000000000001b3;00060000000000000000046a;
000100000000000000000057;jaime;2026-09-15 13:58:00;lue;2026-09-16 03:58:00;publication;0003000000000000000001c9;00010000000000000000001d;0003000000000000000001c9;00060000000000000000046b;
000100000000000000000001;jaime;2026-09-15 14:13:00;lue;2026-09-17 11:13:00;publication;000300000000000000000150;000100000000000000000063;000300000000000000000150;00060000000000000000046c;
000100000000000000000062;demande_ami;2026-09-15 15:26:00;lue;2026-09-15 21:26:00;utilisateur;000100000000000000000092;000100000000000000000092;;00060000000000000000046d;
00010000000000000000000b;jaime;2026-09-15 16:14:00;lue;2026-09-16 20:14:00;publication;0003000000000000000001bf;000100000000000000000030;0003000000000000000001bf;00060000000000000000046e;
000100000000000000000059;jaime;2026-09-15 16:36:00;lue;2026-09-17 16:36:00;publication;000300000000000000000139;000100000000000000000085;000300000000000000000139;00060000000000000000046f;
000100000000000000000080;demande_ami;2026-09-15 17:53:00;lue;2026-09-16 02:53:00;utilisateur;000100000000000000000020;000100000000000000000020;;000600000000000000000470;
000100000000000000000001;jaime;2026-09-15 18:03:00;lue;2026-09-16 08:03:00;publication;000300000000000000000155;00010000000000000000000b;000300000000000000000155;000600000000000000000471;
000100000000000000000077;message;2026-09-15 18:14:00;non_lue;;message_groupe;000500000000000000000541;000100000000000000000033;;000600000000000000000472;00020000000000000000000c
000100000000000000000053;message;2026-09-15 18:14:00;non_lue;;message_groupe;000500000000000000000541;000100000000000000000033;;000600000000000000000473;00020000000000000000000c
00010000000000000000007c;demande_ami;2026-09-15 18:29:00;non_lue;;utilisateur;00010000000000000000002a;00010000000000000000002a;;000600000000000000000474;
000100000000000000000042;jaime;2026-09-15 19:10:00;lue;2026-09-17 05:10:00;publication;0003000000000000000000d8;000100000000000000000048;0003000000000000000000d8;000600000000000000000475;
00010000000000000000008e;jaime;2026-09-15 19:36:00;lue;2026-09-17 06:36:00;publication;000300000000000000000119;00010000000000000000000a;000300000000000000000119;000600000000000000000476;
000100000000000000000032;message;2026-09-15 20:04:00;non_lue;;message_groupe;000500000000000000000542;000100000000000000000094;;000600000000000000000477;000200000000000000000009
000100000000000000000055;message;2026-09-15 20:04:00;non_lue;;message_groupe;000500000000000000000542;000100000000000000000094;;000600000000000000000478;000200000000000000000009
000100000000000000000012;message;2026-09-15 20:33:00;non_lue;;message_groupe;000500000000000000000543;000100000000000000000048;;000600000000000000000479;000200000000000000000004
000100000000000000000039;message;2026-09-15 20:33:00;non_lue;;message_groupe;000500000000000000000543;000100000000000000000048;;00060000000000000000047a;000200000000000000000004
000100000000000000000014;jaime;2026-09-15 21:05:00;lue;2026-09-17 15:05:00;publication;000300000000000000000186;00010000000000000000003b;000300000000000000000186;00060000000000000000047b;
000100000000000000000087;demande_ami;2026-09-15 21:22:00;lue;2026-09-16 13:22:00;utilisateur;000100000000000000000031;000100000000000000000031;;00060000000000000000047c;
000100000000000000000022;jaime;2026-09-15 21:47:00;non_lue;;publication;0003000000000000000000ab;00010000000000000000007a;0003000000000000000000ab;00060000000000000000047d;
000100000000000000000042;jaime;2026-09-16 01:41:00;lue;2026-09-17 22:41:00;publication;0003000000000000000001e2;000100000000000000000031;0003000000000000000001e2;00060000000000000000047e;
000100000000000000000086;message;2026-09-16 02:36:00;non_lue;;message_groupe;00050000000000000000054e;000100000000000000000089;;00060000000000000000047f;00020000000000000000001e
000100000000000000000004;jaime;2026-09-16 02:39:00;lue;2026-09-16 17:39:00;publication;000300000000000000000165;00010000000000000000001d;000300000000000000000165;000600000000000000000480;
000100000000000000000001;jaime;2026-09-16 03:46:00;lue;2026-09-17 05:46:00;publication;000300000000000000000199;000100000000000000000024;000300000000000000000199;000600000000000000000481;
000100000000000000000074;demande_ami;2026-09-16 04:16:00;non_lue;;utilisateur;000100000000000000000070;000100000000000000000070;;000600000000000000000482;
000100000000000000000014;message;2026-09-16 04:24:00;non_lue;;message_groupe;000500000000000000000552;000100000000000000000015;;000600000000000000000483;000200000000000000000013
00010000000000000000001f;message;2026-09-16 04:24:00;non_lue;;message_groupe;000500000000000000000552;000100000000000000000015;;000600000000000000000484;000200000000000000000013
00010000000000000000002a;jaime;2026-09-16 04:46:00;non_lue;;publication;000300000000000000000170;000100000000000000000067;000300000000000000000170;000600000000000000000485;
000100000000000000000027;demande_ami;2026-09-16 04:46:00;non_lue;;utilisateur;000100000000000000000087;000100000000000000000087;;000600000000000000000486;
000100000000000000000028;demande_ami;2026-09-16 05:16:00;non_lue;;utilisateur;000100000000000000000070;000100000000000000000070;;000600000000000000000487;
000100000000000000000028;jaime;2026-09-16 06:32:00;lue;2026-09-16 15:32:00;publication;0003000000000000000000a8;000100000000000000000093;0003000000000000000000a8;000600000000000000000488;
00010000000000000000000b;jaime;2026-09-16 07:30:00;lue;2026-09-16 12:30:00;publication;0003000000000000000001bf;000100000000000000000010;0003000000000000000001bf;000600000000000000000489;
000100000000000000000050;message;2026-09-16 07:33:00;non_lue;;message_groupe;000500000000000000000554;00010000000000000000000a;;00060000000000000000048a;000200000000000000000006
000100000000000000000096;message;2026-09-16 07:33:00;non_lue;;message_groupe;000500000000000000000554;00010000000000000000000a;;00060000000000000000048b;000200000000000000000006
00010000000000000000002a;jaime;2026-09-16 08:50:00;lue;2026-09-17 01:50:00;publication;000300000000000000000128;000100000000000000000013;000300000000000000000128;00060000000000000000048c;
000100000000000000000043;jaime;2026-09-16 10:41:00;lue;2026-09-17 14:41:00;publication;000300000000000000000099;00010000000000000000002c;000300000000000000000099;00060000000000000000048d;
000100000000000000000086;commentaire;2026-09-16 10:44:00;non_lue;;commentaire;000400000000000000000103;000100000000000000000065;0003000000000000000001e6;00060000000000000000048e;
000100000000000000000084;jaime;2026-09-16 11:10:00;lue;2026-09-16 15:10:00;publication;0003000000000000000001a5;000100000000000000000074;0003000000000000000001a5;00060000000000000000048f;
00010000000000000000003d;demande_ami;2026-09-16 11:15:00;lue;2026-09-18 11:15:00;utilisateur;000100000000000000000084;000100000000000000000084;;000600000000000000000490;
000100000000000000000081;commentaire;2026-09-16 12:01:00;lue;2026-09-17 19:01:00;commentaire;00040000000000000000030f;000100000000000000000071;0003000000000000000001e3;000600000000000000000491;
000100000000000000000086;jaime;2026-09-16 13:06:00;lue;2026-09-18 12:06:00;publication;00030000000000000000014c;00010000000000000000005e;00030000000000000000014c;000600000000000000000492;
000100000000000000000056;message;2026-09-16 13:26:00;non_lue;;message_groupe;00050000000000000000055f;00010000000000000000007e;;000600000000000000000493;00020000000000000000001a
000100000000000000000091;message;2026-09-16 13:26:00;non_lue;;message_groupe;00050000000000000000055f;00010000000000000000007e;;000600000000000000000494;00020000000000000000001a
000100000000000000000029;demande_ami;2026-09-16 13:43:00;lue;2026-09-17 12:43:00;utilisateur;000100000000000000000079;000100000000000000000079;;000600000000000000000495;
00010000000000000000001e;demande_ami;2026-09-16 13:50:00;lue;2026-09-17 19:50:00;utilisateur;00010000000000000000007c;00010000000000000000007c;;000600000000000000000496;
000100000000000000000059;jaime;2026-09-16 13:51:00;non_lue;;publication;000300000000000000000139;000100000000000000000086;000300000000000000000139;000600000000000000000497;
000100000000000000000093;message;2026-09-16 14:27:42;non_lue;;message_prive;000500000000000000000563;000100000000000000000015;;000600000000000000000498;
000100000000000000000042;commentaire;2026-09-16 16:04:00;non_lue;;commentaire;000400000000000000000068;000100000000000000000072;0003000000000000000001e2;000600000000000000000499;
00010000000000000000007f;jaime;2026-09-16 16:16:00;lue;2026-09-18 10:16:00;publication;0003000000000000000001b6;000100000000000000000093;0003000000000000000001b6;00060000000000000000049a;
000100000000000000000014;jaime;2026-09-16 17:33:00;lue;2026-09-17 03:33:00;publication;0003000000000000000000f3;00010000000000000000005e;0003000000000000000000f3;00060000000000000000049b;
000100000000000000000020;commentaire;2026-09-16 17:38:00;lue;2026-09-16 21:38:00;commentaire;00040000000000000000036a;000100000000000000000021;0003000000000000000001cc;00060000000000000000049c;
000100000000000000000086;commentaire;2026-09-16 19:07:00;lue;2026-09-17 04:07:00;commentaire;0004000000000000000002f4;000100000000000000000015;0003000000000000000001e6;00060000000000000000049d;
000100000000000000000092;message;2026-09-16 19:38:00;non_lue;;message_groupe;000500000000000000000570;000100000000000000000077;;00060000000000000000049e;00020000000000000000000b
00010000000000000000000f;message;2026-09-16 19:38:00;non_lue;;message_groupe;000500000000000000000570;000100000000000000000077;;00060000000000000000049f;00020000000000000000000b
00010000000000000000007e;jaime;2026-09-16 20:29:00;lue;2026-09-17 09:29:00;publication;0003000000000000000001e9;000100000000000000000082;0003000000000000000001e9;0006000000000000000004a0;
00010000000000000000008e;jaime;2026-09-16 21:35:00;lue;2026-09-18 17:35:00;publication;000300000000000000000158;000100000000000000000092;000300000000000000000158;0006000000000000000004a1;
000100000000000000000020;jaime;2026-09-16 22:02:00;lue;2026-09-18 08:02:00;publication;0003000000000000000001da;00010000000000000000001a;0003000000000000000001da;0006000000000000000004a2;
000100000000000000000084;jaime;2026-09-16 22:32:00;lue;2026-09-18 07:32:00;publication;00030000000000000000017b;000100000000000000000018;00030000000000000000017b;0006000000000000000004a3;
00010000000000000000008e;demande_ami;2026-09-16 22:34:00;non_lue;;utilisateur;000100000000000000000023;000100000000000000000023;;0006000000000000000004a4;
00010000000000000000007f;commentaire;2026-09-16 23:14:00;lue;2026-09-17 06:14:00;commentaire;00040000000000000000034a;000100000000000000000003;0003000000000000000001b6;0006000000000000000004a5;
000100000000000000000024;message;2026-09-16 23:54:00;non_lue;;message_groupe;000500000000000000000578;000100000000000000000094;;0006000000000000000004a6;000200000000000000000012
000100000000000000000001;jaime;2026-09-17 00:01:00;lue;2026-09-18 10:01:00;publication;000300000000000000000150;00010000000000000000007d;000300000000000000000150;0006000000000000000004a7;
000100000000000000000086;jaime;2026-09-17 00:04:00;lue;2026-09-18 13:04:00;publication;00030000000000000000005e;000100000000000000000092;00030000000000000000005e;0006000000000000000004a8;
00010000000000000000005a;demande_ami;2026-09-17 00:52:00;non_lue;;utilisateur;00010000000000000000005d;00010000000000000000005d;;0006000000000000000004a9;
000100000000000000000001;jaime;2026-09-17 01:39:00;lue;2026-09-17 17:39:00;publication;000300000000000000000199;000100000000000000000070;000300000000000000000199;0006000000000000000004aa;
000100000000000000000073;message;2026-09-17 01:40:00;non_lue;;message_groupe;00050000000000000000057a;000100000000000000000050;;0006000000000000000004ab;000200000000000000000007
000100000000000000000042;jaime;2026-09-17 01:51:00;lue;2026-09-17 12:51:00;publication;0003000000000000000001d9;000100000000000000000054;0003000000000000000001d9;0006000000000000000004ac;
000100000000000000000084;jaime;2026-09-17 02:52:00;non_lue;;publication;000300000000000000000010;00010000000000000000007a;000300000000000000000010;0006000000000000000004ad;
000100000000000000000001;jaime;2026-09-17 03:08:00;non_lue;;publication;000300000000000000000199;000100000000000000000022;000300000000000000000199;0006000000000000000004ae;
00010000000000000000002a;jaime;2026-09-17 03:20:00;non_lue;;publication;0003000000000000000000fc;000100000000000000000054;0003000000000000000000fc;0006000000000000000004af;
000100000000000000000020;jaime;2026-09-17 03:52:00;lue;2026-09-17 12:52:00;publication;000300000000000000000178;00010000000000000000001e;000300000000000000000178;0006000000000000000004b0;
000100000000000000000042;jaime;2026-09-17 03:59:00;lue;2026-09-18 17:59:00;publication;0003000000000000000000c1;000100000000000000000051;0003000000000000000000c1;0006000000000000000004b1;
000100000000000000000020;jaime;2026-09-17 04:44:00;lue;2026-09-19 02:44:00;publication;0003000000000000000001cc;000100000000000000000012;0003000000000000000001cc;0006000000000000000004b2;
000100000000000000000055;demande_ami;2026-09-17 04:50:00;lue;2026-09-18 04:50:00;utilisateur;00010000000000000000002b;00010000000000000000002b;;0006000000000000000004b3;
000100000000000000000066;jaime;2026-09-17 05:23:00;lue;2026-09-18 06:23:00;publication;000300000000000000000043;000100000000000000000084;000300000000000000000043;0006000000000000000004b4;
000100000000000000000028;jaime;2026-09-17 06:25:00;lue;2026-09-19 06:25:00;publication;000300000000000000000044;000100000000000000000068;000300000000000000000044;0006000000000000000004b5;
000100000000000000000001;commentaire;2026-09-17 06:58:00;lue;2026-09-18 22:58:00;commentaire;00040000000000000000010c;00010000000000000000000f;0003000000000000000001e4;0006000000000000000004b6;
000100000000000000000084;jaime;2026-09-17 07:50:00;lue;2026-09-18 19:50:00;publication;0003000000000000000001cf;00010000000000000000005f;0003000000000000000001cf;0006000000000000000004b7;
00010000000000000000008e;jaime;2026-09-17 08:36:00;lue;2026-09-17 11:36:00;publication;000300000000000000000154;000100000000000000000010;000300000000000000000154;0006000000000000000004b8;
000100000000000000000056;message;2026-09-17 08:42:00;non_lue;;message_groupe;000500000000000000000587;000100000000000000000084;;0006000000000000000004b9;00020000000000000000001a
000100000000000000000057;message;2026-09-17 08:42:00;non_lue;;message_groupe;000500000000000000000587;000100000000000000000084;;0006000000000000000004ba;00020000000000000000001a
000100000000000000000022;jaime;2026-09-17 09:32:00;lue;2026-09-18 01:32:00;publication;0003000000000000000001ad;000100000000000000000053;0003000000000000000001ad;0006000000000000000004bb;
00010000000000000000008e;demande_ami;2026-09-17 09:37:00;lue;2026-09-17 18:37:00;utilisateur;00010000000000000000001a;00010000000000000000001a;;0006000000000000000004bc;
000100000000000000000042;jaime;2026-09-17 09:38:00;lue;2026-09-18 01:38:00;publication;0003000000000000000001d9;00010000000000000000006b;0003000000000000000001d9;0006000000000000000004bd;
000100000000000000000001;jaime;2026-09-17 10:02:00;lue;2026-09-18 00:02:00;publication;000300000000000000000111;00010000000000000000003e;000300000000000000000111;0006000000000000000004be;
00010000000000000000008e;jaime;2026-09-17 10:30:00;lue;2026-09-18 15:30:00;publication;0003000000000000000001ac;000100000000000000000009;0003000000000000000001ac;0006000000000000000004bf;
000100000000000000000086;jaime;2026-09-17 10:45:00;lue;2026-09-19 09:45:00;publication;00030000000000000000005d;000100000000000000000094;00030000000000000000005d;0006000000000000000004c0;
000100000000000000000095;demande_ami;2026-09-17 10:59:00;non_lue;;utilisateur;000100000000000000000070;000100000000000000000070;;0006000000000000000004c1;
00010000000000000000002a;jaime;2026-09-17 11:35:00;lue;2026-09-18 01:35:00;publication;0003000000000000000001ea;000100000000000000000013;0003000000000000000001ea;0006000000000000000004c2;
000100000000000000000014;jaime;2026-09-17 11:52:00;lue;2026-09-18 02:52:00;publication;0003000000000000000000fd;000100000000000000000071;0003000000000000000000fd;0006000000000000000004c3;
000100000000000000000059;jaime;2026-09-17 12:06:00;non_lue;;publication;0003000000000000000001f1;00010000000000000000005d;0003000000000000000001f1;0006000000000000000004c4;
000100000000000000000022;jaime;2026-09-17 15:16:00;lue;2026-09-17 20:16:00;publication;000300000000000000000101;000100000000000000000028;000300000000000000000101;0006000000000000000004c5;
000100000000000000000059;jaime;2026-09-17 15:18:00;lue;2026-09-19 07:18:00;publication;00030000000000000000003e;000100000000000000000066;00030000000000000000003e;0006000000000000000004c6;
00010000000000000000002a;jaime;2026-09-17 15:30:00;lue;2026-09-18 10:30:00;publication;00030000000000000000011a;000100000000000000000084;00030000000000000000011a;0006000000000000000004c7;
000100000000000000000017;demande_ami;2026-09-17 15:57:00;non_lue;;utilisateur;00010000000000000000006f;00010000000000000000006f;;0006000000000000000004c8;
000100000000000000000057;message;2026-09-17 16:02:00;non_lue;;message_groupe;000500000000000000000593;000100000000000000000017;;0006000000000000000004c9;00020000000000000000001a
000100000000000000000003;jaime;2026-09-17 16:46:00;lue;2026-09-19 10:46:00;publication;00030000000000000000013a;000100000000000000000028;00030000000000000000013a;0006000000000000000004ca;
000100000000000000000022;jaime;2026-09-17 16:58:00;lue;2026-09-18 02:58:00;publication;000300000000000000000187;000100000000000000000008;000300000000000000000187;0006000000000000000004cb;
000100000000000000000022;commentaire;2026-09-17 17:08:00;lue;2026-09-19 15:08:00;commentaire;0004000000000000000003d7;00010000000000000000005e;0003000000000000000001eb;0006000000000000000004cc;
00010000000000000000000c;demande_ami;2026-09-17 17:27:00;lue;2026-09-18 06:27:00;utilisateur;000100000000000000000063;000100000000000000000063;;0006000000000000000004cd;
000100000000000000000020;commentaire;2026-09-17 17:38:00;non_lue;;commentaire;000400000000000000000447;000100000000000000000047;0003000000000000000001dc;0006000000000000000004ce;
000100000000000000000003;message;2026-09-17 17:42:25;non_lue;;message_prive;000500000000000000000599;00010000000000000000002b;;0006000000000000000004cf;
000100000000000000000042;jaime;2026-09-17 18:04:00;lue;2026-09-18 04:04:00;publication;0003000000000000000001d9;000100000000000000000006;0003000000000000000001d9;0006000000000000000004d0;
000100000000000000000084;jaime;2026-09-17 18:22:00;lue;2026-09-19 11:22:00;publication;0003000000000000000001a5;00010000000000000000003c;0003000000000000000001a5;0006000000000000000004d1;
000100000000000000000020;jaime;2026-09-17 18:31:00;lue;2026-09-18 07:31:00;publication;0003000000000000000000b8;000100000000000000000032;0003000000000000000000b8;0006000000000000000004d2;
00010000000000000000006f;demande_ami;2026-09-17 18:45:00;non_lue;;utilisateur;000100000000000000000037;000100000000000000000037;;0006000000000000000004d3;
000100000000000000000092;jaime;2026-09-17 20:45:00;lue;2026-09-18 18:45:00;publication;000300000000000000000138;000100000000000000000017;000300000000000000000138;0006000000000000000004d4;
000100000000000000000081;jaime;2026-09-17 21:51:00;lue;2026-09-19 16:51:00;publication;0003000000000000000001d2;000100000000000000000018;0003000000000000000001d2;0006000000000000000004d5;
000100000000000000000045;message;2026-09-17 22:29:00;non_lue;;message_groupe;0005000000000000000005a4;000100000000000000000084;;0006000000000000000004d6;000200000000000000000015
00010000000000000000000c;demande_ami;2026-09-17 22:44:00;lue;2026-09-17 23:44:00;utilisateur;000100000000000000000031;000100000000000000000031;;0006000000000000000004d7;
000100000000000000000042;jaime;2026-09-17 22:53:00;lue;2026-09-18 18:53:00;publication;00030000000000000000018c;000100000000000000000076;00030000000000000000018c;0006000000000000000004d8;
000100000000000000000086;jaime;2026-09-17 23:12:00;lue;2026-09-18 00:12:00;publication;0003000000000000000001d7;00010000000000000000003b;0003000000000000000001d7;0006000000000000000004d9;
00010000000000000000006b;jaime;2026-09-17 23:56:00;lue;2026-09-19 11:56:00;publication;0003000000000000000001ec;000100000000000000000050;0003000000000000000001ec;0006000000000000000004da;
000100000000000000000042;jaime;2026-09-18 00:26:00;non_lue;;publication;000300000000000000000169;000100000000000000000016;000300000000000000000169;0006000000000000000004db;
000100000000000000000028;jaime;2026-09-18 01:29:00;lue;2026-09-18 07:29:00;publication;000300000000000000000073;000100000000000000000096;000300000000000000000073;0006000000000000000004dc;
000100000000000000000014;message;2026-09-18 01:38:00;non_lue;;message_groupe;0005000000000000000005a6;00010000000000000000005c;;0006000000000000000004dd;000200000000000000000007
000100000000000000000088;message;2026-09-18 01:38:00;non_lue;;message_groupe;0005000000000000000005a6;00010000000000000000005c;;0006000000000000000004de;000200000000000000000007
000100000000000000000079;demande_ami;2026-09-18 02:35:00;lue;2026-09-19 20:35:00;utilisateur;000100000000000000000088;000100000000000000000088;;0006000000000000000004df;
000100000000000000000086;jaime;2026-09-18 02:54:00;lue;2026-09-18 03:54:00;publication;0003000000000000000000cf;000100000000000000000018;0003000000000000000000cf;0006000000000000000004e0;
000100000000000000000001;jaime;2026-09-18 03:18:00;lue;2026-09-18 05:18:00;publication;000300000000000000000199;000100000000000000000090;000300000000000000000199;0006000000000000000004e1;
00010000000000000000001a;demande_ami;2026-09-18 04:18:00;lue;2026-09-20 00:18:00;utilisateur;000100000000000000000092;000100000000000000000092;;0006000000000000000004e2;
000100000000000000000093;message;2026-09-18 04:24:00;non_lue;;message_groupe;0005000000000000000005b0;000100000000000000000082;;0006000000000000000004e3;00020000000000000000001b
000100000000000000000072;jaime;2026-09-18 04:39:00;lue;2026-09-19 06:39:00;publication;000300000000000000000019;000100000000000000000078;000300000000000000000019;0006000000000000000004e4;
000100000000000000000084;jaime;2026-09-18 04:40:00;lue;2026-09-19 04:40:00;publication;00030000000000000000017b;00010000000000000000008c;00030000000000000000017b;0006000000000000000004e5;
00010000000000000000002a;jaime;2026-09-18 04:42:00;lue;2026-09-19 18:42:00;publication;000300000000000000000170;000100000000000000000003;000300000000000000000170;0006000000000000000004e6;
000100000000000000000014;jaime;2026-09-18 05:16:00;lue;2026-09-18 16:16:00;publication;0003000000000000000000c6;000100000000000000000079;0003000000000000000000c6;0006000000000000000004e7;
000100000000000000000014;jaime;2026-09-18 06:04:00;lue;2026-09-18 12:04:00;publication;00030000000000000000010c;00010000000000000000000f;00030000000000000000010c;0006000000000000000004e8;
000100000000000000000001;commentaire;2026-09-18 06:12:00;non_lue;;commentaire;000400000000000000000017;000100000000000000000076;0003000000000000000001e4;0006000000000000000004e9;
000100000000000000000020;jaime;2026-09-18 06:41:00;lue;2026-09-18 07:41:00;publication;000300000000000000000015;00010000000000000000006f;000300000000000000000015;0006000000000000000004ea;
000100000000000000000020;jaime;2026-09-18 08:06:00;lue;2026-09-19 09:06:00;publication;0003000000000000000000eb;000100000000000000000064;0003000000000000000000eb;0006000000000000000004eb;
000100000000000000000005;demande_ami;2026-09-18 10:16:00;lue;2026-09-19 20:16:00;utilisateur;000100000000000000000002;000100000000000000000002;;0006000000000000000004ec;
000100000000000000000042;jaime;2026-09-18 10:20:00;lue;2026-09-18 13:20:00;publication;0003000000000000000001d9;00010000000000000000004f;0003000000000000000001d9;0006000000000000000004ed;
000100000000000000000043;message;2026-09-18 10:40:00;non_lue;;message_groupe;0005000000000000000005c2;000100000000000000000050;;0006000000000000000004ee;000200000000000000000012
000100000000000000000010;message;2026-09-18 10:40:00;non_lue;;message_groupe;0005000000000000000005c2;000100000000000000000050;;0006000000000000000004ef;000200000000000000000012
000100000000000000000041;demande_ami;2026-09-18 11:07:00;non_lue;;utilisateur;000100000000000000000040;000100000000000000000040;;0006000000000000000004f0;
000100000000000000000086;jaime;2026-09-18 11:49:00;lue;2026-09-18 15:49:00;publication;000300000000000000000137;00010000000000000000000b;000300000000000000000137;0006000000000000000004f1;
000100000000000000000059;jaime;2026-09-18 12:43:00;lue;2026-09-19 01:43:00;publication;0003000000000000000000ce;000100000000000000000090;0003000000000000000000ce;0006000000000000000004f2;
00010000000000000000002a;jaime;2026-09-18 13:23:00;lue;2026-09-19 17:23:00;publication;0003000000000000000001aa;000100000000000000000049;0003000000000000000001aa;0006000000000000000004f3;
00010000000000000000002b;message;2026-09-18 13:39:52;non_lue;;message_prive;0005000000000000000005d1;00010000000000000000000f;;0006000000000000000004f4;
00010000000000000000002b;message;2026-09-18 14:57:52;non_lue;;message_prive;0005000000000000000005d5;00010000000000000000000f;;0006000000000000000004f5;
000100000000000000000040;demande_ami;2026-09-18 15:07:00;non_lue;;utilisateur;000100000000000000000023;000100000000000000000023;;0006000000000000000004f6;
000100000000000000000028;jaime;2026-09-18 15:12:00;non_lue;;publication;0003000000000000000001c1;000100000000000000000030;0003000000000000000001c1;0006000000000000000004f7;
000100000000000000000014;jaime;2026-09-18 15:19:00;lue;2026-09-20 01:19:00;publication;000300000000000000000012;00010000000000000000004b;000300000000000000000012;0006000000000000000004f8;
000100000000000000000059;jaime;2026-09-18 17:18:00;lue;2026-09-18 22:18:00;publication;00030000000000000000010a;00010000000000000000002a;00030000000000000000010a;0006000000000000000004f9;
00010000000000000000002a;jaime;2026-09-18 17:26:00;lue;2026-09-19 07:26:00;publication;0003000000000000000000fc;00010000000000000000005b;0003000000000000000000fc;0006000000000000000004fa;
000100000000000000000001;jaime;2026-09-18 18:06:00;lue;2026-09-20 14:06:00;publication;0003000000000000000001b2;000100000000000000000047;0003000000000000000001b2;0006000000000000000004fb;
000100000000000000000014;jaime;2026-09-18 18:07:00;non_lue;;publication;00030000000000000000012e;00010000000000000000008a;00030000000000000000012e;0006000000000000000004fc;
000100000000000000000053;demande_ami;2026-09-18 18:09:00;lue;2026-09-18 20:09:00;utilisateur;000100000000000000000096;000100000000000000000096;;0006000000000000000004fd;
00010000000000000000002a;jaime;2026-09-18 19:17:00;lue;2026-09-19 08:17:00;publication;0003000000000000000000cb;000100000000000000000066;0003000000000000000000cb;0006000000000000000004fe;
000100000000000000000020;jaime;2026-09-18 19:28:00;lue;2026-09-20 09:28:00;publication;000300000000000000000100;00010000000000000000007f;000300000000000000000100;0006000000000000000004ff;
000100000000000000000050;jaime;2026-09-18 20:09:00;lue;2026-09-20 15:09:00;publication;000300000000000000000067;000100000000000000000045;000300000000000000000067;000600000000000000000500;
000100000000000000000039;demande_ami;2026-09-18 20:58:00;non_lue;;utilisateur;00010000000000000000002d;00010000000000000000002d;;000600000000000000000501;
000100000000000000000086;jaime;2026-09-18 21:58:00;lue;2026-09-19 17:58:00;publication;0003000000000000000001e6;000100000000000000000063;0003000000000000000001e6;000600000000000000000502;
000100000000000000000042;jaime;2026-09-18 22:17:00;lue;2026-09-20 14:17:00;publication;00030000000000000000017c;000100000000000000000026;00030000000000000000017c;000600000000000000000503;
000100000000000000000081;commentaire;2026-09-18 22:27:00;lue;2026-09-20 00:27:00;commentaire;000400000000000000000099;00010000000000000000000f;0003000000000000000001c6;000600000000000000000504;
000100000000000000000001;jaime;2026-09-18 22:43:00;lue;2026-09-20 13:43:00;publication;0003000000000000000001e4;000100000000000000000031;0003000000000000000001e4;000600000000000000000505;
000100000000000000000028;jaime;2026-09-19 00:13:00;lue;2026-09-20 08:13:00;publication;0003000000000000000001c1;00010000000000000000006b;0003000000000000000001c1;000600000000000000000506;
000100000000000000000049;message;2026-09-19 00:22:00;non_lue;;message_groupe;0005000000000000000005e7;000100000000000000000027;;000600000000000000000507;000200000000000000000013
00010000000000000000001f;message;2026-09-19 00:22:00;non_lue;;message_groupe;0005000000000000000005e7;000100000000000000000027;;000600000000000000000508;000200000000000000000013
000100000000000000000014;jaime;2026-09-19 01:03:00;non_lue;;publication;0003000000000000000001c2;000100000000000000000043;0003000000000000000001c2;000600000000000000000509;
000100000000000000000010;jaime;2026-09-19 01:52:00;non_lue;;publication;000300000000000000000041;000100000000000000000051;000300000000000000000041;00060000000000000000050a;
00010000000000000000000a;message;2026-09-19 03:03:11;non_lue;;message_prive;0005000000000000000005f1;000100000000000000000096;;00060000000000000000050b;
000100000000000000000002;demande_ami;2026-09-19 03:28:00;lue;2026-09-20 16:28:00;utilisateur;000100000000000000000046;000100000000000000000046;;00060000000000000000050c;
000100000000000000000014;jaime;2026-09-19 03:37:00;lue;2026-09-19 23:37:00;publication;000300000000000000000089;000100000000000000000034;000300000000000000000089;00060000000000000000050d;
000100000000000000000086;jaime;2026-09-19 03:45:00;lue;2026-09-19 08:45:00;publication;0003000000000000000001e6;000100000000000000000043;0003000000000000000001e6;00060000000000000000050e;
00010000000000000000004d;jaime;2026-09-19 03:57:00;lue;2026-09-20 02:57:00;publication;00030000000000000000008e;000100000000000000000068;00030000000000000000008e;00060000000000000000050f;
000100000000000000000010;message;2026-09-19 04:49:00;non_lue;;message_groupe;0005000000000000000005f8;000100000000000000000027;;000600000000000000000510;00020000000000000000001b
000100000000000000000001;jaime;2026-09-19 05:24:00;lue;2026-09-21 00:24:00;publication;0003000000000000000001b2;000100000000000000000035;0003000000000000000001b2;000600000000000000000511;
000100000000000000000001;jaime;2026-09-19 06:08:00;lue;2026-09-19 21:08:00;publication;0003000000000000000001e4;00010000000000000000006f;0003000000000000000001e4;000600000000000000000512;
000100000000000000000075;demande_ami;2026-09-19 06:14:00;lue;2026-09-19 14:14:00;utilisateur;000100000000000000000044;000100000000000000000044;;000600000000000000000513;
000100000000000000000022;jaime;2026-09-19 07:19:00;non_lue;;publication;0003000000000000000001ae;00010000000000000000003e;0003000000000000000001ae;000600000000000000000514;
000100000000000000000084;jaime;2026-09-19 08:42:00;lue;2026-09-21 00:42:00;publication;0003000000000000000001f2;00010000000000000000000e;0003000000000000000001f2;000600000000000000000515;
00010000000000000000007f;jaime;2026-09-19 08:45:00;lue;2026-09-20 21:45:00;publication;0003000000000000000001f7;00010000000000000000000e;0003000000000000000001f7;000600000000000000000516;
000100000000000000000022;jaime;2026-09-19 08:55:00;lue;2026-09-19 12:55:00;publication;0003000000000000000001ae;00010000000000000000000f;0003000000000000000001ae;000600000000000000000517;
000100000000000000000014;jaime;2026-09-19 09:05:00;lue;2026-09-21 04:05:00;publication;0003000000000000000001b3;000100000000000000000092;0003000000000000000001b3;000600000000000000000518;
00010000000000000000001d;message;2026-09-19 09:57:35;non_lue;;message_prive;000500000000000000000604;000100000000000000000001;;000600000000000000000519;
000100000000000000000052;demande_ami;2026-09-19 10:04:00;lue;2026-09-20 13:04:00;utilisateur;000100000000000000000045;000100000000000000000045;;00060000000000000000051a;
00010000000000000000007d;message;2026-09-19 10:22:12;non_lue;;message_prive;000500000000000000000608;000100000000000000000001;;00060000000000000000051b;
000100000000000000000054;message;2026-09-19 10:46:11;non_lue;;message_prive;000500000000000000000609;00010000000000000000000b;;00060000000000000000051c;
000100000000000000000020;jaime;2026-09-19 10:54:00;lue;2026-09-21 06:54:00;publication;0003000000000000000001cc;000100000000000000000075;0003000000000000000001cc;00060000000000000000051d;
00010000000000000000002a;jaime;2026-09-19 11:04:00;lue;2026-09-21 00:04:00;publication;0003000000000000000001e1;00010000000000000000005a;0003000000000000000001e1;00060000000000000000051e;
000100000000000000000040;message;2026-09-19 11:08:56;non_lue;;message_prive;00050000000000000000060b;000100000000000000000083;;00060000000000000000051f;
000100000000000000000001;jaime;2026-09-19 11:49:00;lue;2026-09-20 17:49:00;publication;000300000000000000000199;00010000000000000000001b;000300000000000000000199;000600000000000000000520;
000100000000000000000001;commentaire;2026-09-19 12:56:00;lue;2026-09-20 18:56:00;commentaire;000400000000000000000462;000100000000000000000012;0003000000000000000001e4;000600000000000000000521;
000100000000000000000014;jaime;2026-09-19 14:04:00;non_lue;;publication;000300000000000000000130;000100000000000000000015;000300000000000000000130;000600000000000000000522;
000100000000000000000095;demande_ami;2026-09-19 14:54:00;non_lue;;utilisateur;000100000000000000000004;000100000000000000000004;;000600000000000000000523;
000100000000000000000020;jaime;2026-09-19 14:55:00;lue;2026-09-20 03:55:00;publication;000300000000000000000075;000100000000000000000025;000300000000000000000075;000600000000000000000524;
000100000000000000000059;jaime;2026-09-19 15:51:00;lue;2026-09-20 08:51:00;publication;0003000000000000000000ec;00010000000000000000003e;0003000000000000000000ec;000600000000000000000525;
000100000000000000000042;jaime;2026-09-19 16:02:00;lue;2026-09-20 02:02:00;publication;00030000000000000000018c;000100000000000000000001;00030000000000000000018c;000600000000000000000526;
000100000000000000000022;jaime;2026-09-19 16:21:00;lue;2026-09-20 10:21:00;publication;000300000000000000000101;000100000000000000000037;000300000000000000000101;000600000000000000000527;
000100000000000000000014;jaime;2026-09-19 16:29:00;lue;2026-09-21 09:29:00;publication;0003000000000000000001c2;000100000000000000000076;0003000000000000000001c2;000600000000000000000528;
000100000000000000000020;jaime;2026-09-19 17:29:00;non_lue;;publication;00030000000000000000004f;000100000000000000000069;00030000000000000000004f;000600000000000000000529;
000100000000000000000001;jaime;2026-09-19 18:12:00;lue;2026-09-21 09:12:00;publication;0003000000000000000001e4;000100000000000000000018;0003000000000000000001e4;00060000000000000000052a;
000100000000000000000001;jaime;2026-09-19 18:28:00;lue;2026-09-20 04:28:00;publication;000300000000000000000132;000100000000000000000006;000300000000000000000132;00060000000000000000052b;
000100000000000000000001;jaime;2026-09-19 19:42:00;lue;2026-09-20 07:42:00;publication;0003000000000000000001f6;00010000000000000000002d;0003000000000000000001f6;00060000000000000000052c;
000100000000000000000004;jaime;2026-09-19 19:47:00;lue;2026-09-20 00:47:00;publication;000300000000000000000165;00010000000000000000001c;000300000000000000000165;00060000000000000000052d;
000100000000000000000081;jaime;2026-09-19 19:50:00;non_lue;;publication;0003000000000000000001d2;00010000000000000000006f;0003000000000000000001d2;00060000000000000000052e;
000100000000000000000078;demande_ami;2026-09-19 19:51:00;lue;2026-09-21 14:51:00;utilisateur;00010000000000000000006b;00010000000000000000006b;;00060000000000000000052f;
000100000000000000000001;commentaire;2026-09-19 20:23:00;non_lue;;commentaire;00040000000000000000001a;000100000000000000000088;0003000000000000000001f6;000600000000000000000530;
000100000000000000000001;commentaire;2026-09-19 21:16:00;lue;2026-09-20 11:16:00;commentaire;000400000000000000000016;000100000000000000000008;0003000000000000000001e4;000600000000000000000531;
00010000000000000000007e;commentaire;2026-09-19 21:32:00;lue;2026-09-21 19:32:00;commentaire;0004000000000000000003b8;000100000000000000000025;0003000000000000000001e9;000600000000000000000532;
000100000000000000000020;jaime;2026-09-19 21:56:00;lue;2026-09-21 11:56:00;publication;0003000000000000000001ff;000100000000000000000010;0003000000000000000001ff;000600000000000000000533;
00010000000000000000002a;jaime;2026-09-19 22:07:00;lue;2026-09-21 10:07:00;publication;0003000000000000000001e1;000100000000000000000039;0003000000000000000001e1;000600000000000000000534;
00010000000000000000008e;jaime;2026-09-19 22:24:00;lue;2026-09-21 11:24:00;publication;0003000000000000000001ef;000100000000000000000056;0003000000000000000001ef;000600000000000000000535;
000100000000000000000014;jaime;2026-09-19 23:40:00;lue;2026-09-21 00:40:00;publication;000300000000000000000152;00010000000000000000000c;000300000000000000000152;000600000000000000000536;
00010000000000000000002d;demande_ami;2026-09-19 23:47:00;non_lue;;utilisateur;000100000000000000000054;000100000000000000000054;;000600000000000000000537;
000100000000000000000084;jaime;2026-09-19 23:58:00;lue;2026-09-20 11:58:00;publication;00030000000000000000017b;00010000000000000000005d;00030000000000000000017b;000600000000000000000538;
000100000000000000000020;jaime;2026-09-20 00:06:00;lue;2026-09-21 20:06:00;publication;0003000000000000000000d4;00010000000000000000006d;0003000000000000000000d4;000600000000000000000539;
000100000000000000000028;jaime;2026-09-20 00:23:00;lue;2026-09-20 19:23:00;publication;000300000000000000000156;000100000000000000000092;000300000000000000000156;00060000000000000000053a;
000100000000000000000086;message;2026-09-20 01:02:00;non_lue;;message_groupe;000500000000000000000620;00010000000000000000000f;;00060000000000000000053b;000200000000000000000004
000100000000000000000021;message;2026-09-20 01:02:00;non_lue;;message_groupe;000500000000000000000620;00010000000000000000000f;;00060000000000000000053c;000200000000000000000004
00010000000000000000002a;jaime;2026-09-20 01:22:00;lue;2026-09-21 13:22:00;publication;0003000000000000000001ea;000100000000000000000076;0003000000000000000001ea;00060000000000000000053d;
000100000000000000000032;demande_ami;2026-09-20 01:34:00;non_lue;;utilisateur;00010000000000000000004c;00010000000000000000004c;;00060000000000000000053e;
000100000000000000000042;jaime;2026-09-20 01:54:00;lue;2026-09-21 04:54:00;publication;0003000000000000000001f9;00010000000000000000002a;0003000000000000000001f9;00060000000000000000053f;
00010000000000000000006b;demande_ami;2026-09-20 02:09:00;non_lue;;utilisateur;00010000000000000000002e;00010000000000000000002e;;000600000000000000000540;
000100000000000000000042;jaime;2026-09-20 03:26:00;lue;2026-09-21 12:26:00;publication;000300000000000000000168;00010000000000000000007b;000300000000000000000168;000600000000000000000541;
000100000000000000000019;message;2026-09-20 03:52:23;non_lue;;message_prive;000500000000000000000627;000100000000000000000064;;000600000000000000000542;
000100000000000000000019;message;2026-09-20 04:16:23;non_lue;;message_prive;000500000000000000000629;000100000000000000000064;;000600000000000000000543;
00010000000000000000007f;jaime;2026-09-20 04:22:00;lue;2026-09-21 14:22:00;publication;000300000000000000000205;000100000000000000000084;000300000000000000000205;000600000000000000000544;
00010000000000000000006d;demande_ami;2026-09-20 05:07:00;non_lue;;utilisateur;00010000000000000000006e;00010000000000000000006e;;000600000000000000000545;
00010000000000000000008e;jaime;2026-09-20 05:14:00;non_lue;;publication;000300000000000000000154;000100000000000000000020;000300000000000000000154;000600000000000000000546;
00010000000000000000006b;demande_ami;2026-09-20 05:42:00;lue;2026-09-22 01:42:00;utilisateur;000100000000000000000036;000100000000000000000036;;000600000000000000000547;
000100000000000000000028;jaime;2026-09-20 07:12:00;lue;2026-09-21 02:12:00;publication;0003000000000000000001c1;000100000000000000000022;0003000000000000000001c1;000600000000000000000548;
00010000000000000000003c;demande_ami;2026-09-20 07:13:00;lue;2026-09-21 10:13:00;utilisateur;00010000000000000000002b;00010000000000000000002b;;000600000000000000000549;
000100000000000000000001;jaime;2026-09-20 07:22:00;lue;2026-09-21 09:22:00;publication;0003000000000000000001f6;00010000000000000000005b;0003000000000000000001f6;00060000000000000000054a;
000100000000000000000057;demande_ami;2026-09-20 07:22:00;lue;2026-09-22 01:22:00;utilisateur;00010000000000000000008b;00010000000000000000008b;;00060000000000000000054b;
000100000000000000000001;jaime;2026-09-20 07:36:00;lue;2026-09-20 21:36:00;publication;0003000000000000000001f6;00010000000000000000007d;0003000000000000000001f6;00060000000000000000054c;
00010000000000000000007a;demande_ami;2026-09-20 08:17:00;non_lue;;utilisateur;000100000000000000000058;000100000000000000000058;;00060000000000000000054d;
000100000000000000000001;jaime;2026-09-20 08:52:00;lue;2026-09-20 15:52:00;publication;0003000000000000000001b2;000100000000000000000070;0003000000000000000001b2;00060000000000000000054e;
000100000000000000000086;demande_ami;2026-09-20 09:08:00;non_lue;;utilisateur;000100000000000000000089;000100000000000000000089;;00060000000000000000054f;
000100000000000000000055;message;2026-09-20 09:24:00;non_lue;;message_groupe;000500000000000000000631;000100000000000000000065;;000600000000000000000550;000200000000000000000009
000100000000000000000086;jaime;2026-09-20 10:22:00;non_lue;;publication;0003000000000000000001c0;000100000000000000000007;0003000000000000000001c0;000600000000000000000551;
00010000000000000000007f;jaime;2026-09-20 10:26:00;lue;2026-09-22 05:26:00;publication;0003000000000000000001f7;00010000000000000000004b;0003000000000000000001f7;000600000000000000000552;
000100000000000000000042;message;2026-09-20 10:54:13;non_lue;;message_prive;000500000000000000000636;000100000000000000000028;;000600000000000000000553;
000100000000000000000042;message;2026-09-20 11:29:13;non_lue;;message_prive;000500000000000000000637;000100000000000000000028;;000600000000000000000554;
000100000000000000000022;jaime;2026-09-20 11:57:00;lue;2026-09-21 13:57:00;publication;000300000000000000000179;000100000000000000000013;000300000000000000000179;000600000000000000000555;
000100000000000000000091;message;2026-09-20 11:59:21;non_lue;;message_prive;000500000000000000000639;000100000000000000000061;;000600000000000000000556;
000100000000000000000086;jaime;2026-09-20 12:23:00;non_lue;;publication;00030000000000000000019d;000100000000000000000074;00030000000000000000019d;000600000000000000000557;
00010000000000000000007f;jaime;2026-09-20 12:25:00;lue;2026-09-22 11:25:00;publication;000300000000000000000001;000100000000000000000023;000300000000000000000001;000600000000000000000558;
000100000000000000000014;jaime;2026-09-20 12:37:00;non_lue;;publication;0003000000000000000001c2;000100000000000000000047;0003000000000000000001c2;000600000000000000000559;
000100000000000000000088;jaime;2026-09-20 15:36:00;lue;2026-09-21 04:36:00;publication;0003000000000000000001c7;00010000000000000000005a;0003000000000000000001c7;00060000000000000000055a;
000100000000000000000021;jaime;2026-09-20 16:01:00;non_lue;;publication;00030000000000000000005c;00010000000000000000005b;00030000000000000000005c;00060000000000000000055b;
000100000000000000000038;jaime;2026-09-20 17:25:00;lue;2026-09-21 02:25:00;publication;000300000000000000000203;00010000000000000000008c;000300000000000000000203;00060000000000000000055c;
000100000000000000000001;jaime;2026-09-20 17:29:00;non_lue;;publication;0003000000000000000001f6;000100000000000000000021;0003000000000000000001f6;00060000000000000000055d;
000100000000000000000001;message;2026-09-20 18:56:35;non_lue;;message_prive;000500000000000000000650;000100000000000000000093;;00060000000000000000055e;
000100000000000000000001;message;2026-09-20 19:13:35;non_lue;;message_prive;000500000000000000000651;000100000000000000000093;;00060000000000000000055f;
000100000000000000000014;demande_ami;2026-09-20 19:32:00;non_lue;;utilisateur;00010000000000000000003d;00010000000000000000003d;;000600000000000000000560;
00010000000000000000008e;jaime;2026-09-20 19:55:00;non_lue;;publication;000300000000000000000158;000100000000000000000032;000300000000000000000158;000600000000000000000561;
000100000000000000000014;jaime;2026-09-20 19:58:00;lue;2026-09-21 22:58:00;publication;0003000000000000000001dd;000100000000000000000077;0003000000000000000001dd;000600000000000000000562;
000100000000000000000001;jaime;2026-09-20 20:08:00;non_lue;;publication;0003000000000000000001f6;00010000000000000000006c;0003000000000000000001f6;000600000000000000000563;
00010000000000000000008e;jaime;2026-09-20 20:10:00;lue;2026-09-21 19:10:00;publication;0003000000000000000000d2;000100000000000000000030;0003000000000000000000d2;000600000000000000000564;
00010000000000000000007e;jaime;2026-09-20 21:12:00;non_lue;;publication;000300000000000000000079;00010000000000000000001a;000300000000000000000079;000600000000000000000565;
00010000000000000000008e;commentaire;2026-09-20 21:50:00;non_lue;;commentaire;0004000000000000000002ab;00010000000000000000006d;000300000000000000000201;000600000000000000000566;
00010000000000000000007b;message;2026-09-20 22:27:00;non_lue;;message_groupe;00050000000000000000065f;000100000000000000000079;;000600000000000000000567;000200000000000000000015
000100000000000000000039;message;2026-09-20 22:27:00;non_lue;;message_groupe;00050000000000000000065f;000100000000000000000079;;000600000000000000000568;000200000000000000000015
000100000000000000000054;jaime;2026-09-20 22:35:00;lue;2026-09-22 09:35:00;publication;00030000000000000000007b;00010000000000000000008c;00030000000000000000007b;000600000000000000000569;
000100000000000000000063;demande_ami;2026-09-20 22:38:00;non_lue;;utilisateur;00010000000000000000006c;00010000000000000000006c;;00060000000000000000056a;
000100000000000000000035;demande_ami;2026-09-20 23:01:00;lue;2026-09-21 16:01:00;utilisateur;000100000000000000000087;000100000000000000000087;;00060000000000000000056b;
00010000000000000000005a;demande_ami;2026-09-20 23:35:00;non_lue;;utilisateur;000100000000000000000015;000100000000000000000015;;00060000000000000000056c;
000100000000000000000055;message;2026-09-20 23:54:00;non_lue;;message_groupe;000500000000000000000664;000100000000000000000079;;00060000000000000000056d;000200000000000000000015
000100000000000000000084;message;2026-09-20 23:54:00;non_lue;;message_groupe;000500000000000000000664;000100000000000000000079;;00060000000000000000056e;000200000000000000000015
000100000000000000000042;jaime;2026-09-21 00:22:00;non_lue;;publication;00030000000000000000017c;00010000000000000000000f;00030000000000000000017c;00060000000000000000056f;
00010000000000000000004d;jaime;2026-09-21 00:23:00;non_lue;;publication;000300000000000000000091;00010000000000000000000e;000300000000000000000091;000600000000000000000570;
000100000000000000000014;commentaire;2026-09-21 01:07:00;non_lue;;commentaire;00040000000000000000015b;000100000000000000000023;0003000000000000000001dd;000600000000000000000571;
00010000000000000000008e;jaime;2026-09-21 01:13:00;lue;2026-09-21 07:13:00;publication;000300000000000000000154;00010000000000000000005a;000300000000000000000154;000600000000000000000572;
000100000000000000000022;jaime;2026-09-21 01:42:00;lue;2026-09-21 21:42:00;publication;000300000000000000000179;000100000000000000000006;000300000000000000000179;000600000000000000000573;
000100000000000000000086;jaime;2026-09-21 01:55:00;non_lue;;publication;000300000000000000000074;00010000000000000000006f;000300000000000000000074;000600000000000000000574;
000100000000000000000081;jaime;2026-09-21 02:13:00;non_lue;;publication;000300000000000000000036;000100000000000000000009;000300000000000000000036;000600000000000000000575;
000100000000000000000051;demande_ami;2026-09-21 02:49:00;non_lue;;utilisateur;000100000000000000000047;000100000000000000000047;;000600000000000000000576;
000100000000000000000033;demande_ami;2026-09-21 03:28:00;lue;2026-09-22 09:28:00;utilisateur;000100000000000000000084;000100000000000000000084;;000600000000000000000577;
00010000000000000000005d;jaime;2026-09-21 04:43:00;non_lue;;publication;0003000000000000000001f4;00010000000000000000000c;0003000000000000000001f4;000600000000000000000578;
000100000000000000000011;message;2026-09-21 04:48:00;non_lue;;message_groupe;00050000000000000000066e;000100000000000000000087;;000600000000000000000579;000200000000000000000018
000100000000000000000027;message;2026-09-21 04:48:00;non_lue;;message_groupe;00050000000000000000066e;000100000000000000000087;;00060000000000000000057a;000200000000000000000018
000100000000000000000092;demande_ami;2026-09-21 04:50:00;non_lue;;utilisateur;000100000000000000000031;000100000000000000000031;;00060000000000000000057b;
000100000000000000000044;demande_ami;2026-09-21 05:28:00;lue;2026-09-22 13:28:00;utilisateur;000100000000000000000078;000100000000000000000078;;00060000000000000000057c;
000100000000000000000001;jaime;2026-09-21 05:59:00;non_lue;;publication;0003000000000000000001a8;00010000000000000000008d;0003000000000000000001a8;00060000000000000000057d;
000100000000000000000002;demande_ami;2026-09-21 06:18:00;lue;2026-09-21 19:18:00;utilisateur;000100000000000000000051;000100000000000000000051;;00060000000000000000057e;
000100000000000000000090;message;2026-09-21 06:36:00;non_lue;;message_groupe;00050000000000000000066f;000100000000000000000079;;00060000000000000000057f;000200000000000000000007
000100000000000000000042;jaime;2026-09-21 07:43:00;non_lue;;publication;00030000000000000000018c;000100000000000000000045;00030000000000000000018c;000600000000000000000580;
00010000000000000000008b;demande_ami;2026-09-21 07:47:00;lue;2026-09-23 03:47:00;utilisateur;00010000000000000000004b;00010000000000000000004b;;000600000000000000000581;
00010000000000000000008e;jaime;2026-09-21 07:52:00;lue;2026-09-21 23:52:00;publication;000300000000000000000204;000100000000000000000044;000300000000000000000204;000600000000000000000582;
00010000000000000000006b;jaime;2026-09-21 08:10:00;lue;2026-09-22 11:10:00;publication;000300000000000000000125;00010000000000000000000e;000300000000000000000125;000600000000000000000583;
00010000000000000000002a;jaime;2026-09-21 08:11:00;non_lue;;publication;000300000000000000000128;000100000000000000000031;000300000000000000000128;000600000000000000000584;
000100000000000000000076;jaime;2026-09-21 08:42:00;non_lue;;publication;000300000000000000000115;00010000000000000000002c;000300000000000000000115;000600000000000000000585;
00010000000000000000004f;demande_ami;2026-09-21 09:01:00;non_lue;;utilisateur;00010000000000000000006e;00010000000000000000006e;;000600000000000000000586;
000100000000000000000020;jaime;2026-09-21 09:12:00;lue;2026-09-21 17:12:00;publication;0003000000000000000000eb;000100000000000000000091;0003000000000000000000eb;000600000000000000000587;
000100000000000000000057;demande_ami;2026-09-21 10:00:00;lue;2026-09-22 08:00:00;utilisateur;000100000000000000000068;000100000000000000000068;;000600000000000000000588;
00010000000000000000006f;message;2026-09-21 10:27:57;non_lue;;message_prive;000500000000000000000676;000100000000000000000016;;000600000000000000000589;
000100000000000000000009;demande_ami;2026-09-21 10:29:00;lue;2026-09-22 00:29:00;utilisateur;00010000000000000000003e;00010000000000000000003e;;00060000000000000000058a;
00010000000000000000007e;jaime;2026-09-21 11:17:00;non_lue;;publication;000300000000000000000079;000100000000000000000041;000300000000000000000079;00060000000000000000058b;
00010000000000000000008e;jaime;2026-09-21 11:28:00;non_lue;;publication;0003000000000000000001c5;00010000000000000000007f;0003000000000000000001c5;00060000000000000000058c;
00010000000000000000002a;jaime;2026-09-21 11:30:00;non_lue;;publication;000300000000000000000183;000100000000000000000045;000300000000000000000183;00060000000000000000058d;
000100000000000000000086;message;2026-09-21 11:30:27;non_lue;;message_prive;000500000000000000000678;000100000000000000000001;;00060000000000000000058e;
000100000000000000000014;jaime;2026-09-21 11:32:00;lue;2026-09-22 19:32:00;publication;0003000000000000000001c2;000100000000000000000035;0003000000000000000001c2;00060000000000000000058f;
000100000000000000000091;message;2026-09-21 11:59:21;non_lue;;message_prive;000500000000000000000679;000100000000000000000061;;000600000000000000000590;
000100000000000000000091;message;2026-09-21 12:20:21;non_lue;;message_prive;00050000000000000000067b;000100000000000000000061;;000600000000000000000591;
00010000000000000000008e;jaime;2026-09-21 12:34:00;non_lue;;publication;0003000000000000000000f5;000100000000000000000041;0003000000000000000000f5;000600000000000000000592;
000100000000000000000082;demande_ami;2026-09-21 13:35:00;lue;2026-09-22 00:35:00;utilisateur;00010000000000000000005d;00010000000000000000005d;;000600000000000000000593;
000100000000000000000001;jaime;2026-09-21 14:09:00;non_lue;;publication;000300000000000000000208;000100000000000000000065;000300000000000000000208;000600000000000000000594;
000100000000000000000060;demande_ami;2026-09-21 14:47:00;non_lue;;utilisateur;000100000000000000000082;000100000000000000000082;;000600000000000000000595;
000100000000000000000084;jaime;2026-09-21 14:59:00;non_lue;;publication;0003000000000000000001f2;000100000000000000000079;0003000000000000000001f2;000600000000000000000596;
000100000000000000000086;jaime;2026-09-21 15:36:00;lue;2026-09-23 08:36:00;publication;00030000000000000000004d;000100000000000000000022;00030000000000000000004d;000600000000000000000597;
000100000000000000000040;demande_ami;2026-09-21 17:01:00;lue;2026-09-23 04:01:00;utilisateur;00010000000000000000006d;00010000000000000000006d;;000600000000000000000598;
00010000000000000000004a;demande_ami;2026-09-21 17:20:00;lue;2026-09-21 23:20:00;utilisateur;000100000000000000000022;000100000000000000000022;;000600000000000000000599;
000100000000000000000068;demande_ami;2026-09-21 17:34:00;lue;2026-09-22 00:34:00;utilisateur;00010000000000000000000e;00010000000000000000000e;;00060000000000000000059a;
00010000000000000000002a;jaime;2026-09-21 17:48:00;non_lue;;publication;00030000000000000000012c;00010000000000000000000b;00030000000000000000012c;00060000000000000000059b;
000100000000000000000079;demande_ami;2026-09-21 18:23:00;lue;2026-09-22 02:23:00;utilisateur;00010000000000000000007e;00010000000000000000007e;;00060000000000000000059c;
000100000000000000000085;message;2026-09-21 18:57:36;non_lue;;message_prive;00050000000000000000068d;00010000000000000000003c;;00060000000000000000059d;
00010000000000000000008e;jaime;2026-09-21 19:24:00;lue;2026-09-22 20:24:00;publication;0003000000000000000000f0;00010000000000000000007c;0003000000000000000000f0;00060000000000000000059e;
000100000000000000000042;jaime;2026-09-21 19:35:00;lue;2026-09-22 20:35:00;publication;00030000000000000000002a;000100000000000000000085;00030000000000000000002a;00060000000000000000059f;
000100000000000000000014;jaime;2026-09-21 20:30:00;non_lue;;publication;00030000000000000000002b;000100000000000000000050;00030000000000000000002b;0006000000000000000005a0;
000100000000000000000086;jaime;2026-09-21 21:10:00;lue;2026-09-23 00:10:00;publication;000300000000000000000144;00010000000000000000008a;000300000000000000000144;0006000000000000000005a1;
00010000000000000000008c;message;2026-09-21 21:35:00;non_lue;;message_groupe;000500000000000000000693;00010000000000000000001a;;0006000000000000000005a2;000200000000000000000005
00010000000000000000000e;message;2026-09-21 21:35:00;non_lue;;message_groupe;000500000000000000000693;00010000000000000000001a;;0006000000000000000005a3;000200000000000000000005
00010000000000000000007f;jaime;2026-09-21 21:54:00;non_lue;;publication;000300000000000000000205;000100000000000000000021;000300000000000000000205;0006000000000000000005a4;
000100000000000000000084;demande_ami;2026-09-21 21:59:00;lue;2026-09-22 20:59:00;utilisateur;000100000000000000000010;000100000000000000000010;;0006000000000000000005a5;
000100000000000000000026;commentaire;2026-09-21 22:16:00;non_lue;;commentaire;00040000000000000000022d;000100000000000000000020;0003000000000000000001e0;0006000000000000000005a6;
000100000000000000000015;demande_ami;2026-09-21 22:28:00;non_lue;;utilisateur;000100000000000000000014;000100000000000000000014;;0006000000000000000005a7;
00010000000000000000006b;jaime;2026-09-21 22:30:00;non_lue;;publication;000300000000000000000159;00010000000000000000000f;000300000000000000000159;0006000000000000000005a8;
000100000000000000000044;demande_ami;2026-09-21 23:19:00;lue;2026-09-22 23:19:00;utilisateur;000100000000000000000095;000100000000000000000095;;0006000000000000000005a9;
000100000000000000000027;message;2026-09-21 23:27:00;non_lue;;message_groupe;000500000000000000000694;000100000000000000000066;;0006000000000000000005aa;000200000000000000000007
000100000000000000000004;message;2026-09-22 00:12:00;non_lue;;message_groupe;000500000000000000000695;000100000000000000000050;;0006000000000000000005ab;00020000000000000000001a
000100000000000000000020;jaime;2026-09-22 01:17:00;non_lue;;publication;0003000000000000000000b8;000100000000000000000012;0003000000000000000000b8;0006000000000000000005ac;
000100000000000000000022;jaime;2026-09-22 01:32:00;lue;2026-09-23 12:32:00;publication;000300000000000000000118;00010000000000000000000e;000300000000000000000118;0006000000000000000005ad;
000100000000000000000042;jaime;2026-09-22 01:33:00;non_lue;;publication;000300000000000000000209;000100000000000000000051;000300000000000000000209;0006000000000000000005ae;
000100000000000000000027;message;2026-09-22 01:39:00;non_lue;;message_groupe;000500000000000000000697;00010000000000000000000a;;0006000000000000000005af;000200000000000000000010
00010000000000000000008e;jaime;2026-09-22 01:45:00;lue;2026-09-22 11:45:00;publication;00030000000000000000012d;000100000000000000000092;00030000000000000000012d;0006000000000000000005b0;
000100000000000000000014;message;2026-09-22 01:47:00;non_lue;;message_groupe;000500000000000000000698;000100000000000000000073;;0006000000000000000005b1;000200000000000000000005
00010000000000000000007c;demande_ami;2026-09-22 02:16:00;lue;2026-09-22 19:16:00;utilisateur;000100000000000000000045;000100000000000000000045;;0006000000000000000005b2;
00010000000000000000001d;demande_ami;2026-09-22 02:34:00;lue;2026-09-23 17:34:00;utilisateur;000100000000000000000030;000100000000000000000030;;0006000000000000000005b3;
00010000000000000000002a;jaime;2026-09-22 02:37:00;non_lue;;publication;00030000000000000000018b;000100000000000000000087;00030000000000000000018b;0006000000000000000005b4;
00010000000000000000008e;jaime;2026-09-22 03:16:00;lue;2026-09-23 21:16:00;publication;000300000000000000000177;00010000000000000000003d;000300000000000000000177;0006000000000000000005b5;
000100000000000000000028;jaime;2026-09-22 03:45:00;non_lue;;publication;0003000000000000000000cd;000100000000000000000076;0003000000000000000000cd;0006000000000000000005b6;
00010000000000000000006b;commentaire;2026-09-22 03:47:00;lue;2026-09-23 13:47:00;commentaire;0004000000000000000003dd;000100000000000000000055;0003000000000000000001ec;0006000000000000000005b7;
000100000000000000000001;commentaire;2026-09-22 03:52:00;non_lue;;commentaire;000400000000000000000019;000100000000000000000086;0003000000000000000001f6;0006000000000000000005b8;
000100000000000000000001;commentaire;2026-09-22 03:57:00;lue;2026-09-23 16:57:00;commentaire;00040000000000000000001e;000100000000000000000037;000300000000000000000208;0006000000000000000005b9;
000100000000000000000042;jaime;2026-09-22 04:03:00;non_lue;;publication;000300000000000000000195;00010000000000000000006e;000300000000000000000195;0006000000000000000005ba;
000100000000000000000020;jaime;2026-09-22 04:32:00;non_lue;;publication;000300000000000000000182;000100000000000000000041;000300000000000000000182;0006000000000000000005bb;
000100000000000000000072;jaime;2026-09-22 04:58:00;lue;2026-09-23 20:58:00;publication;000300000000000000000064;000100000000000000000029;000300000000000000000064;0006000000000000000005bc;
000100000000000000000001;jaime;2026-09-22 05:08:00;non_lue;;publication;0003000000000000000001f6;00010000000000000000000e;0003000000000000000001f6;0006000000000000000005bd;
000100000000000000000044;demande_ami;2026-09-22 05:09:00;lue;2026-09-23 14:09:00;utilisateur;00010000000000000000004a;00010000000000000000004a;;0006000000000000000005be;
000100000000000000000081;jaime;2026-09-22 05:25:00;non_lue;;publication;00030000000000000000020c;00010000000000000000007e;00030000000000000000020c;0006000000000000000005bf;
000100000000000000000042;demande_ami;2026-09-22 06:25:00;lue;2026-09-24 02:25:00;utilisateur;000100000000000000000093;000100000000000000000093;;0006000000000000000005c0;
00010000000000000000007f;jaime;2026-09-22 06:28:00;lue;2026-09-22 21:28:00;publication;000300000000000000000189;000100000000000000000044;000300000000000000000189;0006000000000000000005c1;
000100000000000000000014;jaime;2026-09-22 06:29:00;non_lue;;publication;0003000000000000000000f3;000100000000000000000080;0003000000000000000000f3;0006000000000000000005c2;
00010000000000000000007f;demande_ami;2026-09-22 06:43:00;lue;2026-09-23 23:43:00;utilisateur;00010000000000000000003a;00010000000000000000003a;;0006000000000000000005c3;
000100000000000000000086;jaime;2026-09-22 07:04:00;non_lue;;publication;000300000000000000000123;000100000000000000000020;000300000000000000000123;0006000000000000000005c4;
000100000000000000000001;message;2026-09-22 07:16:44;non_lue;;message_prive;0005000000000000000006a0;000100000000000000000082;;0006000000000000000005c5;
000100000000000000000001;message;2026-09-22 07:51:44;non_lue;;message_prive;0005000000000000000006a3;000100000000000000000082;;0006000000000000000005c6;
000100000000000000000042;jaime;2026-09-22 08:02:00;lue;2026-09-22 15:02:00;publication;0003000000000000000001e2;00010000000000000000004d;0003000000000000000001e2;0006000000000000000005c7;
00010000000000000000006b;jaime;2026-09-22 08:31:00;non_lue;;publication;000300000000000000000162;000100000000000000000055;000300000000000000000162;0006000000000000000005c8;
00010000000000000000008e;commentaire;2026-09-22 09:29:00;non_lue;;commentaire;000400000000000000000308;00010000000000000000003a;000300000000000000000207;0006000000000000000005c9;
000100000000000000000074;demande_ami;2026-09-22 11:20:00;lue;2026-09-22 22:20:00;utilisateur;00010000000000000000001a;00010000000000000000001a;;0006000000000000000005ca;
000100000000000000000056;demande_ami;2026-09-22 11:26:00;non_lue;;utilisateur;000100000000000000000076;000100000000000000000076;;0006000000000000000005cb;
000100000000000000000057;jaime;2026-09-22 12:07:00;non_lue;;publication;0003000000000000000001c9;000100000000000000000027;0003000000000000000001c9;0006000000000000000005cc;
000100000000000000000001;demande_ami;2026-09-22 13:45:00;non_lue;;utilisateur;00010000000000000000002c;00010000000000000000002c;;0006000000000000000005cd;
000100000000000000000086;jaime;2026-09-22 14:42:00;lue;2026-09-24 01:42:00;publication;000300000000000000000181;000100000000000000000036;000300000000000000000181;0006000000000000000005ce;
00010000000000000000007d;demande_ami;2026-09-22 14:49:00;non_lue;;utilisateur;000100000000000000000006;000100000000000000000006;;0006000000000000000005cf;
000100000000000000000086;jaime;2026-09-22 15:36:00;non_lue;;publication;0003000000000000000001c0;000100000000000000000012;0003000000000000000001c0;0006000000000000000005d0;
000100000000000000000014;message;2026-09-22 16:47:37;non_lue;;message_prive;0005000000000000000006c0;00010000000000000000002a;;0006000000000000000005d1;
00010000000000000000003f;demande_ami;2026-09-22 18:58:00;non_lue;;utilisateur;00010000000000000000007b;00010000000000000000007b;;0006000000000000000005d2;
000100000000000000000014;jaime;2026-09-22 21:02:00;non_lue;;publication;0003000000000000000000fd;000100000000000000000093;0003000000000000000000fd;0006000000000000000005d3;
000100000000000000000028;jaime;2026-09-22 21:04:00;lue;2026-09-23 15:04:00;publication;0003000000000000000001c1;000100000000000000000033;0003000000000000000001c1;0006000000000000000005d4;
000100000000000000000086;jaime;2026-09-22 21:29:00;lue;2026-09-23 00:29:00;publication;0003000000000000000001e6;00010000000000000000008b;0003000000000000000001e6;0006000000000000000005d5;
00010000000000000000008e;jaime;2026-09-22 22:18:00;lue;2026-09-24 21:18:00;publication;000300000000000000000201;00010000000000000000003d;000300000000000000000201;0006000000000000000005d6;
000100000000000000000086;jaime;2026-09-22 22:28:00;non_lue;;publication;000300000000000000000144;000100000000000000000063;000300000000000000000144;0006000000000000000005d7;
000100000000000000000022;commentaire;2026-09-22 23:49:00;non_lue;;commentaire;0004000000000000000003d4;00010000000000000000008c;0003000000000000000001eb;0006000000000000000005d8;
000100000000000000000001;commentaire;2026-09-22 23:53:00;non_lue;;commentaire;000400000000000000000018;000100000000000000000023;0003000000000000000001e4;0006000000000000000005d9;
000100000000000000000001;jaime;2026-09-23 00:06:00;non_lue;;publication;000300000000000000000208;000100000000000000000063;000300000000000000000208;0006000000000000000005da;
000100000000000000000014;jaime;2026-09-23 00:24:00;non_lue;;publication;0003000000000000000000ef;000100000000000000000076;0003000000000000000000ef;0006000000000000000005db;
000100000000000000000084;jaime;2026-09-23 01:02:00;lue;2026-09-24 08:02:00;publication;00030000000000000000020f;00010000000000000000008c;00030000000000000000020f;0006000000000000000005dc;
000100000000000000000012;message;2026-09-23 01:33:34;non_lue;;message_prive;0005000000000000000006cc;000100000000000000000077;;0006000000000000000005dd;
000100000000000000000022;jaime;2026-09-23 02:32:00;non_lue;;publication;00030000000000000000013e;00010000000000000000004e;00030000000000000000013e;0006000000000000000005de;
000100000000000000000001;jaime;2026-09-23 03:12:00;non_lue;;publication;0003000000000000000001f6;000100000000000000000040;0003000000000000000001f6;0006000000000000000005df;
000100000000000000000086;jaime;2026-09-23 03:45:00;non_lue;;publication;0003000000000000000001d6;00010000000000000000005c;0003000000000000000001d6;0006000000000000000005e0;
00010000000000000000008e;jaime;2026-09-23 05:18:00;lue;2026-09-24 11:18:00;publication;000300000000000000000201;000100000000000000000019;000300000000000000000201;0006000000000000000005e1;
00010000000000000000002a;jaime;2026-09-23 05:19:00;non_lue;;publication;0003000000000000000001e1;000100000000000000000005;0003000000000000000001e1;0006000000000000000005e2;
00010000000000000000003b;demande_ami;2026-09-23 05:32:00;lue;2026-09-23 08:32:00;utilisateur;000100000000000000000050;000100000000000000000050;;0006000000000000000005e3;
000100000000000000000001;message;2026-09-23 05:56:00;non_lue;;message_groupe;0005000000000000000006d1;000100000000000000000061;;0006000000000000000005e4;000200000000000000000002
000100000000000000000001;jaime;2026-09-23 06:12:00;non_lue;;publication;000300000000000000000208;00010000000000000000002d;000300000000000000000208;0006000000000000000005e5;
000100000000000000000012;demande_ami;2026-09-23 06:16:00;non_lue;;utilisateur;000100000000000000000030;000100000000000000000030;;0006000000000000000005e6;
000100000000000000000014;jaime;2026-09-23 06:21:00;non_lue;;publication;0003000000000000000000fd;000100000000000000000069;0003000000000000000000fd;0006000000000000000005e7;
000100000000000000000028;jaime;2026-09-23 06:59:00;lue;2026-09-23 11:59:00;publication;0003000000000000000001c1;000100000000000000000015;0003000000000000000001c1;0006000000000000000005e8;
00010000000000000000002a;jaime;2026-09-23 08:06:00;lue;2026-09-24 03:06:00;publication;0003000000000000000001e1;000100000000000000000087;0003000000000000000001e1;0006000000000000000005e9;
000100000000000000000014;jaime;2026-09-23 08:25:00;non_lue;;publication;0003000000000000000000c6;000100000000000000000026;0003000000000000000000c6;0006000000000000000005ea;
000100000000000000000042;jaime;2026-09-23 09:23:00;non_lue;;publication;000300000000000000000169;00010000000000000000004d;000300000000000000000169;0006000000000000000005eb;
000100000000000000000086;jaime;2026-09-23 09:39:00;lue;2026-09-24 12:39:00;publication;0003000000000000000001ee;000100000000000000000013;0003000000000000000001ee;0006000000000000000005ec;
00010000000000000000008b;jaime;2026-09-23 09:53:00;non_lue;;publication;000300000000000000000174;000100000000000000000068;000300000000000000000174;0006000000000000000005ed;
00010000000000000000002b;jaime;2026-09-23 09:56:00;non_lue;;publication;0003000000000000000000ee;000100000000000000000021;0003000000000000000000ee;0006000000000000000005ee;
000100000000000000000047;demande_ami;2026-09-23 10:24:00;non_lue;;utilisateur;000100000000000000000049;000100000000000000000049;;0006000000000000000005ef;
000100000000000000000001;jaime;2026-09-23 10:30:00;non_lue;;publication;0003000000000000000001e4;000100000000000000000080;0003000000000000000001e4;0006000000000000000005f0;
000100000000000000000020;jaime;2026-09-23 10:35:00;lue;2026-09-24 10:35:00;publication;0003000000000000000001fe;00010000000000000000002c;0003000000000000000001fe;0006000000000000000005f1;
000100000000000000000084;jaime;2026-09-23 10:41:00;non_lue;;publication;0003000000000000000000a1;000100000000000000000046;0003000000000000000000a1;0006000000000000000005f2;
000100000000000000000001;message;2026-09-23 11:05:00;non_lue;;message_groupe;0005000000000000000006de;000100000000000000000075;;0006000000000000000005f3;000200000000000000000004
00010000000000000000003a;demande_ami;2026-09-23 11:45:00;lue;2026-09-23 18:45:00;utilisateur;000100000000000000000060;000100000000000000000060;;0006000000000000000005f4;
000100000000000000000042;commentaire;2026-09-23 12:12:00;non_lue;;commentaire;000400000000000000000411;000100000000000000000026;0003000000000000000001f5;0006000000000000000005f5;
000100000000000000000020;jaime;2026-09-23 12:23:00;lue;2026-09-25 12:23:00;publication;00030000000000000000004c;000100000000000000000008;00030000000000000000004c;0006000000000000000005f6;
000100000000000000000042;jaime;2026-09-23 13:29:00;non_lue;;publication;000300000000000000000081;00010000000000000000003f;000300000000000000000081;0006000000000000000005f7;
000100000000000000000086;jaime;2026-09-23 14:21:00;non_lue;;publication;0003000000000000000001ed;000100000000000000000078;0003000000000000000001ed;0006000000000000000005f8;
00010000000000000000006b;jaime;2026-09-23 14:49:00;non_lue;;publication;0003000000000000000001ec;000100000000000000000032;0003000000000000000001ec;0006000000000000000005f9;
000100000000000000000042;jaime;2026-09-23 15:34:00;non_lue;;publication;000300000000000000000210;00010000000000000000004d;000300000000000000000210;0006000000000000000005fa;
000100000000000000000001;jaime;2026-09-23 15:35:00;non_lue;;publication;0003000000000000000001e4;00010000000000000000004c;0003000000000000000001e4;0006000000000000000005fb;
00010000000000000000007e;jaime;2026-09-23 15:49:00;non_lue;;publication;0003000000000000000001fa;000100000000000000000073;0003000000000000000001fa;0006000000000000000005fc;
000100000000000000000088;demande_ami;2026-09-23 15:49:00;non_lue;;utilisateur;000100000000000000000013;000100000000000000000013;;0006000000000000000005fd;
00010000000000000000000a;demande_ami;2026-09-23 15:49:00;lue;2026-09-24 16:49:00;utilisateur;000100000000000000000035;000100000000000000000035;;0006000000000000000005fe;
000100000000000000000042;jaime;2026-09-23 15:54:00;non_lue;;publication;000300000000000000000149;00010000000000000000001d;000300000000000000000149;0006000000000000000005ff;
00010000000000000000005f;demande_ami;2026-09-23 17:01:00;lue;2026-09-24 20:01:00;utilisateur;00010000000000000000007c;00010000000000000000007c;;000600000000000000000600;
000100000000000000000001;jaime;2026-09-23 17:26:00;non_lue;;publication;0003000000000000000001e4;00010000000000000000003f;0003000000000000000001e4;000600000000000000000601;
000100000000000000000022;commentaire;2026-09-23 17:55:00;non_lue;;commentaire;000400000000000000000466;000100000000000000000061;0003000000000000000001eb;000600000000000000000602;
00010000000000000000008a;jaime;2026-09-23 18:24:00;non_lue;;publication;0003000000000000000001cb;000100000000000000000076;0003000000000000000001cb;000600000000000000000603;
000100000000000000000041;demande_ami;2026-09-23 18:33:00;non_lue;;utilisateur;00010000000000000000006e;00010000000000000000006e;;000600000000000000000604;
000100000000000000000037;message;2026-09-23 18:42:00;non_lue;;message_groupe;0005000000000000000006f0;000100000000000000000028;;000600000000000000000605;000200000000000000000012
00010000000000000000000e;message;2026-09-23 18:42:00;non_lue;;message_groupe;0005000000000000000006f0;000100000000000000000028;;000600000000000000000606;000200000000000000000012
000100000000000000000042;jaime;2026-09-23 18:47:00;lue;2026-09-25 09:47:00;publication;0003000000000000000000d8;000100000000000000000029;0003000000000000000000d8;000600000000000000000607;
000100000000000000000001;jaime;2026-09-23 19:11:00;lue;2026-09-25 00:11:00;publication;000300000000000000000111;000100000000000000000031;000300000000000000000111;000600000000000000000608;
000100000000000000000076;jaime;2026-09-23 19:27:00;lue;2026-09-24 23:27:00;publication;000300000000000000000025;000100000000000000000059;000300000000000000000025;000600000000000000000609;
00010000000000000000002f;message;2026-09-23 19:53:23;non_lue;;message_prive;0005000000000000000006f7;000100000000000000000001;;00060000000000000000060a;
000100000000000000000014;jaime;2026-09-23 20:30:00;lue;2026-09-24 09:30:00;publication;00030000000000000000009f;000100000000000000000043;00030000000000000000009f;00060000000000000000060b;
000100000000000000000001;jaime;2026-09-23 20:42:00;non_lue;;publication;000300000000000000000199;000100000000000000000072;000300000000000000000199;00060000000000000000060c;
00010000000000000000008a;demande_ami;2026-09-23 20:46:00;lue;2026-09-24 11:46:00;utilisateur;000100000000000000000036;000100000000000000000036;;00060000000000000000060d;
00010000000000000000005a;demande_ami;2026-09-23 21:09:00;non_lue;;utilisateur;000100000000000000000049;000100000000000000000049;;00060000000000000000060e;
000100000000000000000061;demande_ami;2026-09-23 21:17:00;lue;2026-09-24 06:17:00;utilisateur;00010000000000000000003f;00010000000000000000003f;;00060000000000000000060f;
00010000000000000000002f;message;2026-09-23 21:20:23;non_lue;;message_prive;0005000000000000000006f9;000100000000000000000001;;000600000000000000000610;
000100000000000000000088;demande_ami;2026-09-23 22:02:00;non_lue;;utilisateur;000100000000000000000032;000100000000000000000032;;000600000000000000000611;
000100000000000000000081;jaime;2026-09-23 22:23:00;lue;2026-09-24 01:23:00;publication;000300000000000000000217;000100000000000000000026;000300000000000000000217;000600000000000000000612;
000100000000000000000001;jaime;2026-09-23 22:56:00;lue;2026-09-24 01:56:00;publication;0003000000000000000001b2;000100000000000000000011;0003000000000000000001b2;000600000000000000000613;
000100000000000000000020;jaime;2026-09-23 22:59:00;lue;2026-09-25 02:59:00;publication;000300000000000000000075;000100000000000000000045;000300000000000000000075;000600000000000000000614;
000100000000000000000079;jaime;2026-09-23 23:06:00;non_lue;;publication;0003000000000000000001d0;000100000000000000000055;0003000000000000000001d0;000600000000000000000615;
000100000000000000000042;jaime;2026-09-23 23:57:00;non_lue;;publication;000300000000000000000213;000100000000000000000030;000300000000000000000213;000600000000000000000616;
000100000000000000000020;jaime;2026-09-24 01:08:00;lue;2026-09-25 04:08:00;publication;000300000000000000000182;000100000000000000000067;000300000000000000000182;000600000000000000000617;
000100000000000000000020;jaime;2026-09-24 01:22:00;lue;2026-09-24 20:22:00;publication;00030000000000000000020e;000100000000000000000002;00030000000000000000020e;000600000000000000000618;
000100000000000000000001;jaime;2026-09-24 01:31:00;non_lue;;publication;000300000000000000000150;000100000000000000000006;000300000000000000000150;000600000000000000000619;
000100000000000000000042;jaime;2026-09-24 01:49:00;lue;2026-09-25 22:49:00;publication;000300000000000000000213;000100000000000000000028;000300000000000000000213;00060000000000000000061a;
00010000000000000000007f;jaime;2026-09-24 02:15:00;non_lue;;publication;000300000000000000000219;000100000000000000000017;000300000000000000000219;00060000000000000000061b;
00010000000000000000007e;jaime;2026-09-24 02:57:00;non_lue;;publication;00030000000000000000015b;000100000000000000000046;00030000000000000000015b;00060000000000000000061c;
000100000000000000000084;jaime;2026-09-24 03:03:00;non_lue;;publication;00030000000000000000020f;000100000000000000000001;00030000000000000000020f;00060000000000000000061d;
00010000000000000000002a;jaime;2026-09-24 04:25:00;lue;2026-09-25 10:25:00;publication;00030000000000000000021c;00010000000000000000005b;00030000000000000000021c;00060000000000000000061e;
000100000000000000000086;jaime;2026-09-24 04:45:00;non_lue;;publication;0003000000000000000001ed;000100000000000000000014;0003000000000000000001ed;00060000000000000000061f;
000100000000000000000001;message;2026-09-24 05:36:00;non_lue;;message_groupe;000500000000000000000709;000100000000000000000021;;000600000000000000000620;000200000000000000000004
000100000000000000000081;jaime;2026-09-24 05:40:00;non_lue;;publication;0003000000000000000001e3;000100000000000000000096;0003000000000000000001e3;000600000000000000000621;
000100000000000000000042;jaime;2026-09-24 06:07:00;non_lue;;publication;000300000000000000000173;00010000000000000000002e;000300000000000000000173;000600000000000000000622;
000100000000000000000014;demande_ami;2026-09-24 06:29:00;non_lue;;utilisateur;000100000000000000000015;000100000000000000000015;;000600000000000000000623;
000100000000000000000088;commentaire;2026-09-24 07:35:00;non_lue;;commentaire;000400000000000000000378;000100000000000000000046;00030000000000000000021d;000600000000000000000624;
000100000000000000000001;jaime;2026-09-24 07:46:00;lue;2026-09-25 09:46:00;publication;0003000000000000000001f6;00010000000000000000002e;0003000000000000000001f6;000600000000000000000625;
000100000000000000000086;jaime;2026-09-24 08:32:00;non_lue;;publication;00030000000000000000019d;00010000000000000000008a;00030000000000000000019d;000600000000000000000626;
000100000000000000000004;demande_ami;2026-09-24 09:04:00;non_lue;;utilisateur;000100000000000000000006;000100000000000000000006;;000600000000000000000627;
000100000000000000000001;jaime;2026-09-24 09:14:00;non_lue;;publication;0003000000000000000001b2;000100000000000000000085;0003000000000000000001b2;000600000000000000000628;
000100000000000000000020;jaime;2026-09-24 09:16:00;non_lue;;publication;0003000000000000000001dc;000100000000000000000026;0003000000000000000001dc;000600000000000000000629;
000100000000000000000015;demande_ami;2026-09-24 09:16:00;non_lue;;utilisateur;000100000000000000000017;000100000000000000000017;;00060000000000000000062a;
000100000000000000000038;demande_ami;2026-09-24 09:23:00;lue;2026-09-24 20:23:00;utilisateur;00010000000000000000004f;00010000000000000000004f;;00060000000000000000062b;
000100000000000000000020;jaime;2026-09-24 09:52:00;lue;2026-09-25 02:52:00;publication;0003000000000000000001dc;000100000000000000000074;0003000000000000000001dc;00060000000000000000062c;
000100000000000000000089;demande_ami;2026-09-24 10:05:00;non_lue;;utilisateur;000100000000000000000024;000100000000000000000024;;00060000000000000000062d;
000100000000000000000080;demande_ami;2026-09-24 11:26:00;non_lue;;utilisateur;000100000000000000000007;000100000000000000000007;;00060000000000000000062e;
000100000000000000000096;jaime;2026-09-24 11:52:00;non_lue;;publication;00030000000000000000001b;000100000000000000000088;00030000000000000000001b;00060000000000000000062f;
000100000000000000000043;demande_ami;2026-09-24 11:53:00;non_lue;;utilisateur;000100000000000000000048;000100000000000000000048;;000600000000000000000630;
000100000000000000000020;jaime;2026-09-24 12:08:00;non_lue;;publication;0003000000000000000001ff;000100000000000000000067;0003000000000000000001ff;000600000000000000000631;
000100000000000000000026;message;2026-09-24 12:12:00;non_lue;;message_groupe;000500000000000000000717;000100000000000000000027;;000600000000000000000632;000200000000000000000010
000100000000000000000055;demande_ami;2026-09-24 12:26:00;non_lue;;utilisateur;00010000000000000000000c;00010000000000000000000c;;000600000000000000000633;
000100000000000000000084;jaime;2026-09-24 12:32:00;lue;2026-09-24 17:32:00;publication;000300000000000000000110;00010000000000000000006c;000300000000000000000110;000600000000000000000634;
000100000000000000000059;jaime;2026-09-24 12:36:00;lue;2026-09-25 07:36:00;publication;0003000000000000000001f1;00010000000000000000004a;0003000000000000000001f1;000600000000000000000635;
00010000000000000000001b;message;2026-09-24 13:04:00;non_lue;;message_groupe;00050000000000000000071b;000100000000000000000094;;000600000000000000000636;000200000000000000000015
000100000000000000000081;message;2026-09-24 13:04:00;non_lue;;message_groupe;00050000000000000000071b;000100000000000000000094;;000600000000000000000637;000200000000000000000015
000100000000000000000013;jaime;2026-09-24 13:27:00;lue;2026-09-25 13:27:00;publication;00030000000000000000020b;00010000000000000000005a;00030000000000000000020b;000600000000000000000638;
00010000000000000000002a;jaime;2026-09-24 13:34:00;non_lue;;publication;0003000000000000000001bc;00010000000000000000003e;0003000000000000000001bc;000600000000000000000639;
00010000000000000000008e;jaime;2026-09-24 13:38:00;non_lue;;publication;000300000000000000000177;00010000000000000000000a;000300000000000000000177;00060000000000000000063a;
00010000000000000000002a;jaime;2026-09-24 14:05:00;non_lue;;publication;00030000000000000000018b;000100000000000000000063;00030000000000000000018b;00060000000000000000063b;
000100000000000000000001;message;2026-09-24 14:37:00;non_lue;;message_groupe;000500000000000000000720;000100000000000000000075;;00060000000000000000063c;000200000000000000000004
000100000000000000000031;demande_ami;2026-09-24 15:06:00;non_lue;;utilisateur;000100000000000000000033;000100000000000000000033;;00060000000000000000063d;
000100000000000000000001;message;2026-09-24 15:06:42;non_lue;;message_prive;000500000000000000000721;00010000000000000000007e;;00060000000000000000063e;
00010000000000000000004d;jaime;2026-09-24 15:10:00;non_lue;;publication;000300000000000000000091;000100000000000000000020;000300000000000000000091;00060000000000000000063f;
00010000000000000000007e;jaime;2026-09-24 16:16:00;lue;2026-09-25 01:16:00;publication;0003000000000000000001e9;00010000000000000000003e;0003000000000000000001e9;000600000000000000000640;
000100000000000000000084;jaime;2026-09-24 17:48:00;lue;2026-09-25 09:48:00;publication;000300000000000000000093;000100000000000000000019;000300000000000000000093;000600000000000000000641;
000100000000000000000085;demande_ami;2026-09-24 17:50:00;non_lue;;utilisateur;000100000000000000000011;000100000000000000000011;;000600000000000000000642;
000100000000000000000001;jaime;2026-09-24 19:23:00;non_lue;;publication;0003000000000000000001f6;000100000000000000000037;0003000000000000000001f6;000600000000000000000643;
00010000000000000000004d;demande_ami;2026-09-24 19:46:00;non_lue;;utilisateur;000100000000000000000061;000100000000000000000061;;000600000000000000000644;
000100000000000000000084;jaime;2026-09-24 19:50:00;lue;2026-09-25 09:50:00;publication;0003000000000000000001d1;000100000000000000000024;0003000000000000000001d1;000600000000000000000645;
000100000000000000000014;jaime;2026-09-24 20:29:00;non_lue;;publication;000300000000000000000133;000100000000000000000038;000300000000000000000133;000600000000000000000646;
00010000000000000000004a;jaime;2026-09-24 21:52:00;non_lue;;publication;000300000000000000000214;000100000000000000000084;000300000000000000000214;000600000000000000000647;
00010000000000000000008e;jaime;2026-09-24 22:21:00;non_lue;;publication;0003000000000000000001f0;000100000000000000000032;0003000000000000000001f0;000600000000000000000648;
000100000000000000000081;jaime;2026-09-24 22:25:00;non_lue;;publication;00030000000000000000007a;00010000000000000000004b;00030000000000000000007a;000600000000000000000649;
00010000000000000000008e;jaime;2026-09-24 22:31:00;non_lue;;publication;0003000000000000000001f0;000100000000000000000085;0003000000000000000001f0;00060000000000000000064a;
000100000000000000000076;jaime;2026-09-24 22:42:00;non_lue;;publication;00030000000000000000021b;000100000000000000000089;00030000000000000000021b;00060000000000000000064b;
00010000000000000000002e;message;2026-09-24 22:47:00;non_lue;;message_groupe;00050000000000000000072c;000100000000000000000042;;00060000000000000000064c;000200000000000000000018
000100000000000000000042;jaime;2026-09-24 23:05:00;non_lue;;publication;00030000000000000000006f;00010000000000000000007e;00030000000000000000006f;00060000000000000000064d;
00010000000000000000005a;message;2026-09-24 23:14:00;non_lue;;message_groupe;00050000000000000000072e;000100000000000000000090;;00060000000000000000064e;000200000000000000000008
00010000000000000000003a;message;2026-09-24 23:28:00;non_lue;;message_groupe;00050000000000000000072f;00010000000000000000000a;;00060000000000000000064f;00020000000000000000000a
000100000000000000000014;message;2026-09-24 23:28:00;non_lue;;message_groupe;00050000000000000000072f;00010000000000000000000a;;000600000000000000000650;00020000000000000000000a
00010000000000000000006b;jaime;2026-09-25 00:21:00;non_lue;;publication;00030000000000000000020a;00010000000000000000003f;00030000000000000000020a;000600000000000000000651;
000100000000000000000054;message;2026-09-25 00:23:00;non_lue;;message_groupe;000500000000000000000731;000100000000000000000094;;000600000000000000000652;00020000000000000000000f
000100000000000000000033;demande_ami;2026-09-25 00:32:00;non_lue;;utilisateur;000100000000000000000063;000100000000000000000063;;000600000000000000000653;
000100000000000000000079;jaime;2026-09-25 00:45:00;non_lue;;publication;0003000000000000000001d0;00010000000000000000002f;0003000000000000000001d0;000600000000000000000654;
000100000000000000000059;jaime;2026-09-25 01:09:00;non_lue;;publication;0003000000000000000001f1;000100000000000000000045;0003000000000000000001f1;000600000000000000000655;
000100000000000000000042;jaime;2026-09-25 02:14:00;lue;2026-09-26 18:14:00;publication;0003000000000000000001d9;000100000000000000000049;0003000000000000000001d9;000600000000000000000656;
000100000000000000000078;demande_ami;2026-09-25 02:34:00;non_lue;;utilisateur;00010000000000000000006d;00010000000000000000006d;;000600000000000000000657;
000100000000000000000065;message;2026-09-25 02:39:00;non_lue;;message_groupe;000500000000000000000738;00010000000000000000003c;;000600000000000000000658;000200000000000000000007
000100000000000000000057;message;2026-09-25 02:39:00;non_lue;;message_groupe;000500000000000000000738;00010000000000000000003c;;000600000000000000000659;000200000000000000000007
000100000000000000000039;message;2026-09-25 02:39:00;non_lue;;message_groupe;000500000000000000000738;00010000000000000000003c;;00060000000000000000065a;000200000000000000000007
000100000000000000000079;message;2026-09-25 02:39:00;non_lue;;message_groupe;000500000000000000000738;00010000000000000000003c;;00060000000000000000065b;000200000000000000000007
000100000000000000000026;message;2026-09-25 03:11:35;non_lue;;message_prive;00050000000000000000073a;00010000000000000000002b;;00060000000000000000065c;
00010000000000000000006b;demande_ami;2026-09-25 03:30:00;non_lue;;utilisateur;00010000000000000000005f;00010000000000000000005f;;00060000000000000000065d;
00010000000000000000002a;jaime;2026-09-25 03:38:00;non_lue;;publication;00030000000000000000021c;00010000000000000000000f;00030000000000000000021c;00060000000000000000065e;
00010000000000000000007f;jaime;2026-09-25 03:59:00;non_lue;;publication;000300000000000000000219;000100000000000000000042;000300000000000000000219;00060000000000000000065f;
000100000000000000000028;jaime;2026-09-25 04:09:00;lue;2026-09-26 11:09:00;publication;000300000000000000000224;000100000000000000000002;000300000000000000000224;000600000000000000000660;
00010000000000000000002a;jaime;2026-09-25 04:10:00;non_lue;;publication;00030000000000000000011e;000100000000000000000075;00030000000000000000011e;000600000000000000000661;
00010000000000000000002a;jaime;2026-09-25 04:16:00;non_lue;;publication;0003000000000000000000a0;000100000000000000000064;0003000000000000000000a0;000600000000000000000662;
000100000000000000000001;jaime;2026-09-25 04:24:00;non_lue;;publication;000300000000000000000208;00010000000000000000003a;000300000000000000000208;000600000000000000000663;
000100000000000000000027;jaime;2026-09-25 05:23:00;lue;2026-09-26 04:23:00;publication;0003000000000000000001fd;00010000000000000000000e;0003000000000000000001fd;000600000000000000000664;
000100000000000000000090;demande_ami;2026-09-25 05:37:00;non_lue;;utilisateur;00010000000000000000007d;00010000000000000000007d;;000600000000000000000665;
000100000000000000000086;jaime;2026-09-25 06:04:00;non_lue;;publication;0003000000000000000001e6;000100000000000000000004;0003000000000000000001e6;000600000000000000000666;
00010000000000000000007f;jaime;2026-09-25 06:49:00;lue;2026-09-25 07:49:00;publication;000300000000000000000084;00010000000000000000000e;000300000000000000000084;000600000000000000000667;
000100000000000000000028;jaime;2026-09-25 06:54:00;non_lue;;publication;00030000000000000000007f;00010000000000000000006b;00030000000000000000007f;000600000000000000000668;
000100000000000000000064;demande_ami;2026-09-25 07:03:00;non_lue;;utilisateur;000100000000000000000021;000100000000000000000021;;000600000000000000000669;
000100000000000000000063;jaime;2026-09-25 07:16:00;non_lue;;publication;000300000000000000000122;000100000000000000000046;000300000000000000000122;00060000000000000000066a;
000100000000000000000066;message;2026-09-25 07:29:00;non_lue;;message_groupe;000500000000000000000749;000100000000000000000049;;00060000000000000000066b;00020000000000000000000b
000100000000000000000079;demande_ami;2026-09-25 07:49:00;non_lue;;utilisateur;000100000000000000000038;000100000000000000000038;;00060000000000000000066c;
000100000000000000000001;message;2026-09-25 07:55:00;non_lue;;message_groupe;00050000000000000000074a;000100000000000000000075;;00060000000000000000066d;000200000000000000000004
00010000000000000000007f;message;2026-09-25 08:02:59;non_lue;;message_prive;00050000000000000000074c;000100000000000000000043;;00060000000000000000066e;
00010000000000000000002a;jaime;2026-09-25 08:34:00;non_lue;;publication;000300000000000000000128;00010000000000000000001b;000300000000000000000128;00060000000000000000066f;
000100000000000000000003;message;2026-09-25 08:47:00;non_lue;;message_groupe;00050000000000000000074f;000100000000000000000007;;000600000000000000000670;000200000000000000000019
000100000000000000000076;message;2026-09-25 08:47:00;non_lue;;message_groupe;00050000000000000000074f;000100000000000000000007;;000600000000000000000671;000200000000000000000019
000100000000000000000069;message;2026-09-25 08:51:00;non_lue;;message_groupe;000500000000000000000750;00010000000000000000007e;;000600000000000000000672;00020000000000000000000d
000100000000000000000087;message;2026-09-25 08:51:00;non_lue;;message_groupe;000500000000000000000750;00010000000000000000007e;;000600000000000000000673;00020000000000000000000d
00010000000000000000003f;jaime;2026-09-25 08:58:00;non_lue;;publication;00030000000000000000021a;000100000000000000000027;00030000000000000000021a;000600000000000000000674;
000100000000000000000081;commentaire;2026-09-25 08:59:00;lue;2026-09-26 09:59:00;commentaire;0004000000000000000003e5;00010000000000000000004a;000300000000000000000217;000600000000000000000675;
000100000000000000000009;demande_ami;2026-09-25 09:14:00;non_lue;;utilisateur;000100000000000000000060;000100000000000000000060;;000600000000000000000676;
00010000000000000000004c;message;2026-09-25 09:28:00;non_lue;;message_groupe;000500000000000000000752;000100000000000000000050;;000600000000000000000677;000200000000000000000002
00010000000000000000005a;message;2026-09-25 09:28:00;non_lue;;message_groupe;000500000000000000000752;000100000000000000000050;;000600000000000000000678;000200000000000000000002
000100000000000000000010;message;2026-09-25 09:28:00;non_lue;;message_groupe;000500000000000000000752;000100000000000000000050;;000600000000000000000679;000200000000000000000002
00010000000000000000008e;message;2026-09-25 09:28:00;non_lue;;message_groupe;000500000000000000000752;000100000000000000000050;;00060000000000000000067a;000200000000000000000002
000100000000000000000001;message;2026-09-25 09:28:00;non_lue;;message_groupe;000500000000000000000752;000100000000000000000050;;00060000000000000000067b;000200000000000000000002
000100000000000000000015;message;2026-09-25 09:29:00;non_lue;;message_groupe;000500000000000000000753;00010000000000000000004a;;00060000000000000000067c;000200000000000000000016
000100000000000000000025;message;2026-09-25 09:34:00;non_lue;;message_groupe;000500000000000000000754;000100000000000000000024;;00060000000000000000067d;000200000000000000000007
000100000000000000000001;message;2026-09-25 09:34:00;non_lue;;message_groupe;000500000000000000000754;000100000000000000000024;;00060000000000000000067e;000200000000000000000007
000100000000000000000086;jaime;2026-09-25 09:44:00;non_lue;;publication;000300000000000000000092;000100000000000000000012;000300000000000000000092;00060000000000000000067f;
000100000000000000000001;commentaire;2026-09-25 09:49:00;non_lue;;commentaire;00040000000000000000001b;000100000000000000000002;0003000000000000000001f6;000600000000000000000680;
000100000000000000000086;jaime;2026-09-25 11:06:00;non_lue;;publication;00030000000000000000019d;00010000000000000000007b;00030000000000000000019d;000600000000000000000681;
000100000000000000000028;jaime;2026-09-25 11:19:00;non_lue;;publication;0003000000000000000000b3;000100000000000000000048;0003000000000000000000b3;000600000000000000000682;
000100000000000000000057;commentaire;2026-09-25 11:21:00;lue;2026-09-25 21:21:00;commentaire;000400000000000000000138;000100000000000000000092;000300000000000000000211;000600000000000000000683;
00010000000000000000003c;message;2026-09-25 11:54:00;non_lue;;message_groupe;000500000000000000000756;00010000000000000000001c;;000600000000000000000684;000200000000000000000011
000100000000000000000018;demande_ami;2026-09-25 12:11:00;lue;2026-09-27 06:11:00;utilisateur;00010000000000000000004e;00010000000000000000004e;;000600000000000000000685;
00010000000000000000007e;demande_ami;2026-09-25 12:19:00;lue;2026-09-27 05:19:00;utilisateur;000100000000000000000047;000100000000000000000047;;000600000000000000000686;
000100000000000000000056;message;2026-09-25 12:42:00;non_lue;;message_groupe;000500000000000000000758;00010000000000000000003d;;000600000000000000000687;000200000000000000000019
000100000000000000000004;message;2026-09-25 12:42:00;non_lue;;message_groupe;000500000000000000000758;00010000000000000000003d;;000600000000000000000688;000200000000000000000019
000100000000000000000010;message;2026-09-25 13:04:00;non_lue;;message_groupe;000500000000000000000759;000100000000000000000013;;000600000000000000000689;000200000000000000000002
000100000000000000000045;message;2026-09-25 13:04:00;non_lue;;message_groupe;000500000000000000000759;000100000000000000000013;;00060000000000000000068a;000200000000000000000002
00010000000000000000007a;demande_ami;2026-09-25 14:09:00;non_lue;;utilisateur;00010000000000000000004f;00010000000000000000004f;;00060000000000000000068b;
000100000000000000000076;jaime;2026-09-25 14:35:00;lue;2026-09-25 15:35:00;publication;0003000000000000000001a1;000100000000000000000096;0003000000000000000001a1;00060000000000000000068c;
000100000000000000000048;message;2026-09-25 14:54:00;non_lue;;message_groupe;00050000000000000000075a;000100000000000000000096;;00060000000000000000068d;00020000000000000000001b
000100000000000000000011;message;2026-09-25 14:54:00;non_lue;;message_groupe;00050000000000000000075b;000100000000000000000058;;00060000000000000000068e;00020000000000000000000a
00010000000000000000000a;message;2026-09-25 14:54:00;non_lue;;message_groupe;00050000000000000000075b;000100000000000000000058;;00060000000000000000068f;00020000000000000000000a
000100000000000000000061;message;2026-09-25 14:54:00;non_lue;;message_groupe;00050000000000000000075b;000100000000000000000058;;000600000000000000000690;00020000000000000000000a
000100000000000000000045;message;2026-09-25 14:54:00;non_lue;;message_groupe;00050000000000000000075b;000100000000000000000058;;000600000000000000000691;00020000000000000000000a
000100000000000000000028;jaime;2026-09-25 16:04:00;non_lue;;publication;0003000000000000000000bd;00010000000000000000004c;0003000000000000000000bd;000600000000000000000692;
000100000000000000000001;jaime;2026-09-25 16:09:00;non_lue;;publication;0003000000000000000001e4;00010000000000000000008d;0003000000000000000001e4;000600000000000000000693;
000100000000000000000028;jaime;2026-09-25 16:09:00;non_lue;;publication;0003000000000000000001d3;000100000000000000000011;0003000000000000000001d3;000600000000000000000694;
000100000000000000000076;jaime;2026-09-25 17:04:00;non_lue;;publication;000300000000000000000225;00010000000000000000003d;000300000000000000000225;000600000000000000000695;
000100000000000000000026;message;2026-09-25 17:44:00;non_lue;;message_groupe;00050000000000000000075f;00010000000000000000004e;;000600000000000000000696;000200000000000000000010
00010000000000000000002a;jaime;2026-09-25 18:18:00;lue;2026-09-27 15:18:00;publication;0003000000000000000000fc;000100000000000000000041;0003000000000000000000fc;000600000000000000000697;
000100000000000000000073;message;2026-09-25 18:19:00;non_lue;;message_groupe;000500000000000000000760;000100000000000000000094;;000600000000000000000698;00020000000000000000000b
000100000000000000000001;jaime;2026-09-25 19:06:00;non_lue;;publication;000300000000000000000208;000100000000000000000083;000300000000000000000208;000600000000000000000699;
00010000000000000000005d;jaime;2026-09-25 19:14:00;non_lue;;publication;000300000000000000000221;000100000000000000000012;000300000000000000000221;00060000000000000000069a;
00010000000000000000004e;message;2026-09-25 19:44:00;non_lue;;message_groupe;000500000000000000000762;00010000000000000000008a;;00060000000000000000069b;00020000000000000000001e
00010000000000000000003d;message;2026-09-25 19:44:00;non_lue;;message_groupe;000500000000000000000762;00010000000000000000008a;;00060000000000000000069c;00020000000000000000001e
000100000000000000000089;message;2026-09-25 19:44:00;non_lue;;message_groupe;000500000000000000000762;00010000000000000000008a;;00060000000000000000069d;00020000000000000000001e
000100000000000000000059;commentaire;2026-09-25 19:58:00;lue;2026-09-26 17:58:00;commentaire;00040000000000000000034d;000100000000000000000074;0003000000000000000001f1;00060000000000000000069e;
000100000000000000000053;message;2026-09-25 20:33:00;non_lue;;message_groupe;000500000000000000000763;000100000000000000000045;;00060000000000000000069f;00020000000000000000001b
000100000000000000000012;message;2026-09-25 20:33:00;non_lue;;message_groupe;000500000000000000000763;000100000000000000000045;;0006000000000000000006a0;00020000000000000000001b
000100000000000000000014;jaime;2026-09-25 20:35:00;lue;2026-09-26 21:35:00;publication;0003000000000000000000ef;000100000000000000000003;0003000000000000000000ef;0006000000000000000006a1;
00010000000000000000002a;jaime;2026-09-25 21:08:00;non_lue;;publication;00030000000000000000021c;000100000000000000000045;00030000000000000000021c;0006000000000000000006a2;
000100000000000000000010;message;2026-09-25 21:43:00;non_lue;;message_groupe;000500000000000000000764;000100000000000000000001;;0006000000000000000006a3;000200000000000000000005
000100000000000000000020;message;2026-09-25 21:43:00;non_lue;;message_groupe;000500000000000000000764;000100000000000000000001;;0006000000000000000006a4;000200000000000000000005
000100000000000000000014;message;2026-09-25 21:43:00;non_lue;;message_groupe;000500000000000000000764;000100000000000000000001;;0006000000000000000006a5;000200000000000000000005
000100000000000000000001;jaime;2026-09-25 22:44:00;lue;2026-09-26 03:44:00;publication;000300000000000000000199;000100000000000000000003;000300000000000000000199;0006000000000000000006a6;
000100000000000000000014;commentaire;2026-09-25 22:46:00;non_lue;;commentaire;00040000000000000000034c;00010000000000000000007c;000300000000000000000220;0006000000000000000006a7;
000100000000000000000024;message;2026-09-25 23:02:00;non_lue;;message_groupe;000500000000000000000765;00010000000000000000006f;;0006000000000000000006a8;00020000000000000000000c
000100000000000000000076;jaime;2026-09-25 23:06:00;non_lue;;publication;000300000000000000000225;000100000000000000000034;000300000000000000000225;0006000000000000000006a9;
000100000000000000000014;jaime;2026-09-25 23:21:00;non_lue;;publication;000300000000000000000220;000100000000000000000049;000300000000000000000220;0006000000000000000006aa;
000100000000000000000014;demande_ami;2026-09-25 23:22:00;non_lue;;utilisateur;00010000000000000000007b;00010000000000000000007b;;0006000000000000000006ab;
000100000000000000000054;message;2026-09-25 23:25:00;non_lue;;message_groupe;000500000000000000000766;00010000000000000000008a;;0006000000000000000006ac;000200000000000000000007
00010000000000000000007e;message;2026-09-25 23:25:00;non_lue;;message_groupe;000500000000000000000766;00010000000000000000008a;;0006000000000000000006ad;000200000000000000000007
000100000000000000000036;message;2026-09-25 23:25:00;non_lue;;message_groupe;000500000000000000000766;00010000000000000000008a;;0006000000000000000006ae;000200000000000000000007
000100000000000000000086;jaime;2026-09-25 23:28:00;non_lue;;publication;00030000000000000000004a;00010000000000000000000d;00030000000000000000004a;0006000000000000000006af;
000100000000000000000014;demande_ami;2026-09-25 23:33:00;non_lue;;utilisateur;00010000000000000000000c;00010000000000000000000c;;0006000000000000000006b0;
000100000000000000000032;message;2026-09-25 23:47:00;non_lue;;message_groupe;000500000000000000000767;00010000000000000000002a;;0006000000000000000006b1;000200000000000000000008
000100000000000000000020;jaime;2026-09-25 23:49:00;non_lue;;publication;0003000000000000000001cc;000100000000000000000065;0003000000000000000001cc;0006000000000000000006b2;
00010000000000000000001d;demande_ami;2026-09-26 00:03:00;non_lue;;utilisateur;00010000000000000000008c;00010000000000000000008c;;0006000000000000000006b3;
00010000000000000000005a;message;2026-09-26 01:14:00;non_lue;;message_groupe;000500000000000000000769;000100000000000000000093;;0006000000000000000006b4;000200000000000000000007
000100000000000000000086;jaime;2026-09-26 01:22:00;non_lue;;publication;0003000000000000000001c4;000100000000000000000094;0003000000000000000001c4;0006000000000000000006b5;
000100000000000000000006;message;2026-09-26 01:23:00;non_lue;;message_groupe;00050000000000000000076a;00010000000000000000007e;;0006000000000000000006b6;000200000000000000000018
000100000000000000000011;message;2026-09-26 01:23:00;non_lue;;message_groupe;00050000000000000000076a;00010000000000000000007e;;0006000000000000000006b7;000200000000000000000018
000100000000000000000082;message;2026-09-26 01:23:00;non_lue;;message_groupe;00050000000000000000076a;00010000000000000000007e;;0006000000000000000006b8;000200000000000000000018
000100000000000000000001;jaime;2026-09-26 01:42:00;non_lue;;publication;0003000000000000000001f6;00010000000000000000004b;0003000000000000000001f6;0006000000000000000006b9;
00010000000000000000006b;jaime;2026-09-26 02:16:00;lue;2026-09-27 10:16:00;publication;0003000000000000000001ec;00010000000000000000003d;0003000000000000000001ec;0006000000000000000006ba;
000100000000000000000084;jaime;2026-09-26 02:17:00;non_lue;;publication;00030000000000000000020f;000100000000000000000018;00030000000000000000020f;0006000000000000000006bb;
000100000000000000000001;commentaire;2026-09-26 03:08:00;non_lue;;commentaire;000400000000000000000234;00010000000000000000005f;0003000000000000000001f6;0006000000000000000006bc;
00010000000000000000003f;commentaire;2026-09-26 03:46:00;non_lue;;commentaire;0004000000000000000001cc;000100000000000000000096;00030000000000000000021a;0006000000000000000006bd;
000100000000000000000086;jaime;2026-09-26 03:47:00;lue;2026-09-26 16:47:00;publication;000300000000000000000157;000100000000000000000014;000300000000000000000157;0006000000000000000006be;
000100000000000000000003;jaime;2026-09-26 04:27:00;non_lue;;publication;00030000000000000000016b;00010000000000000000007b;00030000000000000000016b;0006000000000000000006bf;
000100000000000000000024;message;2026-09-26 04:33:00;non_lue;;message_groupe;00050000000000000000076c;000100000000000000000048;;0006000000000000000006c0;00020000000000000000000c
00010000000000000000001c;message;2026-09-26 04:49:00;non_lue;;message_groupe;00050000000000000000076d;00010000000000000000000d;;0006000000000000000006c1;000200000000000000000009
000100000000000000000064;message;2026-09-26 04:49:00;non_lue;;message_groupe;00050000000000000000076d;00010000000000000000000d;;0006000000000000000006c2;000200000000000000000009
000100000000000000000061;message;2026-09-26 04:49:00;non_lue;;message_groupe;00050000000000000000076d;00010000000000000000000d;;0006000000000000000006c3;000200000000000000000009
000100000000000000000001;jaime;2026-09-26 05:04:00;non_lue;;publication;000300000000000000000208;000100000000000000000036;000300000000000000000208;0006000000000000000006c4;
00010000000000000000002a;jaime;2026-09-26 05:11:00;lue;2026-09-27 13:11:00;publication;0003000000000000000001bc;000100000000000000000038;0003000000000000000001bc;0006000000000000000006c5;
00010000000000000000008f;message;2026-09-26 05:22:00;non_lue;;message_groupe;00050000000000000000076e;00010000000000000000007b;;0006000000000000000006c6;000200000000000000000007
000100000000000000000031;message;2026-09-26 05:22:00;non_lue;;message_groupe;00050000000000000000076e;00010000000000000000007b;;0006000000000000000006c7;000200000000000000000007
000100000000000000000081;jaime;2026-09-26 05:35:00;non_lue;;publication;00030000000000000000007a;000100000000000000000055;00030000000000000000007a;0006000000000000000006c8;
000100000000000000000051;message;2026-09-26 05:57:00;non_lue;;message_groupe;00050000000000000000076f;00010000000000000000000f;;0006000000000000000006c9;000200000000000000000019
000100000000000000000001;jaime;2026-09-26 05:57:00;lue;2026-09-27 01:57:00;publication;000300000000000000000199;000100000000000000000091;000300000000000000000199;0006000000000000000006ca;
00010000000000000000002b;message;2026-09-26 06:19:00;non_lue;;message_groupe;000500000000000000000770;000100000000000000000034;;0006000000000000000006cb;00020000000000000000000b
00010000000000000000002a;jaime;2026-09-26 06:51:00;non_lue;;publication;0003000000000000000001bc;000100000000000000000021;0003000000000000000001bc;0006000000000000000006cc;
000100000000000000000084;commentaire;2026-09-26 07:03:00;non_lue;;commentaire;0004000000000000000002c7;000100000000000000000071;0003000000000000000001f2;0006000000000000000006cd;
000100000000000000000084;message;2026-09-26 07:19:00;non_lue;;message_groupe;000500000000000000000771;00010000000000000000007f;;0006000000000000000006ce;00020000000000000000000a
000100000000000000000045;message;2026-09-26 07:19:00;non_lue;;message_groupe;000500000000000000000771;00010000000000000000007f;;0006000000000000000006cf;00020000000000000000000a
00010000000000000000008f;message;2026-09-26 07:24:00;non_lue;;message_groupe;000500000000000000000772;00010000000000000000001f;;0006000000000000000006d0;000200000000000000000019
000100000000000000000081;jaime;2026-09-26 07:28:00;non_lue;;publication;000300000000000000000217;000100000000000000000044;000300000000000000000217;0006000000000000000006d1;
00010000000000000000008e;jaime;2026-09-26 07:37:00;lue;2026-09-27 14:37:00;publication;000300000000000000000215;000100000000000000000046;000300000000000000000215;0006000000000000000006d2;
000100000000000000000096;message;2026-09-26 08:32:00;non_lue;;message_groupe;000500000000000000000774;000100000000000000000019;;0006000000000000000006d3;00020000000000000000001c
00010000000000000000006d;message;2026-09-26 08:32:00;non_lue;;message_groupe;000500000000000000000774;000100000000000000000019;;0006000000000000000006d4;00020000000000000000001c
000100000000000000000055;message;2026-09-26 08:32:00;non_lue;;message_groupe;000500000000000000000774;000100000000000000000019;;0006000000000000000006d5;00020000000000000000001c
000100000000000000000014;message;2026-09-26 08:32:00;non_lue;;message_groupe;000500000000000000000774;000100000000000000000019;;0006000000000000000006d6;00020000000000000000001c
000100000000000000000021;message;2026-09-26 08:41:00;non_lue;;message_groupe;000500000000000000000775;000100000000000000000092;;0006000000000000000006d7;000200000000000000000019
000100000000000000000077;message;2026-09-26 08:41:00;non_lue;;message_groupe;000500000000000000000775;000100000000000000000092;;0006000000000000000006d8;000200000000000000000019
000100000000000000000096;message;2026-09-26 08:41:00;non_lue;;message_groupe;000500000000000000000775;000100000000000000000092;;0006000000000000000006d9;000200000000000000000019
00010000000000000000002b;demande_ami;2026-09-26 08:50:00;lue;2026-09-28 04:50:00;utilisateur;00010000000000000000003c;00010000000000000000003c;;0006000000000000000006da;
00010000000000000000001f;demande_ami;2026-09-26 08:51:00;non_lue;;utilisateur;00010000000000000000006e;00010000000000000000006e;;0006000000000000000006db;
000100000000000000000001;jaime;2026-09-26 09:00:00;non_lue;;publication;0003000000000000000001e4;000100000000000000000022;0003000000000000000001e4;0006000000000000000006dc;
000100000000000000000022;jaime;2026-09-26 09:29:00;non_lue;;publication;0003000000000000000001ad;000100000000000000000024;0003000000000000000001ad;0006000000000000000006dd;
000100000000000000000033;message;2026-09-26 09:58:00;non_lue;;message_groupe;000500000000000000000777;00010000000000000000006a;;0006000000000000000006de;00020000000000000000001b
00010000000000000000005d;message;2026-09-26 09:58:00;non_lue;;message_groupe;000500000000000000000777;00010000000000000000006a;;0006000000000000000006df;00020000000000000000001b
000100000000000000000076;message;2026-09-26 09:58:00;non_lue;;message_groupe;000500000000000000000777;00010000000000000000006a;;0006000000000000000006e0;00020000000000000000001b
000100000000000000000008;demande_ami;2026-09-26 10:20:00;non_lue;;utilisateur;000100000000000000000016;000100000000000000000016;;0006000000000000000006e1;
00010000000000000000004d;jaime;2026-09-26 10:50:00;non_lue;;publication;00030000000000000000008e;000100000000000000000038;00030000000000000000008e;0006000000000000000006e2;
00010000000000000000003c;message;2026-09-26 11:02:00;non_lue;;message_groupe;000500000000000000000778;00010000000000000000008c;;0006000000000000000006e3;000200000000000000000003
000100000000000000000086;message;2026-09-26 11:02:00;non_lue;;message_groupe;000500000000000000000778;00010000000000000000008c;;0006000000000000000006e4;000200000000000000000003
00010000000000000000005a;message;2026-09-26 11:02:00;non_lue;;message_groupe;000500000000000000000778;00010000000000000000008c;;0006000000000000000006e5;000200000000000000000003
000100000000000000000001;message;2026-09-26 11:02:00;non_lue;;message_groupe;000500000000000000000778;00010000000000000000008c;;0006000000000000000006e6;000200000000000000000003
000100000000000000000001;jaime;2026-09-26 11:22:00;non_lue;;publication;0003000000000000000001b2;000100000000000000000063;0003000000000000000001b2;0006000000000000000006e7;
00010000000000000000002a;jaime;2026-09-26 11:26:00;non_lue;;publication;0003000000000000000001bc;000100000000000000000079;0003000000000000000001bc;0006000000000000000006e8;
000100000000000000000016;demande_ami;2026-09-26 11:57:00;lue;2026-09-26 23:57:00;utilisateur;000100000000000000000095;000100000000000000000095;;0006000000000000000006e9;
000100000000000000000004;message;2026-09-26 13:41:00;non_lue;;message_groupe;00050000000000000000077a;00010000000000000000002d;;0006000000000000000006ea;000200000000000000000006
000100000000000000000087;message;2026-09-26 13:41:00;non_lue;;message_groupe;00050000000000000000077a;00010000000000000000002d;;0006000000000000000006eb;000200000000000000000006
000100000000000000000012;message;2026-09-26 13:41:00;non_lue;;message_groupe;00050000000000000000077a;00010000000000000000002d;;0006000000000000000006ec;000200000000000000000006
000100000000000000000073;message;2026-09-26 13:41:00;non_lue;;message_groupe;00050000000000000000077a;00010000000000000000002d;;0006000000000000000006ed;000200000000000000000006
000100000000000000000052;message;2026-09-26 13:42:00;non_lue;;message_groupe;00050000000000000000077b;000100000000000000000044;;0006000000000000000006ee;00020000000000000000000e
00010000000000000000008e;message;2026-09-26 13:45:49;non_lue;;message_prive;00050000000000000000077c;00010000000000000000004f;;0006000000000000000006ef;
000100000000000000000084;jaime;2026-09-26 13:52:00;non_lue;;publication;00030000000000000000017b;00010000000000000000002b;00030000000000000000017b;0006000000000000000006f0;
000100000000000000000084;demande_ami;2026-09-26 13:55:00;lue;2026-09-27 22:55:00;utilisateur;000100000000000000000038;000100000000000000000038;;0006000000000000000006f1;
000100000000000000000084;jaime;2026-09-26 14:10:00;non_lue;;publication;0003000000000000000001f2;000100000000000000000012;0003000000000000000001f2;0006000000000000000006f2;
000100000000000000000020;jaime;2026-09-26 14:15:00;lue;2026-09-28 12:15:00;publication;0003000000000000000001ff;00010000000000000000004d;0003000000000000000001ff;0006000000000000000006f3;
00010000000000000000002a;jaime;2026-09-26 14:37:00;lue;2026-09-28 09:37:00;publication;0003000000000000000000fc;00010000000000000000007e;0003000000000000000000fc;0006000000000000000006f4;
00010000000000000000000d;message;2026-09-26 15:44:00;non_lue;;message_groupe;000500000000000000000784;000100000000000000000055;;0006000000000000000006f5;00020000000000000000001c
00010000000000000000007a;jaime;2026-09-26 15:47:00;lue;2026-09-27 04:47:00;publication;000300000000000000000218;00010000000000000000007d;000300000000000000000218;0006000000000000000006f6;
000100000000000000000057;jaime;2026-09-26 16:11:00;non_lue;;publication;0003000000000000000001c9;000100000000000000000050;0003000000000000000001c9;0006000000000000000006f7;
000100000000000000000020;jaime;2026-09-26 16:22:00;non_lue;;publication;0003000000000000000001fe;00010000000000000000003f;0003000000000000000001fe;0006000000000000000006f8;
000100000000000000000042;jaime;2026-09-26 16:38:00;non_lue;;publication;0003000000000000000001f9;000100000000000000000063;0003000000000000000001f9;0006000000000000000006f9;
000100000000000000000014;jaime;2026-09-26 17:38:00;non_lue;;publication;0003000000000000000000a7;00010000000000000000008d;0003000000000000000000a7;0006000000000000000006fa;
000100000000000000000086;jaime;2026-09-26 17:58:00;non_lue;;publication;000300000000000000000092;000100000000000000000044;000300000000000000000092;0006000000000000000006fb;
00010000000000000000002a;jaime;2026-09-26 18:17:00;non_lue;;publication;0003000000000000000001ea;000100000000000000000088;0003000000000000000001ea;0006000000000000000006fc;
000100000000000000000053;jaime;2026-09-26 18:40:00;lue;2026-09-27 08:40:00;publication;0003000000000000000001cd;000100000000000000000005;0003000000000000000001cd;0006000000000000000006fd;
000100000000000000000026;message;2026-09-26 18:52:00;non_lue;;message_groupe;000500000000000000000789;000100000000000000000012;;0006000000000000000006fe;00020000000000000000000f
00010000000000000000004a;message;2026-09-26 18:52:00;non_lue;;message_groupe;000500000000000000000789;000100000000000000000012;;0006000000000000000006ff;00020000000000000000000f
000100000000000000000042;message;2026-09-26 18:52:00;non_lue;;message_groupe;000500000000000000000789;000100000000000000000012;;000600000000000000000700;00020000000000000000000f
000100000000000000000094;message;2026-09-26 18:52:00;non_lue;;message_groupe;000500000000000000000789;000100000000000000000012;;000600000000000000000701;00020000000000000000000f
00010000000000000000006b;jaime;2026-09-26 19:03:00;non_lue;;publication;0003000000000000000001a7;000100000000000000000078;0003000000000000000001a7;000600000000000000000702;
000100000000000000000066;demande_ami;2026-09-26 19:12:00;non_lue;;utilisateur;00010000000000000000004b;00010000000000000000004b;;000600000000000000000703;
00010000000000000000007f;jaime;2026-09-26 20:17:00;non_lue;;publication;00030000000000000000022e;00010000000000000000007e;00030000000000000000022e;000600000000000000000704;
00010000000000000000001f;message;2026-09-26 20:26:00;non_lue;;message_groupe;00050000000000000000078f;00010000000000000000007b;;000600000000000000000705;000200000000000000000004
00010000000000000000003c;message;2026-09-26 20:26:00;non_lue;;message_groupe;00050000000000000000078f;00010000000000000000007b;;000600000000000000000706;000200000000000000000004
000100000000000000000033;message;2026-09-26 20:26:00;non_lue;;message_groupe;00050000000000000000078f;00010000000000000000007b;;000600000000000000000707;000200000000000000000004
000100000000000000000075;message;2026-09-26 20:26:00;non_lue;;message_groupe;00050000000000000000078f;00010000000000000000007b;;000600000000000000000708;000200000000000000000004
000100000000000000000001;message;2026-09-26 20:26:00;non_lue;;message_groupe;00050000000000000000078f;00010000000000000000007b;;000600000000000000000709;000200000000000000000004
00010000000000000000005a;message;2026-09-26 20:32:00;non_lue;;message_groupe;000500000000000000000790;000100000000000000000007;;00060000000000000000070a;000200000000000000000002
000100000000000000000001;message;2026-09-26 20:32:00;non_lue;;message_groupe;000500000000000000000790;000100000000000000000007;;00060000000000000000070b;000200000000000000000002
000100000000000000000084;jaime;2026-09-26 20:46:00;lue;2026-09-28 17:46:00;publication;000300000000000000000072;00010000000000000000005f;000300000000000000000072;00060000000000000000070c;
000100000000000000000084;jaime;2026-09-26 20:48:00;non_lue;;publication;000300000000000000000110;00010000000000000000002d;000300000000000000000110;00060000000000000000070d;
00010000000000000000004d;demande_ami;2026-09-26 20:58:00;non_lue;;utilisateur;000100000000000000000024;000100000000000000000024;;00060000000000000000070e;
000100000000000000000001;jaime;2026-09-26 20:59:00;lue;2026-09-28 07:59:00;publication;0003000000000000000001b2;000100000000000000000003;0003000000000000000001b2;00060000000000000000070f;
00010000000000000000001a;demande_ami;2026-09-26 21:37:00;lue;2026-09-27 22:37:00;utilisateur;00010000000000000000001d;00010000000000000000001d;;000600000000000000000710;
000100000000000000000017;demande_ami;2026-09-26 21:45:00;non_lue;;utilisateur;00010000000000000000002a;00010000000000000000002a;;000600000000000000000711;
00010000000000000000002d;message;2026-09-26 22:06:00;non_lue;;message_groupe;000500000000000000000794;00010000000000000000000a;;000600000000000000000712;000200000000000000000006
000100000000000000000071;message;2026-09-26 22:06:00;non_lue;;message_groupe;000500000000000000000794;00010000000000000000000a;;000600000000000000000713;000200000000000000000006
00010000000000000000004a;message;2026-09-26 22:21:00;non_lue;;message_groupe;000500000000000000000795;000100000000000000000079;;000600000000000000000714;00020000000000000000001a
00010000000000000000002a;jaime;2026-09-26 22:40:00;non_lue;;publication;00030000000000000000011e;000100000000000000000093;00030000000000000000011e;000600000000000000000715;
000100000000000000000086;jaime;2026-09-26 22:46:00;non_lue;;publication;000300000000000000000163;000100000000000000000059;000300000000000000000163;000600000000000000000716;
00010000000000000000004f;demande_ami;2026-09-26 22:57:00;non_lue;;utilisateur;00010000000000000000001d;00010000000000000000001d;;000600000000000000000717;
000100000000000000000046;message;2026-09-26 23:46:00;non_lue;;message_groupe;000500000000000000000798;000100000000000000000001;;000600000000000000000718;000200000000000000000003
000100000000000000000026;message;2026-09-26 23:46:00;non_lue;;message_groupe;000500000000000000000798;000100000000000000000001;;000600000000000000000719;000200000000000000000003
000100000000000000000069;demande_ami;2026-09-26 23:57:00;non_lue;;utilisateur;000100000000000000000048;000100000000000000000048;;00060000000000000000071a;
000100000000000000000001;jaime;2026-09-27 00:11:00;non_lue;;publication;000300000000000000000132;00010000000000000000003d;000300000000000000000132;00060000000000000000071b;
00010000000000000000000f;demande_ami;2026-09-27 00:17:00;non_lue;;utilisateur;000100000000000000000057;000100000000000000000057;;00060000000000000000071c;
000100000000000000000054;message;2026-09-27 00:37:00;non_lue;;message_groupe;00050000000000000000079b;00010000000000000000008e;;00060000000000000000071d;000200000000000000000011
000100000000000000000048;message;2026-09-27 00:39:00;non_lue;;message_groupe;00050000000000000000079c;000100000000000000000086;;00060000000000000000071e;000200000000000000000007
00010000000000000000007f;message;2026-09-27 00:39:00;non_lue;;message_groupe;00050000000000000000079c;000100000000000000000086;;00060000000000000000071f;000200000000000000000007
000100000000000000000037;message;2026-09-27 00:54:00;non_lue;;message_groupe;00050000000000000000079e;00010000000000000000003b;;000600000000000000000720;000200000000000000000007
00010000000000000000007f;message;2026-09-27 00:54:00;non_lue;;message_groupe;00050000000000000000079e;00010000000000000000003b;;000600000000000000000721;000200000000000000000007
00010000000000000000007b;message;2026-09-27 00:54:00;non_lue;;message_groupe;00050000000000000000079e;00010000000000000000003b;;000600000000000000000722;000200000000000000000007
000100000000000000000001;jaime;2026-09-27 01:07:00;lue;2026-09-27 04:07:00;publication;000300000000000000000208;00010000000000000000004a;000300000000000000000208;000600000000000000000723;
00010000000000000000002b;message;2026-09-27 01:26:00;non_lue;;message_groupe;0005000000000000000007a1;000100000000000000000019;;000600000000000000000724;00020000000000000000001a
000100000000000000000096;message;2026-09-27 01:26:00;non_lue;;message_groupe;0005000000000000000007a1;000100000000000000000019;;000600000000000000000725;00020000000000000000001a
000100000000000000000043;message;2026-09-27 01:26:00;non_lue;;message_groupe;0005000000000000000007a1;000100000000000000000019;;000600000000000000000726;00020000000000000000001a
00010000000000000000000d;message;2026-09-27 01:34:00;non_lue;;message_groupe;0005000000000000000007a2;000100000000000000000046;;000600000000000000000727;00020000000000000000000e
00010000000000000000003c;message;2026-09-27 01:34:00;non_lue;;message_groupe;0005000000000000000007a2;000100000000000000000046;;000600000000000000000728;00020000000000000000000e
00010000000000000000001f;message;2026-09-27 01:34:00;non_lue;;message_groupe;0005000000000000000007a2;000100000000000000000046;;000600000000000000000729;00020000000000000000000e
00010000000000000000007e;jaime;2026-09-27 01:51:00;non_lue;;publication;0003000000000000000001fa;00010000000000000000005b;0003000000000000000001fa;00060000000000000000072a;
000100000000000000000001;jaime;2026-09-27 01:57:00;lue;2026-09-28 16:57:00;publication;000300000000000000000132;000100000000000000000031;000300000000000000000132;00060000000000000000072b;
000100000000000000000021;message;2026-09-27 02:06:00;non_lue;;message_groupe;0005000000000000000007a3;00010000000000000000004e;;00060000000000000000072c;000200000000000000000010
000100000000000000000027;message;2026-09-27 02:06:00;non_lue;;message_groupe;0005000000000000000007a3;00010000000000000000004e;;00060000000000000000072d;000200000000000000000010
00010000000000000000000a;message;2026-09-27 02:06:00;non_lue;;message_groupe;0005000000000000000007a3;00010000000000000000004e;;00060000000000000000072e;000200000000000000000010
00010000000000000000007b;message;2026-09-27 02:06:00;non_lue;;message_groupe;0005000000000000000007a3;00010000000000000000004e;;00060000000000000000072f;000200000000000000000010
00010000000000000000008e;jaime;2026-09-27 02:06:00;lue;2026-09-28 20:06:00;publication;000300000000000000000158;00010000000000000000000e;000300000000000000000158;000600000000000000000730;
000100000000000000000042;jaime;2026-09-27 02:22:00;lue;2026-09-27 06:22:00;publication;000300000000000000000228;000100000000000000000023;000300000000000000000228;000600000000000000000731;
000100000000000000000081;jaime;2026-09-27 02:49:00;lue;2026-09-27 05:49:00;publication;0003000000000000000001d2;000100000000000000000077;0003000000000000000001d2;000600000000000000000732;
000100000000000000000001;jaime;2026-09-27 03:38:00;lue;2026-09-29 03:38:00;publication;0003000000000000000001b2;000100000000000000000087;0003000000000000000001b2;000600000000000000000733;
00010000000000000000002a;jaime;2026-09-27 03:48:00;non_lue;;publication;00030000000000000000018b;00010000000000000000002e;00030000000000000000018b;000600000000000000000734;
00010000000000000000007e;jaime;2026-09-27 03:53:00;lue;2026-09-27 05:53:00;publication;000300000000000000000147;00010000000000000000001f;000300000000000000000147;000600000000000000000735;
000100000000000000000015;message;2026-09-27 03:54:00;non_lue;;message_groupe;0005000000000000000007a6;00010000000000000000003f;;000600000000000000000736;00020000000000000000001e
000100000000000000000080;message;2026-09-27 03:54:00;non_lue;;message_groupe;0005000000000000000007a6;00010000000000000000003f;;000600000000000000000737;00020000000000000000001e
00010000000000000000007e;message;2026-09-27 03:54:00;non_lue;;message_groupe;0005000000000000000007a6;00010000000000000000003f;;000600000000000000000738;00020000000000000000001e
00010000000000000000001a;message;2026-09-27 03:54:00;non_lue;;message_groupe;0005000000000000000007a6;00010000000000000000003f;;000600000000000000000739;00020000000000000000001e
00010000000000000000008e;jaime;2026-09-27 03:58:00;non_lue;;publication;000300000000000000000212;000100000000000000000096;000300000000000000000212;00060000000000000000073a;
00010000000000000000007f;jaime;2026-09-27 04:29:00;lue;2026-09-29 03:29:00;publication;000300000000000000000205;000100000000000000000034;000300000000000000000205;00060000000000000000073b;
000100000000000000000054;demande_ami;2026-09-27 04:51:00;non_lue;;utilisateur;00010000000000000000002b;00010000000000000000002b;;00060000000000000000073c;
00010000000000000000002a;jaime;2026-09-27 04:54:00;non_lue;;publication;00030000000000000000021c;000100000000000000000028;00030000000000000000021c;00060000000000000000073d;
00010000000000000000007d;message;2026-09-27 05:03:13;non_lue;;message_prive;0005000000000000000007a7;000100000000000000000032;;00060000000000000000073e;
00010000000000000000002e;demande_ami;2026-09-27 05:32:00;non_lue;;utilisateur;000100000000000000000087;000100000000000000000087;;00060000000000000000073f;
000100000000000000000049;message;2026-09-27 05:45:00;non_lue;;message_groupe;0005000000000000000007a9;00010000000000000000006d;;000600000000000000000740;00020000000000000000001a
000100000000000000000030;message;2026-09-27 05:45:00;non_lue;;message_groupe;0005000000000000000007a9;00010000000000000000006d;;000600000000000000000741;00020000000000000000001a
000100000000000000000094;message;2026-09-27 06:17:00;non_lue;;message_groupe;0005000000000000000007aa;000100000000000000000059;;000600000000000000000742;00020000000000000000000b
000100000000000000000052;message;2026-09-27 06:17:00;non_lue;;message_groupe;0005000000000000000007aa;000100000000000000000059;;000600000000000000000743;00020000000000000000000b
000100000000000000000042;message;2026-09-27 06:51:00;non_lue;;message_groupe;0005000000000000000007ac;00010000000000000000000b;;000600000000000000000744;000200000000000000000007
000100000000000000000042;jaime;2026-09-27 07:25:00;non_lue;;publication;0003000000000000000001e8;000100000000000000000081;0003000000000000000001e8;000600000000000000000745;
00010000000000000000007f;jaime;2026-09-27 08:07:00;non_lue;;publication;000300000000000000000219;000100000000000000000096;000300000000000000000219;000600000000000000000746;
000100000000000000000048;message;2026-09-27 08:45:00;non_lue;;message_groupe;0005000000000000000007af;000100000000000000000049;;000600000000000000000747;000200000000000000000007
000100000000000000000056;message;2026-09-27 08:45:00;non_lue;;message_groupe;0005000000000000000007af;000100000000000000000049;;000600000000000000000748;000200000000000000000007
000100000000000000000076;message;2026-09-27 08:45:00;non_lue;;message_groupe;0005000000000000000007af;000100000000000000000049;;000600000000000000000749;000200000000000000000007
000100000000000000000031;message;2026-09-27 08:45:00;non_lue;;message_groupe;0005000000000000000007af;000100000000000000000049;;00060000000000000000074a;000200000000000000000007
000100000000000000000078;message;2026-09-27 09:10:00;non_lue;;message_groupe;0005000000000000000007b0;000100000000000000000018;;00060000000000000000074b;000200000000000000000019
00010000000000000000008b;message;2026-09-27 09:10:00;non_lue;;message_groupe;0005000000000000000007b0;000100000000000000000018;;00060000000000000000074c;000200000000000000000019
00010000000000000000002a;jaime;2026-09-27 09:14:00;lue;2026-09-28 06:14:00;publication;00030000000000000000011a;00010000000000000000005d;00030000000000000000011a;00060000000000000000074d;
00010000000000000000007f;jaime;2026-09-27 09:26:00;non_lue;;publication;00030000000000000000022e;000100000000000000000054;00030000000000000000022e;00060000000000000000074e;
000100000000000000000018;demande_ami;2026-09-27 09:42:00;lue;2026-09-28 16:42:00;utilisateur;00010000000000000000005d;00010000000000000000005d;;00060000000000000000074f;
000100000000000000000036;demande_ami;2026-09-27 09:44:00;non_lue;;utilisateur;00010000000000000000000d;00010000000000000000000d;;000600000000000000000750;
00010000000000000000002a;jaime;2026-09-27 09:46:00;non_lue;;publication;00030000000000000000021c;00010000000000000000006b;00030000000000000000021c;000600000000000000000751;
00010000000000000000002a;jaime;2026-09-27 10:36:00;non_lue;;publication;0003000000000000000001e1;00010000000000000000000f;0003000000000000000001e1;000600000000000000000752;
000100000000000000000042;jaime;2026-09-27 11:00:00;lue;2026-09-27 15:00:00;publication;00030000000000000000022a;000100000000000000000021;00030000000000000000022a;000600000000000000000753;
000100000000000000000081;jaime;2026-09-27 11:15:00;non_lue;;publication;000300000000000000000217;000100000000000000000031;000300000000000000000217;000600000000000000000754;
00010000000000000000007e;jaime;2026-09-27 11:35:00;lue;2026-09-27 20:35:00;publication;0003000000000000000001e9;000100000000000000000096;0003000000000000000001e9;000600000000000000000755;
00010000000000000000008b;message;2026-09-27 11:39:00;non_lue;;message_groupe;0005000000000000000007b8;00010000000000000000004c;;000600000000000000000756;000200000000000000000019
00010000000000000000003d;message;2026-09-27 11:39:00;non_lue;;message_groupe;0005000000000000000007b8;00010000000000000000004c;;000600000000000000000757;000200000000000000000019
000100000000000000000044;message;2026-09-27 11:39:00;non_lue;;message_groupe;0005000000000000000007b8;00010000000000000000004c;;000600000000000000000758;000200000000000000000019
00010000000000000000005d;message;2026-09-27 11:39:00;non_lue;;message_groupe;0005000000000000000007b8;00010000000000000000004c;;000600000000000000000759;000200000000000000000019
000100000000000000000032;message;2026-09-27 11:47:00;non_lue;;message_groupe;0005000000000000000007b9;000100000000000000000013;;00060000000000000000075a;00020000000000000000000e
000100000000000000000086;jaime;2026-09-27 11:51:00;non_lue;;publication;0003000000000000000000a5;000100000000000000000050;0003000000000000000000a5;00060000000000000000075b;
000100000000000000000013;demande_ami;2026-09-27 12:11:00;non_lue;;utilisateur;00010000000000000000000c;00010000000000000000000c;;00060000000000000000075c;
000100000000000000000014;jaime;2026-09-27 12:31:00;non_lue;;publication;00030000000000000000002b;00010000000000000000003e;00030000000000000000002b;00060000000000000000075d;
000100000000000000000014;jaime;2026-09-27 13:38:00;lue;2026-09-27 22:38:00;publication;000300000000000000000016;000100000000000000000004;000300000000000000000016;00060000000000000000075e;
000100000000000000000048;message;2026-09-27 13:39:00;non_lue;;message_groupe;0005000000000000000007c1;00010000000000000000007b;;00060000000000000000075f;00020000000000000000001b
000100000000000000000044;message;2026-09-27 13:39:00;non_lue;;message_groupe;0005000000000000000007c1;00010000000000000000007b;;000600000000000000000760;00020000000000000000001b
000100000000000000000054;message;2026-09-27 13:48:13;non_lue;;message_prive;0005000000000000000007c2;000100000000000000000050;;000600000000000000000761;
000100000000000000000042;jaime;2026-09-27 14:33:00;non_lue;;publication;000300000000000000000236;00010000000000000000004f;000300000000000000000236;000600000000000000000762;
000100000000000000000059;demande_ami;2026-09-27 14:52:00;non_lue;;utilisateur;000100000000000000000031;000100000000000000000031;;000600000000000000000763;
000100000000000000000076;jaime;2026-09-27 14:55:00;lue;2026-09-28 14:55:00;publication;00030000000000000000021b;000100000000000000000092;00030000000000000000021b;000600000000000000000764;
000100000000000000000036;message;2026-09-27 15:18:00;non_lue;;message_groupe;0005000000000000000007c5;00010000000000000000008b;;000600000000000000000765;000200000000000000000019
000100000000000000000023;message;2026-09-27 15:18:00;non_lue;;message_groupe;0005000000000000000007c5;00010000000000000000008b;;000600000000000000000766;000200000000000000000019
000100000000000000000065;message;2026-09-27 15:22:00;non_lue;;message_groupe;0005000000000000000007c6;000100000000000000000073;;000600000000000000000767;00020000000000000000000c
000100000000000000000084;jaime;2026-09-27 15:26:00;non_lue;;publication;0003000000000000000000ad;00010000000000000000008a;0003000000000000000000ad;000600000000000000000768;
000100000000000000000056;demande_ami;2026-09-27 15:29:00;lue;2026-09-27 23:29:00;utilisateur;000100000000000000000007;000100000000000000000007;;000600000000000000000769;
000100000000000000000042;jaime;2026-09-27 15:52:00;lue;2026-09-28 04:52:00;publication;000300000000000000000210;00010000000000000000000b;000300000000000000000210;00060000000000000000076a;
00010000000000000000003f;message;2026-09-27 15:53:00;non_lue;;message_groupe;0005000000000000000007c7;000100000000000000000014;;00060000000000000000076b;00020000000000000000000a
000100000000000000000054;message;2026-09-27 15:53:00;non_lue;;message_groupe;0005000000000000000007c7;000100000000000000000014;;00060000000000000000076c;00020000000000000000000a
000100000000000000000048;message;2026-09-27 15:53:00;non_lue;;message_groupe;0005000000000000000007c7;000100000000000000000014;;00060000000000000000076d;00020000000000000000000a
00010000000000000000005b;message;2026-09-27 15:53:00;non_lue;;message_groupe;0005000000000000000007c7;000100000000000000000014;;00060000000000000000076e;00020000000000000000000a
000100000000000000000059;jaime;2026-09-27 16:17:00;lue;2026-09-28 23:17:00;publication;00030000000000000000010a;000100000000000000000032;00030000000000000000010a;00060000000000000000076f;
000100000000000000000073;message;2026-09-27 16:32:00;non_lue;;message_groupe;0005000000000000000007c9;00010000000000000000000e;;000600000000000000000770;00020000000000000000000f
000100000000000000000024;message;2026-09-27 16:32:00;non_lue;;message_groupe;0005000000000000000007c9;00010000000000000000000e;;000600000000000000000771;00020000000000000000000f
000100000000000000000022;jaime;2026-09-27 16:47:00;non_lue;;publication;000300000000000000000232;000100000000000000000075;000300000000000000000232;000600000000000000000772;
000100000000000000000071;message;2026-09-27 16:58:00;non_lue;;message_groupe;0005000000000000000007ca;000100000000000000000084;;000600000000000000000773;00020000000000000000001a
000100000000000000000019;message;2026-09-27 16:58:00;non_lue;;message_groupe;0005000000000000000007ca;000100000000000000000084;;000600000000000000000774;00020000000000000000001a
000100000000000000000044;message;2026-09-27 16:58:00;non_lue;;message_groupe;0005000000000000000007ca;000100000000000000000084;;000600000000000000000775;00020000000000000000001a
00010000000000000000006b;jaime;2026-09-27 17:22:00;lue;2026-09-29 14:22:00;publication;0003000000000000000001b0;000100000000000000000036;0003000000000000000001b0;000600000000000000000776;
000100000000000000000081;jaime;2026-09-27 18:26:00;lue;2026-09-28 02:26:00;publication;000300000000000000000217;000100000000000000000094;000300000000000000000217;000600000000000000000777;
000100000000000000000001;jaime;2026-09-27 18:54:00;non_lue;;publication;0003000000000000000001b2;000100000000000000000062;0003000000000000000001b2;000600000000000000000778;
000100000000000000000014;jaime;2026-09-27 19:11:00;non_lue;;publication;0003000000000000000000c6;00010000000000000000001a;0003000000000000000000c6;000600000000000000000779;
000100000000000000000022;jaime;2026-09-27 20:09:00;non_lue;;publication;000300000000000000000175;000100000000000000000065;000300000000000000000175;00060000000000000000077a;
000100000000000000000014;jaime;2026-09-27 20:43:00;non_lue;;publication;000300000000000000000186;00010000000000000000007d;000300000000000000000186;00060000000000000000077b;
000100000000000000000012;message;2026-09-27 20:50:00;non_lue;;message_groupe;0005000000000000000007ce;000100000000000000000014;;00060000000000000000077c;000200000000000000000005
00010000000000000000004e;message;2026-09-27 20:50:00;non_lue;;message_groupe;0005000000000000000007ce;000100000000000000000014;;00060000000000000000077d;000200000000000000000005
00010000000000000000000f;message;2026-09-27 20:50:00;non_lue;;message_groupe;0005000000000000000007ce;000100000000000000000014;;00060000000000000000077e;000200000000000000000005
000100000000000000000028;message;2026-09-27 20:57:00;non_lue;;message_groupe;0005000000000000000007cf;000100000000000000000014;;00060000000000000000077f;00020000000000000000001b
000100000000000000000019;message;2026-09-27 20:57:00;non_lue;;message_groupe;0005000000000000000007cf;000100000000000000000014;;000600000000000000000780;00020000000000000000001b
000100000000000000000049;message;2026-09-27 20:57:00;non_lue;;message_groupe;0005000000000000000007cf;000100000000000000000014;;000600000000000000000781;00020000000000000000001b
00010000000000000000008e;message;2026-09-27 21:09:00;non_lue;;message_groupe;0005000000000000000007d0;000100000000000000000019;;000600000000000000000782;000200000000000000000001
000100000000000000000027;message;2026-09-27 21:09:00;non_lue;;message_groupe;0005000000000000000007d0;000100000000000000000019;;000600000000000000000783;000200000000000000000001
000100000000000000000081;message;2026-09-27 21:09:00;non_lue;;message_groupe;0005000000000000000007d0;000100000000000000000019;;000600000000000000000784;000200000000000000000001
000100000000000000000084;jaime;2026-09-27 21:39:00;non_lue;;publication;00030000000000000000008c;000100000000000000000087;00030000000000000000008c;000600000000000000000785;
000100000000000000000039;message;2026-09-27 21:57:00;non_lue;;message_groupe;0005000000000000000007d2;000100000000000000000024;;000600000000000000000786;000200000000000000000004
00010000000000000000000e;message;2026-09-27 21:57:00;non_lue;;message_groupe;0005000000000000000007d2;000100000000000000000024;;000600000000000000000787;000200000000000000000004
000100000000000000000015;message;2026-09-27 21:57:00;non_lue;;message_groupe;0005000000000000000007d2;000100000000000000000024;;000600000000000000000788;000200000000000000000004
000100000000000000000001;message;2026-09-27 21:57:00;non_lue;;message_groupe;0005000000000000000007d2;000100000000000000000024;;000600000000000000000789;000200000000000000000004
000100000000000000000001;jaime;2026-09-27 22:02:00;non_lue;;publication;0003000000000000000001f6;00010000000000000000005d;0003000000000000000001f6;00060000000000000000078a;
000100000000000000000087;commentaire;2026-09-27 22:49:00;non_lue;;commentaire;00040000000000000000028f;00010000000000000000003d;000300000000000000000223;00060000000000000000078b;
00010000000000000000002a;jaime;2026-09-27 23:04:00;lue;2026-09-28 13:04:00;publication;0003000000000000000001f3;000100000000000000000078;0003000000000000000001f3;00060000000000000000078c;
00010000000000000000005f;demande_ami;2026-09-27 23:14:00;non_lue;;utilisateur;000100000000000000000066;000100000000000000000066;;00060000000000000000078d;
000100000000000000000001;jaime;2026-09-27 23:36:00;non_lue;;publication;000300000000000000000111;00010000000000000000001f;000300000000000000000111;00060000000000000000078e;
000100000000000000000028;jaime;2026-09-27 23:45:00;non_lue;;publication;000300000000000000000224;00010000000000000000007d;000300000000000000000224;00060000000000000000078f;
000100000000000000000048;message;2026-09-27 23:50:00;non_lue;;message_groupe;0005000000000000000007d3;000100000000000000000052;;000600000000000000000790;000200000000000000000008
00010000000000000000005a;message;2026-09-27 23:50:00;non_lue;;message_groupe;0005000000000000000007d3;000100000000000000000052;;000600000000000000000791;000200000000000000000008
00010000000000000000002a;message;2026-09-27 23:50:00;non_lue;;message_groupe;0005000000000000000007d3;000100000000000000000052;;000600000000000000000792;000200000000000000000008
000100000000000000000028;message;2026-09-28 00:20:00;non_lue;;message_groupe;0005000000000000000007d4;000100000000000000000081;;000600000000000000000793;00020000000000000000001a
000100000000000000000014;jaime;2026-09-28 00:35:00;non_lue;;publication;000300000000000000000130;000100000000000000000084;000300000000000000000130;000600000000000000000794;
000100000000000000000022;demande_ami;2026-09-28 00:45:00;non_lue;;utilisateur;000100000000000000000021;000100000000000000000021;;000600000000000000000795;
00010000000000000000007f;jaime;2026-09-28 01:26:00;lue;2026-09-29 08:26:00;publication;0003000000000000000001f7;00010000000000000000008d;0003000000000000000001f7;000600000000000000000796;
00010000000000000000000b;jaime;2026-09-28 01:43:00;non_lue;;publication;00030000000000000000021e;00010000000000000000000d;00030000000000000000021e;000600000000000000000797;
00010000000000000000002a;demande_ami;2026-09-28 02:22:00;non_lue;;utilisateur;00010000000000000000003a;00010000000000000000003a;;000600000000000000000798;
00010000000000000000002a;jaime;2026-09-28 02:36:00;non_lue;;publication;0003000000000000000000c3;000100000000000000000061;0003000000000000000000c3;000600000000000000000799;
000100000000000000000086;jaime;2026-09-28 02:44:00;lue;2026-09-28 12:44:00;publication;000300000000000000000141;000100000000000000000085;000300000000000000000141;00060000000000000000079a;
00010000000000000000008e;jaime;2026-09-28 03:09:00;lue;2026-09-29 04:09:00;publication;000300000000000000000207;000100000000000000000017;000300000000000000000207;00060000000000000000079b;
000100000000000000000084;jaime;2026-09-28 03:31:00;lue;2026-09-28 21:31:00;publication;00030000000000000000008c;000100000000000000000047;00030000000000000000008c;00060000000000000000079c;
000100000000000000000059;jaime;2026-09-28 03:32:00;non_lue;;publication;0003000000000000000001f1;000100000000000000000072;0003000000000000000001f1;00060000000000000000079d;
000100000000000000000069;demande_ami;2026-09-28 03:48:00;non_lue;;utilisateur;000100000000000000000038;000100000000000000000038;;00060000000000000000079e;
00010000000000000000002e;demande_ami;2026-09-28 03:55:00;lue;2026-09-29 10:55:00;utilisateur;00010000000000000000001d;00010000000000000000001d;;00060000000000000000079f;
000100000000000000000001;commentaire;2026-09-28 04:05:00;non_lue;;commentaire;00040000000000000000001d;000100000000000000000054;000300000000000000000208;0006000000000000000007a0;
000100000000000000000014;jaime;2026-09-28 04:46:00;lue;2026-09-29 10:46:00;publication;000300000000000000000230;000100000000000000000023;000300000000000000000230;0006000000000000000007a1;
000100000000000000000041;demande_ami;2026-09-28 04:49:00;non_lue;;utilisateur;000100000000000000000014;000100000000000000000014;;0006000000000000000007a2;
00010000000000000000008a;message;2026-09-28 05:10:00;non_lue;;message_groupe;0005000000000000000007da;000100000000000000000056;;0006000000000000000007a3;00020000000000000000001e
000100000000000000000085;message;2026-09-28 05:10:00;non_lue;;message_groupe;0005000000000000000007da;000100000000000000000056;;0006000000000000000007a4;00020000000000000000001e
000100000000000000000020;message;2026-09-28 05:10:00;non_lue;;message_groupe;0005000000000000000007da;000100000000000000000056;;0006000000000000000007a5;00020000000000000000001e
000100000000000000000003;jaime;2026-09-28 05:20:00;lue;2026-09-28 16:20:00;publication;00030000000000000000013a;000100000000000000000021;00030000000000000000013a;0006000000000000000007a6;
000100000000000000000020;jaime;2026-09-28 05:25:00;non_lue;;publication;000300000000000000000178;000100000000000000000029;000300000000000000000178;0006000000000000000007a7;
000100000000000000000033;demande_ami;2026-09-28 05:36:00;lue;2026-09-30 02:36:00;utilisateur;000100000000000000000062;000100000000000000000062;;0006000000000000000007a8;
000100000000000000000042;jaime;2026-09-28 06:09:00;non_lue;;publication;000300000000000000000236;000100000000000000000072;000300000000000000000236;0006000000000000000007a9;
00010000000000000000001b;jaime;2026-09-28 06:30:00;non_lue;;publication;00030000000000000000022f;000100000000000000000081;00030000000000000000022f;0006000000000000000007aa;
000100000000000000000042;commentaire;2026-09-28 06:53:00;non_lue;;commentaire;000400000000000000000152;000100000000000000000010;00030000000000000000022a;0006000000000000000007ab;
000100000000000000000052;demande_ami;2026-09-28 06:53:00;non_lue;;utilisateur;000100000000000000000034;000100000000000000000034;;0006000000000000000007ac;
00010000000000000000007f;jaime;2026-09-28 07:06:00;non_lue;;publication;00030000000000000000022e;000100000000000000000072;00030000000000000000022e;0006000000000000000007ad;
00010000000000000000001f;message;2026-09-28 07:10:00;non_lue;;message_groupe;0005000000000000000007e0;000100000000000000000088;;0006000000000000000007ae;000200000000000000000013
000100000000000000000020;message;2026-09-28 07:10:00;non_lue;;message_groupe;0005000000000000000007e0;000100000000000000000088;;0006000000000000000007af;000200000000000000000013
000100000000000000000008;message;2026-09-28 07:10:00;non_lue;;message_groupe;0005000000000000000007e0;000100000000000000000088;;0006000000000000000007b0;000200000000000000000013
000100000000000000000049;message;2026-09-28 07:10:00;non_lue;;message_groupe;0005000000000000000007e0;000100000000000000000088;;0006000000000000000007b1;000200000000000000000013
000100000000000000000086;jaime;2026-09-28 07:11:00;lue;2026-09-29 06:11:00;publication;00030000000000000000016e;00010000000000000000006a;00030000000000000000016e;0006000000000000000007b2;
000100000000000000000096;message;2026-09-28 07:24:00;non_lue;;message_groupe;0005000000000000000007e2;000100000000000000000024;;0006000000000000000007b3;00020000000000000000000f
00010000000000000000003d;message;2026-09-28 07:24:00;non_lue;;message_groupe;0005000000000000000007e2;000100000000000000000024;;0006000000000000000007b4;00020000000000000000000f
000100000000000000000042;message;2026-09-28 07:24:00;non_lue;;message_groupe;0005000000000000000007e2;000100000000000000000024;;0006000000000000000007b5;00020000000000000000000f
000100000000000000000032;message;2026-09-28 07:32:00;non_lue;;message_groupe;0005000000000000000007e3;000100000000000000000094;;0006000000000000000007b6;000200000000000000000008
000100000000000000000071;message;2026-09-28 07:32:00;non_lue;;message_groupe;0005000000000000000007e3;000100000000000000000094;;0006000000000000000007b7;000200000000000000000008
000100000000000000000010;message;2026-09-28 07:32:00;non_lue;;message_groupe;0005000000000000000007e3;000100000000000000000094;;0006000000000000000007b8;000200000000000000000008
00010000000000000000000f;message;2026-09-28 07:32:00;non_lue;;message_groupe;0005000000000000000007e3;000100000000000000000094;;0006000000000000000007b9;000200000000000000000008
000100000000000000000007;message;2026-09-28 07:56:00;non_lue;;message_groupe;0005000000000000000007e4;000100000000000000000085;;0006000000000000000007ba;000200000000000000000009
000100000000000000000039;message;2026-09-28 07:56:00;non_lue;;message_groupe;0005000000000000000007e4;000100000000000000000085;;0006000000000000000007bb;000200000000000000000009
00010000000000000000007e;message;2026-09-28 07:56:00;non_lue;;message_groupe;0005000000000000000007e4;000100000000000000000085;;0006000000000000000007bc;000200000000000000000009
000100000000000000000032;message;2026-09-28 07:56:00;non_lue;;message_groupe;0005000000000000000007e4;000100000000000000000085;;0006000000000000000007bd;000200000000000000000009
000100000000000000000001;commentaire;2026-09-28 08:12:00;lue;2026-09-29 12:12:00;commentaire;00040000000000000000001c;000100000000000000000087;000300000000000000000208;0006000000000000000007be;
000100000000000000000088;message;2026-09-28 08:20:00;non_lue;;message_groupe;0005000000000000000007e5;00010000000000000000004e;;0006000000000000000007bf;00020000000000000000001e
000100000000000000000080;message;2026-09-28 08:20:00;non_lue;;message_groupe;0005000000000000000007e5;00010000000000000000004e;;0006000000000000000007c0;00020000000000000000001e
000100000000000000000006;message;2026-09-28 08:20:00;non_lue;;message_groupe;0005000000000000000007e5;00010000000000000000004e;;0006000000000000000007c1;00020000000000000000001e
000100000000000000000020;message;2026-09-28 08:20:00;non_lue;;message_groupe;0005000000000000000007e5;00010000000000000000004e;;0006000000000000000007c2;00020000000000000000001e
000100000000000000000020;jaime;2026-09-28 08:44:00;non_lue;;publication;000300000000000000000182;000100000000000000000005;000300000000000000000182;0006000000000000000007c3;
00010000000000000000002a;jaime;2026-09-28 08:57:00;non_lue;;publication;000300000000000000000238;00010000000000000000001a;000300000000000000000238;0006000000000000000007c4;
000100000000000000000084;jaime;2026-09-28 09:03:00;non_lue;;publication;000300000000000000000222;000100000000000000000055;000300000000000000000222;0006000000000000000007c5;
000100000000000000000024;jaime;2026-09-28 09:09:00;lue;2026-09-28 14:09:00;publication;00030000000000000000014d;000100000000000000000008;00030000000000000000014d;0006000000000000000007c6;
00010000000000000000006b;jaime;2026-09-28 09:13:00;non_lue;;publication;000300000000000000000125;000100000000000000000076;000300000000000000000125;0006000000000000000007c7;
00010000000000000000001f;message;2026-09-28 09:21:00;non_lue;;message_groupe;0005000000000000000007e7;00010000000000000000008e;;0006000000000000000007c8;000200000000000000000019
000100000000000000000015;message;2026-09-28 09:21:00;non_lue;;message_groupe;0005000000000000000007e7;00010000000000000000008e;;0006000000000000000007c9;000200000000000000000019
000100000000000000000022;message;2026-09-28 09:21:00;non_lue;;message_groupe;0005000000000000000007e7;00010000000000000000008e;;0006000000000000000007ca;000200000000000000000019
000100000000000000000050;message;2026-09-28 09:21:00;non_lue;;message_groupe;0005000000000000000007e7;00010000000000000000008e;;0006000000000000000007cb;000200000000000000000019
000100000000000000000001;jaime;2026-09-28 10:01:00;non_lue;;publication;0003000000000000000001f6;000100000000000000000038;0003000000000000000001f6;0006000000000000000007cc;
000100000000000000000001;message;2026-09-28 10:18:00;non_lue;;message_groupe;0005000000000000000007ea;00010000000000000000003d;;0006000000000000000007cd;000200000000000000000007
000100000000000000000024;message;2026-09-28 11:06:00;non_lue;;message_groupe;0005000000000000000007ed;00010000000000000000008c;;0006000000000000000007ce;00020000000000000000001b
000100000000000000000022;message;2026-09-28 11:06:00;non_lue;;message_groupe;0005000000000000000007ed;00010000000000000000008c;;0006000000000000000007cf;00020000000000000000001b
000100000000000000000038;message;2026-09-28 11:06:00;non_lue;;message_groupe;0005000000000000000007ed;00010000000000000000008c;;0006000000000000000007d0;00020000000000000000001b
000100000000000000000092;jaime;2026-09-28 11:40:00;non_lue;;publication;000300000000000000000138;000100000000000000000074;000300000000000000000138;0006000000000000000007d1;
000100000000000000000022;jaime;2026-09-28 11:44:00;lue;2026-09-29 13:44:00;publication;000300000000000000000229;000100000000000000000021;000300000000000000000229;0006000000000000000007d2;
000100000000000000000042;jaime;2026-09-28 11:52:00;non_lue;;publication;00030000000000000000022a;000100000000000000000049;00030000000000000000022a;0006000000000000000007d3;
00010000000000000000007e;jaime;2026-09-28 12:48:00;non_lue;;publication;0003000000000000000001e9;000100000000000000000027;0003000000000000000001e9;0006000000000000000007d4;
000100000000000000000007;message;2026-09-28 13:57:00;non_lue;;message_groupe;0005000000000000000007f6;000100000000000000000048;;0006000000000000000007d5;000200000000000000000008
000100000000000000000056;message;2026-09-28 13:57:00;non_lue;;message_groupe;0005000000000000000007f6;000100000000000000000048;;0006000000000000000007d6;000200000000000000000008
00010000000000000000002e;demande_ami;2026-09-28 14:05:00;non_lue;;utilisateur;000100000000000000000040;000100000000000000000040;;0006000000000000000007d7;
000100000000000000000059;jaime;2026-09-28 14:06:00;non_lue;;publication;00030000000000000000020d;00010000000000000000003c;00030000000000000000020d;0006000000000000000007d8;
000100000000000000000092;message;2026-09-28 14:24:00;non_lue;;message_groupe;0005000000000000000007f7;000100000000000000000030;;0006000000000000000007d9;00020000000000000000001b
000100000000000000000033;message;2026-09-28 14:24:00;non_lue;;message_groupe;0005000000000000000007f7;000100000000000000000030;;0006000000000000000007da;00020000000000000000001b
000100000000000000000084;jaime;2026-09-28 14:24:00;non_lue;;publication;000300000000000000000239;000100000000000000000008;000300000000000000000239;0006000000000000000007db;
000100000000000000000042;message;2026-09-28 14:33:00;non_lue;;message_groupe;0005000000000000000007f8;00010000000000000000000e;;0006000000000000000007dc;00020000000000000000000f
000100000000000000000058;message;2026-09-28 14:33:00;non_lue;;message_groupe;0005000000000000000007f8;00010000000000000000000e;;0006000000000000000007dd;00020000000000000000000f
000100000000000000000096;message;2026-09-28 14:33:00;non_lue;;message_groupe;0005000000000000000007f8;00010000000000000000000e;;0006000000000000000007de;00020000000000000000000f
000100000000000000000014;message;2026-09-28 14:52:00;non_lue;;message_groupe;0005000000000000000007f9;000100000000000000000058;;0006000000000000000007df;000200000000000000000016
000100000000000000000053;jaime;2026-09-28 15:19:00;lue;2026-09-29 06:19:00;publication;0003000000000000000001cd;000100000000000000000017;0003000000000000000001cd;0006000000000000000007e0;
000100000000000000000059;commentaire;2026-09-28 15:28:00;non_lue;;commentaire;0004000000000000000002f3;000100000000000000000083;00030000000000000000020d;0006000000000000000007e1;
000100000000000000000042;jaime;2026-09-28 16:01:00;lue;2026-09-30 04:01:00;publication;000300000000000000000237;000100000000000000000031;000300000000000000000237;0006000000000000000007e2;
000100000000000000000057;jaime;2026-09-28 16:08:00;non_lue;;publication;0003000000000000000001c9;000100000000000000000043;0003000000000000000001c9;0006000000000000000007e3;
000100000000000000000037;demande_ami;2026-09-28 16:23:00;non_lue;;utilisateur;000100000000000000000053;000100000000000000000053;;0006000000000000000007e4;
000100000000000000000084;jaime;2026-09-28 16:28:00;lue;2026-09-30 16:28:00;publication;0003000000000000000001f2;000100000000000000000001;0003000000000000000001f2;0006000000000000000007e5;
00010000000000000000002a;jaime;2026-09-28 16:29:00;lue;2026-09-29 13:29:00;publication;000300000000000000000170;000100000000000000000068;000300000000000000000170;0006000000000000000007e6;
000100000000000000000038;message;2026-09-28 17:16:00;non_lue;;message_groupe;000500000000000000000800;000100000000000000000076;;0006000000000000000007e7;000200000000000000000018
000100000000000000000004;message;2026-09-28 17:16:00;non_lue;;message_groupe;000500000000000000000800;000100000000000000000076;;0006000000000000000007e8;000200000000000000000018
00010000000000000000007f;message;2026-09-28 17:16:00;non_lue;;message_groupe;000500000000000000000800;000100000000000000000076;;0006000000000000000007e9;000200000000000000000018
00010000000000000000002e;message;2026-09-28 17:16:00;non_lue;;message_groupe;000500000000000000000800;000100000000000000000076;;0006000000000000000007ea;000200000000000000000018
000100000000000000000042;jaime;2026-09-28 17:24:00;non_lue;;publication;000300000000000000000235;00010000000000000000004e;000300000000000000000235;0006000000000000000007eb;
000100000000000000000041;demande_ami;2026-09-28 17:51:00;non_lue;;utilisateur;000100000000000000000021;000100000000000000000021;;0006000000000000000007ec;
00010000000000000000007f;jaime;2026-09-28 18:26:00;non_lue;;publication;000300000000000000000226;000100000000000000000091;000300000000000000000226;0006000000000000000007ed;
000100000000000000000084;jaime;2026-09-28 19:17:00;non_lue;;publication;00030000000000000000017b;000100000000000000000048;00030000000000000000017b;0006000000000000000007ee;
00010000000000000000002b;message;2026-09-28 19:49:00;non_lue;;message_groupe;000500000000000000000807;00010000000000000000002a;;0006000000000000000007ef;000200000000000000000019
00010000000000000000008c;message;2026-09-28 19:49:00;non_lue;;message_groupe;000500000000000000000807;00010000000000000000002a;;0006000000000000000007f0;000200000000000000000019
000100000000000000000036;message;2026-09-28 19:49:00;non_lue;;message_groupe;000500000000000000000807;00010000000000000000002a;;0006000000000000000007f1;000200000000000000000019
00010000000000000000007e;jaime;2026-09-28 20:01:00;non_lue;;publication;0003000000000000000001ba;000100000000000000000094;0003000000000000000001ba;0006000000000000000007f2;
000100000000000000000014;jaime;2026-09-28 20:14:00;non_lue;;publication;0003000000000000000001b3;000100000000000000000002;0003000000000000000001b3;0006000000000000000007f3;
00010000000000000000004c;demande_ami;2026-09-28 20:23:00;lue;2026-09-30 02:23:00;utilisateur;000100000000000000000036;000100000000000000000036;;0006000000000000000007f4;
00010000000000000000007e;jaime;2026-09-28 20:55:00;non_lue;;publication;00030000000000000000016f;00010000000000000000006f;00030000000000000000016f;0006000000000000000007f5;
000100000000000000000063;message;2026-09-28 21:23:00;non_lue;;message_groupe;000500000000000000000808;000100000000000000000034;;0006000000000000000007f6;00020000000000000000001d
00010000000000000000008a;message;2026-09-28 21:23:00;non_lue;;message_groupe;000500000000000000000808;000100000000000000000034;;0006000000000000000007f7;00020000000000000000001d
00010000000000000000007b;message;2026-09-28 21:23:00;non_lue;;message_groupe;000500000000000000000808;000100000000000000000034;;0006000000000000000007f8;00020000000000000000001d
000100000000000000000014;jaime;2026-09-28 21:27:00;non_lue;;publication;0003000000000000000001c2;000100000000000000000077;0003000000000000000001c2;0006000000000000000007f9;
000100000000000000000042;jaime;2026-09-28 21:33:00;lue;2026-09-30 03:33:00;publication;000300000000000000000102;000100000000000000000049;000300000000000000000102;0006000000000000000007fa;
000100000000000000000079;demande_ami;2026-09-28 21:36:00;lue;2026-09-30 01:36:00;utilisateur;00010000000000000000007b;00010000000000000000007b;;0006000000000000000007fb;
000100000000000000000014;jaime;2026-09-28 21:41:00;non_lue;;publication;000300000000000000000230;000100000000000000000075;000300000000000000000230;0006000000000000000007fc;
00010000000000000000005d;jaime;2026-09-28 22:23:00;non_lue;;publication;000300000000000000000221;00010000000000000000002b;000300000000000000000221;0006000000000000000007fd;
000100000000000000000032;message;2026-09-28 22:24:00;non_lue;;message_groupe;000500000000000000000809;000100000000000000000063;;0006000000000000000007fe;000200000000000000000002
000100000000000000000081;message;2026-09-28 22:24:00;non_lue;;message_groupe;000500000000000000000809;000100000000000000000063;;0006000000000000000007ff;000200000000000000000002
000100000000000000000001;message;2026-09-28 22:24:00;non_lue;;message_groupe;000500000000000000000809;000100000000000000000063;;000600000000000000000800;000200000000000000000002
00010000000000000000000b;message;2026-09-28 22:34:00;non_lue;;message_groupe;00050000000000000000080a;000100000000000000000064;;000600000000000000000801;00020000000000000000001d
000100000000000000000027;message;2026-09-28 22:34:00;non_lue;;message_groupe;00050000000000000000080a;000100000000000000000064;;000600000000000000000802;00020000000000000000001d
000100000000000000000046;message;2026-09-28 22:34:00;non_lue;;message_groupe;00050000000000000000080a;000100000000000000000064;;000600000000000000000803;00020000000000000000001d
00010000000000000000006b;message;2026-09-28 22:49:00;non_lue;;message_groupe;00050000000000000000080b;000100000000000000000052;;000600000000000000000804;00020000000000000000000a
000100000000000000000044;message;2026-09-28 22:49:00;non_lue;;message_groupe;00050000000000000000080b;000100000000000000000052;;000600000000000000000805;00020000000000000000000a
000100000000000000000054;message;2026-09-28 22:49:00;non_lue;;message_groupe;00050000000000000000080b;000100000000000000000052;;000600000000000000000806;00020000000000000000000a
000100000000000000000027;message;2026-09-28 22:49:00;non_lue;;message_groupe;00050000000000000000080b;000100000000000000000052;;000600000000000000000807;00020000000000000000000a
00010000000000000000002a;jaime;2026-09-28 22:49:00;non_lue;;publication;0003000000000000000001ea;000100000000000000000047;0003000000000000000001ea;000600000000000000000808;
000100000000000000000087;jaime;2026-09-28 22:53:00;non_lue;;publication;000300000000000000000223;00010000000000000000008c;000300000000000000000223;000600000000000000000809;
000100000000000000000042;jaime;2026-09-28 23:03:00;non_lue;;publication;000300000000000000000195;000100000000000000000049;000300000000000000000195;00060000000000000000080a;
000100000000000000000026;jaime;2026-09-28 23:13:00;non_lue;;publication;00030000000000000000016c;000100000000000000000037;00030000000000000000016c;00060000000000000000080b;
00010000000000000000003c;message;2026-09-28 23:19:00;non_lue;;message_groupe;00050000000000000000080c;000100000000000000000085;;00060000000000000000080c;00020000000000000000000e
000100000000000000000081;message;2026-09-28 23:19:00;non_lue;;message_groupe;00050000000000000000080c;000100000000000000000085;;00060000000000000000080d;00020000000000000000000e
000100000000000000000079;message;2026-09-28 23:19:00;non_lue;;message_groupe;00050000000000000000080c;000100000000000000000085;;00060000000000000000080e;00020000000000000000000e
000100000000000000000007;message;2026-09-28 23:19:00;non_lue;;message_groupe;00050000000000000000080c;000100000000000000000085;;00060000000000000000080f;00020000000000000000000e
000100000000000000000042;message;2026-09-28 23:36:00;non_lue;;message_groupe;00050000000000000000080d;000100000000000000000094;;000600000000000000000810;00020000000000000000000b
00010000000000000000007f;message;2026-09-28 23:36:00;non_lue;;message_groupe;00050000000000000000080d;000100000000000000000094;;000600000000000000000811;00020000000000000000000b
00010000000000000000008e;jaime;2026-09-28 23:54:00;non_lue;;publication;0003000000000000000001c5;00010000000000000000007b;0003000000000000000001c5;000600000000000000000812;
000100000000000000000014;jaime;2026-09-28 23:59:00;non_lue;;publication;0003000000000000000001b3;000100000000000000000038;0003000000000000000001b3;000600000000000000000813;
000100000000000000000084;jaime;2026-09-29 00:11:00;lue;2026-09-29 23:11:00;publication;00030000000000000000008c;000100000000000000000013;00030000000000000000008c;000600000000000000000814;
00010000000000000000006b;jaime;2026-09-29 00:50:00;non_lue;;publication;000300000000000000000106;00010000000000000000003c;000300000000000000000106;000600000000000000000815;
000100000000000000000088;jaime;2026-09-29 00:54:00;non_lue;;publication;00030000000000000000021d;000100000000000000000087;00030000000000000000021d;000600000000000000000816;
000100000000000000000001;jaime;2026-09-29 01:16:00;non_lue;;publication;000300000000000000000208;00010000000000000000005b;000300000000000000000208;000600000000000000000817;
000100000000000000000037;message;2026-09-29 01:34:00;non_lue;;message_groupe;00050000000000000000080e;00010000000000000000003d;;000600000000000000000818;00020000000000000000001a
00010000000000000000008e;jaime;2026-09-29 02:11:00;non_lue;;publication;000300000000000000000154;000100000000000000000004;000300000000000000000154;000600000000000000000819;
000100000000000000000086;jaime;2026-09-29 02:12:00;non_lue;;publication;0003000000000000000001d6;00010000000000000000008e;0003000000000000000001d6;00060000000000000000081a;
000100000000000000000015;message;2026-09-29 02:18:00;non_lue;;message_groupe;000500000000000000000810;00010000000000000000004e;;00060000000000000000081b;00020000000000000000001b
000100000000000000000003;message;2026-09-29 02:19:00;non_lue;;message_groupe;000500000000000000000811;000100000000000000000050;;00060000000000000000081c;000200000000000000000012
000100000000000000000004;jaime;2026-09-29 02:52:00;lue;2026-09-30 01:52:00;publication;000300000000000000000165;00010000000000000000001f;000300000000000000000165;00060000000000000000081d;
000100000000000000000043;demande_ami;2026-09-29 02:53:00;lue;2026-09-29 22:53:00;utilisateur;00010000000000000000002f;00010000000000000000002f;;00060000000000000000081e;
00010000000000000000002a;jaime;2026-09-29 03:09:00;non_lue;;publication;0003000000000000000001aa;000100000000000000000026;0003000000000000000001aa;00060000000000000000081f;
000100000000000000000032;message;2026-09-29 03:14:00;non_lue;;message_groupe;000500000000000000000816;000100000000000000000005;;000600000000000000000820;000200000000000000000002
00010000000000000000007f;jaime;2026-09-29 03:23:00;non_lue;;publication;00030000000000000000022e;00010000000000000000004c;00030000000000000000022e;000600000000000000000821;
000100000000000000000069;message;2026-09-29 03:42:00;non_lue;;message_groupe;000500000000000000000819;000100000000000000000024;;000600000000000000000822;000200000000000000000004
00010000000000000000001e;message;2026-09-29 03:48:00;non_lue;;message_groupe;00050000000000000000081a;00010000000000000000007b;;000600000000000000000823;00020000000000000000001b
000100000000000000000007;message;2026-09-29 03:48:00;non_lue;;message_groupe;00050000000000000000081a;00010000000000000000007b;;000600000000000000000824;00020000000000000000001b
000100000000000000000025;message;2026-09-29 03:48:00;non_lue;;message_groupe;00050000000000000000081b;000100000000000000000039;;000600000000000000000825;000200000000000000000007
000100000000000000000024;message;2026-09-29 03:48:00;non_lue;;message_groupe;00050000000000000000081b;000100000000000000000039;;000600000000000000000826;000200000000000000000007
00010000000000000000007f;message;2026-09-29 03:48:00;non_lue;;message_groupe;00050000000000000000081b;000100000000000000000039;;000600000000000000000827;000200000000000000000007
00010000000000000000001c;message;2026-09-29 03:48:00;non_lue;;message_groupe;00050000000000000000081b;000100000000000000000039;;000600000000000000000828;000200000000000000000007
000100000000000000000001;message;2026-09-29 03:48:00;non_lue;;message_groupe;00050000000000000000081b;000100000000000000000039;;000600000000000000000829;000200000000000000000007
000100000000000000000007;message;2026-09-29 04:03:00;non_lue;;message_groupe;00050000000000000000081c;000100000000000000000092;;00060000000000000000082a;000200000000000000000019
000100000000000000000004;message;2026-09-29 04:03:00;non_lue;;message_groupe;00050000000000000000081c;000100000000000000000092;;00060000000000000000082b;000200000000000000000019
000100000000000000000009;message;2026-09-29 04:03:00;non_lue;;message_groupe;00050000000000000000081c;000100000000000000000092;;00060000000000000000082c;000200000000000000000019
00010000000000000000003f;message;2026-09-29 04:03:00;non_lue;;message_groupe;00050000000000000000081c;000100000000000000000092;;00060000000000000000082d;000200000000000000000019
000100000000000000000075;message;2026-09-29 04:16:00;non_lue;;message_groupe;00050000000000000000081d;00010000000000000000001f;;00060000000000000000082e;000200000000000000000015
000100000000000000000045;message;2026-09-29 04:16:00;non_lue;;message_groupe;00050000000000000000081d;00010000000000000000001f;;00060000000000000000082f;000200000000000000000015
000100000000000000000086;jaime;2026-09-29 04:17:00;non_lue;;publication;0003000000000000000000db;000100000000000000000081;0003000000000000000000db;000600000000000000000830;
000100000000000000000084;jaime;2026-09-29 04:24:00;lue;2026-09-30 01:24:00;publication;00030000000000000000022d;000100000000000000000083;00030000000000000000022d;000600000000000000000831;
000100000000000000000001;jaime;2026-09-29 04:32:00;non_lue;;publication;0003000000000000000001e4;000100000000000000000078;0003000000000000000001e4;000600000000000000000832;
000100000000000000000015;message;2026-09-29 05:50:00;non_lue;;message_groupe;00050000000000000000081e;000100000000000000000013;;000600000000000000000833;00020000000000000000000e
000100000000000000000044;message;2026-09-29 05:50:00;non_lue;;message_groupe;00050000000000000000081e;000100000000000000000013;;000600000000000000000834;00020000000000000000000e
000100000000000000000088;message;2026-09-29 05:50:00;non_lue;;message_groupe;00050000000000000000081e;000100000000000000000013;;000600000000000000000835;00020000000000000000000e
00010000000000000000005a;message;2026-09-29 05:50:00;non_lue;;message_groupe;00050000000000000000081e;000100000000000000000013;;000600000000000000000836;00020000000000000000000e
00010000000000000000003d;message;2026-09-29 06:02:00;non_lue;;message_groupe;00050000000000000000081f;000100000000000000000028;;000600000000000000000837;00020000000000000000001b
000100000000000000000033;message;2026-09-29 06:02:00;non_lue;;message_groupe;00050000000000000000081f;000100000000000000000028;;000600000000000000000838;00020000000000000000001b
00010000000000000000005b;message;2026-09-29 06:02:00;non_lue;;message_groupe;00050000000000000000081f;000100000000000000000028;;000600000000000000000839;00020000000000000000001b
000100000000000000000042;jaime;2026-09-29 06:08:00;non_lue;;publication;000300000000000000000235;00010000000000000000007f;000300000000000000000235;00060000000000000000083a;
000100000000000000000007;demande_ami;2026-09-29 06:20:00;lue;2026-09-30 02:20:00;utilisateur;000100000000000000000054;000100000000000000000054;;00060000000000000000083b;
000100000000000000000081;jaime;2026-09-29 06:52:00;non_lue;;publication;00030000000000000000020c;000100000000000000000063;00030000000000000000020c;00060000000000000000083c;
00010000000000000000008e;jaime;2026-09-29 06:57:00;non_lue;;publication;000300000000000000000215;000100000000000000000037;000300000000000000000215;00060000000000000000083d;
000100000000000000000028;jaime;2026-09-29 06:59:00;non_lue;;publication;000300000000000000000224;000100000000000000000082;000300000000000000000224;00060000000000000000083e;
000100000000000000000020;jaime;2026-09-29 07:04:00;non_lue;;publication;000300000000000000000206;000100000000000000000001;000300000000000000000206;00060000000000000000083f;
00010000000000000000003f;message;2026-09-29 07:12:00;non_lue;;message_groupe;000500000000000000000820;00010000000000000000001e;;000600000000000000000840;00020000000000000000001b
000100000000000000000054;message;2026-09-29 07:12:00;non_lue;;message_groupe;000500000000000000000820;00010000000000000000001e;;000600000000000000000841;00020000000000000000001b
000100000000000000000042;jaime;2026-09-29 07:13:00;non_lue;;publication;000300000000000000000236;00010000000000000000000a;000300000000000000000236;000600000000000000000842;
000100000000000000000081;jaime;2026-09-29 07:20:00;non_lue;;publication;0003000000000000000001d2;000100000000000000000008;0003000000000000000001d2;000600000000000000000843;
00010000000000000000002a;jaime;2026-09-29 08:12:00;lue;2026-09-30 18:12:00;publication;00030000000000000000011e;000100000000000000000049;00030000000000000000011e;000600000000000000000844;
000100000000000000000021;message;2026-09-29 08:23:00;non_lue;;message_groupe;000500000000000000000821;000100000000000000000001;;000600000000000000000845;000200000000000000000004
000100000000000000000075;message;2026-09-29 08:23:00;non_lue;;message_groupe;000500000000000000000821;000100000000000000000001;;000600000000000000000846;000200000000000000000004
000100000000000000000046;message;2026-09-29 08:23:00;non_lue;;message_groupe;000500000000000000000821;000100000000000000000001;;000600000000000000000847;000200000000000000000004
000100000000000000000020;jaime;2026-09-29 09:01:00;lue;2026-09-30 08:01:00;publication;000300000000000000000024;00010000000000000000001a;000300000000000000000024;000600000000000000000848;
000100000000000000000042;jaime;2026-09-29 09:10:00;non_lue;;publication;000300000000000000000236;000100000000000000000069;000300000000000000000236;000600000000000000000849;
00010000000000000000006a;demande_ami;2026-09-29 09:19:00;lue;2026-09-29 20:19:00;utilisateur;000100000000000000000057;000100000000000000000057;;00060000000000000000084a;
000100000000000000000001;jaime;2026-09-29 09:20:00;non_lue;;publication;000300000000000000000155;00010000000000000000001c;000300000000000000000155;00060000000000000000084b;
000100000000000000000020;commentaire;2026-09-29 09:52:00;non_lue;;commentaire;00040000000000000000045a;00010000000000000000001b;00030000000000000000020e;00060000000000000000084c;
000100000000000000000086;jaime;2026-09-29 09:55:00;lue;2026-09-29 16:55:00;publication;0003000000000000000001d6;000100000000000000000011;0003000000000000000001d6;00060000000000000000084d;
000100000000000000000061;demande_ami;2026-09-29 10:00:00;lue;2026-09-30 11:00:00;utilisateur;000100000000000000000062;000100000000000000000062;;00060000000000000000084e;
00010000000000000000007e;jaime;2026-09-29 10:01:00;lue;2026-09-29 19:01:00;publication;000300000000000000000061;000100000000000000000036;000300000000000000000061;00060000000000000000084f;
00010000000000000000002b;message;2026-09-29 10:12:00;non_lue;;message_groupe;000500000000000000000824;000100000000000000000003;;000600000000000000000850;000200000000000000000018
000100000000000000000037;message;2026-09-29 10:12:00;non_lue;;message_groupe;000500000000000000000824;000100000000000000000003;;000600000000000000000851;000200000000000000000018
000100000000000000000042;message;2026-09-29 10:12:00;non_lue;;message_groupe;000500000000000000000824;000100000000000000000003;;000600000000000000000852;000200000000000000000018
000100000000000000000031;message;2026-09-29 10:50:00;non_lue;;message_groupe;000500000000000000000825;000100000000000000000027;;000600000000000000000853;000200000000000000000007
000100000000000000000080;message;2026-09-29 10:50:00;non_lue;;message_groupe;000500000000000000000825;000100000000000000000027;;000600000000000000000854;000200000000000000000007
00010000000000000000008f;message;2026-09-29 10:50:00;non_lue;;message_groupe;000500000000000000000825;000100000000000000000027;;000600000000000000000855;000200000000000000000007
000100000000000000000037;message;2026-09-29 11:33:07;non_lue;;message_prive;000500000000000000000828;000100000000000000000047;;000600000000000000000856;
000100000000000000000020;jaime;2026-09-29 11:35:00;non_lue;;publication;000300000000000000000206;000100000000000000000076;000300000000000000000206;000600000000000000000857;
00010000000000000000002a;jaime;2026-09-29 12:12:00;lue;2026-09-29 20:12:00;publication;000300000000000000000238;000100000000000000000016;000300000000000000000238;000600000000000000000858;
00010000000000000000007f;jaime;2026-09-29 12:14:00;lue;2026-10-01 06:14:00;publication;000300000000000000000189;00010000000000000000000a;000300000000000000000189;000600000000000000000859;
000100000000000000000037;message;2026-09-29 12:22:07;non_lue;;message_prive;00050000000000000000082a;000100000000000000000047;;00060000000000000000085a;
00010000000000000000002a;jaime;2026-09-29 12:30:00;lue;2026-10-01 06:30:00;publication;000300000000000000000109;000100000000000000000086;000300000000000000000109;00060000000000000000085b;
000100000000000000000089;jaime;2026-09-29 12:36:00;lue;2026-10-01 02:36:00;publication;000300000000000000000227;00010000000000000000006d;000300000000000000000227;00060000000000000000085c;
000100000000000000000020;jaime;2026-09-29 13:04:00;lue;2026-09-29 15:04:00;publication;000300000000000000000182;000100000000000000000003;000300000000000000000182;00060000000000000000085d;
00010000000000000000008e;jaime;2026-09-29 13:17:00;non_lue;;publication;000300000000000000000212;00010000000000000000005b;000300000000000000000212;00060000000000000000085e;
000100000000000000000025;message;2026-09-29 13:29:00;non_lue;;message_groupe;00050000000000000000082e;00010000000000000000007e;;00060000000000000000085f;000200000000000000000018
000100000000000000000013;message;2026-09-29 13:29:00;non_lue;;message_groupe;00050000000000000000082e;00010000000000000000007e;;000600000000000000000860;000200000000000000000018
000100000000000000000011;message;2026-09-29 13:29:00;non_lue;;message_groupe;00050000000000000000082e;00010000000000000000007e;;000600000000000000000861;000200000000000000000018
000100000000000000000059;message;2026-09-29 13:29:00;non_lue;;message_groupe;00050000000000000000082e;00010000000000000000007e;;000600000000000000000862;000200000000000000000018
00010000000000000000007f;jaime;2026-09-29 13:39:00;non_lue;;publication;000300000000000000000219;000100000000000000000023;000300000000000000000219;000600000000000000000863;
000100000000000000000084;jaime;2026-09-29 13:45:00;lue;2026-10-01 10:45:00;publication;0003000000000000000001cf;000100000000000000000067;0003000000000000000001cf;000600000000000000000864;
00010000000000000000007f;jaime;2026-09-29 13:58:00;lue;2026-09-30 12:58:00;publication;000300000000000000000205;00010000000000000000003d;000300000000000000000205;000600000000000000000865;
000100000000000000000028;jaime;2026-09-29 14:01:00;lue;2026-09-30 08:01:00;publication;000300000000000000000224;000100000000000000000072;000300000000000000000224;000600000000000000000866;
000100000000000000000019;message;2026-09-29 14:08:00;non_lue;;message_groupe;000500000000000000000830;000100000000000000000059;;000600000000000000000867;00020000000000000000000c
00010000000000000000007e;jaime;2026-09-29 14:12:00;non_lue;;publication;000300000000000000000079;000100000000000000000058;000300000000000000000079;000600000000000000000868;
000100000000000000000013;demande_ami;2026-09-29 14:30:00;lue;2026-09-30 02:30:00;utilisateur;000100000000000000000086;000100000000000000000086;;000600000000000000000869;
000100000000000000000020;jaime;2026-09-29 14:41:00;non_lue;;publication;0003000000000000000001ff;000100000000000000000089;0003000000000000000001ff;00060000000000000000086a;
000100000000000000000042;jaime;2026-09-29 14:51:00;lue;2026-10-01 12:51:00;publication;000300000000000000000237;00010000000000000000003f;000300000000000000000237;00060000000000000000086b;
00010000000000000000007f;jaime;2026-09-29 14:54:00;non_lue;;publication;00030000000000000000022e;00010000000000000000008e;00030000000000000000022e;00060000000000000000086c;
000100000000000000000022;jaime;2026-09-29 15:10:00;lue;2026-09-30 11:10:00;publication;0003000000000000000001eb;000100000000000000000091;0003000000000000000001eb;00060000000000000000086d;
00010000000000000000000b;jaime;2026-09-29 15:24:00;non_lue;;publication;0003000000000000000001bf;00010000000000000000001d;0003000000000000000001bf;00060000000000000000086e;
000100000000000000000081;jaime;2026-09-29 15:34:00;non_lue;;publication;00030000000000000000019c;000100000000000000000032;00030000000000000000019c;00060000000000000000086f;
000100000000000000000058;message;2026-09-29 15:48:00;non_lue;;message_groupe;000500000000000000000833;000100000000000000000075;;000600000000000000000870;000200000000000000000015
000100000000000000000045;message;2026-09-29 15:48:00;non_lue;;message_groupe;000500000000000000000833;000100000000000000000075;;000600000000000000000871;000200000000000000000015
00010000000000000000007b;message;2026-09-29 15:48:00;non_lue;;message_groupe;000500000000000000000833;000100000000000000000075;;000600000000000000000872;000200000000000000000015
000100000000000000000055;message;2026-09-29 15:48:00;non_lue;;message_groupe;000500000000000000000833;000100000000000000000075;;000600000000000000000873;000200000000000000000015
000100000000000000000003;message;2026-09-29 16:34:00;non_lue;;message_groupe;000500000000000000000835;000100000000000000000075;;000600000000000000000874;00020000000000000000001b
00010000000000000000000c;demande_ami;2026-09-29 16:47:00;non_lue;;utilisateur;00010000000000000000001a;00010000000000000000001a;;000600000000000000000875;
00010000000000000000007f;jaime;2026-09-29 16:57:00;lue;2026-10-01 02:57:00;publication;00030000000000000000022e;00010000000000000000002e;00030000000000000000022e;000600000000000000000876;
000100000000000000000045;message;2026-09-29 17:16:00;non_lue;;message_groupe;000500000000000000000837;000100000000000000000087;;000600000000000000000877;000200000000000000000007
000100000000000000000065;message;2026-09-29 17:16:00;non_lue;;message_groupe;000500000000000000000837;000100000000000000000087;;000600000000000000000878;000200000000000000000007
000100000000000000000001;message;2026-09-29 17:16:00;non_lue;;message_groupe;000500000000000000000837;000100000000000000000087;;000600000000000000000879;000200000000000000000007
000100000000000000000081;jaime;2026-09-29 17:25:00;lue;2026-09-30 15:25:00;publication;0003000000000000000001f8;000100000000000000000080;0003000000000000000001f8;00060000000000000000087a;
000100000000000000000042;jaime;2026-09-29 17:32:00;non_lue;;publication;000300000000000000000228;000100000000000000000079;000300000000000000000228;00060000000000000000087b;
000100000000000000000076;jaime;2026-09-29 18:00:00;non_lue;;publication;000300000000000000000240;000100000000000000000006;000300000000000000000240;00060000000000000000087c;
00010000000000000000004a;demande_ami;2026-09-29 18:07:00;non_lue;;utilisateur;000100000000000000000086;000100000000000000000086;;00060000000000000000087d;
000100000000000000000037;demande_ami;2026-09-29 18:18:00;lue;2026-09-29 21:18:00;utilisateur;00010000000000000000003c;00010000000000000000003c;;00060000000000000000087e;
00010000000000000000001c;message;2026-09-29 18:34:00;non_lue;;message_groupe;00050000000000000000083a;000100000000000000000007;;00060000000000000000087f;000200000000000000000004
00010000000000000000003c;message;2026-09-29 18:34:00;non_lue;;message_groupe;00050000000000000000083a;000100000000000000000007;;000600000000000000000880;000200000000000000000004
000100000000000000000049;message;2026-09-29 18:34:00;non_lue;;message_groupe;00050000000000000000083a;000100000000000000000007;;000600000000000000000881;000200000000000000000004
000100000000000000000001;message;2026-09-29 18:34:00;non_lue;;message_groupe;00050000000000000000083a;000100000000000000000007;;000600000000000000000882;000200000000000000000004
000100000000000000000086;jaime;2026-09-29 19:09:00;lue;2026-09-30 10:09:00;publication;0003000000000000000001ed;000100000000000000000088;0003000000000000000001ed;000600000000000000000883;
00010000000000000000002a;jaime;2026-09-29 19:10:00;non_lue;;publication;00030000000000000000012c;00010000000000000000004d;00030000000000000000012c;000600000000000000000884;
000100000000000000000026;message;2026-09-29 19:17:00;non_lue;;message_groupe;00050000000000000000083b;00010000000000000000008d;;000600000000000000000885;00020000000000000000001b
000100000000000000000010;message;2026-09-29 19:46:00;non_lue;;message_groupe;00050000000000000000083c;000100000000000000000087;;000600000000000000000886;00020000000000000000001a
00010000000000000000008f;message;2026-09-29 19:46:00;non_lue;;message_groupe;00050000000000000000083c;000100000000000000000087;;000600000000000000000887;00020000000000000000001a
00010000000000000000005e;demande_ami;2026-09-29 20:20:00;non_lue;;utilisateur;000100000000000000000088;000100000000000000000088;;000600000000000000000888;
000100000000000000000042;jaime;2026-09-29 20:29:00;non_lue;;publication;000300000000000000000228;000100000000000000000088;000300000000000000000228;000600000000000000000889;
000100000000000000000084;jaime;2026-09-29 21:20:00;non_lue;;publication;000300000000000000000222;00010000000000000000005a;000300000000000000000222;00060000000000000000088a;
000100000000000000000028;jaime;2026-09-29 21:27:00;lue;2026-10-01 18:27:00;publication;000300000000000000000224;00010000000000000000001f;000300000000000000000224;00060000000000000000088b;
000100000000000000000042;jaime;2026-09-29 21:30:00;lue;2026-09-30 12:30:00;publication;0003000000000000000001bb;00010000000000000000000d;0003000000000000000001bb;00060000000000000000088c;
000100000000000000000017;message;2026-09-29 21:34:00;non_lue;;message_groupe;00050000000000000000083d;00010000000000000000007b;;00060000000000000000088d;00020000000000000000000f
000100000000000000000026;message;2026-09-29 21:34:00;non_lue;;message_groupe;00050000000000000000083d;00010000000000000000007b;;00060000000000000000088e;00020000000000000000000f
000100000000000000000032;message;2026-09-29 21:34:00;non_lue;;message_groupe;00050000000000000000083d;00010000000000000000007b;;00060000000000000000088f;00020000000000000000000f
000100000000000000000011;message;2026-09-29 21:34:00;non_lue;;message_groupe;00050000000000000000083d;00010000000000000000007b;;000600000000000000000890;00020000000000000000000f
000100000000000000000020;jaime;2026-09-29 21:39:00;lue;2026-10-01 14:39:00;publication;0003000000000000000001ff;000100000000000000000003;0003000000000000000001ff;000600000000000000000891;
00010000000000000000004e;message;2026-09-29 22:44:00;non_lue;;message_groupe;000500000000000000000841;000100000000000000000006;;000600000000000000000892;000200000000000000000010
00010000000000000000007f;jaime;2026-09-29 22:46:00;non_lue;;publication;000300000000000000000205;000100000000000000000075;000300000000000000000205;000600000000000000000893;
000100000000000000000001;jaime;2026-09-29 23:04:00;non_lue;;publication;000300000000000000000208;000100000000000000000062;000300000000000000000208;000600000000000000000894;
000100000000000000000040;message;2026-09-29 23:23:38;non_lue;;message_prive;000500000000000000000842;00010000000000000000000d;;000600000000000000000895;
000100000000000000000084;jaime;2026-09-29 23:25:00;non_lue;;publication;00030000000000000000016d;00010000000000000000000d;00030000000000000000016d;000600000000000000000896;
000100000000000000000054;demande_ami;2026-09-29 23:34:00;lue;2026-09-30 22:34:00;utilisateur;000100000000000000000091;000100000000000000000091;;000600000000000000000897;
000100000000000000000020;jaime;2026-09-29 23:39:00;non_lue;;publication;0003000000000000000001c3;000100000000000000000080;0003000000000000000001c3;000600000000000000000898;
00010000000000000000002a;jaime;2026-09-29 23:47:00;non_lue;;publication;0003000000000000000000fc;000100000000000000000039;0003000000000000000000fc;000600000000000000000899;
000100000000000000000042;commentaire;2026-09-29 23:54:00;non_lue;;commentaire;000400000000000000000120;000100000000000000000016;000300000000000000000235;00060000000000000000089a;
000100000000000000000084;jaime;2026-09-30 00:23:00;non_lue;;publication;0003000000000000000001f2;00010000000000000000005f;0003000000000000000001f2;00060000000000000000089b;
00010000000000000000007e;jaime;2026-09-30 00:59:00;non_lue;;publication;0003000000000000000000d1;000100000000000000000010;0003000000000000000000d1;00060000000000000000089c;
00010000000000000000001b;demande_ami;2026-09-30 01:13:00;lue;2026-09-30 18:13:00;utilisateur;000100000000000000000004;000100000000000000000004;;00060000000000000000089d;
00010000000000000000002a;jaime;2026-09-30 01:30:00;non_lue;;publication;000300000000000000000233;000100000000000000000023;000300000000000000000233;00060000000000000000089e;
000100000000000000000042;jaime;2026-09-30 01:35:00;lue;2026-09-30 13:35:00;publication;000300000000000000000188;00010000000000000000004a;000300000000000000000188;00060000000000000000089f;
00010000000000000000008e;jaime;2026-09-30 01:40:00;lue;2026-10-01 22:40:00;publication;0003000000000000000000f5;000100000000000000000021;0003000000000000000000f5;0006000000000000000008a0;
00010000000000000000006b;jaime;2026-09-30 01:57:00;lue;2026-10-01 14:57:00;publication;000300000000000000000143;000100000000000000000052;000300000000000000000143;0006000000000000000008a1;
000100000000000000000059;jaime;2026-09-30 02:09:00;non_lue;;publication;0003000000000000000001f1;00010000000000000000007b;0003000000000000000001f1;0006000000000000000008a2;
000100000000000000000042;jaime;2026-09-30 02:19:00;lue;2026-09-30 06:19:00;publication;000300000000000000000149;000100000000000000000016;000300000000000000000149;0006000000000000000008a3;
000100000000000000000039;message;2026-09-30 02:22:00;non_lue;;message_groupe;000500000000000000000847;000100000000000000000058;;0006000000000000000008a4;000200000000000000000015
00010000000000000000007b;message;2026-09-30 02:22:00;non_lue;;message_groupe;000500000000000000000847;000100000000000000000058;;0006000000000000000008a5;000200000000000000000015
000100000000000000000015;message;2026-09-30 02:22:00;non_lue;;message_groupe;000500000000000000000847;000100000000000000000058;;0006000000000000000008a6;000200000000000000000015
000100000000000000000012;demande_ami;2026-09-30 02:27:00;non_lue;;utilisateur;000100000000000000000065;000100000000000000000065;;0006000000000000000008a7;
00010000000000000000007e;jaime;2026-09-30 03:22:00;non_lue;;publication;00030000000000000000015a;000100000000000000000027;00030000000000000000015a;0006000000000000000008a8;
000100000000000000000044;message;2026-09-30 03:34:00;non_lue;;message_groupe;00050000000000000000084b;000100000000000000000054;;0006000000000000000008a9;00020000000000000000000a
000100000000000000000033;message;2026-09-30 03:34:00;non_lue;;message_groupe;00050000000000000000084b;000100000000000000000054;;0006000000000000000008aa;00020000000000000000000a
00010000000000000000005a;message;2026-09-30 03:34:00;non_lue;;message_groupe;00050000000000000000084b;000100000000000000000054;;0006000000000000000008ab;00020000000000000000000a
00010000000000000000007e;message;2026-09-30 03:34:00;non_lue;;message_groupe;00050000000000000000084b;000100000000000000000054;;0006000000000000000008ac;00020000000000000000000a
00010000000000000000002b;demande_ami;2026-09-30 04:09:00;non_lue;;utilisateur;00010000000000000000005d;00010000000000000000005d;;0006000000000000000008ad;
000100000000000000000007;message;2026-09-30 04:19:00;non_lue;;message_groupe;00050000000000000000084e;000100000000000000000073;;0006000000000000000008ae;00020000000000000000001b
000100000000000000000075;message;2026-09-30 04:19:00;non_lue;;message_groupe;00050000000000000000084e;000100000000000000000073;;0006000000000000000008af;00020000000000000000001b
000100000000000000000012;message;2026-09-30 04:19:00;non_lue;;message_groupe;00050000000000000000084e;000100000000000000000073;;0006000000000000000008b0;00020000000000000000001b
00010000000000000000008e;jaime;2026-09-30 04:22:00;non_lue;;publication;000300000000000000000234;00010000000000000000005d;000300000000000000000234;0006000000000000000008b1;
000100000000000000000086;jaime;2026-09-30 04:43:00;non_lue;;publication;000300000000000000000137;00010000000000000000005b;000300000000000000000137;0006000000000000000008b2;
00010000000000000000001f;message;2026-09-30 04:45:00;non_lue;;message_groupe;000500000000000000000850;000100000000000000000038;;0006000000000000000008b3;000200000000000000000013
000100000000000000000020;message;2026-09-30 04:45:00;non_lue;;message_groupe;000500000000000000000850;000100000000000000000038;;0006000000000000000008b4;000200000000000000000013
000100000000000000000027;message;2026-09-30 04:45:00;non_lue;;message_groupe;000500000000000000000850;000100000000000000000038;;0006000000000000000008b5;000200000000000000000013
000100000000000000000042;jaime;2026-09-30 04:45:00;non_lue;;publication;000300000000000000000213;000100000000000000000065;000300000000000000000213;0006000000000000000008b6;
000100000000000000000093;commentaire;2026-09-30 05:26:00;non_lue;;commentaire;00040000000000000000035c;00010000000000000000004c;000300000000000000000242;0006000000000000000008b7;
000100000000000000000026;jaime;2026-09-30 05:54:00;non_lue;;publication;0003000000000000000000b7;00010000000000000000004b;0003000000000000000000b7;0006000000000000000008b8;
000100000000000000000059;jaime;2026-09-30 06:02:00;lue;2026-10-01 22:02:00;publication;00030000000000000000009d;000100000000000000000081;00030000000000000000009d;0006000000000000000008b9;
000100000000000000000028;jaime;2026-09-30 06:34:00;lue;2026-09-30 17:34:00;publication;000300000000000000000044;000100000000000000000015;000300000000000000000044;0006000000000000000008ba;
000100000000000000000014;jaime;2026-09-30 06:55:00;lue;2026-10-01 16:55:00;publication;0003000000000000000000ef;00010000000000000000007d;0003000000000000000000ef;0006000000000000000008bb;
000100000000000000000077;message;2026-09-30 06:56:00;non_lue;;message_groupe;000500000000000000000858;000100000000000000000049;;0006000000000000000008bc;00020000000000000000000b
000100000000000000000059;message;2026-09-30 06:56:00;non_lue;;message_groupe;000500000000000000000858;000100000000000000000049;;0006000000000000000008bd;00020000000000000000000b
000100000000000000000081;jaime;2026-09-30 07:18:00;lue;2026-09-30 20:18:00;publication;000300000000000000000097;000100000000000000000048;000300000000000000000097;0006000000000000000008be;
000100000000000000000020;jaime;2026-09-30 07:31:00;non_lue;;publication;000300000000000000000206;00010000000000000000002d;000300000000000000000206;0006000000000000000008bf;
000100000000000000000030;message;2026-09-30 07:42:07;non_lue;;message_prive;00050000000000000000085a;000100000000000000000017;;0006000000000000000008c0;
000100000000000000000066;message;2026-09-30 07:47:00;non_lue;;message_groupe;00050000000000000000085b;000100000000000000000003;;0006000000000000000008c1;000200000000000000000006
000100000000000000000011;message;2026-09-30 07:47:00;non_lue;;message_groupe;00050000000000000000085b;000100000000000000000003;;0006000000000000000008c2;000200000000000000000006
00010000000000000000000a;message;2026-09-30 07:47:00;non_lue;;message_groupe;00050000000000000000085b;000100000000000000000003;;0006000000000000000008c3;000200000000000000000006
00010000000000000000002a;message;2026-09-30 07:47:00;non_lue;;message_groupe;00050000000000000000085b;000100000000000000000003;;0006000000000000000008c4;000200000000000000000006
00010000000000000000002a;jaime;2026-09-30 07:55:00;non_lue;;publication;00030000000000000000011a;000100000000000000000002;00030000000000000000011a;0006000000000000000008c5;
00010000000000000000004d;jaime;2026-09-30 08:05:00;lue;2026-09-30 19:05:00;publication;00030000000000000000008e;000100000000000000000001;00030000000000000000008e;0006000000000000000008c6;
000100000000000000000001;jaime;2026-09-30 08:13:00;lue;2026-10-01 11:13:00;publication;0003000000000000000001f6;000100000000000000000073;0003000000000000000001f6;0006000000000000000008c7;
000100000000000000000042;jaime;2026-09-30 08:16:00;non_lue;;publication;000300000000000000000168;000100000000000000000035;000300000000000000000168;0006000000000000000008c8;
000100000000000000000001;jaime;2026-09-30 08:34:00;non_lue;;publication;0003000000000000000001e4;000100000000000000000070;0003000000000000000001e4;0006000000000000000008c9;
000100000000000000000084;jaime;2026-09-30 08:44:00;lue;2026-10-01 09:44:00;publication;00030000000000000000023f;00010000000000000000001b;00030000000000000000023f;0006000000000000000008ca;
000100000000000000000078;message;2026-09-30 08:45:00;non_lue;;message_groupe;000500000000000000000861;00010000000000000000001f;;0006000000000000000008cb;00020000000000000000001b
00010000000000000000007e;message;2026-09-30 08:45:00;non_lue;;message_groupe;000500000000000000000861;00010000000000000000001f;;0006000000000000000008cc;00020000000000000000001b
000100000000000000000087;message;2026-09-30 08:49:00;non_lue;;message_groupe;000500000000000000000862;00010000000000000000001f;;0006000000000000000008cd;000200000000000000000006
000100000000000000000046;message;2026-09-30 08:49:00;non_lue;;message_groupe;000500000000000000000862;00010000000000000000001f;;0006000000000000000008ce;000200000000000000000006
000100000000000000000050;message;2026-09-30 08:49:00;non_lue;;message_groupe;000500000000000000000862;00010000000000000000001f;;0006000000000000000008cf;000200000000000000000006
000100000000000000000010;message;2026-09-30 09:06:00;non_lue;;message_groupe;000500000000000000000863;00010000000000000000001c;;0006000000000000000008d0;00020000000000000000001b
00010000000000000000003c;message;2026-09-30 09:06:00;non_lue;;message_groupe;000500000000000000000863;00010000000000000000001c;;0006000000000000000008d1;00020000000000000000001b
000100000000000000000024;message;2026-09-30 09:06:00;non_lue;;message_groupe;000500000000000000000863;00010000000000000000001c;;0006000000000000000008d2;00020000000000000000001b
000100000000000000000033;message;2026-09-30 09:06:00;non_lue;;message_groupe;000500000000000000000863;00010000000000000000001c;;0006000000000000000008d3;00020000000000000000001b
000100000000000000000063;message;2026-09-30 09:07:00;non_lue;;message_groupe;000500000000000000000864;00010000000000000000005a;;0006000000000000000008d4;000200000000000000000008
000100000000000000000032;message;2026-09-30 09:07:00;non_lue;;message_groupe;000500000000000000000864;00010000000000000000005a;;0006000000000000000008d5;000200000000000000000008
000100000000000000000090;message;2026-09-30 09:07:00;non_lue;;message_groupe;000500000000000000000864;00010000000000000000005a;;0006000000000000000008d6;000200000000000000000008
000100000000000000000005;message;2026-09-30 09:07:00;non_lue;;message_groupe;000500000000000000000864;00010000000000000000005a;;0006000000000000000008d7;000200000000000000000008
000100000000000000000081;jaime;2026-09-30 09:42:00;non_lue;;publication;000300000000000000000036;00010000000000000000005c;000300000000000000000036;0006000000000000000008d8;
000100000000000000000001;jaime;2026-09-30 09:43:00;lue;2026-09-30 23:43:00;publication;000300000000000000000150;00010000000000000000003a;000300000000000000000150;0006000000000000000008d9;
000100000000000000000076;jaime;2026-09-30 09:53:00;non_lue;;publication;000300000000000000000240;000100000000000000000061;000300000000000000000240;0006000000000000000008da;
000100000000000000000003;jaime;2026-09-30 10:04:00;non_lue;;publication;000300000000000000000047;000100000000000000000089;000300000000000000000047;0006000000000000000008db;
000100000000000000000059;jaime;2026-09-30 10:14:00;non_lue;;publication;0003000000000000000001f1;00010000000000000000003a;0003000000000000000001f1;0006000000000000000008dc;
000100000000000000000001;message;2026-09-30 10:31:00;non_lue;;message_groupe;00050000000000000000086a;00010000000000000000000b;;0006000000000000000008dd;000200000000000000000007
00010000000000000000002a;jaime;2026-09-30 11:13:00;non_lue;;publication;000300000000000000000238;00010000000000000000000e;000300000000000000000238;0006000000000000000008de;
000100000000000000000043;message;2026-09-30 11:29:00;non_lue;;message_groupe;00050000000000000000086b;00010000000000000000001f;;0006000000000000000008df;000200000000000000000011
000100000000000000000094;message;2026-09-30 11:29:00;non_lue;;message_groupe;00050000000000000000086b;00010000000000000000001f;;0006000000000000000008e0;000200000000000000000011
000100000000000000000093;message;2026-09-30 11:29:00;non_lue;;message_groupe;00050000000000000000086b;00010000000000000000001f;;0006000000000000000008e1;000200000000000000000011
00010000000000000000007b;message;2026-09-30 11:29:00;non_lue;;message_groupe;00050000000000000000086b;00010000000000000000001f;;0006000000000000000008e2;000200000000000000000011
000100000000000000000020;jaime;2026-09-30 11:40:00;non_lue;;publication;00030000000000000000023b;000100000000000000000010;00030000000000000000023b;0006000000000000000008e3;
000100000000000000000030;demande_ami;2026-09-30 11:49:00;lue;2026-09-30 18:49:00;utilisateur;000100000000000000000033;000100000000000000000033;;0006000000000000000008e4;
00010000000000000000002a;message;2026-09-30 12:15:00;non_lue;;message_groupe;00050000000000000000086c;000100000000000000000006;;0006000000000000000008e5;00020000000000000000001a
00010000000000000000001f;message;2026-09-30 12:15:00;non_lue;;message_groupe;00050000000000000000086c;000100000000000000000006;;0006000000000000000008e6;00020000000000000000001a
000100000000000000000010;message;2026-09-30 12:15:00;non_lue;;message_groupe;00050000000000000000086c;000100000000000000000006;;0006000000000000000008e7;00020000000000000000001a
00010000000000000000002e;message;2026-09-30 12:15:00;non_lue;;message_groupe;00050000000000000000086c;000100000000000000000006;;0006000000000000000008e8;00020000000000000000001a
000100000000000000000022;jaime;2026-09-30 12:15:00;non_lue;;publication;0003000000000000000001ad;000100000000000000000059;0003000000000000000001ad;0006000000000000000008e9;
000100000000000000000086;jaime;2026-09-30 12:27:00;lue;2026-10-02 12:27:00;publication;00030000000000000000019d;000100000000000000000072;00030000000000000000019d;0006000000000000000008ea;
00010000000000000000007f;jaime;2026-09-30 13:19:00;non_lue;;publication;00030000000000000000015e;000100000000000000000086;00030000000000000000015e;0006000000000000000008eb;
000100000000000000000068;message;2026-09-30 13:35:10;non_lue;;message_prive;00050000000000000000086d;000100000000000000000069;;0006000000000000000008ec;
000100000000000000000086;jaime;2026-09-30 13:48:00;non_lue;;publication;000300000000000000000092;000100000000000000000090;000300000000000000000092;0006000000000000000008ed;
000100000000000000000068;message;2026-09-30 13:56:10;non_lue;;message_prive;000500000000000000000870;000100000000000000000069;;0006000000000000000008ee;
000100000000000000000001;jaime;2026-09-30 14:07:00;non_lue;;publication;0003000000000000000001f6;00010000000000000000007f;0003000000000000000001f6;0006000000000000000008ef;
000100000000000000000093;jaime;2026-09-30 14:22:00;non_lue;;publication;000300000000000000000242;000100000000000000000085;000300000000000000000242;0006000000000000000008f0;
000100000000000000000046;message;2026-09-30 15:03:00;non_lue;;message_groupe;000500000000000000000872;000100000000000000000056;;0006000000000000000008f1;000200000000000000000017
00010000000000000000002b;message;2026-09-30 15:16:00;non_lue;;message_groupe;000500000000000000000874;00010000000000000000006a;;0006000000000000000008f2;00020000000000000000001a
000100000000000000000026;message;2026-09-30 15:16:00;non_lue;;message_groupe;000500000000000000000874;00010000000000000000006a;;0006000000000000000008f3;00020000000000000000001a
000100000000000000000006;message;2026-09-30 15:16:00;non_lue;;message_groupe;000500000000000000000874;00010000000000000000006a;;0006000000000000000008f4;00020000000000000000001a
00010000000000000000007b;message;2026-09-30 15:16:00;non_lue;;message_groupe;000500000000000000000874;00010000000000000000006a;;0006000000000000000008f5;00020000000000000000001a
000100000000000000000046;message;2026-09-30 16:17:00;non_lue;;message_groupe;000500000000000000000879;000100000000000000000086;;0006000000000000000008f6;000200000000000000000004
000100000000000000000039;message;2026-09-30 16:17:00;non_lue;;message_groupe;000500000000000000000879;000100000000000000000086;;0006000000000000000008f7;000200000000000000000004
000100000000000000000061;message;2026-09-30 16:17:00;non_lue;;message_groupe;000500000000000000000879;000100000000000000000086;;0006000000000000000008f8;000200000000000000000004
000100000000000000000076;jaime;2026-09-30 16:27:00;non_lue;;publication;000300000000000000000225;000100000000000000000046;000300000000000000000225;0006000000000000000008f9;
000100000000000000000084;jaime;2026-09-30 16:30:00;non_lue;;publication;00030000000000000000006c;000100000000000000000070;00030000000000000000006c;0006000000000000000008fa;
000100000000000000000086;jaime;2026-09-30 16:59:00;lue;2026-10-01 16:59:00;publication;00030000000000000000023e;000100000000000000000031;00030000000000000000023e;0006000000000000000008fb;
00010000000000000000008e;jaime;2026-09-30 17:13:00;non_lue;;publication;000300000000000000000215;000100000000000000000025;000300000000000000000215;0006000000000000000008fc;
000100000000000000000059;jaime;2026-09-30 18:20:00;lue;2026-10-02 02:20:00;publication;000300000000000000000160;00010000000000000000000f;000300000000000000000160;0006000000000000000008fd;
000100000000000000000086;jaime;2026-09-30 18:35:00;non_lue;;publication;0003000000000000000001c4;000100000000000000000075;0003000000000000000001c4;0006000000000000000008fe;
000100000000000000000080;demande_ami;2026-09-30 19:20:00;non_lue;;utilisateur;00010000000000000000003b;00010000000000000000003b;;0006000000000000000008ff;
000100000000000000000001;jaime;2026-09-30 19:41:00;non_lue;;publication;0003000000000000000001a8;000100000000000000000042;0003000000000000000001a8;000600000000000000000900;
000100000000000000000042;jaime;2026-09-30 19:58:00;non_lue;;publication;000300000000000000000209;00010000000000000000007a;000300000000000000000209;000600000000000000000901;
000100000000000000000086;jaime;2026-09-30 20:17:00;non_lue;;publication;00030000000000000000023e;000100000000000000000017;00030000000000000000023e;000600000000000000000902;
000100000000000000000084;jaime;2026-09-30 20:17:00;non_lue;;publication;000300000000000000000245;000100000000000000000076;000300000000000000000245;000600000000000000000903;
00010000000000000000001c;message;2026-09-30 20:31:00;non_lue;;message_groupe;000500000000000000000884;000100000000000000000096;;000600000000000000000904;000200000000000000000019
00010000000000000000008f;message;2026-09-30 20:31:00;non_lue;;message_groupe;000500000000000000000884;000100000000000000000096;;000600000000000000000905;000200000000000000000019
000100000000000000000043;message;2026-09-30 20:31:00;non_lue;;message_groupe;000500000000000000000884;000100000000000000000096;;000600000000000000000906;000200000000000000000019
000100000000000000000086;jaime;2026-09-30 20:33:00;non_lue;;publication;00030000000000000000023e;000100000000000000000048;00030000000000000000023e;000600000000000000000907;
00010000000000000000003d;message;2026-09-30 20:39:00;non_lue;;message_groupe;000500000000000000000885;000100000000000000000071;;000600000000000000000908;000200000000000000000007
00010000000000000000007b;message;2026-09-30 20:39:00;non_lue;;message_groupe;000500000000000000000885;000100000000000000000071;;000600000000000000000909;000200000000000000000007
000100000000000000000001;message;2026-09-30 20:39:00;non_lue;;message_groupe;000500000000000000000885;000100000000000000000071;;00060000000000000000090a;000200000000000000000007
00010000000000000000007f;jaime;2026-09-30 20:42:00;non_lue;;publication;000300000000000000000205;00010000000000000000003b;000300000000000000000205;00060000000000000000090b;
00010000000000000000001a;message;2026-09-30 20:47:00;non_lue;;message_groupe;000500000000000000000887;000100000000000000000049;;00060000000000000000090c;000200000000000000000005
000100000000000000000001;message;2026-09-30 20:47:00;non_lue;;message_groupe;000500000000000000000887;000100000000000000000049;;00060000000000000000090d;000200000000000000000005
000100000000000000000008;message;2026-09-30 20:48:00;non_lue;;message_groupe;000500000000000000000888;000100000000000000000049;;00060000000000000000090e;000200000000000000000011
00010000000000000000007e;message;2026-09-30 20:48:00;non_lue;;message_groupe;000500000000000000000888;000100000000000000000049;;00060000000000000000090f;000200000000000000000011
00010000000000000000001c;message;2026-09-30 20:48:00;non_lue;;message_groupe;000500000000000000000888;000100000000000000000049;;000600000000000000000910;000200000000000000000011
000100000000000000000086;jaime;2026-09-30 21:06:00;lue;2026-10-01 16:06:00;publication;0003000000000000000001d7;000100000000000000000069;0003000000000000000001d7;000600000000000000000911;
00010000000000000000008e;jaime;2026-09-30 21:11:00;lue;2026-10-02 12:11:00;publication;000300000000000000000234;00010000000000000000000a;000300000000000000000234;000600000000000000000912;
000100000000000000000022;jaime;2026-09-30 21:17:00;non_lue;;publication;000300000000000000000187;000100000000000000000024;000300000000000000000187;000600000000000000000913;
000100000000000000000017;message;2026-09-30 21:24:00;non_lue;;message_groupe;000500000000000000000889;00010000000000000000008a;;000600000000000000000914;000200000000000000000019
000100000000000000000023;message;2026-09-30 21:24:00;non_lue;;message_groupe;000500000000000000000889;00010000000000000000008a;;000600000000000000000915;000200000000000000000019
000100000000000000000046;message;2026-09-30 21:25:00;non_lue;;message_groupe;00050000000000000000088a;00010000000000000000007b;;000600000000000000000916;00020000000000000000001d
000100000000000000000064;message;2026-09-30 21:25:00;non_lue;;message_groupe;00050000000000000000088a;00010000000000000000007b;;000600000000000000000917;00020000000000000000001d
000100000000000000000086;jaime;2026-09-30 22:24:00;lue;2026-10-02 15:24:00;publication;000300000000000000000074;00010000000000000000006c;000300000000000000000074;000600000000000000000918;
00010000000000000000000e;message;2026-09-30 22:36:00;non_lue;;message_groupe;00050000000000000000088c;00010000000000000000005a;;000600000000000000000919;00020000000000000000000a
00010000000000000000002b;message;2026-09-30 22:36:00;non_lue;;message_groupe;00050000000000000000088c;00010000000000000000005a;;00060000000000000000091a;00020000000000000000000a
000100000000000000000036;message;2026-09-30 22:36:00;non_lue;;message_groupe;00050000000000000000088c;00010000000000000000005a;;00060000000000000000091b;00020000000000000000000a
000100000000000000000084;jaime;2026-09-30 23:01:00;non_lue;;publication;000300000000000000000222;000100000000000000000022;000300000000000000000222;00060000000000000000091c;
00010000000000000000001d;demande_ami;2026-09-30 23:12:00;non_lue;;utilisateur;000100000000000000000078;000100000000000000000078;;00060000000000000000091d;
00010000000000000000007f;jaime;2026-09-30 23:43:00;non_lue;;publication;000300000000000000000069;000100000000000000000034;000300000000000000000069;00060000000000000000091e;
00010000000000000000007b;message;2026-09-30 23:50:00;non_lue;;message_groupe;00050000000000000000088d;00010000000000000000000b;;00060000000000000000091f;00020000000000000000001d
000100000000000000000086;jaime;2026-10-01 00:00:00;non_lue;;publication;0003000000000000000000f8;000100000000000000000095;0003000000000000000000f8;000600000000000000000920;
000100000000000000000086;jaime;2026-10-01 00:33:00;lue;2026-10-02 17:33:00;publication;0003000000000000000001e6;000100000000000000000046;0003000000000000000001e6;000600000000000000000921;
000100000000000000000009;demande_ami;2026-10-01 00:37:00;non_lue;;utilisateur;000100000000000000000082;000100000000000000000082;;000600000000000000000922;
000100000000000000000084;jaime;2026-10-01 00:42:00;non_lue;;publication;00030000000000000000023f;000100000000000000000006;00030000000000000000023f;000600000000000000000923;
000100000000000000000022;jaime;2026-10-01 00:47:00;non_lue;;publication;000300000000000000000229;00010000000000000000001c;000300000000000000000229;000600000000000000000924;
000100000000000000000088;message;2026-10-01 00:53:00;non_lue;;message_groupe;00050000000000000000088f;00010000000000000000004c;;000600000000000000000925;000200000000000000000012
000100000000000000000042;jaime;2026-10-01 01:08:00;non_lue;;publication;000300000000000000000173;000100000000000000000022;000300000000000000000173;000600000000000000000926;
000100000000000000000020;jaime;2026-10-01 01:08:00;non_lue;;publication;000300000000000000000024;000100000000000000000035;000300000000000000000024;000600000000000000000927;
000100000000000000000022;jaime;2026-10-01 01:15:00;non_lue;;publication;0003000000000000000001eb;000100000000000000000051;0003000000000000000001eb;000600000000000000000928;
00010000000000000000008c;message;2026-10-01 01:19:00;non_lue;;message_groupe;000500000000000000000890;000100000000000000000042;;000600000000000000000929;000200000000000000000005
000100000000000000000014;jaime;2026-10-01 01:22:00;lue;2026-10-02 10:22:00;publication;0003000000000000000000fd;000100000000000000000084;0003000000000000000000fd;00060000000000000000092a;
000100000000000000000014;jaime;2026-10-01 01:30:00;lue;2026-10-01 18:30:00;publication;000300000000000000000220;00010000000000000000006e;000300000000000000000220;00060000000000000000092b;
000100000000000000000039;message;2026-10-01 01:33:00;non_lue;;message_groupe;000500000000000000000892;000100000000000000000055;;00060000000000000000092c;000200000000000000000019
00010000000000000000005c;message;2026-10-01 01:44:00;non_lue;;message_groupe;000500000000000000000893;000100000000000000000053;;00060000000000000000092d;000200000000000000000007
00010000000000000000003d;message;2026-10-01 01:44:00;non_lue;;message_groupe;000500000000000000000893;000100000000000000000053;;00060000000000000000092e;000200000000000000000007
000100000000000000000057;message;2026-10-01 01:44:00;non_lue;;message_groupe;000500000000000000000893;000100000000000000000053;;00060000000000000000092f;000200000000000000000007
000100000000000000000017;message;2026-10-01 01:44:00;non_lue;;message_groupe;000500000000000000000893;000100000000000000000053;;000600000000000000000930;000200000000000000000007
00010000000000000000008e;jaime;2026-10-01 01:57:00;lue;2026-10-02 20:57:00;publication;000300000000000000000201;000100000000000000000003;000300000000000000000201;000600000000000000000931;
00010000000000000000008e;jaime;2026-10-01 02:06:00;non_lue;;publication;0003000000000000000000d2;000100000000000000000048;0003000000000000000000d2;000600000000000000000932;
00010000000000000000002a;jaime;2026-10-01 02:08:00;lue;2026-10-03 01:08:00;publication;0003000000000000000000fc;000100000000000000000012;0003000000000000000000fc;000600000000000000000933;
000100000000000000000020;jaime;2026-10-01 02:42:00;non_lue;;publication;000300000000000000000246;000100000000000000000086;000300000000000000000246;000600000000000000000934;
00010000000000000000008c;message;2026-10-01 02:54:00;non_lue;;message_groupe;000500000000000000000895;000100000000000000000031;;000600000000000000000935;00020000000000000000000e
000100000000000000000088;message;2026-10-01 02:54:00;non_lue;;message_groupe;000500000000000000000895;000100000000000000000031;;000600000000000000000936;00020000000000000000000e
000100000000000000000033;message;2026-10-01 03:05:00;non_lue;;message_groupe;000500000000000000000896;000100000000000000000088;;000600000000000000000937;00020000000000000000001b
00010000000000000000002a;jaime;2026-10-01 03:17:00;lue;2026-10-01 22:17:00;publication;000300000000000000000238;00010000000000000000000b;000300000000000000000238;000600000000000000000938;
000100000000000000000001;jaime;2026-10-01 03:20:00;non_lue;;publication;0003000000000000000001f6;00010000000000000000007a;0003000000000000000001f6;000600000000000000000939;
000100000000000000000071;message;2026-10-01 03:41:00;non_lue;;message_groupe;000500000000000000000897;000100000000000000000076;;00060000000000000000093a;000200000000000000000007
000100000000000000000092;message;2026-10-01 03:41:00;non_lue;;message_groupe;000500000000000000000897;000100000000000000000076;;00060000000000000000093b;000200000000000000000007
000100000000000000000091;message;2026-10-01 03:41:00;non_lue;;message_groupe;000500000000000000000897;000100000000000000000076;;00060000000000000000093c;000200000000000000000007
00010000000000000000002d;message;2026-10-01 03:41:00;non_lue;;message_groupe;000500000000000000000897;000100000000000000000076;;00060000000000000000093d;000200000000000000000007
00010000000000000000008e;jaime;2026-10-01 03:56:00;non_lue;;publication;000300000000000000000215;000100000000000000000049;000300000000000000000215;00060000000000000000093e;
000100000000000000000086;jaime;2026-10-01 03:58:00;non_lue;;publication;00030000000000000000023e;00010000000000000000001c;00030000000000000000023e;00060000000000000000093f;
000100000000000000000059;jaime;2026-10-01 04:00:00;lue;2026-10-02 21:00:00;publication;0003000000000000000000ec;000100000000000000000013;0003000000000000000000ec;000600000000000000000940;
000100000000000000000024;message;2026-10-01 04:07:00;non_lue;;message_groupe;00050000000000000000089a;000100000000000000000063;;000600000000000000000941;000200000000000000000011
00010000000000000000000d;message;2026-10-01 04:07:00;non_lue;;message_groupe;00050000000000000000089a;000100000000000000000063;;000600000000000000000942;000200000000000000000011
000100000000000000000046;message;2026-10-01 04:07:00;non_lue;;message_groupe;00050000000000000000089a;000100000000000000000063;;000600000000000000000943;000200000000000000000011
000100000000000000000086;jaime;2026-10-01 04:27:00;non_lue;;publication;0003000000000000000000f8;000100000000000000000075;0003000000000000000000f8;000600000000000000000944;
000100000000000000000009;message;2026-10-01 04:37:00;non_lue;;message_groupe;00050000000000000000089b;00010000000000000000005c;;000600000000000000000945;00020000000000000000000a
000100000000000000000048;message;2026-10-01 04:54:00;non_lue;;message_groupe;00050000000000000000089c;000100000000000000000017;;000600000000000000000946;000200000000000000000004
000100000000000000000001;message;2026-10-01 04:54:00;non_lue;;message_groupe;00050000000000000000089c;000100000000000000000017;;000600000000000000000947;000200000000000000000004
00010000000000000000008e;jaime;2026-10-01 05:04:00;non_lue;;publication;000300000000000000000215;000100000000000000000093;000300000000000000000215;000600000000000000000948;
00010000000000000000007e;message;2026-10-01 05:09:00;non_lue;;message_groupe;00050000000000000000089d;00010000000000000000008e;;000600000000000000000949;000200000000000000000018
00010000000000000000002b;message;2026-10-01 05:09:00;non_lue;;message_groupe;00050000000000000000089d;00010000000000000000008e;;00060000000000000000094a;000200000000000000000018
000100000000000000000053;message;2026-10-01 05:13:00;non_lue;;message_groupe;00050000000000000000089e;000100000000000000000021;;00060000000000000000094b;000200000000000000000019
000100000000000000000007;message;2026-10-01 05:29:00;non_lue;;message_groupe;00050000000000000000089f;00010000000000000000003b;;00060000000000000000094c;00020000000000000000000b
000100000000000000000018;message;2026-10-01 05:55:00;non_lue;;message_groupe;0005000000000000000008a0;00010000000000000000005b;;00060000000000000000094d;00020000000000000000001b
000100000000000000000048;message;2026-10-01 05:55:00;non_lue;;message_groupe;0005000000000000000008a0;00010000000000000000005b;;00060000000000000000094e;00020000000000000000001b
00010000000000000000001c;message;2026-10-01 05:55:00;non_lue;;message_groupe;0005000000000000000008a0;00010000000000000000005b;;00060000000000000000094f;00020000000000000000001b
000100000000000000000024;message;2026-10-01 05:55:00;non_lue;;message_groupe;0005000000000000000008a0;00010000000000000000005b;;000600000000000000000950;00020000000000000000001b
00010000000000000000007e;jaime;2026-10-01 06:28:00;lue;2026-10-02 16:28:00;publication;000300000000000000000114;00010000000000000000008c;000300000000000000000114;000600000000000000000951;
000100000000000000000062;jaime;2026-10-01 07:07:00;lue;2026-10-02 08:07:00;publication;00030000000000000000022b;000100000000000000000092;00030000000000000000022b;000600000000000000000952;
000100000000000000000059;demande_ami;2026-10-01 07:07:00;non_lue;;utilisateur;000100000000000000000024;000100000000000000000024;;000600000000000000000953;
000100000000000000000001;jaime;2026-10-01 07:10:00;lue;2026-10-03 07:10:00;publication;000300000000000000000132;00010000000000000000002c;000300000000000000000132;000600000000000000000954;
000100000000000000000042;jaime;2026-10-01 07:22:00;non_lue;;publication;000300000000000000000213;00010000000000000000008b;000300000000000000000213;000600000000000000000955;
000100000000000000000042;jaime;2026-10-01 07:27:00;non_lue;;publication;00030000000000000000022a;000100000000000000000055;00030000000000000000022a;000600000000000000000956;
00010000000000000000008e;jaime;2026-10-01 07:59:00;non_lue;;publication;000300000000000000000212;000100000000000000000061;000300000000000000000212;000600000000000000000957;
000100000000000000000075;message;2026-10-01 08:06:00;non_lue;;message_groupe;0005000000000000000008a1;000100000000000000000011;;000600000000000000000958;00020000000000000000001b
000100000000000000000038;message;2026-10-01 08:06:00;non_lue;;message_groupe;0005000000000000000008a1;000100000000000000000011;;000600000000000000000959;00020000000000000000001b
00010000000000000000001f;message;2026-10-01 08:06:00;non_lue;;message_groupe;0005000000000000000008a1;000100000000000000000011;;00060000000000000000095a;00020000000000000000001b
000100000000000000000092;jaime;2026-10-01 08:12:00;non_lue;;publication;000300000000000000000216;000100000000000000000087;000300000000000000000216;00060000000000000000095b;
00010000000000000000002d;message;2026-10-01 08:25:00;non_lue;;message_groupe;0005000000000000000008a2;00010000000000000000003b;;00060000000000000000095c;000200000000000000000006
00010000000000000000002a;message;2026-10-01 08:25:00;non_lue;;message_groupe;0005000000000000000008a2;00010000000000000000003b;;00060000000000000000095d;000200000000000000000006
000100000000000000000093;message;2026-10-01 08:50:00;non_lue;;message_groupe;0005000000000000000008a4;000100000000000000000054;;00060000000000000000095e;000200000000000000000011
00010000000000000000007f;jaime;2026-10-01 09:05:00;lue;2026-10-02 21:05:00;publication;0003000000000000000001b6;00010000000000000000005b;0003000000000000000001b6;00060000000000000000095f;
000100000000000000000042;message;2026-10-01 09:14:00;non_lue;;message_groupe;0005000000000000000008a5;00010000000000000000005c;;000600000000000000000960;000200000000000000000018
000100000000000000000089;jaime;2026-10-01 09:19:00;non_lue;;publication;000300000000000000000227;00010000000000000000007a;000300000000000000000227;000600000000000000000961;
000100000000000000000086;demande_ami;2026-10-01 09:22:00;non_lue;;utilisateur;00010000000000000000004d;00010000000000000000004d;;000600000000000000000962;
000100000000000000000084;jaime;2026-10-01 09:25:00;non_lue;;publication;00030000000000000000023a;00010000000000000000005a;00030000000000000000023a;000600000000000000000963;
000100000000000000000086;jaime;2026-10-01 09:49:00;lue;2026-10-02 17:49:00;publication;0003000000000000000001ee;000100000000000000000012;0003000000000000000001ee;000600000000000000000964;
00010000000000000000008e;jaime;2026-10-01 09:53:00;non_lue;;publication;000300000000000000000177;000100000000000000000017;000300000000000000000177;000600000000000000000965;
00010000000000000000007f;jaime;2026-10-01 10:14:00;non_lue;;publication;00030000000000000000022e;000100000000000000000070;00030000000000000000022e;000600000000000000000966;
000100000000000000000014;jaime;2026-10-01 10:15:00;non_lue;;publication;000300000000000000000220;00010000000000000000001c;000300000000000000000220;000600000000000000000967;
000100000000000000000034;demande_ami;2026-10-01 10:29:00;lue;2026-10-02 14:29:00;utilisateur;000100000000000000000076;000100000000000000000076;;000600000000000000000968;
000100000000000000000076;jaime;2026-10-01 10:34:00;non_lue;;publication;000300000000000000000225;000100000000000000000041;000300000000000000000225;000600000000000000000969;
000100000000000000000081;jaime;2026-10-01 10:57:00;non_lue;;publication;000300000000000000000066;000100000000000000000002;000300000000000000000066;00060000000000000000096a;
000100000000000000000084;jaime;2026-10-01 11:17:00;non_lue;;publication;00030000000000000000019b;00010000000000000000006b;00030000000000000000019b;00060000000000000000096b;
000100000000000000000001;jaime;2026-10-01 11:39:00;lue;2026-10-02 21:39:00;publication;0003000000000000000001e4;00010000000000000000006c;0003000000000000000001e4;00060000000000000000096c;
00010000000000000000005c;demande_ami;2026-10-01 12:01:00;non_lue;;utilisateur;000100000000000000000088;000100000000000000000088;;00060000000000000000096d;
00010000000000000000008e;jaime;2026-10-01 12:13:00;lue;2026-10-01 18:13:00;publication;000300000000000000000234;000100000000000000000075;000300000000000000000234;00060000000000000000096e;
00010000000000000000002d;demande_ami;2026-10-01 12:20:00;non_lue;;utilisateur;000100000000000000000060;000100000000000000000060;;00060000000000000000096f;
00010000000000000000003a;message;2026-10-01 12:34:00;non_lue;;message_groupe;0005000000000000000008a8;000100000000000000000009;;000600000000000000000970;00020000000000000000000a
00010000000000000000005a;message;2026-10-01 12:34:00;non_lue;;message_groupe;0005000000000000000008a8;000100000000000000000009;;000600000000000000000971;00020000000000000000000a
000100000000000000000014;message;2026-10-01 12:34:00;non_lue;;message_groupe;0005000000000000000008a8;000100000000000000000009;;000600000000000000000972;00020000000000000000000a
00010000000000000000002a;jaime;2026-10-01 12:57:00;non_lue;;publication;00030000000000000000023d;000100000000000000000025;00030000000000000000023d;000600000000000000000973;
000100000000000000000021;message;2026-10-01 12:58:00;non_lue;;message_groupe;0005000000000000000008a9;00010000000000000000001f;;000600000000000000000974;000200000000000000000004
000100000000000000000012;message;2026-10-01 12:58:00;non_lue;;message_groupe;0005000000000000000008a9;00010000000000000000001f;;000600000000000000000975;000200000000000000000004
000100000000000000000075;message;2026-10-01 13:22:00;non_lue;;message_groupe;0005000000000000000008aa;000100000000000000000078;;000600000000000000000976;00020000000000000000001b
000100000000000000000053;message;2026-10-01 13:22:00;non_lue;;message_groupe;0005000000000000000008aa;000100000000000000000078;;000600000000000000000977;00020000000000000000001b
000100000000000000000093;message;2026-10-01 13:22:00;non_lue;;message_groupe;0005000000000000000008aa;000100000000000000000078;;000600000000000000000978;00020000000000000000001b
000100000000000000000066;demande_ami;2026-10-01 13:27:00;non_lue;;utilisateur;000100000000000000000043;000100000000000000000043;;000600000000000000000979;
000100000000000000000044;demande_ami;2026-10-01 13:36:00;non_lue;;utilisateur;000100000000000000000022;000100000000000000000022;;00060000000000000000097a;
000100000000000000000042;demande_ami;2026-10-01 13:51:00;lue;2026-10-03 04:51:00;utilisateur;00010000000000000000003f;00010000000000000000003f;;00060000000000000000097b;
000100000000000000000001;jaime;2026-10-01 13:55:00;non_lue;;publication;000300000000000000000208;000100000000000000000031;000300000000000000000208;00060000000000000000097c;
000100000000000000000093;demande_ami;2026-10-01 13:55:00;lue;2026-10-02 14:55:00;utilisateur;000100000000000000000041;000100000000000000000041;;00060000000000000000097d;
000100000000000000000028;jaime;2026-10-01 14:22:00;lue;2026-10-02 19:22:00;publication;0003000000000000000000b3;00010000000000000000007a;0003000000000000000000b3;00060000000000000000097e;
000100000000000000000042;jaime;2026-10-01 14:23:00;non_lue;;publication;0003000000000000000001f9;000100000000000000000090;0003000000000000000001f9;00060000000000000000097f;
00010000000000000000008e;commentaire;2026-10-01 14:29:00;non_lue;;commentaire;000400000000000000000339;00010000000000000000007a;00030000000000000000024a;000600000000000000000980;
000100000000000000000081;jaime;2026-10-01 14:59:00;non_lue;;publication;0003000000000000000001f8;000100000000000000000037;0003000000000000000001f8;000600000000000000000981;
00010000000000000000001b;message;2026-10-01 15:39:00;non_lue;;message_groupe;0005000000000000000008ab;000100000000000000000008;;000600000000000000000982;000200000000000000000009
000100000000000000000018;message;2026-10-01 15:39:00;non_lue;;message_groupe;0005000000000000000008ab;000100000000000000000008;;000600000000000000000983;000200000000000000000009
000100000000000000000089;demande_ami;2026-10-01 15:51:00;non_lue;;utilisateur;000100000000000000000032;000100000000000000000032;;000600000000000000000984;
000100000000000000000014;jaime;2026-10-01 15:55:00;non_lue;;publication;000300000000000000000220;00010000000000000000004e;000300000000000000000220;000600000000000000000985;
000100000000000000000076;jaime;2026-10-01 16:12:00;non_lue;;publication;00030000000000000000021b;000100000000000000000026;00030000000000000000021b;000600000000000000000986;
00010000000000000000006e;demande_ami;2026-10-01 16:14:00;non_lue;;utilisateur;00010000000000000000002e;00010000000000000000002e;;000600000000000000000987;
000100000000000000000087;message;2026-10-01 16:26:00;non_lue;;message_groupe;0005000000000000000008ad;000100000000000000000075;;000600000000000000000988;00020000000000000000001a
000100000000000000000088;message;2026-10-01 16:26:00;non_lue;;message_groupe;0005000000000000000008ad;000100000000000000000075;;000600000000000000000989;00020000000000000000001a
000100000000000000000058;demande_ami;2026-10-01 16:26:00;non_lue;;utilisateur;000100000000000000000069;000100000000000000000069;;00060000000000000000098a;
00010000000000000000002b;demande_ami;2026-10-01 16:29:00;lue;2026-10-03 01:29:00;utilisateur;000100000000000000000050;000100000000000000000050;;00060000000000000000098b;
000100000000000000000031;message;2026-10-01 16:31:00;non_lue;;message_groupe;0005000000000000000008ae;000100000000000000000090;;00060000000000000000098c;00020000000000000000001a
000100000000000000000052;message;2026-10-01 16:31:00;non_lue;;message_groupe;0005000000000000000008ae;000100000000000000000090;;00060000000000000000098d;00020000000000000000001a
00010000000000000000005b;message;2026-10-01 16:57:00;non_lue;;message_groupe;0005000000000000000008af;00010000000000000000004e;;00060000000000000000098e;00020000000000000000001e
000100000000000000000054;message;2026-10-01 17:02:00;non_lue;;message_groupe;0005000000000000000008b0;000100000000000000000059;;00060000000000000000098f;000200000000000000000017
000100000000000000000046;message;2026-10-01 17:02:00;non_lue;;message_groupe;0005000000000000000008b0;000100000000000000000059;;000600000000000000000990;000200000000000000000017
000100000000000000000056;message;2026-10-01 17:02:00;non_lue;;message_groupe;0005000000000000000008b0;000100000000000000000059;;000600000000000000000991;000200000000000000000017
000100000000000000000048;message;2026-10-01 17:02:00;non_lue;;message_groupe;0005000000000000000008b0;000100000000000000000059;;000600000000000000000992;000200000000000000000017
00010000000000000000002a;jaime;2026-10-01 17:16:00;lue;2026-10-02 07:16:00;publication;0003000000000000000000c5;000100000000000000000017;0003000000000000000000c5;000600000000000000000993;
000100000000000000000020;jaime;2026-10-01 17:17:00;non_lue;;publication;000300000000000000000071;000100000000000000000077;000300000000000000000071;000600000000000000000994;
00010000000000000000002a;jaime;2026-10-01 17:49:00;non_lue;;publication;00030000000000000000023d;000100000000000000000064;00030000000000000000023d;000600000000000000000995;
000100000000000000000042;jaime;2026-10-01 17:51:00;non_lue;;publication;000300000000000000000237;00010000000000000000000f;000300000000000000000237;000600000000000000000996;
000100000000000000000064;demande_ami;2026-10-01 18:02:00;lue;2026-10-01 20:02:00;utilisateur;00010000000000000000000e;00010000000000000000000e;;000600000000000000000997;
000100000000000000000012;message;2026-10-01 18:28:00;non_lue;;message_groupe;0005000000000000000008b3;000100000000000000000023;;000600000000000000000998;000200000000000000000004
000100000000000000000007;message;2026-10-01 18:28:00;non_lue;;message_groupe;0005000000000000000008b3;000100000000000000000023;;000600000000000000000999;000200000000000000000004
000100000000000000000017;message;2026-10-01 18:28:00;non_lue;;message_groupe;0005000000000000000008b3;000100000000000000000023;;00060000000000000000099a;000200000000000000000004
000100000000000000000043;message;2026-10-01 18:28:00;non_lue;;message_groupe;0005000000000000000008b3;000100000000000000000023;;00060000000000000000099b;000200000000000000000004
000100000000000000000001;message;2026-10-01 18:28:00;non_lue;;message_groupe;0005000000000000000008b3;000100000000000000000023;;00060000000000000000099c;000200000000000000000004
000100000000000000000001;jaime;2026-10-01 18:43:00;non_lue;;publication;0003000000000000000001f6;000100000000000000000019;0003000000000000000001f6;00060000000000000000099d;
000100000000000000000043;jaime;2026-10-01 18:46:00;non_lue;;publication;000300000000000000000244;00010000000000000000006a;000300000000000000000244;00060000000000000000099e;
000100000000000000000092;jaime;2026-10-01 18:53:00;non_lue;;publication;000300000000000000000216;00010000000000000000005d;000300000000000000000216;00060000000000000000099f;
00010000000000000000000d;demande_ami;2026-10-01 19:27:00;lue;2026-10-02 00:27:00;utilisateur;000100000000000000000038;000100000000000000000038;;0006000000000000000009a0;
00010000000000000000003b;message;2026-10-01 19:34:00;non_lue;;message_groupe;0005000000000000000008b7;000100000000000000000014;;0006000000000000000009a1;000200000000000000000006
000100000000000000000027;message;2026-10-01 19:34:00;non_lue;;message_groupe;0005000000000000000008b7;000100000000000000000014;;0006000000000000000009a2;000200000000000000000006
000100000000000000000003;message;2026-10-01 19:34:00;non_lue;;message_groupe;0005000000000000000008b7;000100000000000000000014;;0006000000000000000009a3;000200000000000000000006
00010000000000000000000a;message;2026-10-01 19:34:00;non_lue;;message_groupe;0005000000000000000008b7;000100000000000000000014;;0006000000000000000009a4;000200000000000000000006
00010000000000000000002a;jaime;2026-10-01 19:40:00;lue;2026-10-02 01:40:00;publication;000300000000000000000191;000100000000000000000087;000300000000000000000191;0006000000000000000009a5;
00010000000000000000008e;jaime;2026-10-01 19:53:00;lue;2026-10-03 17:53:00;publication;000300000000000000000212;000100000000000000000063;000300000000000000000212;0006000000000000000009a6;
000100000000000000000085;demande_ami;2026-10-01 20:20:00;non_lue;;utilisateur;00010000000000000000001f;00010000000000000000001f;;0006000000000000000009a7;
000100000000000000000053;message;2026-10-01 20:32:00;non_lue;;message_groupe;0005000000000000000008b8;00010000000000000000007b;;0006000000000000000009a8;00020000000000000000000c
000100000000000000000022;jaime;2026-10-01 20:33:00;non_lue;;publication;00030000000000000000008f;00010000000000000000001a;00030000000000000000008f;0006000000000000000009a9;
00010000000000000000008a;message;2026-10-01 20:59:28;non_lue;;message_prive;0005000000000000000008b9;00010000000000000000000f;;0006000000000000000009aa;
00010000000000000000008e;jaime;2026-10-01 21:12:00;non_lue;;publication;000300000000000000000215;00010000000000000000008b;000300000000000000000215;0006000000000000000009ab;
00010000000000000000002d;demande_ami;2026-10-01 21:16:00;non_lue;;utilisateur;000100000000000000000048;000100000000000000000048;;0006000000000000000009ac;
00010000000000000000001a;message;2026-10-01 21:35:00;non_lue;;message_groupe;0005000000000000000008bb;000100000000000000000027;;0006000000000000000009ad;00020000000000000000001a
000100000000000000000013;jaime;2026-10-01 21:40:00;non_lue;;publication;000300000000000000000086;000100000000000000000057;000300000000000000000086;0006000000000000000009ae;
00010000000000000000007e;jaime;2026-10-01 22:06:00;non_lue;;publication;000300000000000000000196;000100000000000000000050;000300000000000000000196;0006000000000000000009af;
000100000000000000000092;demande_ami;2026-10-01 22:11:00;non_lue;;utilisateur;00010000000000000000005c;00010000000000000000005c;;0006000000000000000009b0;
000100000000000000000001;jaime;2026-10-01 22:25:00;lue;2026-10-03 06:25:00;publication;000300000000000000000199;00010000000000000000007c;000300000000000000000199;0006000000000000000009b1;
000100000000000000000007;message;2026-10-01 23:03:00;non_lue;;message_groupe;0005000000000000000008bf;000100000000000000000081;;0006000000000000000009b2;00020000000000000000000b
00010000000000000000001e;demande_ami;2026-10-01 23:18:00;lue;2026-10-02 05:18:00;utilisateur;000100000000000000000002;000100000000000000000002;;0006000000000000000009b3;
000100000000000000000093;jaime;2026-10-01 23:21:00;non_lue;;publication;000300000000000000000242;000100000000000000000033;000300000000000000000242;0006000000000000000009b4;
000100000000000000000001;jaime;2026-10-01 23:25:00;lue;2026-10-02 03:25:00;publication;000300000000000000000199;000100000000000000000065;000300000000000000000199;0006000000000000000009b5;
000100000000000000000086;jaime;2026-10-01 23:28:00;non_lue;;publication;0003000000000000000001e6;00010000000000000000008e;0003000000000000000001e6;0006000000000000000009b6;
000100000000000000000015;message;2026-10-01 23:39:00;non_lue;;message_groupe;0005000000000000000008c0;000100000000000000000012;;0006000000000000000009b7;000200000000000000000005
00010000000000000000008e;message;2026-10-01 23:39:00;non_lue;;message_groupe;0005000000000000000008c0;000100000000000000000012;;0006000000000000000009b8;000200000000000000000005
000100000000000000000065;message;2026-10-01 23:39:00;non_lue;;message_groupe;0005000000000000000008c0;000100000000000000000012;;0006000000000000000009b9;000200000000000000000005
000100000000000000000010;message;2026-10-01 23:39:00;non_lue;;message_groupe;0005000000000000000008c0;000100000000000000000012;;0006000000000000000009ba;000200000000000000000005
000100000000000000000001;message;2026-10-01 23:39:00;non_lue;;message_groupe;0005000000000000000008c0;000100000000000000000012;;0006000000000000000009bb;000200000000000000000005
00010000000000000000007b;message;2026-10-01 23:47:00;non_lue;;message_groupe;0005000000000000000008c1;000100000000000000000027;;0006000000000000000009bc;00020000000000000000001d
00010000000000000000008a;message;2026-10-01 23:47:00;non_lue;;message_groupe;0005000000000000000008c1;000100000000000000000027;;0006000000000000000009bd;00020000000000000000001d
000100000000000000000013;message;2026-10-01 23:47:00;non_lue;;message_groupe;0005000000000000000008c1;000100000000000000000027;;0006000000000000000009be;00020000000000000000001d
000100000000000000000064;message;2026-10-01 23:51:00;non_lue;;message_groupe;0005000000000000000008c2;000100000000000000000017;;0006000000000000000009bf;00020000000000000000001a
000100000000000000000006;message;2026-10-01 23:51:00;non_lue;;message_groupe;0005000000000000000008c2;000100000000000000000017;;0006000000000000000009c0;00020000000000000000001a
000100000000000000000056;message;2026-10-01 23:51:00;non_lue;;message_groupe;0005000000000000000008c2;000100000000000000000017;;0006000000000000000009c1;00020000000000000000001a
00010000000000000000008e;jaime;2026-10-02 00:01:00;non_lue;;publication;000300000000000000000215;00010000000000000000004f;000300000000000000000215;0006000000000000000009c2;
000100000000000000000011;message;2026-10-02 00:06:00;non_lue;;message_groupe;0005000000000000000008c3;000100000000000000000058;;0006000000000000000009c3;00020000000000000000000f
000100000000000000000017;message;2026-10-02 00:06:00;non_lue;;message_groupe;0005000000000000000008c3;000100000000000000000058;;0006000000000000000009c4;00020000000000000000000f
00010000000000000000005d;message;2026-10-02 00:06:00;non_lue;;message_groupe;0005000000000000000008c3;000100000000000000000058;;0006000000000000000009c5;00020000000000000000000f
000100000000000000000054;message;2026-10-02 00:06:00;non_lue;;message_groupe;0005000000000000000008c3;000100000000000000000058;;0006000000000000000009c6;00020000000000000000000f
000100000000000000000084;jaime;2026-10-02 00:18:00;lue;2026-10-02 04:18:00;publication;0003000000000000000000c8;00010000000000000000002c;0003000000000000000000c8;0006000000000000000009c7;
000100000000000000000076;jaime;2026-10-02 00:48:00;non_lue;;publication;000300000000000000000240;00010000000000000000006a;000300000000000000000240;0006000000000000000009c8;
000100000000000000000076;jaime;2026-10-02 00:55:00;non_lue;;publication;000300000000000000000240;000100000000000000000086;000300000000000000000240;0006000000000000000009c9;
000100000000000000000059;jaime;2026-10-02 00:56:00;lue;2026-10-02 09:56:00;publication;000300000000000000000249;000100000000000000000011;000300000000000000000249;0006000000000000000009ca;
000100000000000000000087;demande_ami;2026-10-02 01:16:00;non_lue;;utilisateur;00010000000000000000000a;00010000000000000000000a;;0006000000000000000009cb;
00010000000000000000006b;jaime;2026-10-02 01:24:00;non_lue;;publication;000300000000000000000103;000100000000000000000070;000300000000000000000103;0006000000000000000009cc;
000100000000000000000014;jaime;2026-10-02 01:24:00;lue;2026-10-02 11:24:00;publication;000300000000000000000130;00010000000000000000006b;000300000000000000000130;0006000000000000000009cd;
00010000000000000000008e;commentaire;2026-10-02 01:28:00;non_lue;;commentaire;000400000000000000000238;000100000000000000000023;000300000000000000000215;0006000000000000000009ce;
000100000000000000000054;message;2026-10-02 01:39:00;non_lue;;message_groupe;0005000000000000000008c5;000100000000000000000092;;0006000000000000000009cf;00020000000000000000000b
000100000000000000000026;message;2026-10-02 01:39:00;non_lue;;message_groupe;0005000000000000000008c5;000100000000000000000092;;0006000000000000000009d0;00020000000000000000000b
000100000000000000000065;message;2026-10-02 02:03:00;non_lue;;message_groupe;0005000000000000000008c6;000100000000000000000094;;0006000000000000000009d1;00020000000000000000000e
00010000000000000000001c;message;2026-10-02 02:03:00;non_lue;;message_groupe;0005000000000000000008c6;000100000000000000000094;;0006000000000000000009d2;00020000000000000000000e
000100000000000000000038;message;2026-10-02 02:40:00;non_lue;;message_groupe;0005000000000000000008c7;00010000000000000000002b;;0006000000000000000009d3;000200000000000000000018
00010000000000000000006a;message;2026-10-02 02:40:00;non_lue;;message_groupe;0005000000000000000008c7;00010000000000000000002b;;0006000000000000000009d4;000200000000000000000018
00010000000000000000001d;message;2026-10-02 02:45:00;non_lue;;message_groupe;0005000000000000000008c8;000100000000000000000008;;0006000000000000000009d5;000200000000000000000019
000100000000000000000039;message;2026-10-02 02:58:00;non_lue;;message_groupe;0005000000000000000008c9;00010000000000000000005a;;0006000000000000000009d6;000200000000000000000009
00010000000000000000004a;message;2026-10-02 02:58:00;non_lue;;message_groupe;0005000000000000000008c9;00010000000000000000005a;;0006000000000000000009d7;000200000000000000000009
000100000000000000000086;message;2026-10-02 02:58:00;non_lue;;message_groupe;0005000000000000000008c9;00010000000000000000005a;;0006000000000000000009d8;000200000000000000000009
000100000000000000000069;message;2026-10-02 03:18:00;non_lue;;message_groupe;0005000000000000000008cb;000100000000000000000043;;0006000000000000000009d9;000200000000000000000004
000100000000000000000023;message;2026-10-02 03:18:00;non_lue;;message_groupe;0005000000000000000008cb;000100000000000000000043;;0006000000000000000009da;000200000000000000000004
000100000000000000000046;message;2026-10-02 03:18:00;non_lue;;message_groupe;0005000000000000000008cb;000100000000000000000043;;0006000000000000000009db;000200000000000000000004
000100000000000000000061;message;2026-10-02 03:18:00;non_lue;;message_groupe;0005000000000000000008cb;000100000000000000000043;;0006000000000000000009dc;000200000000000000000004
000100000000000000000089;message;2026-10-02 03:30:00;non_lue;;message_groupe;0005000000000000000008cc;000100000000000000000030;;0006000000000000000009dd;00020000000000000000001a
00010000000000000000007e;jaime;2026-10-02 03:32:00;lue;2026-10-02 14:32:00;publication;000300000000000000000248;00010000000000000000000e;000300000000000000000248;0006000000000000000009de;
00010000000000000000007f;jaime;2026-10-02 03:54:00;non_lue;;publication;000300000000000000000172;00010000000000000000002a;000300000000000000000172;0006000000000000000009df;
000100000000000000000081;jaime;2026-10-02 04:06:00;non_lue;;publication;000300000000000000000241;00010000000000000000007e;000300000000000000000241;0006000000000000000009e0;
000100000000000000000059;jaime;2026-10-02 04:10:00;non_lue;;publication;00030000000000000000010f;000100000000000000000003;00030000000000000000010f;0006000000000000000009e1;
000100000000000000000014;commentaire;2026-10-02 04:11:00;non_lue;;commentaire;00040000000000000000026e;00010000000000000000000d;000300000000000000000220;0006000000000000000009e2;
000100000000000000000002;message;2026-10-02 04:43:00;non_lue;;message_groupe;0005000000000000000008cd;000100000000000000000043;;0006000000000000000009e3;00020000000000000000000b
00010000000000000000003b;message;2026-10-02 04:43:00;non_lue;;message_groupe;0005000000000000000008cd;000100000000000000000043;;0006000000000000000009e4;00020000000000000000000b
00010000000000000000002b;message;2026-10-02 04:43:00;non_lue;;message_groupe;0005000000000000000008cd;000100000000000000000043;;0006000000000000000009e5;00020000000000000000000b
000100000000000000000010;message;2026-10-02 04:43:00;non_lue;;message_groupe;0005000000000000000008cd;000100000000000000000043;;0006000000000000000009e6;00020000000000000000000b
000100000000000000000042;jaime;2026-10-02 04:54:00;lue;2026-10-02 19:54:00;publication;000300000000000000000236;000100000000000000000026;000300000000000000000236;0006000000000000000009e7;
00010000000000000000007f;jaime;2026-10-02 05:03:00;lue;2026-10-03 00:03:00;publication;000300000000000000000189;00010000000000000000005a;000300000000000000000189;0006000000000000000009e8;
000100000000000000000020;jaime;2026-10-02 05:09:00;non_lue;;publication;000300000000000000000100;00010000000000000000001b;000300000000000000000100;0006000000000000000009e9;
000100000000000000000086;jaime;2026-10-02 05:13:00;lue;2026-10-02 11:13:00;publication;000300000000000000000181;000100000000000000000031;000300000000000000000181;0006000000000000000009ea;
00010000000000000000006b;jaime;2026-10-02 05:16:00;non_lue;;publication;00030000000000000000000e;000100000000000000000045;00030000000000000000000e;0006000000000000000009eb;
000100000000000000000041;demande_ami;2026-10-02 05:19:00;non_lue;;utilisateur;00010000000000000000003e;00010000000000000000003e;;0006000000000000000009ec;
000100000000000000000086;jaime;2026-10-02 05:23:00;lue;2026-10-02 19:23:00;publication;000300000000000000000092;000100000000000000000033;000300000000000000000092;0006000000000000000009ed;
000100000000000000000001;jaime;2026-10-02 05:30:00;lue;2026-10-02 07:30:00;publication;000300000000000000000150;000100000000000000000070;000300000000000000000150;0006000000000000000009ee;
00010000000000000000008e;jaime;2026-10-02 06:27:00;lue;2026-10-03 14:27:00;publication;000300000000000000000121;000100000000000000000001;000300000000000000000121;0006000000000000000009ef;
000100000000000000000042;jaime;2026-10-02 06:44:00;lue;2026-10-02 14:44:00;publication;000300000000000000000228;000100000000000000000004;000300000000000000000228;0006000000000000000009f0;
00010000000000000000002b;demande_ami;2026-10-02 07:06:00;lue;2026-10-04 05:06:00;utilisateur;000100000000000000000079;000100000000000000000079;;0006000000000000000009f1;
000100000000000000000014;jaime;2026-10-02 07:12:00;non_lue;;publication;00030000000000000000012e;000100000000000000000082;00030000000000000000012e;0006000000000000000009f2;
000100000000000000000084;jaime;2026-10-02 07:13:00;non_lue;;publication;00030000000000000000023f;000100000000000000000025;00030000000000000000023f;0006000000000000000009f3;
00010000000000000000005a;message;2026-10-02 07:16:00;non_lue;;message_groupe;0005000000000000000008d7;000100000000000000000064;;0006000000000000000009f4;00020000000000000000000c
00010000000000000000002b;message;2026-10-02 07:16:00;non_lue;;message_groupe;0005000000000000000008d7;000100000000000000000064;;0006000000000000000009f5;00020000000000000000000c
00010000000000000000006b;jaime;2026-10-02 07:16:00;non_lue;;publication;00030000000000000000020a;000100000000000000000011;00030000000000000000020a;0006000000000000000009f6;
000100000000000000000066;message;2026-10-02 07:34:00;non_lue;;message_groupe;0005000000000000000008d9;00010000000000000000005a;;0006000000000000000009f7;00020000000000000000001b
000100000000000000000065;message;2026-10-02 07:34:00;non_lue;;message_groupe;0005000000000000000008d9;00010000000000000000005a;;0006000000000000000009f8;00020000000000000000001b
000100000000000000000013;message;2026-10-02 07:34:00;non_lue;;message_groupe;0005000000000000000008d9;00010000000000000000005a;;0006000000000000000009f9;00020000000000000000001b
000100000000000000000007;message;2026-10-02 07:34:00;non_lue;;message_groupe;0005000000000000000008d9;00010000000000000000005a;;0006000000000000000009fa;00020000000000000000001b
000100000000000000000042;jaime;2026-10-02 07:37:00;non_lue;;publication;000300000000000000000237;000100000000000000000083;000300000000000000000237;0006000000000000000009fb;
000100000000000000000075;message;2026-10-02 07:44:00;non_lue;;message_groupe;0005000000000000000008da;000100000000000000000071;;0006000000000000000009fc;00020000000000000000001b
00010000000000000000006b;jaime;2026-10-02 07:49:00;non_lue;;publication;000300000000000000000159;000100000000000000000080;000300000000000000000159;0006000000000000000009fd;
000100000000000000000001;jaime;2026-10-02 07:50:00;non_lue;;publication;000300000000000000000155;000100000000000000000047;000300000000000000000155;0006000000000000000009fe;
000100000000000000000011;message;2026-10-02 08:08:00;non_lue;;message_groupe;0005000000000000000008db;000100000000000000000017;;0006000000000000000009ff;00020000000000000000000f
00010000000000000000007b;message;2026-10-02 08:08:00;non_lue;;message_groupe;0005000000000000000008db;000100000000000000000017;;000600000000000000000a00;00020000000000000000000f
000100000000000000000054;message;2026-10-02 08:08:00;non_lue;;message_groupe;0005000000000000000008db;000100000000000000000017;;000600000000000000000a01;00020000000000000000000f
000100000000000000000019;message;2026-10-02 08:08:00;non_lue;;message_groupe;0005000000000000000008db;000100000000000000000017;;000600000000000000000a02;00020000000000000000000f
000100000000000000000086;jaime;2026-10-02 08:36:00;lue;2026-10-02 21:36:00;publication;00030000000000000000014f;000100000000000000000063;00030000000000000000014f;000600000000000000000a03;
000100000000000000000001;jaime;2026-10-02 08:50:00;non_lue;;publication;0003000000000000000001f6;000100000000000000000069;0003000000000000000001f6;000600000000000000000a04;
000100000000000000000013;jaime;2026-10-02 09:04:00;non_lue;;publication;00030000000000000000020b;000100000000000000000019;00030000000000000000020b;000600000000000000000a05;
000100000000000000000063;message;2026-10-02 09:14:00;non_lue;;message_groupe;0005000000000000000008de;00010000000000000000002b;;000600000000000000000a06;000200000000000000000019
000100000000000000000092;message;2026-10-02 09:14:00;non_lue;;message_groupe;0005000000000000000008de;00010000000000000000002b;;000600000000000000000a07;000200000000000000000019
00010000000000000000007e;message;2026-10-02 09:14:00;non_lue;;message_groupe;0005000000000000000008de;00010000000000000000002b;;000600000000000000000a08;000200000000000000000019
000100000000000000000088;message;2026-10-02 09:15:00;non_lue;;message_groupe;0005000000000000000008df;000100000000000000000059;;000600000000000000000a09;00020000000000000000001e
000100000000000000000020;jaime;2026-10-02 09:42:00;lue;2026-10-04 08:42:00;publication;00030000000000000000020e;000100000000000000000051;00030000000000000000020e;000600000000000000000a0a;
000100000000000000000076;commentaire;2026-10-02 09:54:00;non_lue;;commentaire;000400000000000000000450;000100000000000000000024;000300000000000000000225;000600000000000000000a0b;
000100000000000000000049;message;2026-10-02 10:05:00;non_lue;;message_groupe;0005000000000000000008e2;00010000000000000000000e;;000600000000000000000a0c;00020000000000000000000c
000100000000000000000034;message;2026-10-02 10:05:00;non_lue;;message_groupe;0005000000000000000008e2;00010000000000000000000e;;000600000000000000000a0d;00020000000000000000000c
000100000000000000000055;message;2026-10-02 10:08:00;non_lue;;message_groupe;0005000000000000000008e3;000100000000000000000052;;000600000000000000000a0e;00020000000000000000001a
00010000000000000000004e;message;2026-10-02 10:08:00;non_lue;;message_groupe;0005000000000000000008e3;000100000000000000000052;;000600000000000000000a0f;00020000000000000000001a
00010000000000000000008e;jaime;2026-10-02 10:39:00;lue;2026-10-04 07:39:00;publication;0003000000000000000001ef;00010000000000000000002b;0003000000000000000001ef;000600000000000000000a10;
000100000000000000000084;jaime;2026-10-02 10:42:00;non_lue;;publication;00030000000000000000020f;00010000000000000000008f;00030000000000000000020f;000600000000000000000a11;
00010000000000000000004d;message;2026-10-02 10:44:25;non_lue;;message_prive;0005000000000000000008e5;000100000000000000000014;;000600000000000000000a12;
000100000000000000000084;jaime;2026-10-02 10:48:00;lue;2026-10-03 01:48:00;publication;000300000000000000000222;000100000000000000000010;000300000000000000000222;000600000000000000000a13;
00010000000000000000007f;jaime;2026-10-02 10:48:00;lue;2026-10-03 01:48:00;publication;000300000000000000000219;00010000000000000000000c;000300000000000000000219;000600000000000000000a14;
000100000000000000000020;jaime;2026-10-02 11:45:00;non_lue;;publication;000300000000000000000024;000100000000000000000089;000300000000000000000024;000600000000000000000a15;
00010000000000000000002b;jaime;2026-10-02 12:03:00;non_lue;;publication;00030000000000000000023c;000100000000000000000058;00030000000000000000023c;000600000000000000000a16;
000100000000000000000042;jaime;2026-10-02 12:05:00;lue;2026-10-03 06:05:00;publication;000300000000000000000209;000100000000000000000006;000300000000000000000209;000600000000000000000a17;
000100000000000000000084;jaime;2026-10-02 12:19:00;lue;2026-10-04 07:19:00;publication;000300000000000000000245;00010000000000000000002e;000300000000000000000245;000600000000000000000a18;
000100000000000000000001;jaime;2026-10-02 12:34:00;non_lue;;publication;0003000000000000000001e4;00010000000000000000002f;0003000000000000000001e4;000600000000000000000a19;
000100000000000000000042;jaime;2026-10-02 12:46:00;non_lue;;publication;000300000000000000000209;000100000000000000000050;000300000000000000000209;000600000000000000000a1a;
000100000000000000000084;jaime;2026-10-02 13:15:00;lue;2026-10-02 23:15:00;publication;0003000000000000000001d1;00010000000000000000005a;0003000000000000000001d1;000600000000000000000a1b;
000100000000000000000019;message;2026-10-02 13:17:00;non_lue;;message_groupe;0005000000000000000008ea;000100000000000000000023;;000600000000000000000a1c;000200000000000000000019
000100000000000000000052;message;2026-10-02 13:17:00;non_lue;;message_groupe;0005000000000000000008ea;000100000000000000000023;;000600000000000000000a1d;000200000000000000000019
000100000000000000000013;message;2026-10-02 13:17:00;non_lue;;message_groupe;0005000000000000000008ea;000100000000000000000023;;000600000000000000000a1e;000200000000000000000019
000100000000000000000001;jaime;2026-10-02 13:18:00;non_lue;;publication;000300000000000000000208;000100000000000000000078;000300000000000000000208;000600000000000000000a1f;
000100000000000000000014;jaime;2026-10-02 13:40:00;non_lue;;publication;00030000000000000000012e;000100000000000000000023;00030000000000000000012e;000600000000000000000a20;
000100000000000000000093;jaime;2026-10-02 13:47:00;lue;2026-10-02 14:47:00;publication;000300000000000000000242;00010000000000000000008e;000300000000000000000242;000600000000000000000a21;
000100000000000000000020;jaime;2026-10-02 13:51:00;lue;2026-10-02 22:51:00;publication;000300000000000000000246;000100000000000000000069;000300000000000000000246;000600000000000000000a22;
00010000000000000000006b;jaime;2026-10-02 13:58:00;lue;2026-10-02 16:58:00;publication;0003000000000000000001d5;000100000000000000000037;0003000000000000000001d5;000600000000000000000a23;
00010000000000000000007f;jaime;2026-10-02 14:02:00;lue;2026-10-04 06:02:00;publication;000300000000000000000205;00010000000000000000005f;000300000000000000000205;000600000000000000000a24;
00010000000000000000002e;message;2026-10-02 14:09:00;non_lue;;message_groupe;0005000000000000000008ed;000100000000000000000049;;000600000000000000000a25;000200000000000000000011
000100000000000000000063;message;2026-10-02 14:09:00;non_lue;;message_groupe;0005000000000000000008ed;000100000000000000000049;;000600000000000000000a26;000200000000000000000011
00010000000000000000003c;message;2026-10-02 14:09:00;non_lue;;message_groupe;0005000000000000000008ed;000100000000000000000049;;000600000000000000000a27;000200000000000000000011
00010000000000000000008e;message;2026-10-02 14:09:00;non_lue;;message_groupe;0005000000000000000008ed;000100000000000000000049;;000600000000000000000a28;000200000000000000000011
000100000000000000000075;jaime;2026-10-02 14:12:00;non_lue;;publication;00030000000000000000024c;00010000000000000000003a;00030000000000000000024c;000600000000000000000a29;
00010000000000000000005d;jaime;2026-10-02 14:54:00;non_lue;;publication;000300000000000000000221;00010000000000000000008f;000300000000000000000221;000600000000000000000a2a;
000100000000000000000084;jaime;2026-10-02 14:54:00;lue;2026-10-02 23:54:00;publication;0003000000000000000001a5;000100000000000000000016;0003000000000000000001a5;000600000000000000000a2b;
000100000000000000000001;message;2026-10-02 14:58:00;non_lue;;message_groupe;0005000000000000000008f1;000100000000000000000055;;000600000000000000000a2c;000200000000000000000005
000100000000000000000078;message;2026-10-02 15:01:00;non_lue;;message_groupe;0005000000000000000008f2;00010000000000000000006f;;000600000000000000000a2d;000200000000000000000005
000100000000000000000010;message;2026-10-02 15:01:00;non_lue;;message_groupe;0005000000000000000008f2;00010000000000000000006f;;000600000000000000000a2e;000200000000000000000005
000100000000000000000021;message;2026-10-02 15:01:00;non_lue;;message_groupe;0005000000000000000008f2;00010000000000000000006f;;000600000000000000000a2f;000200000000000000000005
000100000000000000000001;message;2026-10-02 15:01:00;non_lue;;message_groupe;0005000000000000000008f2;00010000000000000000006f;;000600000000000000000a30;000200000000000000000005
000100000000000000000066;message;2026-10-02 15:02:00;non_lue;;message_groupe;0005000000000000000008f3;000100000000000000000010;;000600000000000000000a31;00020000000000000000000b
000100000000000000000081;message;2026-10-02 15:02:00;non_lue;;message_groupe;0005000000000000000008f3;000100000000000000000010;;000600000000000000000a32;00020000000000000000000b
00010000000000000000007f;message;2026-10-02 15:02:00;non_lue;;message_groupe;0005000000000000000008f3;000100000000000000000010;;000600000000000000000a33;00020000000000000000000b
00010000000000000000008e;jaime;2026-10-02 15:14:00;non_lue;;publication;0003000000000000000001ac;000100000000000000000026;0003000000000000000001ac;000600000000000000000a34;
00010000000000000000006b;jaime;2026-10-02 15:15:00;non_lue;;publication;00030000000000000000020a;000100000000000000000054;00030000000000000000020a;000600000000000000000a35;
00010000000000000000006b;jaime;2026-10-02 15:22:00;non_lue;;publication;0003000000000000000001a7;000100000000000000000061;0003000000000000000001a7;000600000000000000000a36;
000100000000000000000081;message;2026-10-02 15:27:00;non_lue;;message_groupe;0005000000000000000008f4;00010000000000000000000d;;000600000000000000000a37;00020000000000000000000e
000100000000000000000084;jaime;2026-10-02 15:37:00;non_lue;;publication;00030000000000000000023a;000100000000000000000078;00030000000000000000023a;000600000000000000000a38;
00010000000000000000000f;message;2026-10-02 16:18:00;non_lue;;message_groupe;0005000000000000000008f7;000100000000000000000096;;000600000000000000000a39;000200000000000000000015
000100000000000000000027;message;2026-10-02 16:18:00;non_lue;;message_groupe;0005000000000000000008f7;000100000000000000000096;;000600000000000000000a3a;000200000000000000000015
000100000000000000000081;message;2026-10-02 16:26:00;non_lue;;message_groupe;0005000000000000000008f9;000100000000000000000050;;000600000000000000000a3b;000200000000000000000012
00010000000000000000005d;message;2026-10-02 16:26:00;non_lue;;message_groupe;0005000000000000000008f9;000100000000000000000050;;000600000000000000000a3c;000200000000000000000012
000100000000000000000065;message;2026-10-02 16:56:00;non_lue;;message_groupe;0005000000000000000008fa;000100000000000000000039;;000600000000000000000a3d;000200000000000000000009
000100000000000000000064;message;2026-10-02 16:56:00;non_lue;;message_groupe;0005000000000000000008fa;000100000000000000000039;;000600000000000000000a3e;000200000000000000000009
000100000000000000000063;message;2026-10-02 16:56:00;non_lue;;message_groupe;0005000000000000000008fa;000100000000000000000039;;000600000000000000000a3f;000200000000000000000009
00010000000000000000006b;jaime;2026-10-02 17:12:00;non_lue;;publication;0003000000000000000001ec;000100000000000000000047;0003000000000000000001ec;000600000000000000000a40;
000100000000000000000042;jaime;2026-10-02 17:12:00;lue;2026-10-04 01:12:00;publication;00030000000000000000008a;00010000000000000000008c;00030000000000000000008a;000600000000000000000a41;
000100000000000000000086;jaime;2026-10-02 17:29:00;non_lue;;publication;000300000000000000000123;000100000000000000000087;000300000000000000000123;000600000000000000000a42;
00010000000000000000006b;jaime;2026-10-02 17:32:00;lue;2026-10-03 23:32:00;publication;0003000000000000000001a7;000100000000000000000027;0003000000000000000001a7;000600000000000000000a43;
00010000000000000000002a;jaime;2026-10-02 18:07:00;non_lue;;publication;00030000000000000000017e;000100000000000000000018;00030000000000000000017e;000600000000000000000a44;
00010000000000000000008e;jaime;2026-10-02 18:30:00;lue;2026-10-04 07:30:00;publication;000300000000000000000234;000100000000000000000089;000300000000000000000234;000600000000000000000a45;
00010000000000000000007e;message;2026-10-02 19:03:00;non_lue;;message_groupe;0005000000000000000008fc;000100000000000000000063;;000600000000000000000a46;00020000000000000000001e
000100000000000000000020;message;2026-10-02 19:03:00;non_lue;;message_groupe;0005000000000000000008fc;000100000000000000000063;;000600000000000000000a47;00020000000000000000001e
000100000000000000000084;jaime;2026-10-02 19:25:00;non_lue;;publication;00030000000000000000023f;00010000000000000000007d;00030000000000000000023f;000600000000000000000a48;
000100000000000000000046;demande_ami;2026-10-02 19:28:00;non_lue;;utilisateur;000100000000000000000080;000100000000000000000080;;000600000000000000000a49;
000100000000000000000042;jaime;2026-10-02 19:41:00;non_lue;;publication;000300000000000000000210;000100000000000000000038;000300000000000000000210;000600000000000000000a4a;
00010000000000000000002a;jaime;2026-10-02 19:47:00;non_lue;;publication;00030000000000000000021c;000100000000000000000013;00030000000000000000021c;000600000000000000000a4b;
00010000000000000000004c;jaime;2026-10-02 20:00:00;non_lue;;publication;00030000000000000000024e;000100000000000000000057;00030000000000000000024e;000600000000000000000a4c;
000100000000000000000070;demande_ami;2026-10-02 20:04:00;lue;2026-10-03 08:04:00;utilisateur;00010000000000000000004a;00010000000000000000004a;;000600000000000000000a4d;
000100000000000000000042;jaime;2026-10-02 20:06:00;non_lue;;publication;00030000000000000000024f;000100000000000000000062;00030000000000000000024f;000600000000000000000a4e;
000100000000000000000069;demande_ami;2026-10-02 20:19:00;lue;2026-10-03 11:19:00;utilisateur;00010000000000000000001d;00010000000000000000001d;;000600000000000000000a4f;
000100000000000000000022;message;2026-10-02 20:23:00;non_lue;;message_groupe;0005000000000000000008ff;000100000000000000000039;;000600000000000000000a50;000200000000000000000009
00010000000000000000007e;message;2026-10-02 20:23:00;non_lue;;message_groupe;0005000000000000000008ff;000100000000000000000039;;000600000000000000000a51;000200000000000000000009
00010000000000000000001c;message;2026-10-02 20:23:00;non_lue;;message_groupe;0005000000000000000008ff;000100000000000000000039;;000600000000000000000a52;000200000000000000000009
00010000000000000000000b;message;2026-10-02 20:23:00;non_lue;;message_groupe;0005000000000000000008ff;000100000000000000000039;;000600000000000000000a53;000200000000000000000009
00010000000000000000001a;demande_ami;2026-10-02 20:30:00;lue;2026-10-03 04:30:00;utilisateur;00010000000000000000005f;00010000000000000000005f;;000600000000000000000a54;
00010000000000000000005b;demande_ami;2026-10-02 20:31:00;non_lue;;utilisateur;00010000000000000000003b;00010000000000000000003b;;000600000000000000000a55;
000100000000000000000001;jaime;2026-10-02 20:35:00;non_lue;;publication;0003000000000000000001f6;00010000000000000000004a;0003000000000000000001f6;000600000000000000000a56;
000100000000000000000037;message;2026-10-02 20:51:00;non_lue;;message_groupe;000500000000000000000900;000100000000000000000057;;000600000000000000000a57;00020000000000000000001a
000100000000000000000020;jaime;2026-10-02 20:51:00;non_lue;;publication;000300000000000000000250;000100000000000000000022;000300000000000000000250;000600000000000000000a58;
000100000000000000000059;jaime;2026-10-02 21:03:00;non_lue;;publication;000300000000000000000249;000100000000000000000078;000300000000000000000249;000600000000000000000a59;
000100000000000000000077;message;2026-10-02 21:21:00;non_lue;;message_groupe;000500000000000000000903;000100000000000000000050;;000600000000000000000a5a;00020000000000000000000b
00010000000000000000007f;message;2026-10-02 21:21:00;non_lue;;message_groupe;000500000000000000000903;000100000000000000000050;;000600000000000000000a5b;00020000000000000000000b
000100000000000000000079;message;2026-10-02 21:21:00;non_lue;;message_groupe;000500000000000000000903;000100000000000000000050;;000600000000000000000a5c;00020000000000000000000b
00010000000000000000008e;jaime;2026-10-02 21:33:00;lue;2026-10-04 17:33:00;publication;0003000000000000000001c5;00010000000000000000002b;0003000000000000000001c5;000600000000000000000a5d;
000100000000000000000001;jaime;2026-10-02 21:47:00;lue;2026-10-04 11:47:00;publication;0003000000000000000001b2;000100000000000000000034;0003000000000000000001b2;000600000000000000000a5e;
000100000000000000000008;message;2026-10-02 22:15:00;non_lue;;message_groupe;000500000000000000000906;00010000000000000000004e;;000600000000000000000a5f;00020000000000000000001a
00010000000000000000000b;message;2026-10-02 22:15:00;non_lue;;message_groupe;000500000000000000000906;00010000000000000000004e;;000600000000000000000a60;00020000000000000000001a
000100000000000000000071;demande_ami;2026-10-02 22:26:00;non_lue;;utilisateur;000100000000000000000090;000100000000000000000090;;000600000000000000000a61;
000100000000000000000049;message;2026-10-02 22:32:00;non_lue;;message_groupe;000500000000000000000907;00010000000000000000008c;;000600000000000000000a62;000200000000000000000005
000100000000000000000001;message;2026-10-02 22:32:00;non_lue;;message_groupe;000500000000000000000907;00010000000000000000008c;;000600000000000000000a63;000200000000000000000005
000100000000000000000014;jaime;2026-10-02 22:34:00;non_lue;;publication;0003000000000000000001c2;000100000000000000000044;0003000000000000000001c2;000600000000000000000a64;
000100000000000000000018;message;2026-10-02 22:57:00;non_lue;;message_groupe;000500000000000000000908;000100000000000000000024;;000600000000000000000a65;000200000000000000000009
000100000000000000000075;jaime;2026-10-02 23:04:00;lue;2026-10-03 23:04:00;publication;00030000000000000000024c;00010000000000000000003c;00030000000000000000024c;000600000000000000000a66;
000100000000000000000022;jaime;2026-10-02 23:08:00;non_lue;;publication;000300000000000000000187;000100000000000000000096;000300000000000000000187;000600000000000000000a67;
000100000000000000000001;jaime;2026-10-02 23:15:00;non_lue;;publication;000300000000000000000150;000100000000000000000080;000300000000000000000150;000600000000000000000a68;
000100000000000000000045;message;2026-10-03 00:12:00;non_lue;;message_groupe;00050000000000000000090a;00010000000000000000005a;;000600000000000000000a69;000200000000000000000002
00010000000000000000001e;message;2026-10-03 00:12:00;non_lue;;message_groupe;00050000000000000000090a;00010000000000000000005a;;000600000000000000000a6a;000200000000000000000002
000100000000000000000001;message;2026-10-03 00:12:00;non_lue;;message_groupe;00050000000000000000090a;00010000000000000000005a;;000600000000000000000a6b;000200000000000000000002
00010000000000000000007c;jaime;2026-10-03 00:12:00;non_lue;;publication;0003000000000000000001fb;000100000000000000000010;0003000000000000000001fb;000600000000000000000a6c;
000100000000000000000006;jaime;2026-10-03 00:13:00;lue;2026-10-03 09:13:00;publication;00030000000000000000021f;00010000000000000000006f;00030000000000000000021f;000600000000000000000a6d;
00010000000000000000003d;message;2026-10-03 00:14:00;non_lue;;message_groupe;00050000000000000000090b;000100000000000000000023;;000600000000000000000a6e;00020000000000000000001b
000100000000000000000024;message;2026-10-03 00:14:00;non_lue;;message_groupe;00050000000000000000090b;000100000000000000000023;;000600000000000000000a6f;00020000000000000000001b
000100000000000000000086;jaime;2026-10-03 00:28:00;lue;2026-10-03 01:28:00;publication;0003000000000000000001d7;00010000000000000000005f;0003000000000000000001d7;000600000000000000000a70;
000100000000000000000001;jaime;2026-10-03 00:36:00;lue;2026-10-03 23:36:00;publication;000300000000000000000150;00010000000000000000005b;000300000000000000000150;000600000000000000000a71;
00010000000000000000001b;jaime;2026-10-03 01:22:00;non_lue;;publication;000300000000000000000253;000100000000000000000007;000300000000000000000253;000600000000000000000a72;
000100000000000000000001;message;2026-10-03 01:34:00;non_lue;;message_groupe;00050000000000000000090d;000100000000000000000033;;000600000000000000000a73;000200000000000000000004
000100000000000000000073;message;2026-10-03 03:13:00;non_lue;;message_groupe;00050000000000000000090f;000100000000000000000086;;000600000000000000000a74;000200000000000000000005
000100000000000000000012;message;2026-10-03 03:13:00;non_lue;;message_groupe;00050000000000000000090f;000100000000000000000086;;000600000000000000000a75;000200000000000000000005
000100000000000000000042;message;2026-10-03 03:13:00;non_lue;;message_groupe;00050000000000000000090f;000100000000000000000086;;000600000000000000000a76;000200000000000000000005
000100000000000000000001;message;2026-10-03 03:13:00;non_lue;;message_groupe;00050000000000000000090f;000100000000000000000086;;000600000000000000000a77;000200000000000000000005
00010000000000000000006a;jaime;2026-10-03 03:25:00;non_lue;;publication;00030000000000000000012f;000100000000000000000067;00030000000000000000012f;000600000000000000000a78;
00010000000000000000008e;jaime;2026-10-03 03:26:00;non_lue;;publication;000300000000000000000201;000100000000000000000010;000300000000000000000201;000600000000000000000a79;
000100000000000000000001;jaime;2026-10-03 03:43:00;non_lue;;publication;000300000000000000000150;000100000000000000000055;000300000000000000000150;000600000000000000000a7a;
000100000000000000000002;message;2026-10-03 03:45:00;non_lue;;message_groupe;000500000000000000000911;000100000000000000000081;;000600000000000000000a7b;00020000000000000000000b
000100000000000000000052;message;2026-10-03 03:45:00;non_lue;;message_groupe;000500000000000000000911;000100000000000000000081;;000600000000000000000a7c;00020000000000000000000b
000100000000000000000061;demande_ami;2026-10-03 04:05:00;non_lue;;utilisateur;000100000000000000000093;000100000000000000000093;;000600000000000000000a7d;
00010000000000000000007c;jaime;2026-10-03 04:25:00;non_lue;;publication;0003000000000000000001fb;000100000000000000000087;0003000000000000000001fb;000600000000000000000a7e;
00010000000000000000005a;message;2026-10-03 04:29:00;non_lue;;message_groupe;000500000000000000000912;000100000000000000000088;;000600000000000000000a7f;000200000000000000000005
000100000000000000000001;message;2026-10-03 04:29:00;non_lue;;message_groupe;000500000000000000000912;000100000000000000000088;;000600000000000000000a80;000200000000000000000005
00010000000000000000008c;message;2026-10-03 04:29:00;non_lue;;message_groupe;000500000000000000000912;000100000000000000000088;;000600000000000000000a81;000200000000000000000005
000100000000000000000015;message;2026-10-03 04:29:00;non_lue;;message_groupe;000500000000000000000912;000100000000000000000088;;000600000000000000000a82;000200000000000000000005
000100000000000000000011;message;2026-10-03 04:42:00;non_lue;;message_groupe;000500000000000000000914;000100000000000000000026;;000600000000000000000a83;000200000000000000000006
000100000000000000000059;jaime;2026-10-03 04:48:00;lue;2026-10-04 20:00:00;publication;00030000000000000000020d;000100000000000000000041;00030000000000000000020d;000600000000000000000a84;
000100000000000000000022;jaime;2026-10-03 04:53:00;lue;2026-10-04 16:53:00;publication;000300000000000000000252;000100000000000000000014;000300000000000000000252;000600000000000000000a85;
000100000000000000000049;message;2026-10-03 04:57:00;non_lue;;message_groupe;000500000000000000000915;00010000000000000000008e;;000600000000000000000a86;000200000000000000000018
00010000000000000000002e;message;2026-10-03 04:57:00;non_lue;;message_groupe;000500000000000000000915;00010000000000000000008e;;000600000000000000000a87;000200000000000000000018
000100000000000000000090;message;2026-10-03 04:57:00;non_lue;;message_groupe;000500000000000000000915;00010000000000000000008e;;000600000000000000000a88;000200000000000000000018
000100000000000000000003;message;2026-10-03 04:57:00;non_lue;;message_groupe;000500000000000000000915;00010000000000000000008e;;000600000000000000000a89;000200000000000000000018
00010000000000000000002e;message;2026-10-03 04:58:00;non_lue;;message_groupe;000500000000000000000916;00010000000000000000003e;;000600000000000000000a8a;000200000000000000000018
000100000000000000000049;message;2026-10-03 04:58:00;non_lue;;message_groupe;000500000000000000000916;00010000000000000000003e;;000600000000000000000a8b;000200000000000000000018
000100000000000000000016;demande_ami;2026-10-03 05:01:00;non_lue;;utilisateur;00010000000000000000007f;00010000000000000000007f;;000600000000000000000a8c;
00010000000000000000008e;jaime;2026-10-03 05:19:00;lue;2026-10-04 02:19:00;publication;000300000000000000000201;000100000000000000000036;000300000000000000000201;000600000000000000000a8d;
000100000000000000000086;jaime;2026-10-03 05:22:00;non_lue;;publication;000300000000000000000123;000100000000000000000082;000300000000000000000123;000600000000000000000a8e;
000100000000000000000001;jaime;2026-10-03 05:23:00;lue;2026-10-04 02:23:00;publication;000300000000000000000208;00010000000000000000002c;000300000000000000000208;000600000000000000000a8f;
000100000000000000000081;message;2026-10-03 05:27:00;non_lue;;message_groupe;000500000000000000000917;000100000000000000000014;;000600000000000000000a90;000200000000000000000007
000100000000000000000084;jaime;2026-10-03 05:39:00;non_lue;;publication;000300000000000000000222;000100000000000000000037;000300000000000000000222;000600000000000000000a91;
000100000000000000000034;demande_ami;2026-10-03 05:39:00;non_lue;;utilisateur;00010000000000000000002f;00010000000000000000002f;;000600000000000000000a92;
000100000000000000000080;message;2026-10-03 05:46:00;non_lue;;message_groupe;000500000000000000000918;000100000000000000000094;;000600000000000000000a93;00020000000000000000001e
00010000000000000000001a;message;2026-10-03 05:46:00;non_lue;;message_groupe;000500000000000000000918;000100000000000000000094;;000600000000000000000a94;00020000000000000000001e
000100000000000000000020;message;2026-10-03 05:46:00;non_lue;;message_groupe;000500000000000000000918;000100000000000000000094;;000600000000000000000a95;00020000000000000000001e
000100000000000000000061;message;2026-10-03 05:53:00;non_lue;;message_groupe;000500000000000000000919;00010000000000000000001f;;000600000000000000000a96;00020000000000000000001b
00010000000000000000008a;message;2026-10-03 05:53:00;non_lue;;message_groupe;000500000000000000000919;00010000000000000000001f;;000600000000000000000a97;00020000000000000000001b
00010000000000000000002a;jaime;2026-10-03 06:08:00;non_lue;;publication;000300000000000000000176;00010000000000000000003b;000300000000000000000176;000600000000000000000a98;
000100000000000000000001;jaime;2026-10-03 06:20:00;lue;2026-10-04 12:20:00;publication;0003000000000000000001f6;000100000000000000000028;0003000000000000000001f6;000600000000000000000a99;
000100000000000000000052;message;2026-10-03 07:06:00;non_lue;;message_groupe;00050000000000000000091b;000100000000000000000087;;000600000000000000000a9a;00020000000000000000001b
00010000000000000000000a;message;2026-10-03 07:06:00;non_lue;;message_groupe;00050000000000000000091b;000100000000000000000087;;000600000000000000000a9b;00020000000000000000001b
000100000000000000000030;message;2026-10-03 07:06:00;non_lue;;message_groupe;00050000000000000000091b;000100000000000000000087;;000600000000000000000a9c;00020000000000000000001b
000100000000000000000080;message;2026-10-03 07:06:00;non_lue;;message_groupe;00050000000000000000091b;000100000000000000000087;;000600000000000000000a9d;00020000000000000000001b
000100000000000000000084;jaime;2026-10-03 07:24:00;lue;2026-10-04 11:24:00;publication;000300000000000000000222;000100000000000000000057;000300000000000000000222;000600000000000000000a9e;
000100000000000000000027;message;2026-10-03 07:26:00;non_lue;;message_groupe;00050000000000000000091d;00010000000000000000000a;;000600000000000000000a9f;000200000000000000000010
000100000000000000000021;message;2026-10-03 07:26:00;non_lue;;message_groupe;00050000000000000000091d;00010000000000000000000a;;000600000000000000000aa0;000200000000000000000010
000100000000000000000006;message;2026-10-03 07:26:00;non_lue;;message_groupe;00050000000000000000091d;00010000000000000000000a;;000600000000000000000aa1;000200000000000000000010
00010000000000000000008c;message;2026-10-03 07:26:00;non_lue;;message_groupe;00050000000000000000091d;00010000000000000000000a;;000600000000000000000aa2;000200000000000000000010
000100000000000000000042;jaime;2026-10-03 07:38:00;non_lue;;publication;00030000000000000000024f;000100000000000000000068;00030000000000000000024f;000600000000000000000aa3;
000100000000000000000001;jaime;2026-10-03 07:43:00;non_lue;;publication;0003000000000000000001f6;00010000000000000000008c;0003000000000000000001f6;000600000000000000000aa4;
000100000000000000000042;jaime;2026-10-03 07:47:00;non_lue;;publication;000300000000000000000228;000100000000000000000092;000300000000000000000228;000600000000000000000aa5;
00010000000000000000003f;message;2026-10-03 07:52:00;non_lue;;message_groupe;00050000000000000000091e;00010000000000000000007e;;000600000000000000000aa6;00020000000000000000000a
00010000000000000000005b;message;2026-10-03 07:52:00;non_lue;;message_groupe;00050000000000000000091e;00010000000000000000007e;;000600000000000000000aa7;00020000000000000000000a
00010000000000000000001f;message;2026-10-03 07:56:00;non_lue;;message_groupe;00050000000000000000091f;00010000000000000000003c;;000600000000000000000aa8;00020000000000000000001b
000100000000000000000081;message;2026-10-03 07:56:00;non_lue;;message_groupe;00050000000000000000091f;00010000000000000000003c;;000600000000000000000aa9;00020000000000000000001b
00010000000000000000003c;message;2026-10-03 07:58:00;non_lue;;message_groupe;000500000000000000000920;000100000000000000000075;;000600000000000000000aaa;000200000000000000000015
000100000000000000000017;demande_ami;2026-10-03 08:07:00;lue;2026-10-04 10:07:00;utilisateur;000100000000000000000032;000100000000000000000032;;000600000000000000000aab;
000100000000000000000021;message;2026-10-03 08:20:00;non_lue;;message_groupe;000500000000000000000922;000100000000000000000044;;000600000000000000000aac;00020000000000000000001a
000100000000000000000055;message;2026-10-03 08:20:00;non_lue;;message_groupe;000500000000000000000922;000100000000000000000044;;000600000000000000000aad;00020000000000000000001a
000100000000000000000027;message;2026-10-03 08:20:00;non_lue;;message_groupe;000500000000000000000922;000100000000000000000044;;000600000000000000000aae;00020000000000000000001a
000100000000000000000054;message;2026-10-03 08:20:00;non_lue;;message_groupe;000500000000000000000922;000100000000000000000044;;000600000000000000000aaf;00020000000000000000001a
000100000000000000000012;message;2026-10-03 08:21:00;non_lue;;message_groupe;000500000000000000000923;000100000000000000000014;;000600000000000000000ab0;00020000000000000000001b
000100000000000000000043;message;2026-10-03 08:21:00;non_lue;;message_groupe;000500000000000000000923;000100000000000000000014;;000600000000000000000ab1;00020000000000000000001b
000100000000000000000075;message;2026-10-03 08:21:00;non_lue;;message_groupe;000500000000000000000923;000100000000000000000014;;000600000000000000000ab2;00020000000000000000001b
000100000000000000000092;demande_ami;2026-10-03 08:37:00;non_lue;;utilisateur;000100000000000000000086;000100000000000000000086;;000600000000000000000ab3;
000100000000000000000012;message;2026-10-03 08:59:00;non_lue;;message_groupe;000500000000000000000925;00010000000000000000008c;;000600000000000000000ab4;00020000000000000000000e
000100000000000000000088;message;2026-10-03 08:59:00;non_lue;;message_groupe;000500000000000000000925;00010000000000000000008c;;000600000000000000000ab5;00020000000000000000000e
00010000000000000000003a;message;2026-10-03 08:59:00;non_lue;;message_groupe;000500000000000000000925;00010000000000000000008c;;000600000000000000000ab6;00020000000000000000000e
000100000000000000000019;message;2026-10-03 09:24:00;non_lue;;message_groupe;000500000000000000000928;000100000000000000000045;;000600000000000000000ab7;00020000000000000000000f
000100000000000000000038;message;2026-10-03 09:24:00;non_lue;;message_groupe;000500000000000000000928;000100000000000000000045;;000600000000000000000ab8;00020000000000000000000f
000100000000000000000028;jaime;2026-10-03 09:53:00;non_lue;;publication;0003000000000000000001c1;00010000000000000000004a;0003000000000000000001c1;000600000000000000000ab9;
00010000000000000000000b;jaime;2026-10-03 09:57:00;non_lue;;publication;0003000000000000000001bf;000100000000000000000037;0003000000000000000001bf;000600000000000000000aba;
000100000000000000000096;message;2026-10-03 10:05:00;non_lue;;message_groupe;00050000000000000000092b;000100000000000000000014;;000600000000000000000abb;00020000000000000000001c
00010000000000000000003f;message;2026-10-03 10:05:00;non_lue;;message_groupe;00050000000000000000092b;000100000000000000000014;;000600000000000000000abc;00020000000000000000001c
000100000000000000000052;demande_ami;2026-10-03 10:13:00;non_lue;;utilisateur;000100000000000000000031;000100000000000000000031;;000600000000000000000abd;
000100000000000000000020;jaime;2026-10-03 10:16:00;non_lue;;publication;000300000000000000000246;000100000000000000000047;000300000000000000000246;000600000000000000000abe;
000100000000000000000084;jaime;2026-10-03 10:19:00;lue;2026-10-04 20:00:00;publication;00030000000000000000023f;000100000000000000000026;00030000000000000000023f;000600000000000000000abf;
000100000000000000000086;message;2026-10-03 11:03:00;non_lue;;message_groupe;00050000000000000000092f;00010000000000000000005a;;000600000000000000000ac0;000200000000000000000003
000100000000000000000046;message;2026-10-03 11:03:00;non_lue;;message_groupe;00050000000000000000092f;00010000000000000000005a;;000600000000000000000ac1;000200000000000000000003
00010000000000000000008c;message;2026-10-03 11:03:00;non_lue;;message_groupe;00050000000000000000092f;00010000000000000000005a;;000600000000000000000ac2;000200000000000000000003
000100000000000000000086;jaime;2026-10-03 11:04:00;lue;2026-10-04 17:04:00;publication;0003000000000000000000a5;000100000000000000000027;0003000000000000000000a5;000600000000000000000ac3;
000100000000000000000081;jaime;2026-10-03 11:15:00;non_lue;;publication;00030000000000000000007a;00010000000000000000006d;00030000000000000000007a;000600000000000000000ac4;
00010000000000000000005a;message;2026-10-03 11:26:00;non_lue;;message_groupe;000500000000000000000932;00010000000000000000002d;;000600000000000000000ac5;000200000000000000000006
000100000000000000000026;message;2026-10-03 11:26:00;non_lue;;message_groupe;000500000000000000000932;00010000000000000000002d;;000600000000000000000ac6;000200000000000000000006
000100000000000000000050;message;2026-10-03 11:26:00;non_lue;;message_groupe;000500000000000000000932;00010000000000000000002d;;000600000000000000000ac7;000200000000000000000006
000100000000000000000022;message;2026-10-03 11:45:00;non_lue;;message_groupe;000500000000000000000934;00010000000000000000000b;;000600000000000000000ac8;000200000000000000000009
000100000000000000000076;message;2026-10-03 11:45:00;non_lue;;message_groupe;000500000000000000000934;00010000000000000000000b;;000600000000000000000ac9;000200000000000000000009
000100000000000000000064;message;2026-10-03 11:45:00;non_lue;;message_groupe;000500000000000000000934;00010000000000000000000b;;000600000000000000000aca;000200000000000000000009
000100000000000000000058;message;2026-10-03 11:54:00;non_lue;;message_groupe;000500000000000000000935;000100000000000000000022;;000600000000000000000acb;000200000000000000000016
000100000000000000000056;message;2026-10-03 11:54:00;non_lue;;message_groupe;000500000000000000000935;000100000000000000000022;;000600000000000000000acc;000200000000000000000016
000100000000000000000030;demande_ami;2026-10-03 12:36:00;non_lue;;utilisateur;000100000000000000000090;000100000000000000000090;;000600000000000000000acd;
000100000000000000000061;message;2026-10-03 12:56:00;non_lue;;message_groupe;000500000000000000000939;000100000000000000000080;;000600000000000000000ace;000200000000000000000019
000100000000000000000037;message;2026-10-03 12:56:00;non_lue;;message_groupe;000500000000000000000939;000100000000000000000080;;000600000000000000000acf;000200000000000000000019
000100000000000000000057;jaime;2026-10-03 13:44:00;lue;2026-10-03 16:44:00;publication;0003000000000000000001c9;000100000000000000000088;0003000000000000000001c9;000600000000000000000ad0;
000100000000000000000042;commentaire;2026-10-03 13:50:00;non_lue;;commentaire;000400000000000000000390;000100000000000000000036;000300000000000000000237;000600000000000000000ad1;
000100000000000000000077;message;2026-10-03 13:51:00;non_lue;;message_groupe;00050000000000000000093c;000100000000000000000087;;000600000000000000000ad2;00020000000000000000001a
000100000000000000000018;message;2026-10-03 13:51:00;non_lue;;message_groupe;00050000000000000000093c;000100000000000000000087;;000600000000000000000ad3;00020000000000000000001a
00010000000000000000006a;message;2026-10-03 13:51:00;non_lue;;message_groupe;00050000000000000000093c;000100000000000000000087;;000600000000000000000ad4;00020000000000000000001a
00010000000000000000000a;message;2026-10-03 13:51:00;non_lue;;message_groupe;00050000000000000000093c;000100000000000000000087;;000600000000000000000ad5;00020000000000000000001a
000100000000000000000089;demande_ami;2026-10-03 13:56:00;non_lue;;utilisateur;000100000000000000000011;000100000000000000000011;;000600000000000000000ad6;
000100000000000000000002;demande_ami;2026-10-03 14:01:00;lue;2026-10-04 20:00:00;utilisateur;00010000000000000000003c;00010000000000000000003c;;000600000000000000000ad7;
000100000000000000000001;message;2026-10-03 14:12:00;non_lue;;message_groupe;00050000000000000000093d;00010000000000000000005d;;000600000000000000000ad8;000200000000000000000007
000100000000000000000016;demande_ami;2026-10-03 14:15:00;lue;2026-10-04 20:00:00;utilisateur;00010000000000000000007c;00010000000000000000007c;;000600000000000000000ad9;
00010000000000000000007f;jaime;2026-10-03 14:17:00;non_lue;;publication;000300000000000000000205;000100000000000000000092;000300000000000000000205;000600000000000000000ada;
000100000000000000000082;message;2026-10-03 14:23:00;non_lue;;message_groupe;00050000000000000000093e;000100000000000000000075;;000600000000000000000adb;00020000000000000000001b
000100000000000000000076;message;2026-10-03 14:23:00;non_lue;;message_groupe;00050000000000000000093e;000100000000000000000075;;000600000000000000000adc;00020000000000000000001b
000100000000000000000078;message;2026-10-03 14:23:00;non_lue;;message_groupe;00050000000000000000093e;000100000000000000000075;;000600000000000000000add;00020000000000000000001b
000100000000000000000055;message;2026-10-03 14:23:00;non_lue;;message_groupe;00050000000000000000093e;000100000000000000000075;;000600000000000000000ade;00020000000000000000001b
000100000000000000000064;message;2026-10-03 14:35:00;non_lue;;message_groupe;000500000000000000000940;00010000000000000000008b;;000600000000000000000adf;000200000000000000000019
00010000000000000000003f;message;2026-10-03 14:35:00;non_lue;;message_groupe;000500000000000000000940;00010000000000000000008b;;000600000000000000000ae0;000200000000000000000019
00010000000000000000000f;message;2026-10-03 14:35:00;non_lue;;message_groupe;000500000000000000000940;00010000000000000000008b;;000600000000000000000ae1;000200000000000000000019
00010000000000000000006b;jaime;2026-10-03 14:38:00;lue;2026-10-04 00:38:00;publication;0003000000000000000001ec;000100000000000000000072;0003000000000000000001ec;000600000000000000000ae2;
000100000000000000000009;message;2026-10-03 14:46:00;non_lue;;message_groupe;000500000000000000000941;000100000000000000000011;;000600000000000000000ae3;000200000000000000000007
000100000000000000000045;message;2026-10-03 14:46:00;non_lue;;message_groupe;000500000000000000000941;000100000000000000000011;;000600000000000000000ae4;000200000000000000000007
00010000000000000000003f;message;2026-10-03 14:46:00;non_lue;;message_groupe;000500000000000000000941;000100000000000000000011;;000600000000000000000ae5;000200000000000000000007
00010000000000000000002a;jaime;2026-10-03 14:55:00;non_lue;;publication;00030000000000000000011a;00010000000000000000005b;00030000000000000000011a;000600000000000000000ae6;
000100000000000000000022;jaime;2026-10-03 15:09:00;non_lue;;publication;000300000000000000000254;00010000000000000000003a;000300000000000000000254;000600000000000000000ae7;
000100000000000000000075;jaime;2026-10-03 15:10:00;non_lue;;publication;00030000000000000000024c;000100000000000000000008;00030000000000000000024c;000600000000000000000ae8;
000100000000000000000028;message;2026-10-03 15:19:00;non_lue;;message_groupe;000500000000000000000942;000100000000000000000057;;000600000000000000000ae9;000200000000000000000012
000100000000000000000088;message;2026-10-03 15:19:00;non_lue;;message_groupe;000500000000000000000942;000100000000000000000057;;000600000000000000000aea;000200000000000000000012
00010000000000000000004c;message;2026-10-03 15:19:00;non_lue;;message_groupe;000500000000000000000942;000100000000000000000057;;000600000000000000000aeb;000200000000000000000012
000100000000000000000046;message;2026-10-03 15:27:00;non_lue;;message_groupe;000500000000000000000943;000100000000000000000059;;000600000000000000000aec;000200000000000000000017
000100000000000000000056;message;2026-10-03 15:27:00;non_lue;;message_groupe;000500000000000000000943;000100000000000000000059;;000600000000000000000aed;000200000000000000000017
000100000000000000000042;jaime;2026-10-03 15:28:00;non_lue;;publication;000300000000000000000188;000100000000000000000024;000300000000000000000188;000600000000000000000aee;
00010000000000000000001c;message;2026-10-03 15:29:00;non_lue;;message_groupe;000500000000000000000944;00010000000000000000008c;;000600000000000000000aef;00020000000000000000001b
00010000000000000000008f;message;2026-10-03 15:29:00;non_lue;;message_groupe;000500000000000000000944;00010000000000000000008c;;000600000000000000000af0;00020000000000000000001b
00010000000000000000005d;message;2026-10-03 15:29:00;non_lue;;message_groupe;000500000000000000000944;00010000000000000000008c;;000600000000000000000af1;00020000000000000000001b
000100000000000000000043;message;2026-10-03 15:29:00;non_lue;;message_groupe;000500000000000000000944;00010000000000000000008c;;000600000000000000000af2;00020000000000000000001b
00010000000000000000004c;jaime;2026-10-03 15:59:00;lue;2026-10-04 00:59:00;publication;00030000000000000000024e;000100000000000000000021;00030000000000000000024e;000600000000000000000af3;
000100000000000000000042;jaime;2026-10-03 16:27:00;non_lue;;publication;00030000000000000000024f;000100000000000000000082;00030000000000000000024f;000600000000000000000af4;
000100000000000000000001;jaime;2026-10-03 16:47:00;lue;2026-10-04 01:47:00;publication;000300000000000000000199;000100000000000000000021;000300000000000000000199;000600000000000000000af5;
000100000000000000000084;jaime;2026-10-03 17:00:00;non_lue;;publication;00030000000000000000020f;00010000000000000000003d;00030000000000000000020f;000600000000000000000af6;
000100000000000000000001;jaime;2026-10-03 17:46:00;non_lue;;publication;000300000000000000000132;00010000000000000000007d;000300000000000000000132;000600000000000000000af7;
000100000000000000000018;message;2026-10-03 17:53:00;non_lue;;message_groupe;000500000000000000000947;000100000000000000000073;;000600000000000000000af8;000200000000000000000019
000100000000000000000009;message;2026-10-03 18:00:00;non_lue;;message_groupe;000500000000000000000948;000100000000000000000050;;000600000000000000000af9;000200000000000000000012
000100000000000000000014;demande_ami;2026-10-03 18:02:00;non_lue;;utilisateur;00010000000000000000008a;00010000000000000000008a;;000600000000000000000afa;
000100000000000000000013;jaime;2026-10-03 18:13:00;lue;2026-10-04 20:00:00;publication;00030000000000000000020b;000100000000000000000089;00030000000000000000020b;000600000000000000000afb;
000100000000000000000028;jaime;2026-10-03 18:35:00;non_lue;;publication;000300000000000000000256;00010000000000000000002b;000300000000000000000256;000600000000000000000afc;
00010000000000000000002a;jaime;2026-10-03 18:48:00;non_lue;;publication;00030000000000000000014b;00010000000000000000005a;00030000000000000000014b;000600000000000000000afd;
000100000000000000000096;message;2026-10-03 19:24:00;non_lue;;message_groupe;00050000000000000000094c;000100000000000000000025;;000600000000000000000afe;000200000000000000000007
000100000000000000000023;message;2026-10-03 19:24:00;non_lue;;message_groupe;00050000000000000000094c;000100000000000000000025;;000600000000000000000aff;000200000000000000000007
000100000000000000000001;message;2026-10-03 19:24:00;non_lue;;message_groupe;00050000000000000000094c;000100000000000000000025;;000600000000000000000b00;000200000000000000000007
000100000000000000000026;message;2026-10-03 19:35:00;non_lue;;message_groupe;00050000000000000000094d;00010000000000000000001f;;000600000000000000000b01;000200000000000000000006
00010000000000000000002a;message;2026-10-03 19:35:00;non_lue;;message_groupe;00050000000000000000094d;00010000000000000000001f;;000600000000000000000b02;000200000000000000000006
000100000000000000000096;message;2026-10-03 19:35:00;non_lue;;message_groupe;00050000000000000000094d;00010000000000000000001f;;000600000000000000000b03;000200000000000000000006
000100000000000000000066;message;2026-10-03 19:35:00;non_lue;;message_groupe;00050000000000000000094d;00010000000000000000001f;;000600000000000000000b04;000200000000000000000006
000100000000000000000020;jaime;2026-10-03 19:44:00;non_lue;;publication;0003000000000000000001fe;000100000000000000000069;0003000000000000000001fe;000600000000000000000b05;
000100000000000000000084;jaime;2026-10-03 19:51:00;non_lue;;publication;00030000000000000000023f;00010000000000000000007e;00030000000000000000023f;000600000000000000000b06;
000100000000000000000084;jaime;2026-10-03 20:15:00;non_lue;;publication;00030000000000000000023f;00010000000000000000002f;00030000000000000000023f;000600000000000000000b07;
000100000000000000000096;message;2026-10-03 20:19:00;non_lue;;message_groupe;00050000000000000000094e;000100000000000000000032;;000600000000000000000b08;00020000000000000000000f
000100000000000000000026;message;2026-10-03 20:19:00;non_lue;;message_groupe;00050000000000000000094e;000100000000000000000032;;000600000000000000000b09;00020000000000000000000f
000100000000000000000017;message;2026-10-03 20:19:00;non_lue;;message_groupe;00050000000000000000094e;000100000000000000000032;;000600000000000000000b0a;00020000000000000000000f
000100000000000000000094;message;2026-10-03 20:19:00;non_lue;;message_groupe;00050000000000000000094e;000100000000000000000032;;000600000000000000000b0b;00020000000000000000000f
000100000000000000000028;jaime;2026-10-03 20:26:00;non_lue;;publication;000300000000000000000256;00010000000000000000001a;000300000000000000000256;000600000000000000000b0c;
000100000000000000000022;jaime;2026-10-03 20:34:00;lue;2026-10-04 20:00:00;publication;000300000000000000000254;00010000000000000000006a;000300000000000000000254;000600000000000000000b0d;
000100000000000000000001;jaime;2026-10-03 20:40:00;non_lue;;publication;0003000000000000000001f6;000100000000000000000025;0003000000000000000001f6;000600000000000000000b0e;
000100000000000000000001;jaime;2026-10-03 20:42:00;non_lue;;publication;0003000000000000000001f6;000100000000000000000035;0003000000000000000001f6;000600000000000000000b0f;
000100000000000000000042;jaime;2026-10-03 20:44:00;lue;2026-10-04 16:44:00;publication;000300000000000000000236;00010000000000000000005f;000300000000000000000236;000600000000000000000b10;
000100000000000000000084;jaime;2026-10-03 20:55:00;lue;2026-10-04 20:00:00;publication;000300000000000000000222;00010000000000000000003d;000300000000000000000222;000600000000000000000b11;
00010000000000000000008e;jaime;2026-10-03 20:55:00;lue;2026-10-04 07:55:00;publication;000300000000000000000215;00010000000000000000005a;000300000000000000000215;000600000000000000000b12;
000100000000000000000022;jaime;2026-10-03 21:18:00;non_lue;;publication;000300000000000000000254;000100000000000000000088;000300000000000000000254;000600000000000000000b13;
000100000000000000000045;jaime;2026-10-03 21:28:00;lue;2026-10-04 12:28:00;publication;000300000000000000000231;000100000000000000000079;000300000000000000000231;000600000000000000000b14;
000100000000000000000003;message;2026-10-03 21:49:00;non_lue;;message_groupe;000500000000000000000951;000100000000000000000081;;000600000000000000000b15;000200000000000000000012
000100000000000000000001;jaime;2026-10-03 22:20:00;non_lue;;publication;0003000000000000000001a8;00010000000000000000004d;0003000000000000000001a8;000600000000000000000b16;
00010000000000000000003f;jaime;2026-10-03 22:49:00;lue;2026-10-04 20:00:00;publication;00030000000000000000021a;000100000000000000000010;00030000000000000000021a;000600000000000000000b17;
000100000000000000000033;message;2026-10-03 22:55:00;non_lue;;message_groupe;000500000000000000000953;000100000000000000000031;;000600000000000000000b18;000200000000000000000004
000100000000000000000084;jaime;2026-10-03 23:10:00;lue;2026-10-04 20:00:00;publication;0003000000000000000001cf;00010000000000000000006e;0003000000000000000001cf;000600000000000000000b19;
000100000000000000000086;jaime;2026-10-03 23:10:00;non_lue;;publication;000300000000000000000136;000100000000000000000049;000300000000000000000136;000600000000000000000b1a;
000100000000000000000079;message;2026-10-03 23:12:00;non_lue;;message_groupe;000500000000000000000954;000100000000000000000003;;000600000000000000000b1b;00020000000000000000001b
000100000000000000000046;message;2026-10-03 23:12:00;non_lue;;message_groupe;000500000000000000000954;000100000000000000000003;;000600000000000000000b1c;00020000000000000000001b
000100000000000000000026;demande_ami;2026-10-03 23:12:00;lue;2026-10-04 11:12:00;utilisateur;000100000000000000000004;000100000000000000000004;;000600000000000000000b1d;
000100000000000000000059;jaime;2026-10-03 23:25:00;lue;2026-10-04 16:25:00;publication;0003000000000000000000ce;00010000000000000000004f;0003000000000000000000ce;000600000000000000000b1e;
00010000000000000000005d;message;2026-10-04 00:01:00;non_lue;;message_groupe;000500000000000000000956;000100000000000000000043;;000600000000000000000b1f;000200000000000000000012
000100000000000000000088;message;2026-10-04 00:01:00;non_lue;;message_groupe;000500000000000000000956;000100000000000000000043;;000600000000000000000b20;000200000000000000000012
000100000000000000000084;jaime;2026-10-04 00:08:00;non_lue;;publication;00030000000000000000023f;00010000000000000000001f;00030000000000000000023f;000600000000000000000b21;
000100000000000000000004;message;2026-10-04 00:09:00;non_lue;;message_groupe;000500000000000000000957;000100000000000000000096;;000600000000000000000b22;000200000000000000000006
000100000000000000000002;demande_ami;2026-10-04 00:10:00;non_lue;;utilisateur;000100000000000000000091;000100000000000000000091;;000600000000000000000b23;
00010000000000000000005b;message;2026-10-04 00:15:00;non_lue;;message_groupe;000500000000000000000958;00010000000000000000000a;;000600000000000000000b24;00020000000000000000001b
000100000000000000000076;message;2026-10-04 00:15:00;non_lue;;message_groupe;000500000000000000000958;00010000000000000000000a;;000600000000000000000b25;00020000000000000000001b
00010000000000000000003d;message;2026-10-04 00:15:00;non_lue;;message_groupe;000500000000000000000958;00010000000000000000000a;;000600000000000000000b26;00020000000000000000001b
000100000000000000000030;message;2026-10-04 00:28:00;non_lue;;message_groupe;00050000000000000000095a;00010000000000000000000a;;000600000000000000000b27;000200000000000000000006
000100000000000000000065;demande_ami;2026-10-04 00:46:00;lue;2026-10-04 20:00:00;utilisateur;00010000000000000000002c;00010000000000000000002c;;000600000000000000000b28;
00010000000000000000001b;commentaire;2026-10-04 00:56:00;non_lue;;commentaire;000400000000000000000407;00010000000000000000002e;00030000000000000000022f;000600000000000000000b29;
000100000000000000000077;demande_ami;2026-10-04 01:02:00;non_lue;;utilisateur;000100000000000000000095;000100000000000000000095;;000600000000000000000b2a;
000100000000000000000086;jaime;2026-10-04 01:32:00;non_lue;;publication;0003000000000000000001c0;000100000000000000000094;0003000000000000000001c0;000600000000000000000b2b;
000100000000000000000042;jaime;2026-10-04 01:55:00;non_lue;;publication;00030000000000000000024f;000100000000000000000003;00030000000000000000024f;000600000000000000000b2c;
000100000000000000000075;jaime;2026-10-04 02:17:00;non_lue;;publication;000300000000000000000017;00010000000000000000006d;000300000000000000000017;000600000000000000000b2d;
00010000000000000000008e;message;2026-10-04 02:20:00;non_lue;;message_groupe;00050000000000000000095d;000100000000000000000005;;000600000000000000000b2e;000200000000000000000002
000100000000000000000022;message;2026-10-04 02:20:00;non_lue;;message_groupe;00050000000000000000095d;000100000000000000000005;;000600000000000000000b2f;000200000000000000000002
000100000000000000000001;message;2026-10-04 02:20:00;non_lue;;message_groupe;00050000000000000000095d;000100000000000000000005;;000600000000000000000b30;000200000000000000000002
000100000000000000000050;message;2026-10-04 03:04:00;non_lue;;message_groupe;00050000000000000000095e;000100000000000000000015;;000600000000000000000b31;000200000000000000000012
000100000000000000000061;message;2026-10-04 03:04:00;non_lue;;message_groupe;00050000000000000000095e;000100000000000000000015;;000600000000000000000b32;000200000000000000000012
00010000000000000000000e;message;2026-10-04 03:04:00;non_lue;;message_groupe;00050000000000000000095e;000100000000000000000015;;000600000000000000000b33;000200000000000000000012
00010000000000000000008d;message;2026-10-04 03:04:00;non_lue;;message_groupe;00050000000000000000095e;000100000000000000000015;;000600000000000000000b34;000200000000000000000012
000100000000000000000026;jaime;2026-10-04 03:11:00;non_lue;;publication;0003000000000000000001e0;000100000000000000000092;0003000000000000000001e0;000600000000000000000b35;
00010000000000000000005b;message;2026-10-04 03:22:00;non_lue;;message_groupe;00050000000000000000095f;000100000000000000000026;;000600000000000000000b36;00020000000000000000000e
000100000000000000000086;message;2026-10-04 03:22:00;non_lue;;message_groupe;00050000000000000000095f;000100000000000000000026;;000600000000000000000b37;00020000000000000000000e
000100000000000000000031;message;2026-10-04 03:22:00;non_lue;;message_groupe;00050000000000000000095f;000100000000000000000026;;000600000000000000000b38;00020000000000000000000e
00010000000000000000006a;message;2026-10-04 03:22:00;non_lue;;message_groupe;00050000000000000000095f;000100000000000000000026;;000600000000000000000b39;00020000000000000000000e
000100000000000000000042;jaime;2026-10-04 03:28:00;non_lue;;publication;00030000000000000000022a;00010000000000000000001a;00030000000000000000022a;000600000000000000000b3a;
000100000000000000000001;jaime;2026-10-04 03:49:00;non_lue;;publication;000300000000000000000150;000100000000000000000058;000300000000000000000150;000600000000000000000b3b;
000100000000000000000017;message;2026-10-04 04:06:00;non_lue;;message_groupe;000500000000000000000960;000100000000000000000026;;000600000000000000000b3c;000200000000000000000007
00010000000000000000000b;message;2026-10-04 04:06:00;non_lue;;message_groupe;000500000000000000000960;000100000000000000000026;;000600000000000000000b3d;000200000000000000000007
000100000000000000000096;message;2026-10-04 04:06:00;non_lue;;message_groupe;000500000000000000000960;000100000000000000000026;;000600000000000000000b3e;000200000000000000000007
000100000000000000000028;jaime;2026-10-04 04:10:00;lue;2026-10-04 20:00:00;publication;000300000000000000000256;000100000000000000000023;000300000000000000000256;000600000000000000000b3f;
000100000000000000000049;message;2026-10-04 04:34:00;non_lue;;message_groupe;000500000000000000000961;000100000000000000000059;;000600000000000000000b40;00020000000000000000000c
00010000000000000000006f;message;2026-10-04 04:34:00;non_lue;;message_groupe;000500000000000000000961;000100000000000000000059;;000600000000000000000b41;00020000000000000000000c
00010000000000000000000f;message;2026-10-04 04:34:00;non_lue;;message_groupe;000500000000000000000961;000100000000000000000059;;000600000000000000000b42;00020000000000000000000c
000100000000000000000008;message;2026-10-04 04:34:00;non_lue;;message_groupe;000500000000000000000961;000100000000000000000059;;000600000000000000000b43;00020000000000000000000c
000100000000000000000043;message;2026-10-04 04:45:00;non_lue;;message_groupe;000500000000000000000962;00010000000000000000001c;;000600000000000000000b44;000200000000000000000011
000100000000000000000048;message;2026-10-04 04:45:00;non_lue;;message_groupe;000500000000000000000962;00010000000000000000001c;;000600000000000000000b45;000200000000000000000011
000100000000000000000056;message;2026-10-04 04:45:00;non_lue;;message_groupe;000500000000000000000962;00010000000000000000001c;;000600000000000000000b46;000200000000000000000011
00010000000000000000005b;message;2026-10-04 04:49:00;non_lue;;message_groupe;000500000000000000000963;00010000000000000000005a;;000600000000000000000b47;000200000000000000000006
000100000000000000000011;message;2026-10-04 04:49:00;non_lue;;message_groupe;000500000000000000000963;00010000000000000000005a;;000600000000000000000b48;000200000000000000000006
000100000000000000000026;message;2026-10-04 04:49:00;non_lue;;message_groupe;000500000000000000000963;00010000000000000000005a;;000600000000000000000b49;000200000000000000000006
00010000000000000000000a;message;2026-10-04 04:49:00;non_lue;;message_groupe;000500000000000000000963;00010000000000000000005a;;000600000000000000000b4a;000200000000000000000006
000100000000000000000014;jaime;2026-10-04 04:51:00;non_lue;;publication;000300000000000000000255;00010000000000000000006d;000300000000000000000255;000600000000000000000b4b;
00010000000000000000001c;message;2026-10-04 04:56:00;non_lue;;message_groupe;000500000000000000000964;00010000000000000000003a;;000600000000000000000b4c;000200000000000000000007
000100000000000000000058;message;2026-10-04 04:56:00;non_lue;;message_groupe;000500000000000000000964;00010000000000000000003a;;000600000000000000000b4d;000200000000000000000007
000100000000000000000036;message;2026-10-04 04:56:00;non_lue;;message_groupe;000500000000000000000964;00010000000000000000003a;;000600000000000000000b4e;000200000000000000000007
000100000000000000000059;jaime;2026-10-04 05:38:00;non_lue;;publication;000300000000000000000249;00010000000000000000003e;000300000000000000000249;000600000000000000000b4f;
000100000000000000000037;message;2026-10-04 05:41:00;non_lue;;message_groupe;000500000000000000000965;00010000000000000000005d;;000600000000000000000b50;000200000000000000000019
00010000000000000000002a;jaime;2026-10-04 05:43:00;non_lue;;publication;000300000000000000000183;000100000000000000000085;000300000000000000000183;000600000000000000000b51;
000100000000000000000084;jaime;2026-10-04 06:05:00;lue;2026-10-04 20:00:00;publication;000300000000000000000245;00010000000000000000007f;000300000000000000000245;000600000000000000000b52;
000100000000000000000020;jaime;2026-10-04 06:21:00;lue;2026-10-04 20:00:00;publication;000300000000000000000246;000100000000000000000018;000300000000000000000246;000600000000000000000b53;
000100000000000000000033;jaime;2026-10-04 06:50:00;lue;2026-10-04 20:00:00;publication;000300000000000000000051;000100000000000000000062;000300000000000000000051;000600000000000000000b54;
000100000000000000000086;jaime;2026-10-04 06:56:00;non_lue;;publication;0003000000000000000000f8;000100000000000000000044;0003000000000000000000f8;000600000000000000000b55;
000100000000000000000014;jaime;2026-10-04 07:11:00;lue;2026-10-04 18:11:00;publication;000300000000000000000230;00010000000000000000005c;000300000000000000000230;000600000000000000000b56;
000100000000000000000075;message;2026-10-04 07:14:00;non_lue;;message_groupe;000500000000000000000967;000100000000000000000021;;000600000000000000000b57;000200000000000000000019
00010000000000000000008c;message;2026-10-04 07:14:00;non_lue;;message_groupe;000500000000000000000967;000100000000000000000021;;000600000000000000000b58;000200000000000000000019
00010000000000000000001f;message;2026-10-04 07:14:00;non_lue;;message_groupe;000500000000000000000967;000100000000000000000021;;000600000000000000000b59;000200000000000000000019
000100000000000000000079;message;2026-10-04 07:14:00;non_lue;;message_groupe;000500000000000000000967;000100000000000000000021;;000600000000000000000b5a;000200000000000000000019
000100000000000000000001;message;2026-10-04 07:19:00;non_lue;;message_groupe;000500000000000000000968;000100000000000000000007;;000600000000000000000b5b;000200000000000000000004
00010000000000000000006b;jaime;2026-10-04 07:22:00;lue;2026-10-04 20:00:00;publication;000300000000000000000103;00010000000000000000001a;000300000000000000000103;000600000000000000000b5c;
000100000000000000000084;jaime;2026-10-04 07:26:00;lue;2026-10-04 20:00:00;publication;00030000000000000000017b;000100000000000000000059;00030000000000000000017b;000600000000000000000b5d;
00010000000000000000005b;message;2026-10-04 07:27:00;non_lue;;message_groupe;00050000000000000000096a;000100000000000000000006;;000600000000000000000b5e;000200000000000000000019
00010000000000000000008e;message;2026-10-04 07:27:00;non_lue;;message_groupe;00050000000000000000096a;000100000000000000000006;;000600000000000000000b5f;000200000000000000000019
000100000000000000000007;message;2026-10-04 07:28:00;non_lue;;message_groupe;00050000000000000000096b;000100000000000000000008;;000600000000000000000b60;000200000000000000000015
000100000000000000000045;message;2026-10-04 07:28:00;non_lue;;message_groupe;00050000000000000000096b;000100000000000000000008;;000600000000000000000b61;000200000000000000000015
000100000000000000000028;jaime;2026-10-04 07:44:00;lue;2026-10-04 20:00:00;publication;000300000000000000000049;000100000000000000000025;000300000000000000000049;000600000000000000000b62;
000100000000000000000096;message;2026-10-04 07:45:00;non_lue;;message_groupe;00050000000000000000096c;00010000000000000000003e;;000600000000000000000b63;000200000000000000000018
000100000000000000000084;jaime;2026-10-04 07:45:00;non_lue;;publication;00030000000000000000017b;000100000000000000000008;00030000000000000000017b;000600000000000000000b64;
000100000000000000000081;commentaire;2026-10-04 07:49:00;non_lue;;commentaire;00040000000000000000019d;00010000000000000000005b;000300000000000000000241;000600000000000000000b65;
000100000000000000000021;message;2026-10-04 07:56:00;non_lue;;message_groupe;00050000000000000000096d;000100000000000000000054;;000600000000000000000b66;00020000000000000000001a
00010000000000000000000a;message;2026-10-04 07:56:00;non_lue;;message_groupe;00050000000000000000096d;000100000000000000000054;;000600000000000000000b67;00020000000000000000001a
000100000000000000000003;message;2026-10-04 07:56:00;non_lue;;message_groupe;00050000000000000000096d;000100000000000000000054;;000600000000000000000b68;00020000000000000000001a
000100000000000000000077;message;2026-10-04 07:56:00;non_lue;;message_groupe;00050000000000000000096d;000100000000000000000054;;000600000000000000000b69;00020000000000000000001a
000100000000000000000012;message;2026-10-04 07:57:00;non_lue;;message_groupe;00050000000000000000096e;00010000000000000000001c;;000600000000000000000b6a;00020000000000000000000e
000100000000000000000066;message;2026-10-04 07:57:00;non_lue;;message_groupe;00050000000000000000096e;00010000000000000000001c;;000600000000000000000b6b;00020000000000000000000e
000100000000000000000052;message;2026-10-04 07:57:00;non_lue;;message_groupe;00050000000000000000096e;00010000000000000000001c;;000600000000000000000b6c;00020000000000000000000e
00010000000000000000005c;message;2026-10-04 07:57:00;non_lue;;message_groupe;00050000000000000000096f;000100000000000000000010;;000600000000000000000b6d;000200000000000000000008
00010000000000000000005c;message;2026-10-04 08:15:00;non_lue;;message_groupe;000500000000000000000970;000100000000000000000063;;000600000000000000000b6e;000200000000000000000008
000100000000000000000032;message;2026-10-04 08:15:00;non_lue;;message_groupe;000500000000000000000970;000100000000000000000063;;000600000000000000000b6f;000200000000000000000008
000100000000000000000039;message;2026-10-04 08:15:00;non_lue;;message_groupe;000500000000000000000970;000100000000000000000063;;000600000000000000000b70;000200000000000000000008
00010000000000000000000f;message;2026-10-04 08:15:00;non_lue;;message_groupe;000500000000000000000970;000100000000000000000063;;000600000000000000000b71;000200000000000000000008
000100000000000000000022;jaime;2026-10-04 08:18:00;non_lue;;publication;000300000000000000000065;000100000000000000000056;000300000000000000000065;000600000000000000000b72;
000100000000000000000022;jaime;2026-10-04 08:20:00;non_lue;;publication;000300000000000000000252;000100000000000000000078;000300000000000000000252;000600000000000000000b73;
000100000000000000000075;message;2026-10-04 08:29:00;non_lue;;message_groupe;000500000000000000000971;000100000000000000000090;;000600000000000000000b74;000200000000000000000008
000100000000000000000087;message;2026-10-04 08:29:00;non_lue;;message_groupe;000500000000000000000971;000100000000000000000090;;000600000000000000000b75;000200000000000000000008
00010000000000000000002a;message;2026-10-04 08:29:00;non_lue;;message_groupe;000500000000000000000971;000100000000000000000090;;000600000000000000000b76;000200000000000000000008
000100000000000000000052;message;2026-10-04 08:29:00;non_lue;;message_groupe;000500000000000000000971;000100000000000000000090;;000600000000000000000b77;000200000000000000000008
000100000000000000000017;message;2026-10-04 08:44:00;non_lue;;message_groupe;000500000000000000000972;000100000000000000000013;;000600000000000000000b78;000200000000000000000019
000100000000000000000087;message;2026-10-04 08:44:00;non_lue;;message_groupe;000500000000000000000972;000100000000000000000013;;000600000000000000000b79;000200000000000000000019
000100000000000000000082;message;2026-10-04 08:44:00;non_lue;;message_groupe;000500000000000000000972;000100000000000000000013;;000600000000000000000b7a;000200000000000000000019
000100000000000000000066;message;2026-10-04 08:44:00;non_lue;;message_groupe;000500000000000000000972;000100000000000000000013;;000600000000000000000b7b;000200000000000000000019
000100000000000000000022;jaime;2026-10-04 08:45:00;lue;2026-10-04 20:00:00;publication;000300000000000000000254;000100000000000000000063;000300000000000000000254;000600000000000000000b7c;
00010000000000000000008e;jaime;2026-10-04 08:52:00;non_lue;;publication;000300000000000000000151;000100000000000000000025;000300000000000000000151;000600000000000000000b7d;
00010000000000000000004c;jaime;2026-10-04 09:04:00;non_lue;;publication;00030000000000000000024e;00010000000000000000006a;00030000000000000000024e;000600000000000000000b7e;
000100000000000000000084;jaime;2026-10-04 09:07:00;non_lue;;publication;000300000000000000000222;00010000000000000000007e;000300000000000000000222;000600000000000000000b7f;
000100000000000000000033;demande_ami;2026-10-04 09:19:00;lue;2026-10-04 20:00:00;utilisateur;00010000000000000000008c;00010000000000000000008c;;000600000000000000000b80;
000100000000000000000018;message;2026-10-04 10:06:00;non_lue;;message_groupe;000500000000000000000975;00010000000000000000001d;;000600000000000000000b81;000200000000000000000009
00010000000000000000004b;demande_ami;2026-10-04 10:17:00;non_lue;;utilisateur;000100000000000000000070;000100000000000000000070;;000600000000000000000b82;
00010000000000000000005a;message;2026-10-04 10:22:00;non_lue;;message_groupe;000500000000000000000976;000100000000000000000092;;000600000000000000000b83;00020000000000000000001b
000100000000000000000025;message;2026-10-04 10:25:00;non_lue;;message_groupe;000500000000000000000977;00010000000000000000000e;;000600000000000000000b84;000200000000000000000007
000100000000000000000001;message;2026-10-04 10:25:00;non_lue;;message_groupe;000500000000000000000977;00010000000000000000000e;;000600000000000000000b85;000200000000000000000007
000100000000000000000013;message;2026-10-04 10:49:00;non_lue;;message_groupe;000500000000000000000978;000100000000000000000008;;000600000000000000000b86;000200000000000000000015
000100000000000000000015;message;2026-10-04 10:49:00;non_lue;;message_groupe;000500000000000000000978;000100000000000000000008;;000600000000000000000b87;000200000000000000000015
000100000000000000000094;message;2026-10-04 10:55:00;non_lue;;message_groupe;000500000000000000000979;000100000000000000000026;;000600000000000000000b88;00020000000000000000000f
000100000000000000000014;message;2026-10-04 10:55:00;non_lue;;message_groupe;000500000000000000000979;000100000000000000000026;;000600000000000000000b89;00020000000000000000000f
000100000000000000000042;message;2026-10-04 10:55:00;non_lue;;message_groupe;000500000000000000000979;000100000000000000000026;;000600000000000000000b8a;00020000000000000000000f
00010000000000000000003d;message;2026-10-04 10:55:00;non_lue;;message_groupe;000500000000000000000979;000100000000000000000026;;000600000000000000000b8b;00020000000000000000000f
000100000000000000000066;message;2026-10-04 10:56:00;non_lue;;message_groupe;00050000000000000000097a;000100000000000000000044;;000600000000000000000b8c;00020000000000000000000e
000100000000000000000022;commentaire;2026-10-04 10:58:00;non_lue;;commentaire;00040000000000000000047a;00010000000000000000004a;000300000000000000000254;000600000000000000000b8d;
000100000000000000000018;message;2026-10-04 11:02:00;non_lue;;message_groupe;00050000000000000000097b;000100000000000000000030;;000600000000000000000b8e;000200000000000000000006
000100000000000000000081;jaime;2026-10-04 11:04:00;lue;2026-10-04 20:00:00;publication;0003000000000000000001f8;00010000000000000000003e;0003000000000000000001f8;000600000000000000000b8f;
000100000000000000000076;jaime;2026-10-04 11:08:00;lue;2026-10-04 12:08:00;publication;00030000000000000000024b;000100000000000000000041;00030000000000000000024b;000600000000000000000b90;
000100000000000000000025;message;2026-10-04 11:17:00;non_lue;;message_groupe;00050000000000000000097d;000100000000000000000096;;000600000000000000000b91;00020000000000000000001b
000100000000000000000027;demande_ami;2026-10-04 11:22:00;non_lue;;utilisateur;000100000000000000000032;000100000000000000000032;;000600000000000000000b92;
00010000000000000000002a;jaime;2026-10-04 11:26:00;lue;2026-10-04 20:00:00;publication;0003000000000000000000c3;000100000000000000000075;0003000000000000000000c3;000600000000000000000b93;
000100000000000000000014;jaime;2026-10-04 11:46:00;non_lue;;publication;0003000000000000000001e5;000100000000000000000012;0003000000000000000001e5;000600000000000000000b94;
00010000000000000000002a;jaime;2026-10-04 11:57:00;lue;2026-10-04 20:00:00;publication;0003000000000000000001e1;000100000000000000000023;0003000000000000000001e1;000600000000000000000b95;
000100000000000000000020;jaime;2026-10-04 11:58:00;non_lue;;publication;00030000000000000000023b;000100000000000000000051;00030000000000000000023b;000600000000000000000b96;
000100000000000000000010;message;2026-10-04 12:05:00;non_lue;;message_groupe;000500000000000000000980;00010000000000000000008a;;000600000000000000000b97;00020000000000000000001b
000100000000000000000024;message;2026-10-04 12:05:00;non_lue;;message_groupe;000500000000000000000980;00010000000000000000008a;;000600000000000000000b98;00020000000000000000001b
000100000000000000000050;message;2026-10-04 12:05:00;non_lue;;message_groupe;000500000000000000000980;00010000000000000000008a;;000600000000000000000b99;00020000000000000000001b
000100000000000000000081;message;2026-10-04 12:21:00;non_lue;;message_groupe;000500000000000000000981;00010000000000000000005c;;000600000000000000000b9a;000200000000000000000001
00010000000000000000008e;message;2026-10-04 12:21:00;non_lue;;message_groupe;000500000000000000000981;00010000000000000000005c;;000600000000000000000b9b;000200000000000000000001
00010000000000000000002a;message;2026-10-04 12:21:00;non_lue;;message_groupe;000500000000000000000981;00010000000000000000005c;;000600000000000000000b9c;000200000000000000000001
00010000000000000000001a;message;2026-10-04 12:21:00;non_lue;;message_groupe;000500000000000000000981;00010000000000000000005c;;000600000000000000000b9d;000200000000000000000001
000100000000000000000059;jaime;2026-10-04 12:24:00;non_lue;;publication;000300000000000000000249;00010000000000000000005c;000300000000000000000249;000600000000000000000b9e;
000100000000000000000001;jaime;2026-10-04 12:27:00;non_lue;;publication;0003000000000000000001f6;000100000000000000000052;0003000000000000000001f6;000600000000000000000b9f;
000100000000000000000028;jaime;2026-10-04 12:32:00;lue;2026-10-04 20:00:00;publication;000300000000000000000256;000100000000000000000039;000300000000000000000256;000600000000000000000ba0;
000100000000000000000037;message;2026-10-04 12:39:00;non_lue;;message_groupe;000500000000000000000982;000100000000000000000013;;000600000000000000000ba1;000200000000000000000018
000100000000000000000096;message;2026-10-04 12:39:00;non_lue;;message_groupe;000500000000000000000982;000100000000000000000013;;000600000000000000000ba2;000200000000000000000018
000100000000000000000051;demande_ami;2026-10-04 13:06:00;non_lue;;utilisateur;000100000000000000000028;000100000000000000000028;;000600000000000000000ba3;
00010000000000000000007f;jaime;2026-10-04 13:21:00;lue;2026-10-04 19:21:00;publication;00030000000000000000022e;000100000000000000000032;00030000000000000000022e;000600000000000000000ba4;
000100000000000000000025;message;2026-10-04 13:24:00;non_lue;;message_groupe;000500000000000000000984;00010000000000000000007b;;000600000000000000000ba5;000200000000000000000019
00010000000000000000007b;message;2026-10-04 13:26:00;non_lue;;message_groupe;000500000000000000000985;000100000000000000000059;;000600000000000000000ba6;000200000000000000000011
00010000000000000000001b;message;2026-10-04 13:26:00;non_lue;;message_groupe;000500000000000000000985;000100000000000000000059;;000600000000000000000ba7;000200000000000000000011
000100000000000000000046;message;2026-10-04 13:26:00;non_lue;;message_groupe;000500000000000000000985;000100000000000000000059;;000600000000000000000ba8;000200000000000000000011
00010000000000000000001c;message;2026-10-04 13:26:00;non_lue;;message_groupe;000500000000000000000985;000100000000000000000059;;000600000000000000000ba9;000200000000000000000011
000100000000000000000082;message;2026-10-04 13:26:00;non_lue;;message_groupe;000500000000000000000986;000100000000000000000027;;000600000000000000000baa;000200000000000000000018
000100000000000000000090;message;2026-10-04 13:26:00;non_lue;;message_groupe;000500000000000000000986;000100000000000000000027;;000600000000000000000bab;000200000000000000000018
000100000000000000000028;jaime;2026-10-04 13:31:00;non_lue;;publication;000300000000000000000256;000100000000000000000049;000300000000000000000256;000600000000000000000bac;
000100000000000000000081;jaime;2026-10-04 13:42:00;non_lue;;publication;000300000000000000000257;00010000000000000000008c;000300000000000000000257;000600000000000000000bad;
000100000000000000000076;jaime;2026-10-04 13:46:00;non_lue;;publication;000300000000000000000240;000100000000000000000087;000300000000000000000240;000600000000000000000bae;
00010000000000000000003b;message;2026-10-04 13:49:00;non_lue;;message_groupe;000500000000000000000988;00010000000000000000001f;;000600000000000000000baf;000200000000000000000011
000100000000000000000081;jaime;2026-10-04 13:51:00;lue;2026-10-04 20:00:00;publication;000300000000000000000257;00010000000000000000005a;000300000000000000000257;000600000000000000000bb0;
000100000000000000000010;message;2026-10-04 14:00:00;non_lue;;message_groupe;000500000000000000000989;000100000000000000000087;;000600000000000000000bb1;00020000000000000000001a
000100000000000000000081;jaime;2026-10-04 14:00:00;non_lue;;publication;000300000000000000000257;00010000000000000000003e;000300000000000000000257;000600000000000000000bb2;
000100000000000000000054;message;2026-10-04 14:18:00;non_lue;;message_groupe;00050000000000000000098a;00010000000000000000007e;;000600000000000000000bb3;00020000000000000000000d
000100000000000000000040;message;2026-10-04 14:18:00;non_lue;;message_groupe;00050000000000000000098a;00010000000000000000007e;;000600000000000000000bb4;00020000000000000000000d
00010000000000000000007e;jaime;2026-10-04 14:22:00;lue;2026-10-04 20:00:00;publication;00030000000000000000010d;000100000000000000000061;00030000000000000000010d;000600000000000000000bb5;
000100000000000000000001;message;2026-10-04 14:32:00;non_lue;;message_groupe;00050000000000000000098b;000100000000000000000094;;000600000000000000000bb6;000200000000000000000004
000100000000000000000055;message;2026-10-04 14:32:00;non_lue;;message_groupe;00050000000000000000098b;000100000000000000000094;;000600000000000000000bb7;000200000000000000000004
000100000000000000000015;message;2026-10-04 14:32:00;non_lue;;message_groupe;00050000000000000000098b;000100000000000000000094;;000600000000000000000bb8;000200000000000000000004
000100000000000000000049;message;2026-10-04 14:32:00;non_lue;;message_groupe;00050000000000000000098b;000100000000000000000094;;000600000000000000000bb9;000200000000000000000004
000100000000000000000006;message;2026-10-04 14:40:00;non_lue;;message_groupe;00050000000000000000098c;00010000000000000000007f;;000600000000000000000bba;000200000000000000000018
000100000000000000000066;message;2026-10-04 14:40:00;non_lue;;message_groupe;00050000000000000000098c;00010000000000000000007f;;000600000000000000000bbb;000200000000000000000018
00010000000000000000001b;jaime;2026-10-04 14:41:00;non_lue;;publication;000300000000000000000253;000100000000000000000002;000300000000000000000253;000600000000000000000bbc;
000100000000000000000081;jaime;2026-10-04 14:42:00;non_lue;;publication;000300000000000000000257;000100000000000000000009;000300000000000000000257;000600000000000000000bbd;
000100000000000000000022;jaime;2026-10-04 14:45:00;non_lue;;publication;000300000000000000000229;000100000000000000000075;000300000000000000000229;000600000000000000000bbe;
000100000000000000000001;message;2026-10-04 14:56:00;non_lue;;message_groupe;00050000000000000000098d;000100000000000000000036;;000600000000000000000bbf;000200000000000000000007
000100000000000000000081;message;2026-10-04 15:01:00;non_lue;;message_groupe;00050000000000000000098e;00010000000000000000005c;;000600000000000000000bc0;000200000000000000000001
000100000000000000000075;message;2026-10-04 15:03:00;non_lue;;message_groupe;00050000000000000000098f;000100000000000000000073;;000600000000000000000bc1;00020000000000000000000b
00010000000000000000000f;message;2026-10-04 15:03:00;non_lue;;message_groupe;00050000000000000000098f;000100000000000000000073;;000600000000000000000bc2;00020000000000000000000b
00010000000000000000007e;message;2026-10-04 15:12:00;non_lue;;message_groupe;000500000000000000000990;000100000000000000000043;;000600000000000000000bc3;000200000000000000000011
00010000000000000000007f;message;2026-10-04 15:24:00;non_lue;;message_groupe;000500000000000000000991;000100000000000000000004;;000600000000000000000bc4;000200000000000000000018
000100000000000000000086;message;2026-10-04 15:24:00;non_lue;;message_groupe;000500000000000000000991;000100000000000000000004;;000600000000000000000bc5;000200000000000000000018
000100000000000000000020;jaime;2026-10-04 15:36:00;non_lue;;publication;00030000000000000000023b;000100000000000000000016;00030000000000000000023b;000600000000000000000bc6;
00010000000000000000002a;jaime;2026-10-04 15:43:00;non_lue;;publication;00030000000000000000023d;000100000000000000000041;00030000000000000000023d;000600000000000000000bc7;
00010000000000000000007f;jaime;2026-10-04 15:51:00;non_lue;;publication;000300000000000000000189;000100000000000000000058;000300000000000000000189;000600000000000000000bc8;
000100000000000000000081;jaime;2026-10-04 15:54:00;non_lue;;publication;000300000000000000000257;000100000000000000000091;000300000000000000000257;000600000000000000000bc9;
000100000000000000000081;commentaire;2026-10-04 16:07:00;non_lue;;commentaire;000400000000000000000302;00010000000000000000003a;000300000000000000000257;000600000000000000000bca;
000100000000000000000024;message;2026-10-04 16:08:00;non_lue;;message_groupe;000500000000000000000992;00010000000000000000007f;;000600000000000000000bcb;000200000000000000000007
000100000000000000000091;message;2026-10-04 16:08:00;non_lue;;message_groupe;000500000000000000000992;00010000000000000000007f;;000600000000000000000bcc;000200000000000000000007
000100000000000000000066;message;2026-10-04 16:08:00;non_lue;;message_groupe;000500000000000000000992;00010000000000000000007f;;000600000000000000000bcd;000200000000000000000007
000100000000000000000001;message;2026-10-04 16:08:00;non_lue;;message_groupe;000500000000000000000992;00010000000000000000007f;;000600000000000000000bce;000200000000000000000007
000100000000000000000059;jaime;2026-10-04 16:17:00;lue;2026-10-04 20:00:00;publication;0003000000000000000001f1;000100000000000000000081;0003000000000000000001f1;000600000000000000000bcf;
000100000000000000000057;message;2026-10-04 16:19:00;non_lue;;message_groupe;000500000000000000000993;000100000000000000000046;;000600000000000000000bd0;000200000000000000000017
00010000000000000000007e;message;2026-10-04 16:19:00;non_lue;;message_groupe;000500000000000000000993;000100000000000000000046;;000600000000000000000bd1;000200000000000000000017
000100000000000000000081;jaime;2026-10-04 16:30:00;lue;2026-10-04 20:00:00;publication;000300000000000000000257;00010000000000000000001c;000300000000000000000257;000600000000000000000bd2;
000100000000000000000076;jaime;2026-10-04 16:33:00;non_lue;;publication;00030000000000000000024b;000100000000000000000059;00030000000000000000024b;000600000000000000000bd3;
000100000000000000000039;message;2026-10-04 16:58:00;non_lue;;message_groupe;000500000000000000000994;000100000000000000000081;;000600000000000000000bd4;00020000000000000000001b
000100000000000000000088;message;2026-10-04 16:58:00;non_lue;;message_groupe;000500000000000000000994;000100000000000000000081;;000600000000000000000bd5;00020000000000000000001b
000100000000000000000012;message;2026-10-04 16:58:00;non_lue;;message_groupe;000500000000000000000994;000100000000000000000081;;000600000000000000000bd6;00020000000000000000001b
000100000000000000000086;jaime;2026-10-04 17:38:00;non_lue;;publication;000300000000000000000157;000100000000000000000018;000300000000000000000157;000600000000000000000bd7;
00010000000000000000001d;message;2026-10-04 18:07:00;non_lue;;message_groupe;000500000000000000000995;000100000000000000000026;;000600000000000000000bd8;000200000000000000000019
000100000000000000000014;commentaire;2026-10-04 18:20:00;lue;2026-10-04 20:00:00;commentaire;000400000000000000000090;000100000000000000000054;000300000000000000000230;000600000000000000000bd9;
000100000000000000000063;message;2026-10-04 18:32:00;non_lue;;message_groupe;000500000000000000000996;00010000000000000000001f;;000600000000000000000bda;000200000000000000000013
000100000000000000000049;message;2026-10-04 18:32:00;non_lue;;message_groupe;000500000000000000000996;00010000000000000000001f;;000600000000000000000bdb;000200000000000000000013
000100000000000000000038;message;2026-10-04 18:32:00;non_lue;;message_groupe;000500000000000000000996;00010000000000000000001f;;000600000000000000000bdc;000200000000000000000013
000100000000000000000020;message;2026-10-04 18:32:00;non_lue;;message_groupe;000500000000000000000996;00010000000000000000001f;;000600000000000000000bdd;000200000000000000000013
00010000000000000000002a;jaime;2026-10-04 18:37:00;non_lue;;publication;000300000000000000000238;00010000000000000000008f;000300000000000000000238;000600000000000000000bde;
000100000000000000000036;jaime;2026-10-04 18:44:00;non_lue;;publication;000300000000000000000258;000100000000000000000060;000300000000000000000258;000600000000000000000bdf;
00010000000000000000002a;jaime;2026-10-04 18:47:00;non_lue;;publication;000300000000000000000183;000100000000000000000074;000300000000000000000183;000600000000000000000be0;
000100000000000000000076;jaime;2026-10-04 18:49:00;non_lue;;publication;00030000000000000000024b;00010000000000000000001a;00030000000000000000024b;000600000000000000000be1;
000100000000000000000042;jaime;2026-10-04 19:16:00;non_lue;;publication;0003000000000000000001f9;000100000000000000000010;0003000000000000000001f9;000600000000000000000be2;
00010000000000000000006b;jaime;2026-10-04 19:20:00;lue;2026-10-04 20:00:00;publication;000300000000000000000159;000100000000000000000084;000300000000000000000159;000600000000000000000be3;
000100000000000000000073;message;2026-10-04 19:23:00;non_lue;;message_groupe;000500000000000000000997;000100000000000000000081;;000600000000000000000be4;000200000000000000000001
000100000000000000000076;jaime;2026-10-04 19:23:00;non_lue;;publication;000300000000000000000240;00010000000000000000002b;000300000000000000000240;000600000000000000000be5;
000100000000000000000036;jaime;2026-10-04 19:25:00;non_lue;;publication;000300000000000000000258;000100000000000000000094;000300000000000000000258;000600000000000000000be6;
000100000000000000000022;jaime;2026-10-04 19:27:00;non_lue;;publication;000300000000000000000232;000100000000000000000026;000300000000000000000232;000600000000000000000be7;
000100000000000000000075;jaime;2026-10-04 19:38:00;non_lue;;publication;00030000000000000000024c;000100000000000000000007;00030000000000000000024c;000600000000000000000be8;
000100000000000000000020;jaime;2026-10-04 19:51:00;non_lue;;publication;000300000000000000000246;00010000000000000000001a;000300000000000000000246;000600000000000000000be9;
000100000000000000000020;jaime;2026-10-04 19:54:00;lue;2026-10-04 20:00:00;publication;000300000000000000000246;000100000000000000000055;000300000000000000000246;000600000000000000000bea;
