_id;code;auteur_id;date;visibilite;texte;medias;hashtags;groupe_id;aimes;compteurs.aimes;compteurs.commentaires;compteurs.partages;historique_modifs
000300000000000000000001;PUB-0001;00010000000000000000007f;2026-06-07 06:29:00;public;Un instant capture au hasard.;"[{""type"": ""image"", ""image_id"": 9, ""variante"": ""principale"", ""description"": ""Le telephone est pose sur le cahier"", ""url"": ""https://picsum.photos/id/9/640/480.jpg?random=185""}]";;;"00010000000000000000001b;00010000000000000000002d;000100000000000000000095;000100000000000000000025;000100000000000000000080;000100000000000000000064;000100000000000000000042;000100000000000000000040;000100000000000000000039;000100000000000000000075;00010000000000000000002f;00010000000000000000002a;000100000000000000000006;00010000000000000000005d;00010000000000000000004b;000100000000000000000027;000100000000000000000093;00010000000000000000001d;000100000000000000000061;00010000000000000000002e;000100000000000000000084;000100000000000000000053;000100000000000000000058;000100000000000000000068;000100000000000000000022;00010000000000000000004c;000100000000000000000071;000100000000000000000081;000100000000000000000031;00010000000000000000006d;000100000000000000000019;00010000000000000000008d;000100000000000000000077;00010000000000000000005f;000100000000000000000074;000100000000000000000001;000100000000000000000059;000100000000000000000046;000100000000000000000069;00010000000000000000001a;00010000000000000000006e;000100000000000000000026;00010000000000000000006c;000100000000000000000087;00010000000000000000008e;000100000000000000000003;000100000000000000000028;000100000000000000000041;000100000000000000000043;00010000000000000000008f;000100000000000000000090;00010000000000000000004d;000100000000000000000088;00010000000000000000002b;000100000000000000000002;000100000000000000000023";56;1;7;
000300000000000000000002;PUB-0002;000100000000000000000022;2026-06-07 10:45:00;public;Un paysage qui apaise l'esprit.;"[{""type"": ""image"", ""image_id"": 11, ""variante"": ""principale"", ""description"": ""Foret ouverte, riviere, montagne"", ""url"": ""https://picsum.photos/id/11/640/480.jpg?random=457""}]";plage;;"000100000000000000000003;000100000000000000000061;000100000000000000000062;000100000000000000000083;00010000000000000000005b;000100000000000000000013;000100000000000000000052;000100000000000000000032;000100000000000000000074";9;2;1;
000300000000000000000003;PUB-0003;000100000000000000000024;2026-06-07 17:27:00;prive;Le chemin compte plus que l'arrivee.;"[{""type"": ""image"", ""image_id"": 27, ""variante"": ""principale"", ""description"": ""Homme au bord du gouffre regardant l'horizon"", ""url"": ""https://picsum.photos/id/27/640/480.jpg?random=805""}]";foret;;"000100000000000000000030;000100000000000000000067;00010000000000000000006f;000100000000000000000037;00010000000000000000002a;000100000000000000000053;00010000000000000000006c;00010000000000000000003d;000100000000000000000046;000100000000000000000031;000100000000000000000075;000100000000000000000081;00010000000000000000007b;00010000000000000000002d;00010000000000000000005d;000100000000000000000093;000100000000000000000029;000100000000000000000005;00010000000000000000006d";19;0;0;
000300000000000000000004;PUB-0004;00010000000000000000008e;2026-06-08 00:31:00;public;Juste comme ca.;"[{""type"": ""image"", ""image_id"": 16, ""variante"": ""principale"", ""description"": ""Tronc d'arbre sur une plage de pierres"", ""url"": ""https://picsum.photos/id/16/640/480.jpg?random=493""}]";"cameroun237;voyage;montagne";;"000100000000000000000016;000100000000000000000025;000100000000000000000023;000100000000000000000008;00010000000000000000005f;000100000000000000000029;000100000000000000000027;00010000000000000000004a;00010000000000000000001e;000100000000000000000013;000100000000000000000053;00010000000000000000006a;000100000000000000000038;00010000000000000000000b;000100000000000000000090;000100000000000000000052;000100000000000000000051;000100000000000000000067;00010000000000000000003c;000100000000000000000070;00010000000000000000003f;000100000000000000000077;000100000000000000000056;00010000000000000000005d;000100000000000000000068;000100000000000000000014;00010000000000000000008b;000100000000000000000035;000100000000000000000017;00010000000000000000008a;000100000000000000000050;00010000000000000000007e;000100000000000000000026";33;1;2;
000300000000000000000005;PUB-0005;000100000000000000000047;2026-06-08 11:28:00;amis;Photo du jour.;"[{""type"": ""image"", ""image_id"": 42, ""variante"": ""principale"", ""description"": ""Table de snack, deux cafes et un telephone"", ""url"": ""https://picsum.photos/id/42/640/480.jpg?random=192""}]";;;"000100000000000000000014;000100000000000000000057;000100000000000000000043;000100000000000000000085;000100000000000000000007;00010000000000000000008f;000100000000000000000058;000100000000000000000019;000100000000000000000032;000100000000000000000035;00010000000000000000001c;00010000000000000000003a;00010000000000000000008b";13;2;0;
000300000000000000000006;PUB-0006;000100000000000000000086;2026-06-09 01:45:00;public;Apprenons de nos erreurs.;"[{""type"": ""image"", ""image_id"": 32, ""variante"": ""grayscale"", ""description"": ""Mur de prison gris avec un banc"", ""url"": ""https://picsum.photos/id/32/640/480.jpg?grayscale&blur=2&random=48""}]";;;"00010000000000000000008a;00010000000000000000003a;000100000000000000000029;000100000000000000000011;000100000000000000000016;00010000000000000000002e;000100000000000000000027;000100000000000000000019;00010000000000000000002d;000100000000000000000014";10;2;1;
000300000000000000000007;PUB-0007;000100000000000000000037;2026-06-09 04:52:00;public;Je decouvre enfin ce pont mythique.;"[{""type"": ""image"", ""image_id"": 43, ""variante"": ""principale"", ""description"": ""Pont de Manhattan (noir et blanc)"", ""url"": ""https://picsum.photos/id/43/640/480.jpg?random=900""}]";"histoire;cameroun237;montagne";;"00010000000000000000001d;000100000000000000000061;00010000000000000000008b;000100000000000000000028;000100000000000000000071;00010000000000000000008d;00010000000000000000006c;000100000000000000000081;000100000000000000000068";9;1;1;
000300000000000000000008;PUB-0008;000100000000000000000062;2026-06-09 11:07:00;public;Je reserve une table pour samedi, vous venez ?;"[{""type"": ""image"", ""image_id"": 7, ""variante"": ""principale"", ""description"": ""Affaires rangees, discussion sur tablette"", ""url"": ""https://picsum.photos/id/7/640/480.jpg?random=122""}]";"enspd;focus;travail";;"00010000000000000000001d;000100000000000000000089;000100000000000000000054";3;1;1;
000300000000000000000009;PUB-0009;000100000000000000000042;2026-06-09 12:07:00;public;Photo du jour.;"[{""type"": ""image"", ""image_id"": 45, ""variante"": ""grayscale"", ""description"": ""Plaque d'immatriculation en ecriture etrangere"", ""url"": ""https://picsum.photos/id/45/640/480.jpg?grayscale&blur=2&random=664""}]";plage;;"000100000000000000000065;000100000000000000000051;000100000000000000000050;000100000000000000000023;000100000000000000000001;00010000000000000000000b;000100000000000000000096;00010000000000000000002e;000100000000000000000082;000100000000000000000081;000100000000000000000073;000100000000000000000088;00010000000000000000007c;00010000000000000000003f;000100000000000000000052;000100000000000000000087;000100000000000000000055;000100000000000000000090;000100000000000000000068;00010000000000000000004a;000100000000000000000084;000100000000000000000095;000100000000000000000085;000100000000000000000061;000100000000000000000010;00010000000000000000004e;000100000000000000000038;00010000000000000000005e;000100000000000000000011;00010000000000000000001c;000100000000000000000026;000100000000000000000056;000100000000000000000018;00010000000000000000000f;000100000000000000000094;000100000000000000000013;00010000000000000000005d;00010000000000000000008a;000100000000000000000069;00010000000000000000008c;000100000000000000000017;00010000000000000000000a;000100000000000000000019";43;3;2;
00030000000000000000000a;PUB-0010;000100000000000000000028;2026-06-09 22:45:00;public;La deadline est dans 5 minutes, tout va bien.;"[{""type"": ""image"", ""image_id"": 1, ""variante"": ""principale"", ""description"": ""Quelqu'un travaille sur l'ordinateur"", ""url"": ""https://picsum.photos/id/1/640/480.jpg?random=144""}]";"enspd;tech";;"000100000000000000000011;00010000000000000000000c;00010000000000000000004a;00010000000000000000002b;000100000000000000000042;00010000000000000000008a;000100000000000000000039;00010000000000000000001d;00010000000000000000007e";9;0;2;
00030000000000000000000b;PUB-0011;000100000000000000000059;2026-06-10 03:11:00;public;Un instant capture au hasard.;"[{""type"": ""image"", ""image_id"": 39, ""variante"": ""grayscale"", ""description"": ""Vieux vinyle qui tourne"", ""url"": ""https://picsum.photos/id/39/640/480.jpg?grayscale&blur=2&random=275""}]";"viedevie;histoire";;"00010000000000000000001d;000100000000000000000018;00010000000000000000007a;000100000000000000000074;000100000000000000000028;00010000000000000000006a;000100000000000000000048;000100000000000000000088;000100000000000000000019;00010000000000000000002a;000100000000000000000085;000100000000000000000033;000100000000000000000096;000100000000000000000006;00010000000000000000000f;000100000000000000000039;000100000000000000000070;00010000000000000000006e;000100000000000000000091;000100000000000000000089;00010000000000000000002c;000100000000000000000001;000100000000000000000008;000100000000000000000081;00010000000000000000002d;000100000000000000000079;00010000000000000000001a;000100000000000000000061;000100000000000000000015;000100000000000000000046;000100000000000000000082;00010000000000000000008e;00010000000000000000007d;00010000000000000000008b;000100000000000000000077;000100000000000000000071;00010000000000000000000d;00010000000000000000007f;00010000000000000000008d;000100000000000000000051;000100000000000000000083;000100000000000000000086;000100000000000000000069;000100000000000000000017";44;3;4;
00030000000000000000000c;PUB-0012;000100000000000000000041;2026-06-10 13:34:00;public;Un petit composant, tout un monde derriere.;"[{""type"": ""image"", ""image_id"": 36, ""variante"": ""grayscale"", ""description"": ""Piece detachee d'un appareil electronique"", ""url"": ""https://picsum.photos/id/36/640/480.jpg?grayscale&blur=2&random=735""}]";ecole;;"00010000000000000000008e;000100000000000000000001;00010000000000000000005c;00010000000000000000008f;00010000000000000000002a;00010000000000000000006c;00010000000000000000002c;000100000000000000000092;000100000000000000000010;000100000000000000000075;000100000000000000000067;00010000000000000000008a;000100000000000000000070;000100000000000000000077;000100000000000000000071;00010000000000000000003f";16;0;1;
00030000000000000000000d;PUB-0013;000100000000000000000014;2026-06-11 13:46:00;public;Un morceau d'histoire a ne pas oublier.;"[{""type"": ""image"", ""image_id"": 30, ""variante"": ""principale"", ""description"": ""Tasse avec un billet cubain et Castro"", ""url"": ""https://picsum.photos/id/30/640/480.jpg?random=666""}]";"histoire;viedevie;memoire";;"000100000000000000000082;000100000000000000000064;000100000000000000000036;000100000000000000000038;00010000000000000000007d;00010000000000000000006a;000100000000000000000017;000100000000000000000083;000100000000000000000058;00010000000000000000001f;00010000000000000000008c;000100000000000000000069;00010000000000000000002f;000100000000000000000067;000100000000000000000076;00010000000000000000001c;000100000000000000000041;000100000000000000000071;00010000000000000000008f";19;1;2;
00030000000000000000000e;PUB-0014;00010000000000000000006b;2026-06-11 22:55:00;public;Je vous souhaite de la joie aujourd'hui.;"[{""type"": ""image"", ""image_id"": 33, ""variante"": ""grayscale"", ""description"": ""Herbe touffue et deux petites fleurs"", ""url"": ""https://picsum.photos/id/33/640/480.jpg?grayscale&blur=2&random=162""}]";"nature;foret";;"000100000000000000000014;000100000000000000000031;000100000000000000000028;000100000000000000000083;000100000000000000000029;000100000000000000000034;00010000000000000000003a;000100000000000000000094;00010000000000000000001a;00010000000000000000008c;000100000000000000000084;000100000000000000000090;00010000000000000000005a;000100000000000000000030;000100000000000000000078;000100000000000000000011;00010000000000000000007c;000100000000000000000054;000100000000000000000006;000100000000000000000068;00010000000000000000007d;000100000000000000000080;000100000000000000000032;00010000000000000000000d;000100000000000000000085;00010000000000000000008d;000100000000000000000037;000100000000000000000061;000100000000000000000051;00010000000000000000005d;000100000000000000000089;00010000000000000000006a;00010000000000000000004b;000100000000000000000016;000100000000000000000001;000100000000000000000052;000100000000000000000045;000100000000000000000043;00010000000000000000007f;00010000000000000000006f;00010000000000000000007e;000100000000000000000069;000100000000000000000023;000100000000000000000020;000100000000000000000063;00010000000000000000000a;000100000000000000000050;000100000000000000000087;00010000000000000000003c;00010000000000000000004e;000100000000000000000039;000100000000000000000035;00010000000000000000000f;00010000000000000000003b;000100000000000000000041;000100000000000000000059;00010000000000000000007b";57;4;5;
00030000000000000000000f;PUB-0015;000100000000000000000020;2026-06-12 07:35:00;amis;Comment a-t-on construit ca ?;"[{""type"": ""image"", ""image_id"": 43, ""variante"": ""grayscale"", ""description"": ""Pont de Manhattan (noir et blanc)"", ""url"": ""https://picsum.photos/id/43/640/480.jpg?grayscale&blur=2&random=714""}]";viedevie;;"00010000000000000000008a;000100000000000000000041;00010000000000000000008c;00010000000000000000004e;00010000000000000000005b;000100000000000000000081;00010000000000000000002f;000100000000000000000005;000100000000000000000028;000100000000000000000066;000100000000000000000062;000100000000000000000060;000100000000000000000068;000100000000000000000064;00010000000000000000002d;00010000000000000000005c;000100000000000000000019;000100000000000000000025;000100000000000000000054;000100000000000000000074;000100000000000000000036;000100000000000000000050;000100000000000000000091;000100000000000000000042;00010000000000000000004d;00010000000000000000004a;000100000000000000000083;00010000000000000000007b;000100000000000000000015;000100000000000000000088;00010000000000000000002b;00010000000000000000001d;00010000000000000000004f;000100000000000000000024;000100000000000000000057;000100000000000000000039;000100000000000000000052;000100000000000000000053;000100000000000000000002;000100000000000000000063;00010000000000000000003a;00010000000000000000008b;00010000000000000000008e;000100000000000000000012;00010000000000000000004c";45;3;9;
000300000000000000000010;PUB-0016;000100000000000000000084;2026-06-12 12:23:00;public;Curieux de savoir comment ca marche.;"[{""type"": ""image"", ""image_id"": 36, ""variante"": ""principale"", ""description"": ""Piece detachee d'un appareil electronique"", ""url"": ""https://picsum.photos/id/36/640/480.jpg?random=979""}]";focus;;"00010000000000000000007a;000100000000000000000025;00010000000000000000006a;00010000000000000000006d;00010000000000000000004e;000100000000000000000011;000100000000000000000071;000100000000000000000094;000100000000000000000066";9;2;1;
000300000000000000000011;PUB-0017;000100000000000000000076;2026-06-12 18:14:00;public;La peur du vide, c'est ici.;"[{""type"": ""image"", ""image_id"": 29, ""variante"": ""principale"", ""description"": ""Sommet de l'Himalaya, deux grimpeurs"", ""url"": ""https://picsum.photos/id/29/640/480.jpg?random=234""}]";foret;;"00010000000000000000008f;000100000000000000000077;00010000000000000000004f;000100000000000000000081;000100000000000000000042;000100000000000000000091;00010000000000000000005b;000100000000000000000094;000100000000000000000049";9;3;1;
000300000000000000000012;PUB-0018;000100000000000000000014;2026-06-12 22:53:00;public;Destination a mettre sur votre liste.;"[{""type"": ""image"", ""image_id"": 37, ""variante"": ""principale"", ""description"": ""Fleurs au bord de la plage"", ""url"": ""https://picsum.photos/id/37/640/480.jpg?random=771""}]";nature;;"000100000000000000000033;000100000000000000000083;00010000000000000000004f;00010000000000000000001e;00010000000000000000006b;000100000000000000000078;000100000000000000000040;00010000000000000000004b;000100000000000000000077;000100000000000000000086;000100000000000000000059;000100000000000000000036;000100000000000000000068;00010000000000000000001d;000100000000000000000063;00010000000000000000004c;000100000000000000000008;000100000000000000000045;000100000000000000000087;000100000000000000000052;000100000000000000000003;00010000000000000000002c;000100000000000000000056;000100000000000000000053;000100000000000000000043";25;6;6;
000300000000000000000013;PUB-0019;00010000000000000000002a;2026-06-13 03:22:00;public;Coup de coeur du jour.;"[{""type"": ""image"", ""image_id"": 21, ""variante"": ""principale"", ""description"": ""Chaussure blanche a talon pour soiree"", ""url"": ""https://picsum.photos/id/21/640/480.jpg?random=301""}]";"retro;style";;"00010000000000000000002d;00010000000000000000001f;000100000000000000000009;00010000000000000000002b;000100000000000000000068;000100000000000000000024;000100000000000000000077;00010000000000000000000b;000100000000000000000067;000100000000000000000092;00010000000000000000004c;000100000000000000000010;000100000000000000000005;00010000000000000000002f;000100000000000000000047;000100000000000000000042;00010000000000000000005d;00010000000000000000001b;00010000000000000000003a;000100000000000000000001;000100000000000000000032;00010000000000000000008f;00010000000000000000002c;00010000000000000000003f;000100000000000000000028;000100000000000000000057;00010000000000000000006a;000100000000000000000088;000100000000000000000048;000100000000000000000095;000100000000000000000051;00010000000000000000004e;000100000000000000000060";33;3;7;
000300000000000000000014;PUB-0020;000100000000000000000093;2026-06-13 09:24:00;public;Face a l'horizon, on se pose les vraies questions.;"[{""type"": ""image"", ""image_id"": 22, ""variante"": ""principale"", ""description"": ""Homme qui marche dans la rue (noir et blanc)"", ""url"": ""https://picsum.photos/id/22/640/480.jpg?random=323""}]";memoire;;"00010000000000000000008e;000100000000000000000059;00010000000000000000006b;00010000000000000000003d;000100000000000000000004;000100000000000000000027;000100000000000000000073;00010000000000000000005f;000100000000000000000091;00010000000000000000000d;000100000000000000000001;000100000000000000000037;00010000000000000000000c;000100000000000000000095;000100000000000000000064;000100000000000000000068;00010000000000000000001b;00010000000000000000005c;000100000000000000000035;000100000000000000000005;000100000000000000000084;000100000000000000000087;000100000000000000000026";23;1;0;
000300000000000000000015;PUB-0021;000100000000000000000020;2026-06-13 12:02:00;public;Je suis deja tombe ici, souvenir inoubliable.;"[{""type"": ""image"", ""image_id"": 15, ""variante"": ""principale"", ""description"": ""Chute d'eau, rochers verdoyants et glissants"", ""url"": ""https://picsum.photos/id/15/640/480.jpg?random=11""}]";"tourisme;cameroun237";;"000100000000000000000092;000100000000000000000033;000100000000000000000072;00010000000000000000008c;00010000000000000000004d;000100000000000000000070;000100000000000000000074;00010000000000000000000e;000100000000000000000082;00010000000000000000007c;000100000000000000000005;00010000000000000000001f;000100000000000000000089;00010000000000000000007a;00010000000000000000002b;00010000000000000000006c;000100000000000000000009;000100000000000000000008;00010000000000000000001d;000100000000000000000036;00010000000000000000006f;000100000000000000000061;000100000000000000000073;00010000000000000000005a;000100000000000000000010;000100000000000000000007;00010000000000000000001e;000100000000000000000024;000100000000000000000077;000100000000000000000027;000100000000000000000028;000100000000000000000022;000100000000000000000011;00010000000000000000004e;000100000000000000000075;000100000000000000000006;000100000000000000000034;00010000000000000000003f;000100000000000000000025;000100000000000000000057;00010000000000000000002d;000100000000000000000038;000100000000000000000049";43;3;6;
000300000000000000000016;PUB-0022;000100000000000000000014;2026-06-13 12:56:00;public;Photo du jour.;"[{""type"": ""image"", ""image_id"": 25, ""variante"": ""grayscale"", ""description"": ""Branches eclairees par un lever de soleil"", ""url"": ""https://picsum.photos/id/25/640/480.jpg?grayscale&blur=2&random=58""}]";plage;;"00010000000000000000004f;00010000000000000000000a;000100000000000000000062;000100000000000000000026;000100000000000000000022;00010000000000000000001f;000100000000000000000054;00010000000000000000005a;000100000000000000000071;00010000000000000000007c;000100000000000000000025;000100000000000000000052;00010000000000000000006e;00010000000000000000002f;000100000000000000000031;000100000000000000000030;000100000000000000000021;000100000000000000000003;000100000000000000000056;00010000000000000000003e;000100000000000000000039;00010000000000000000004d;00010000000000000000003a;000100000000000000000067;000100000000000000000004;000100000000000000000023;000100000000000000000041;000100000000000000000029;00010000000000000000003f;000100000000000000000075;000100000000000000000033;000100000000000000000028;000100000000000000000047;000100000000000000000093;000100000000000000000059;000100000000000000000066;00010000000000000000002b;000100000000000000000088;00010000000000000000004e;00010000000000000000001e;000100000000000000000070;000100000000000000000082;000100000000000000000072;000100000000000000000017;00010000000000000000000d;000100000000000000000091;000100000000000000000046;00010000000000000000006f;00010000000000000000002a;000100000000000000000001;000100000000000000000040;00010000000000000000000b;000100000000000000000012;000100000000000000000079;00010000000000000000002c;00010000000000000000005f;00010000000000000000002e;00010000000000000000001d;00010000000000000000000e;00010000000000000000006b";60;0;1;
000300000000000000000017;PUB-0023;000100000000000000000075;2026-06-13 13:59:00;public;Face a l'horizon, on se pose les vraies questions.;"[{""type"": ""image"", ""image_id"": 27, ""variante"": ""grayscale"", ""description"": ""Homme au bord du gouffre regardant l'horizon"", ""url"": ""https://picsum.photos/id/27/640/480.jpg?grayscale&blur=2&random=47""}]";;;"000100000000000000000065;000100000000000000000021;000100000000000000000030;000100000000000000000018;000100000000000000000012;00010000000000000000007a;00010000000000000000003d;000100000000000000000025;000100000000000000000078;000100000000000000000080;000100000000000000000029;00010000000000000000006d;000100000000000000000046;000100000000000000000040;000100000000000000000059;000100000000000000000053;000100000000000000000087;000100000000000000000054;00010000000000000000002c;00010000000000000000002f;00010000000000000000004f;000100000000000000000084;000100000000000000000058";23;1;2;
000300000000000000000018;PUB-0024;00010000000000000000007f;2026-06-13 18:50:00;public;Une ambiance pour deux.;"[{""type"": ""image"", ""image_id"": 28, ""variante"": ""principale"", ""description"": ""Arbre et ruisseau sur des pierres"", ""url"": ""https://picsum.photos/id/28/640/480.jpg?random=917""}]";plage;;"000100000000000000000051;00010000000000000000001a;000100000000000000000068;00010000000000000000001e;000100000000000000000082;000100000000000000000054;00010000000000000000007e;00010000000000000000005f;000100000000000000000016;000100000000000000000073;000100000000000000000012;00010000000000000000000f;000100000000000000000057;00010000000000000000000e;000100000000000000000089;00010000000000000000000d";16;6;2;
000300000000000000000019;PUB-0025;000100000000000000000072;2026-06-13 21:28:00;public;Un instant capture au hasard.;"[{""type"": ""image"", ""image_id"": 41, ""variante"": ""grayscale"", ""description"": ""Goutte d'eau sur une surface"", ""url"": ""https://picsum.photos/id/41/640/480.jpg?grayscale&blur=2&random=68""}]";tourisme;;"000100000000000000000043;000100000000000000000074;000100000000000000000076;00010000000000000000004f;000100000000000000000045;00010000000000000000007a;00010000000000000000003b;00010000000000000000005e;000100000000000000000037;00010000000000000000005c;000100000000000000000025;00010000000000000000004d;000100000000000000000071;000100000000000000000089;00010000000000000000004c;00010000000000000000001d;000100000000000000000078;00010000000000000000001f;000100000000000000000096";19;2;2;
00030000000000000000001a;PUB-0026;000100000000000000000086;2026-06-14 02:04:00;public;L'Himalaya, le reve de tout alpiniste.;"[{""type"": ""image"", ""image_id"": 29, ""variante"": ""principale"", ""description"": ""Sommet de l'Himalaya, deux grimpeurs"", ""url"": ""https://picsum.photos/id/29/640/480.jpg?random=70""}]";"foret;montagne";;"000100000000000000000076;000100000000000000000034;000100000000000000000043;00010000000000000000004b;000100000000000000000035;00010000000000000000000a;000100000000000000000056;00010000000000000000003c;00010000000000000000007e;000100000000000000000083;00010000000000000000008a;000100000000000000000008;000100000000000000000039;000100000000000000000032;000100000000000000000020;000100000000000000000038;00010000000000000000006c;000100000000000000000016;000100000000000000000012;000100000000000000000095;00010000000000000000003e;00010000000000000000002f;000100000000000000000037;000100000000000000000078;000100000000000000000005;000100000000000000000042;00010000000000000000003d;000100000000000000000041;000100000000000000000045;000100000000000000000072;000100000000000000000017;000100000000000000000068;000100000000000000000075;000100000000000000000048;000100000000000000000009;00010000000000000000002e;000100000000000000000066;000100000000000000000077;000100000000000000000081;000100000000000000000046;00010000000000000000007b;00010000000000000000001a;000100000000000000000002;000100000000000000000025;000100000000000000000074;000100000000000000000087;000100000000000000000018;000100000000000000000029;000100000000000000000058;000100000000000000000073;000100000000000000000071;000100000000000000000067";52;1;1;
00030000000000000000001b;PUB-0027;000100000000000000000096;2026-06-14 03:23:00;public;Souvenons-nous de ce qui s'est passe.;"[{""type"": ""image"", ""image_id"": 44, ""variante"": ""principale"", ""description"": ""Plage en noir et blanc, baigneurs"", ""url"": ""https://picsum.photos/id/44/640/480.jpg?random=191""}]";memoire;;"000100000000000000000069;000100000000000000000054;000100000000000000000037;000100000000000000000094;00010000000000000000003a;00010000000000000000007c;000100000000000000000084;00010000000000000000000d;00010000000000000000001a;00010000000000000000008f;00010000000000000000001c;00010000000000000000005c;00010000000000000000006d;00010000000000000000007b;000100000000000000000031;00010000000000000000004b;000100000000000000000048;000100000000000000000062;000100000000000000000080;000100000000000000000017;000100000000000000000088;000100000000000000000072";22;0;5;
00030000000000000000001c;PUB-0028;00010000000000000000007a;2026-06-14 07:46:00;public;Un paysage qui apaise l'esprit.;"[{""type"": ""image"", ""image_id"": 12, ""variante"": ""principale"", ""description"": ""Sable, mer, ilots et rochers"", ""url"": ""https://picsum.photos/id/12/640/480.jpg?random=661""}]";mariage;;"000100000000000000000066;000100000000000000000011;000100000000000000000050;00010000000000000000003a;000100000000000000000036";5;2;1;
00030000000000000000001d;PUB-0029;000100000000000000000076;2026-06-14 16:00:00;public;Juste comme ca.;"[{""type"": ""image"", ""image_id"": 16, ""variante"": ""principale"", ""description"": ""Tronc d'arbre sur une plage de pierres"", ""url"": ""https://picsum.photos/id/16/640/480.jpg?random=799""}]";cameroun237;;"000100000000000000000095;000100000000000000000042;000100000000000000000061;00010000000000000000006f;000100000000000000000044;000100000000000000000058;00010000000000000000000e;000100000000000000000008;00010000000000000000000a;00010000000000000000001d;00010000000000000000000d;00010000000000000000008a;00010000000000000000008f;00010000000000000000007c;00010000000000000000003b;000100000000000000000005";16;3;4;
00030000000000000000001e;PUB-0030;000100000000000000000084;2026-06-14 16:27:00;public;Juste comme ca.;"[{""type"": ""image"", ""image_id"": 40, ""variante"": ""grayscale"", ""description"": ""Nez d'un felin"", ""url"": ""https://picsum.photos/id/40/640/480.jpg?grayscale&blur=2&random=661""}]";montagne;;"000100000000000000000058;00010000000000000000002a;000100000000000000000019;000100000000000000000016;00010000000000000000008c;000100000000000000000069;000100000000000000000087;00010000000000000000004b;00010000000000000000004a;00010000000000000000002c;00010000000000000000004c;000100000000000000000064;000100000000000000000047;000100000000000000000085;000100000000000000000086;00010000000000000000004d;000100000000000000000076;00010000000000000000005f;000100000000000000000071;00010000000000000000008d;000100000000000000000089;00010000000000000000007e";22;4;2;
00030000000000000000001f;PUB-0031;000100000000000000000020;2026-06-15 08:28:00;public;Juste comme ca.;"[{""type"": ""image"", ""image_id"": 41, ""variante"": ""principale"", ""description"": ""Goutte d'eau sur une surface"", ""url"": ""https://picsum.photos/id/41/640/480.jpg?random=235""}]";tourisme;;"00010000000000000000005b;000100000000000000000087;000100000000000000000022;000100000000000000000086;00010000000000000000001d;00010000000000000000000e;00010000000000000000002f;000100000000000000000026;000100000000000000000013;000100000000000000000072;000100000000000000000078;00010000000000000000008b;00010000000000000000008e;000100000000000000000025;00010000000000000000004e;000100000000000000000032;000100000000000000000075;000100000000000000000015;00010000000000000000008c;000100000000000000000004;000100000000000000000056;000100000000000000000088;000100000000000000000077;00010000000000000000007d;000100000000000000000023;000100000000000000000084;00010000000000000000002c;000100000000000000000069;00010000000000000000000d;000100000000000000000067;000100000000000000000024;000100000000000000000079;00010000000000000000001b;000100000000000000000038;000100000000000000000041;000100000000000000000063;000100000000000000000071;000100000000000000000085;000100000000000000000044;000100000000000000000034;000100000000000000000070;000100000000000000000091;00010000000000000000000b;000100000000000000000018;00010000000000000000005e;00010000000000000000001c;000100000000000000000053;000100000000000000000083";48;4;3;
000300000000000000000020;PUB-0032;000100000000000000000068;2026-06-16 06:32:00;public;Ca m'etonne a chaque fois.;"[{""type"": ""image"", ""image_id"": 43, ""variante"": ""principale"", ""description"": ""Pont de Manhattan (noir et blanc)"", ""url"": ""https://picsum.photos/id/43/640/480.jpg?random=26""}]";mariage;;"000100000000000000000071;00010000000000000000008b;00010000000000000000001e;000100000000000000000015;000100000000000000000095;00010000000000000000003f;00010000000000000000007f;000100000000000000000047;000100000000000000000057;000100000000000000000003;000100000000000000000006;000100000000000000000094;00010000000000000000002b;00010000000000000000001b;000100000000000000000073;000100000000000000000079";16;1;4;
000300000000000000000021;PUB-0033;000100000000000000000017;2026-06-16 11:59:00;public;Concentre sur ma tache, ne pas deranger.;"[{""type"": ""image"", ""image_id"": 0, ""variante"": ""principale"", ""description"": ""Ordinateur portable blanc, tasse de cafe, cahier et telephone"", ""url"": ""https://picsum.photos/id/0/640/480.jpg?random=471""}]";focus;;"000100000000000000000027;000100000000000000000091;00010000000000000000006e;000100000000000000000037;00010000000000000000003a;000100000000000000000061;000100000000000000000018;000100000000000000000052;000100000000000000000083;00010000000000000000008b;000100000000000000000006";11;1;2;
000300000000000000000022;PUB-0034;00010000000000000000007b;2026-06-16 13:13:00;public;Petit coucou du matin.;"[{""type"": ""image"", ""image_id"": 6, ""variante"": ""grayscale"", ""description"": ""Un verre d'eau s'ajoute au bureau"", ""url"": ""https://picsum.photos/id/6/640/480.jpg?grayscale&blur=2&random=481""}]";"cafe;ingenieur";;;0;0;1;
000300000000000000000023;PUB-0035;000100000000000000000028;2026-06-17 03:33:00;public;Juste comme ca.;"[{""type"": ""image"", ""image_id"": 40, ""variante"": ""principale"", ""description"": ""Nez d'un felin"", ""url"": ""https://picsum.photos/id/40/640/480.jpg?random=841""}]";"tourisme;nature;cameroun237";;"000100000000000000000067;000100000000000000000006;000100000000000000000020;000100000000000000000095;00010000000000000000003f;000100000000000000000015;000100000000000000000003;000100000000000000000041;00010000000000000000008a;000100000000000000000021;000100000000000000000094;00010000000000000000007b;000100000000000000000050;000100000000000000000023;000100000000000000000052;00010000000000000000005b;000100000000000000000040;00010000000000000000006f;00010000000000000000000b;000100000000000000000010";20;0;5;
000300000000000000000024;PUB-0036;000100000000000000000020;2026-06-17 09:59:00;public;Point d'avancement demain, merci de preparer vos rapports.;"[{""type"": ""image"", ""image_id"": 7, ""variante"": ""grayscale"", ""description"": ""Affaires rangees, discussion sur tablette"", ""url"": ""https://picsum.photos/id/7/640/480.jpg?grayscale&blur=2&random=275""}]";;;"00010000000000000000008a;00010000000000000000001a;000100000000000000000082;000100000000000000000021;00010000000000000000000b;00010000000000000000004a;000100000000000000000055;000100000000000000000010;000100000000000000000024;00010000000000000000004e;000100000000000000000038;000100000000000000000078;000100000000000000000036;000100000000000000000068;000100000000000000000012;000100000000000000000059;000100000000000000000081;000100000000000000000096;000100000000000000000063;000100000000000000000089;000100000000000000000025;000100000000000000000072;000100000000000000000092;00010000000000000000001c;00010000000000000000005a;00010000000000000000002e;000100000000000000000043;00010000000000000000005e;00010000000000000000008d;000100000000000000000035;000100000000000000000091;000100000000000000000093;00010000000000000000001b;00010000000000000000002f;00010000000000000000001f;000100000000000000000083;000100000000000000000051;000100000000000000000008;00010000000000000000005c;000100000000000000000001;000100000000000000000052";41;2;5;
000300000000000000000025;PUB-0037;000100000000000000000076;2026-06-17 11:15:00;public;Le chemin compte plus que l'arrivee.;"[{""type"": ""image"", ""image_id"": 27, ""variante"": ""grayscale"", ""description"": ""Homme au bord du gouffre regardant l'horizon"", ""url"": ""https://picsum.photos/id/27/640/480.jpg?grayscale&blur=2&random=121""}]";"viedevie;sportextreme";;"00010000000000000000006f;000100000000000000000018;00010000000000000000005e;00010000000000000000004b;000100000000000000000074;000100000000000000000040;000100000000000000000017;000100000000000000000056;000100000000000000000063;000100000000000000000061;00010000000000000000003e;00010000000000000000007e;000100000000000000000030;00010000000000000000005c;000100000000000000000059;00010000000000000000001e;00010000000000000000001a;000100000000000000000062;000100000000000000000093;000100000000000000000091;000100000000000000000065;00010000000000000000000b;000100000000000000000055;000100000000000000000012;00010000000000000000006c;000100000000000000000042;000100000000000000000075;00010000000000000000001f;00010000000000000000003d;00010000000000000000003f;000100000000000000000095;00010000000000000000003b;000100000000000000000004;00010000000000000000006e;000100000000000000000015;000100000000000000000046;00010000000000000000004d;000100000000000000000036;00010000000000000000008e;000100000000000000000054;000100000000000000000031;000100000000000000000035";42;2;0;
000300000000000000000026;PUB-0038;00010000000000000000006b;2026-06-17 14:07:00;public;Tout est en place, on avance.;"[{""type"": ""image"", ""image_id"": 2, ""variante"": ""principale"", ""description"": ""Le cahier est ouvert"", ""url"": ""https://picsum.photos/id/2/640/480.jpg?random=91""}]";ingenieur;;"00010000000000000000002e;000100000000000000000087;000100000000000000000016;000100000000000000000061;000100000000000000000042;000100000000000000000092;000100000000000000000012;00010000000000000000006a;000100000000000000000014;000100000000000000000009;00010000000000000000001b;000100000000000000000078;000100000000000000000053;000100000000000000000035;000100000000000000000056;00010000000000000000004d;000100000000000000000069;000100000000000000000044;00010000000000000000000b;000100000000000000000060;000100000000000000000020;00010000000000000000000a;000100000000000000000019;000100000000000000000088;000100000000000000000048;000100000000000000000046;000100000000000000000001;000100000000000000000090;00010000000000000000003f";29;3;3;
000300000000000000000027;PUB-0039;000100000000000000000088;2026-06-17 23:11:00;public;Tout est en place, on avance.;"[{""type"": ""image"", ""image_id"": 24, ""variante"": ""grayscale"", ""description"": ""Bible ouverte"", ""url"": ""https://picsum.photos/id/24/640/480.jpg?grayscale&blur=2&random=485""}]";priere;;"00010000000000000000007d;00010000000000000000006c;000100000000000000000036;00010000000000000000006d;000100000000000000000023;000100000000000000000083;00010000000000000000001b;000100000000000000000044";8;2;2;
000300000000000000000028;PUB-0040;000100000000000000000021;2026-06-18 06:34:00;public;Un instant capture au hasard.;"[{""type"": ""image"", ""image_id"": 23, ""variante"": ""principale"", ""description"": ""Trois fourchettes sur fond noir et blanc"", ""url"": ""https://picsum.photos/id/23/640/480.jpg?random=626""}]";"memoire;viedevie;reflexion";;"000100000000000000000076;00010000000000000000001e;000100000000000000000089;000100000000000000000096;00010000000000000000003c;000100000000000000000053;000100000000000000000038;000100000000000000000006;000100000000000000000095;00010000000000000000006b;00010000000000000000000c;00010000000000000000006d;000100000000000000000080;000100000000000000000068;000100000000000000000044;000100000000000000000001;000100000000000000000093;00010000000000000000002e;000100000000000000000083;00010000000000000000008b;000100000000000000000049";21;0;4;
000300000000000000000029;PUB-0041;000100000000000000000014;2026-06-18 07:03:00;public;Je n'irais pas la seul la nuit.;"[{""type"": ""image"", ""image_id"": 17, ""variante"": ""principale"", ""description"": ""Chemin trace dans une foret de sapins"", ""url"": ""https://picsum.photos/id/17/640/480.jpg?random=495""}]";aventure;;"000100000000000000000047;000100000000000000000053;00010000000000000000005b;00010000000000000000001e;00010000000000000000003e;000100000000000000000056;00010000000000000000008b;000100000000000000000076;000100000000000000000024;00010000000000000000007f;000100000000000000000021;00010000000000000000008f;000100000000000000000046;000100000000000000000034;000100000000000000000006;00010000000000000000006e;000100000000000000000020;00010000000000000000001d;000100000000000000000064;000100000000000000000096;000100000000000000000009;000100000000000000000035;000100000000000000000029;00010000000000000000007b;00010000000000000000001c;00010000000000000000004d;000100000000000000000042;000100000000000000000063;000100000000000000000044;000100000000000000000075;000100000000000000000082;00010000000000000000007c;000100000000000000000041;00010000000000000000007e;000100000000000000000048;000100000000000000000092;00010000000000000000003a;000100000000000000000055;000100000000000000000061;00010000000000000000002f";40;3;8;
00030000000000000000002a;PUB-0042;000100000000000000000042;2026-06-18 08:41:00;public;Un paysage qui apaise l'esprit.;"[{""type"": ""image"", ""image_id"": 12, ""variante"": ""principale"", ""description"": ""Sable, mer, ilots et rochers"", ""url"": ""https://picsum.photos/id/12/640/480.jpg?random=353""}]";"tourisme;foret";;"000100000000000000000037;000100000000000000000069;00010000000000000000004a;00010000000000000000007b;000100000000000000000075;000100000000000000000004;000100000000000000000041;000100000000000000000019;00010000000000000000003c;000100000000000000000003;000100000000000000000091;00010000000000000000001d;00010000000000000000005b;000100000000000000000032;000100000000000000000085;00010000000000000000006d;000100000000000000000006;000100000000000000000030;000100000000000000000021;000100000000000000000067;000100000000000000000023;00010000000000000000008a";22;9;2;
00030000000000000000002b;PUB-0043;000100000000000000000014;2026-06-18 14:14:00;public;Juste comme ca.;"[{""type"": ""image"", ""image_id"": 38, ""variante"": ""principale"", ""description"": ""Ciel nuageux"", ""url"": ""https://picsum.photos/id/38/640/480.jpg?random=434""}]";plage;;"000100000000000000000045;000100000000000000000012;00010000000000000000002d;00010000000000000000003d;000100000000000000000017;000100000000000000000009;00010000000000000000005d;000100000000000000000075;000100000000000000000078;000100000000000000000024;000100000000000000000002;000100000000000000000046;000100000000000000000049;000100000000000000000011;000100000000000000000006;00010000000000000000000f;000100000000000000000080;000100000000000000000047;00010000000000000000001b;000100000000000000000039;00010000000000000000002a;000100000000000000000085;000100000000000000000031;000100000000000000000065;000100000000000000000020;00010000000000000000006d;000100000000000000000048;000100000000000000000054;00010000000000000000000a;000100000000000000000008;000100000000000000000051;00010000000000000000003f;000100000000000000000090;000100000000000000000050;000100000000000000000029;00010000000000000000000d;000100000000000000000053;000100000000000000000013;000100000000000000000071;000100000000000000000062;000100000000000000000025;000100000000000000000081;000100000000000000000093;000100000000000000000004;00010000000000000000004d;00010000000000000000005f;000100000000000000000060;00010000000000000000008a;00010000000000000000003e;000100000000000000000015;000100000000000000000061;000100000000000000000033;000100000000000000000022;00010000000000000000004b;000100000000000000000036;00010000000000000000001c;000100000000000000000019;000100000000000000000018";58;3;5;
00030000000000000000002c;PUB-0044;00010000000000000000006b;2026-06-18 18:45:00;public;Petite pause, je reviens dans cinq minutes.;"[{""type"": ""image"", ""image_id"": 8, ""variante"": ""principale"", ""description"": ""Ordinateur laisse ouvert sur le bureau"", ""url"": ""https://picsum.photos/id/8/640/480.jpg?random=874""}]";focus;;"00010000000000000000004d;000100000000000000000025;000100000000000000000030;00010000000000000000004b;000100000000000000000004;000100000000000000000044;000100000000000000000037;00010000000000000000002d;00010000000000000000006d;00010000000000000000001a;00010000000000000000001c;00010000000000000000008a;00010000000000000000000e";13;1;0;
00030000000000000000002d;PUB-0045;00010000000000000000007f;2026-06-19 03:50:00;public;Une session de travail sans interruption.;"[{""type"": ""image"", ""image_id"": 24, ""variante"": ""principale"", ""description"": ""Bible ouverte"", ""url"": ""https://picsum.photos/id/24/640/480.jpg?random=394""}]";"priere;reflexion";;"000100000000000000000088;00010000000000000000006f;00010000000000000000001a;000100000000000000000062;000100000000000000000038;00010000000000000000000d;00010000000000000000007a;000100000000000000000004;000100000000000000000027;00010000000000000000008d;000100000000000000000067;000100000000000000000073;00010000000000000000002c;00010000000000000000000f;000100000000000000000009;000100000000000000000056;00010000000000000000003d;000100000000000000000065;00010000000000000000006b;000100000000000000000023";20;3;0;
00030000000000000000002e;PUB-0046;000100000000000000000060;2026-06-19 04:18:00;public;Moment de lecture et de priere.;"[{""type"": ""image"", ""image_id"": 24, ""variante"": ""principale"", ""description"": ""Bible ouverte"", ""url"": ""https://picsum.photos/id/24/640/480.jpg?random=23""}]";"foi;reflexion;priere";;"00010000000000000000006a;00010000000000000000008d;000100000000000000000008;000100000000000000000003;000100000000000000000057;000100000000000000000079;00010000000000000000007b;000100000000000000000051;000100000000000000000010;000100000000000000000019;000100000000000000000080";11;1;0;
00030000000000000000002f;PUB-0047;000100000000000000000086;2026-06-19 06:36:00;public;Juste comme ca.;"[{""type"": ""image"", ""image_id"": 9, ""variante"": ""grayscale"", ""description"": ""Le telephone est pose sur le cahier"", ""url"": ""https://picsum.photos/id/9/640/480.jpg?grayscale&blur=2&random=413""}]";"ingenieur;bureau";;"000100000000000000000092;000100000000000000000004;000100000000000000000007;000100000000000000000077;000100000000000000000038;000100000000000000000017;000100000000000000000031;000100000000000000000009;000100000000000000000074;00010000000000000000002c;00010000000000000000002a;000100000000000000000018;00010000000000000000001c;000100000000000000000035;00010000000000000000008c;000100000000000000000062";16;2;4;
000300000000000000000030;PUB-0048;00010000000000000000007c;2026-06-19 06:40:00;public;Photo du jour.;"[{""type"": ""image"", ""image_id"": 40, ""variante"": ""principale"", ""description"": ""Nez d'un felin"", ""url"": ""https://picsum.photos/id/40/640/480.jpg?random=801""}]";cameroun237;;"000100000000000000000079;000100000000000000000014;000100000000000000000064;000100000000000000000080";4;0;0;
000300000000000000000031;PUB-0049;00010000000000000000008e;2026-06-19 21:30:00;public;Juste comme ca.;"[{""type"": ""image"", ""image_id"": 34, ""variante"": ""principale"", ""description"": ""Fut d'essence rouge dans un champ"", ""url"": ""https://picsum.photos/id/34/640/480.jpg?random=337""}]";foret;;"000100000000000000000041;000100000000000000000051;000100000000000000000048;000100000000000000000069;00010000000000000000001d;00010000000000000000007f;000100000000000000000093;00010000000000000000002b;00010000000000000000008d;000100000000000000000012;00010000000000000000007a;000100000000000000000002;000100000000000000000075;000100000000000000000042;00010000000000000000004f;00010000000000000000003f;00010000000000000000000e;000100000000000000000026;00010000000000000000003a";19;8;2;
000300000000000000000032;PUB-0050;000100000000000000000014;2026-06-20 00:24:00;public;Photo du jour.;"[{""type"": ""image"", ""image_id"": 45, ""variante"": ""grayscale"", ""description"": ""Plaque d'immatriculation en ecriture etrangere"", ""url"": ""https://picsum.photos/id/45/640/480.jpg?grayscale&blur=2&random=241""}]";;;"000100000000000000000031;00010000000000000000005e;000100000000000000000026;000100000000000000000019;000100000000000000000067;000100000000000000000004;000100000000000000000094;000100000000000000000059;000100000000000000000030;000100000000000000000038;000100000000000000000047;000100000000000000000017;000100000000000000000090;000100000000000000000005;00010000000000000000008c;000100000000000000000050;000100000000000000000074;00010000000000000000007b;00010000000000000000008e;000100000000000000000062;000100000000000000000006;000100000000000000000037;000100000000000000000058;000100000000000000000093;000100000000000000000081;000100000000000000000054";26;2;5;
000300000000000000000033;PUB-0051;000100000000000000000020;2026-06-20 00:52:00;public;Un endroit qui raconte la solitude.;"[{""type"": ""image"", ""image_id"": 32, ""variante"": ""grayscale"", ""description"": ""Mur de prison gris avec un banc"", ""url"": ""https://picsum.photos/id/32/640/480.jpg?grayscale&blur=2&random=860""}]";"histoire;priere;viedevie";;"00010000000000000000003b;000100000000000000000023;00010000000000000000007a;00010000000000000000006a;000100000000000000000015;000100000000000000000079;00010000000000000000004e;000100000000000000000007;000100000000000000000024;000100000000000000000047;00010000000000000000005a;00010000000000000000005d;00010000000000000000005b;00010000000000000000001d;000100000000000000000063;00010000000000000000000a;000100000000000000000095;00010000000000000000001c;000100000000000000000085;000100000000000000000089;000100000000000000000053;000100000000000000000018;000100000000000000000016;000100000000000000000069;000100000000000000000039;00010000000000000000008d;000100000000000000000072;000100000000000000000035;000100000000000000000062;00010000000000000000008a";30;9;4;
000300000000000000000034;PUB-0052;000100000000000000000029;2026-06-20 04:15:00;public;Ca m'etonne a chaque fois.;"[{""type"": ""image"", ""image_id"": 43, ""variante"": ""principale"", ""description"": ""Pont de Manhattan (noir et blanc)"", ""url"": ""https://picsum.photos/id/43/640/480.jpg?random=783""}]";plage;;"00010000000000000000008b;00010000000000000000006b;000100000000000000000043;00010000000000000000007c;000100000000000000000090;00010000000000000000006f;000100000000000000000085;00010000000000000000006d;000100000000000000000021;000100000000000000000038;000100000000000000000078;000100000000000000000063;000100000000000000000010;000100000000000000000003;000100000000000000000082;000100000000000000000088;000100000000000000000046;000100000000000000000051;000100000000000000000076";19;3;2;
000300000000000000000035;PUB-0053;000100000000000000000027;2026-06-20 04:33:00;public;Petit coucou du matin.;"[{""type"": ""image"", ""image_id"": 5, ""variante"": ""grayscale"", ""description"": ""Le cafe est bu"", ""url"": ""https://picsum.photos/id/5/640/480.jpg?grayscale&blur=2&random=336""}]";focus;;"00010000000000000000003d;000100000000000000000072;000100000000000000000090;000100000000000000000017;000100000000000000000092";5;0;0;
000300000000000000000036;PUB-0054;000100000000000000000081;2026-06-20 08:19:00;public;Un instant capture au hasard.;"[{""type"": ""image"", ""image_id"": 10, ""variante"": ""principale"", ""description"": ""Foret de sapins, montagne au loin"", ""url"": ""https://picsum.photos/id/10/640/480.jpg?random=755""}]";"foret;plage";;"00010000000000000000004b;000100000000000000000093;000100000000000000000022;000100000000000000000016;000100000000000000000070;00010000000000000000004d;00010000000000000000000c;00010000000000000000000d;000100000000000000000068;000100000000000000000089;000100000000000000000034;000100000000000000000065;000100000000000000000021;000100000000000000000033;000100000000000000000054;00010000000000000000003b;000100000000000000000048;000100000000000000000045;000100000000000000000084;000100000000000000000092;000100000000000000000046;000100000000000000000073;000100000000000000000079;00010000000000000000007a;000100000000000000000006;000100000000000000000041;000100000000000000000015;000100000000000000000010;00010000000000000000001d;00010000000000000000004a;000100000000000000000044;000100000000000000000035;000100000000000000000029;000100000000000000000024;000100000000000000000038;000100000000000000000018;000100000000000000000013;00010000000000000000005c;00010000000000000000006e;000100000000000000000002;000100000000000000000095;000100000000000000000009;00010000000000000000006d;00010000000000000000001a";44;3;11;
000300000000000000000037;PUB-0055;000100000000000000000042;2026-06-20 22:21:00;public;Rien que de regarder, j'ai le vertige.;"[{""type"": ""image"", ""image_id"": 29, ""variante"": ""grayscale"", ""description"": ""Sommet de l'Himalaya, deux grimpeurs"", ""url"": ""https://picsum.photos/id/29/640/480.jpg?grayscale&blur=2&random=224""}]";"sportextreme;montagne;aventure";;"000100000000000000000026;000100000000000000000004;00010000000000000000005d;000100000000000000000056;000100000000000000000001;000100000000000000000036;000100000000000000000038;000100000000000000000092;000100000000000000000010;000100000000000000000006;000100000000000000000005;000100000000000000000086;000100000000000000000062;000100000000000000000040;00010000000000000000004c;000100000000000000000069;000100000000000000000076;00010000000000000000003e;00010000000000000000001d;000100000000000000000002;00010000000000000000008f;000100000000000000000018;00010000000000000000008e;000100000000000000000021;000100000000000000000080;000100000000000000000034;000100000000000000000068;000100000000000000000082;000100000000000000000003;000100000000000000000088;00010000000000000000006f;00010000000000000000006e;00010000000000000000000c;000100000000000000000032;00010000000000000000004a;00010000000000000000008a;000100000000000000000060;000100000000000000000052;000100000000000000000014;00010000000000000000006b;00010000000000000000001f;000100000000000000000012;000100000000000000000059;000100000000000000000089;00010000000000000000001a;00010000000000000000003b;000100000000000000000072;000100000000000000000079;000100000000000000000058;000100000000000000000046;000100000000000000000064;00010000000000000000004b;00010000000000000000005f;000100000000000000000087";54;1;11;
000300000000000000000038;PUB-0056;000100000000000000000012;2026-06-20 23:27:00;public;Oui oui, je travaille, tres intensement.;"[{""type"": ""image"", ""image_id"": 0, ""variante"": ""principale"", ""description"": ""Ordinateur portable blanc, tasse de cafe, cahier et telephone"", ""url"": ""https://picsum.photos/id/0/640/480.jpg?random=472""}]";travail;;"000100000000000000000065;000100000000000000000003;00010000000000000000008c;000100000000000000000058;00010000000000000000004e;00010000000000000000008d;000100000000000000000017;00010000000000000000008e;00010000000000000000006e;00010000000000000000007c;000100000000000000000044;000100000000000000000040;00010000000000000000000b;00010000000000000000000d;000100000000000000000006;000100000000000000000085;000100000000000000000048;00010000000000000000003a;000100000000000000000041";19;1;3;
000300000000000000000039;PUB-0057;000100000000000000000043;2026-06-20 23:38:00;public;Un instant capture au hasard.;"[{""type"": ""image"", ""image_id"": 10, ""variante"": ""principale"", ""description"": ""Foret de sapins, montagne au loin"", ""url"": ""https://picsum.photos/id/10/640/480.jpg?random=293""}]";"montagne;tourisme;foret";;"00010000000000000000003f;000100000000000000000074;000100000000000000000016";3;0;0;
00030000000000000000003a;PUB-0058;000100000000000000000091;2026-06-21 04:33:00;public;Tout ce qu'il faut pour une journee productive.;"[{""type"": ""image"", ""image_id"": 26, ""variante"": ""principale"", ""description"": ""Telephone, montre, casque, sac : effets personnels"", ""url"": ""https://picsum.photos/id/26/640/480.jpg?random=711""}]";;;"000100000000000000000018;00010000000000000000008f";2;2;1;
00030000000000000000003b;PUB-0059;000100000000000000000053;2026-06-21 04:59:00;public;Oui oui, je travaille, tres intensement.;"[{""type"": ""image"", ""image_id"": 5, ""variante"": ""grayscale"", ""description"": ""Le cafe est bu"", ""url"": ""https://picsum.photos/id/5/640/480.jpg?grayscale&blur=2&random=597""}]";travail;;"000100000000000000000082;000100000000000000000025;000100000000000000000094;000100000000000000000050;000100000000000000000027;000100000000000000000005;000100000000000000000031;000100000000000000000043";8;1;2;
00030000000000000000003c;PUB-0060;000100000000000000000006;2026-06-21 07:20:00;public;Elegance avant tout.;"[{""type"": ""image"", ""image_id"": 21, ""variante"": ""principale"", ""description"": ""Chaussure blanche a talon pour soiree"", ""url"": ""https://picsum.photos/id/21/640/480.jpg?random=400""}]";"mode;retro;soiree";;"000100000000000000000036;000100000000000000000054";2;0;0;
00030000000000000000003d;PUB-0061;00010000000000000000007e;2026-06-21 10:21:00;public;Gris, comme certains jours.;"[{""type"": ""image"", ""image_id"": 32, ""variante"": ""principale"", ""description"": ""Mur de prison gris avec un banc"", ""url"": ""https://picsum.photos/id/32/640/480.jpg?random=550""}]";histoire;;"000100000000000000000008;000100000000000000000073;000100000000000000000053;000100000000000000000061;000100000000000000000041;000100000000000000000049;000100000000000000000046;000100000000000000000068;00010000000000000000006f;000100000000000000000072;000100000000000000000026;00010000000000000000000e;000100000000000000000019;00010000000000000000000f;000100000000000000000024;000100000000000000000045;000100000000000000000005;000100000000000000000088;000100000000000000000018;000100000000000000000083;000100000000000000000027;000100000000000000000085;000100000000000000000054;00010000000000000000001d;000100000000000000000042";25;0;3;
00030000000000000000003e;PUB-0062;000100000000000000000059;2026-06-21 16:59:00;public;Un instant capture au hasard.;"[{""type"": ""image"", ""image_id"": 18, ""variante"": ""principale"", ""description"": ""Hautes herbes dans un champ"", ""url"": ""https://picsum.photos/id/18/640/480.jpg?random=322""}]";"montagne;plage";;"000100000000000000000001;000100000000000000000027;000100000000000000000066;000100000000000000000025;000100000000000000000009;000100000000000000000089;00010000000000000000005a;000100000000000000000082;000100000000000000000012;000100000000000000000081;000100000000000000000044;000100000000000000000054;000100000000000000000023;000100000000000000000079;00010000000000000000003b;00010000000000000000005d;000100000000000000000032;00010000000000000000006b;000100000000000000000050;000100000000000000000029;000100000000000000000039;000100000000000000000090;000100000000000000000088;000100000000000000000003;000100000000000000000002;000100000000000000000026;00010000000000000000000c;000100000000000000000015;000100000000000000000084;00010000000000000000000d;000100000000000000000064;000100000000000000000048;00010000000000000000008e;000100000000000000000047;00010000000000000000005b;00010000000000000000002b;00010000000000000000000e;000100000000000000000075;00010000000000000000000f;000100000000000000000058;000100000000000000000036;000100000000000000000092;000100000000000000000051;000100000000000000000017;000100000000000000000094;00010000000000000000006c";46;2;5;
00030000000000000000003f;PUB-0063;000100000000000000000020;2026-06-21 18:00:00;public;Ca m'etonne a chaque fois.;"[{""type"": ""image"", ""image_id"": 43, ""variante"": ""principale"", ""description"": ""Pont de Manhattan (noir et blanc)"", ""url"": ""https://picsum.photos/id/43/640/480.jpg?random=827""}]";cameroun237;;"00010000000000000000004b;000100000000000000000067;00010000000000000000001e;000100000000000000000009;000100000000000000000010;000100000000000000000078;00010000000000000000002e;00010000000000000000003a;00010000000000000000000f;000100000000000000000045;00010000000000000000006f;00010000000000000000006a;000100000000000000000007;00010000000000000000000e;000100000000000000000016;000100000000000000000022;000100000000000000000040;000100000000000000000026;000100000000000000000077;000100000000000000000017;000100000000000000000008;000100000000000000000083;00010000000000000000005e;000100000000000000000072;000100000000000000000061;000100000000000000000076;000100000000000000000081;00010000000000000000001a;000100000000000000000075;000100000000000000000011";30;4;6;
000300000000000000000040;PUB-0064;00010000000000000000006b;2026-06-21 18:06:00;prive;Productivite : 3 % travail, 97 % cafe.;"[{""type"": ""image"", ""image_id"": 2, ""variante"": ""principale"", ""description"": ""Le cahier est ouvert"", ""url"": ""https://picsum.photos/id/2/640/480.jpg?random=399""}]";"travail;savoir;innovation";;"000100000000000000000021;000100000000000000000008;000100000000000000000044;00010000000000000000008a;000100000000000000000060;000100000000000000000003;000100000000000000000081;00010000000000000000006f;000100000000000000000071;000100000000000000000054;00010000000000000000003a;000100000000000000000043";12;0;2;
000300000000000000000041;PUB-0065;000100000000000000000010;2026-06-21 21:20:00;public;La nature est vraiment la plus belle des oeuvres.;"[{""type"": ""image"", ""image_id"": 11, ""variante"": ""grayscale"", ""description"": ""Foret ouverte, riviere, montagne"", ""url"": ""https://picsum.photos/id/11/640/480.jpg?grayscale&blur=2&random=136""}]";"cameroun237;plage;foret";;"000100000000000000000050;00010000000000000000002f;000100000000000000000026;000100000000000000000072;00010000000000000000006d;00010000000000000000003a;00010000000000000000004e;000100000000000000000064;000100000000000000000007;00010000000000000000001d;000100000000000000000018;000100000000000000000057;00010000000000000000003e;000100000000000000000002;00010000000000000000005f;000100000000000000000081;000100000000000000000036;000100000000000000000051;00010000000000000000007f;000100000000000000000028;000100000000000000000044;00010000000000000000008a;00010000000000000000002e";23;0;4;
000300000000000000000042;PUB-0066;000100000000000000000035;2026-06-22 03:53:00;public;Cette image raconte un moment du passe.;"[{""type"": ""image"", ""image_id"": 44, ""variante"": ""principale"", ""description"": ""Plage en noir et blanc, baigneurs"", ""url"": ""https://picsum.photos/id/44/640/480.jpg?random=990""}]";histoire;;"00010000000000000000006a;00010000000000000000008a";2;5;0;
000300000000000000000043;PUB-0067;000100000000000000000066;2026-06-22 06:02:00;public;Un instant capture au hasard.;"[{""type"": ""image"", ""image_id"": 10, ""variante"": ""principale"", ""description"": ""Foret de sapins, montagne au loin"", ""url"": ""https://picsum.photos/id/10/640/480.jpg?random=215""}]";"cameroun237;plage";;"00010000000000000000001a;000100000000000000000021;000100000000000000000077;00010000000000000000002f;000100000000000000000065;000100000000000000000075;000100000000000000000001;000100000000000000000084;00010000000000000000006d;000100000000000000000064";10;3;1;
000300000000000000000044;PUB-0068;000100000000000000000028;2026-06-22 22:14:00;public;Un instant capture au hasard.;"[{""type"": ""image"", ""image_id"": 10, ""variante"": ""principale"", ""description"": ""Foret de sapins, montagne au loin"", ""url"": ""https://picsum.photos/id/10/640/480.jpg?random=554""}]";;;"000100000000000000000029;000100000000000000000022;000100000000000000000048;000100000000000000000014;000100000000000000000073;00010000000000000000006a;00010000000000000000008d;000100000000000000000092;000100000000000000000084;000100000000000000000047;00010000000000000000004d;00010000000000000000007b;000100000000000000000079;000100000000000000000015;00010000000000000000002a;000100000000000000000010;000100000000000000000037;00010000000000000000005e;000100000000000000000004;00010000000000000000000a;00010000000000000000006b;00010000000000000000001c;000100000000000000000069;000100000000000000000043;000100000000000000000027;000100000000000000000042;00010000000000000000004a;00010000000000000000003f;00010000000000000000007e;000100000000000000000013;000100000000000000000011;00010000000000000000001f;000100000000000000000088;000100000000000000000070;000100000000000000000023;000100000000000000000080;00010000000000000000001b;000100000000000000000096;000100000000000000000007;000100000000000000000071;000100000000000000000085;000100000000000000000086;000100000000000000000060;000100000000000000000062;000100000000000000000032;000100000000000000000094;000100000000000000000093;00010000000000000000000f;000100000000000000000068;00010000000000000000000c;00010000000000000000002d;000100000000000000000053";52;3;6;
000300000000000000000045;PUB-0069;000100000000000000000055;2026-06-23 03:59:00;public;Romantique a souhait.;"[{""type"": ""image"", ""image_id"": 14, ""variante"": ""grayscale"", ""description"": ""Cailloux dans l'eau, maree haute"", ""url"": ""https://picsum.photos/id/14/640/480.jpg?grayscale&blur=2&random=294""}]";"montagne;voyage";;"00010000000000000000005d;00010000000000000000002a;000100000000000000000042;000100000000000000000095;00010000000000000000002d;000100000000000000000005;000100000000000000000068;000100000000000000000047;000100000000000000000049;000100000000000000000017;000100000000000000000020;00010000000000000000001a;000100000000000000000080;000100000000000000000033;00010000000000000000008d;00010000000000000000008e;000100000000000000000015;000100000000000000000089;000100000000000000000026";19;1;3;
000300000000000000000046;PUB-0070;00010000000000000000005a;2026-06-23 06:25:00;public;Photo du jour.;"[{""type"": ""image"", ""image_id"": 40, ""variante"": ""grayscale"", ""description"": ""Nez d'un felin"", ""url"": ""https://picsum.photos/id/40/640/480.jpg?grayscale&blur=2&random=347""}]";"nature;montagne";;;0;0;1;
000300000000000000000047;PUB-0071;000100000000000000000003;2026-06-23 08:22:00;public;Les examens arrivent, courage a tous.;"[{""type"": ""image"", ""image_id"": 20, ""variante"": ""principale"", ""description"": ""Table d'etudiant rose"", ""url"": ""https://picsum.photos/id/20/640/480.jpg?random=657""}]";"savoir;focus";;"000100000000000000000058;00010000000000000000004b;000100000000000000000082;00010000000000000000002f;000100000000000000000012;000100000000000000000089;000100000000000000000086;000100000000000000000048;00010000000000000000006d";9;0;2;
000300000000000000000048;PUB-0072;00010000000000000000002a;2026-06-23 14:45:00;prive;Photo du jour.;"[{""type"": ""image"", ""image_id"": 16, ""variante"": ""grayscale"", ""description"": ""Tronc d'arbre sur une plage de pierres"", ""url"": ""https://picsum.photos/id/16/640/480.jpg?grayscale&blur=2&random=548""}]";plage;;"000100000000000000000044;000100000000000000000005;00010000000000000000005a;00010000000000000000001a;00010000000000000000000c;000100000000000000000030;000100000000000000000018;00010000000000000000002b;000100000000000000000060";9;0;1;
000300000000000000000049;PUB-0073;000100000000000000000028;2026-06-23 19:52:00;public;Un instant capture au hasard.;"[{""type"": ""image"", ""image_id"": 23, ""variante"": ""principale"", ""description"": ""Trois fourchettes sur fond noir et blanc"", ""url"": ""https://picsum.photos/id/23/640/480.jpg?random=41""}]";"priere;memoire;reflexion";;"000100000000000000000049;000100000000000000000016;000100000000000000000031;000100000000000000000041;000100000000000000000008;00010000000000000000001f;000100000000000000000068;00010000000000000000000e;000100000000000000000051;000100000000000000000089;00010000000000000000006e;000100000000000000000002;00010000000000000000003f;000100000000000000000081;000100000000000000000025;00010000000000000000001a;000100000000000000000083;000100000000000000000064;00010000000000000000000f;000100000000000000000035";20;6;1;
00030000000000000000004a;PUB-0074;000100000000000000000086;2026-06-24 00:08:00;public;Juste comme ca.;"[{""type"": ""image"", ""image_id"": 45, ""variante"": ""principale"", ""description"": ""Plaque d'immatriculation en ecriture etrangere"", ""url"": ""https://picsum.photos/id/45/640/480.jpg?random=922""}]";montagne;;"00010000000000000000001b;000100000000000000000073;00010000000000000000008e;00010000000000000000000d;000100000000000000000015;000100000000000000000017;000100000000000000000047;000100000000000000000009;000100000000000000000004;000100000000000000000036;00010000000000000000004d";11;2;1;
00030000000000000000004b;PUB-0075;000100000000000000000012;2026-06-24 08:25:00;public;Tenue du jour en preparation.;"[{""type"": ""image"", ""image_id"": 31, ""variante"": ""principale"", ""description"": ""Chaussures et jambes d'une femme"", ""url"": ""https://picsum.photos/id/31/640/480.jpg?random=190""}]";;;"00010000000000000000001d;000100000000000000000081;00010000000000000000001b";3;3;1;
00030000000000000000004c;PUB-0076;000100000000000000000020;2026-06-24 12:02:00;public;Cette image raconte un moment du passe.;"[{""type"": ""image"", ""image_id"": 44, ""variante"": ""principale"", ""description"": ""Plage en noir et blanc, baigneurs"", ""url"": ""https://picsum.photos/id/44/640/480.jpg?random=896""}]";"viedevie;cameroun237;histoire";;"00010000000000000000006c;00010000000000000000000c;00010000000000000000001b;000100000000000000000065;000100000000000000000029;00010000000000000000005c;00010000000000000000000e;000100000000000000000083;000100000000000000000044;00010000000000000000001a;00010000000000000000004a;000100000000000000000079;000100000000000000000088;000100000000000000000056;00010000000000000000005f;000100000000000000000003;00010000000000000000001f;000100000000000000000014;000100000000000000000036;000100000000000000000072;000100000000000000000059;00010000000000000000003b;00010000000000000000002d;000100000000000000000045;000100000000000000000016;000100000000000000000091;000100000000000000000010;000100000000000000000087;00010000000000000000003e;000100000000000000000078;00010000000000000000007e;000100000000000000000049;00010000000000000000007f;000100000000000000000058;000100000000000000000071;00010000000000000000006d;00010000000000000000003a;00010000000000000000008e;000100000000000000000061;000100000000000000000001;00010000000000000000007a;000100000000000000000012;000100000000000000000093;00010000000000000000003d;00010000000000000000004e;000100000000000000000063;000100000000000000000008;00010000000000000000005d;00010000000000000000001e;00010000000000000000006b;00010000000000000000000f;000100000000000000000037;000100000000000000000090;000100000000000000000038;000100000000000000000004;000100000000000000000048";56;7;11;
00030000000000000000004d;PUB-0077;000100000000000000000086;2026-06-25 00:39:00;amis;Mon kit de travail au quotidien.;"[{""type"": ""image"", ""image_id"": 26, ""variante"": ""principale"", ""description"": ""Telephone, montre, casque, sac : effets personnels"", ""url"": ""https://picsum.photos/id/26/640/480.jpg?random=307""}]";focus;;"000100000000000000000079;000100000000000000000028;000100000000000000000022;000100000000000000000034;000100000000000000000063;000100000000000000000041;00010000000000000000007c;00010000000000000000007e;00010000000000000000001f;00010000000000000000008b;000100000000000000000033;00010000000000000000007d;000100000000000000000057;00010000000000000000003b;00010000000000000000000b;000100000000000000000073;00010000000000000000006c;00010000000000000000001c;000100000000000000000002;00010000000000000000002f;00010000000000000000004a;000100000000000000000004;00010000000000000000008a;00010000000000000000005d;00010000000000000000005c;000100000000000000000047;000100000000000000000082;000100000000000000000065;00010000000000000000002e;00010000000000000000003c;00010000000000000000006f;000100000000000000000091;000100000000000000000005;000100000000000000000083;000100000000000000000016;000100000000000000000054;000100000000000000000021;000100000000000000000056;000100000000000000000026;000100000000000000000019";40;1;2;
00030000000000000000004e;PUB-0078;00010000000000000000006b;2026-06-25 11:19:00;public;Avancer seul n'est pas etre perdu.;"[{""type"": ""image"", ""image_id"": 27, ""variante"": ""principale"", ""description"": ""Homme au bord du gouffre regardant l'horizon"", ""url"": ""https://picsum.photos/id/27/640/480.jpg?random=962""}]";;;"00010000000000000000002a;000100000000000000000020;000100000000000000000065;00010000000000000000000a;000100000000000000000063;000100000000000000000062;00010000000000000000008f;00010000000000000000005b;000100000000000000000076;000100000000000000000043;000100000000000000000066;00010000000000000000007a;000100000000000000000006;000100000000000000000064;000100000000000000000073;00010000000000000000005c;000100000000000000000011;000100000000000000000071;00010000000000000000001f;00010000000000000000003f;000100000000000000000095";21;0;2;
00030000000000000000004f;PUB-0079;000100000000000000000020;2026-06-26 01:35:00;public;Un morceau d'histoire a ne pas oublier.;"[{""type"": ""image"", ""image_id"": 30, ""variante"": ""grayscale"", ""description"": ""Tasse avec un billet cubain et Castro"", ""url"": ""https://picsum.photos/id/30/640/480.jpg?grayscale&blur=2&random=879""}]";"viedevie;cameroun237";;"000100000000000000000017;000100000000000000000054;00010000000000000000000f;00010000000000000000001e;00010000000000000000006a;00010000000000000000004e;000100000000000000000027;000100000000000000000065;000100000000000000000013;000100000000000000000002;00010000000000000000007c;000100000000000000000003;000100000000000000000039;000100000000000000000034;00010000000000000000005f;00010000000000000000000c;000100000000000000000044;00010000000000000000002a;00010000000000000000004a;000100000000000000000038;00010000000000000000001d;00010000000000000000003a;00010000000000000000004b;000100000000000000000012;000100000000000000000026;000100000000000000000047;00010000000000000000006f;000100000000000000000090;000100000000000000000042;000100000000000000000009;000100000000000000000082;000100000000000000000004;00010000000000000000008d;000100000000000000000028;00010000000000000000000e;000100000000000000000060;000100000000000000000083;000100000000000000000091;000100000000000000000069;000100000000000000000070;00010000000000000000000a;000100000000000000000092;000100000000000000000076;000100000000000000000085;000100000000000000000093;000100000000000000000006;00010000000000000000008e;00010000000000000000000d;000100000000000000000031;00010000000000000000006e;000100000000000000000032;00010000000000000000003e";52;3;11;
000300000000000000000050;PUB-0080;000100000000000000000042;2026-06-26 06:28:00;public;Cadre de reve pour dire oui.;"[{""type"": ""image"", ""image_id"": 13, ""variante"": ""grayscale"", ""description"": ""Plage de galets, mer tres bleue, arbre mort"", ""url"": ""https://picsum.photos/id/13/640/480.jpg?grayscale&blur=2&random=358""}]";"tourisme;montagne";;"00010000000000000000008e;000100000000000000000065;00010000000000000000004c;000100000000000000000069;00010000000000000000003f;00010000000000000000003c;000100000000000000000056;000100000000000000000091;000100000000000000000051;000100000000000000000018;00010000000000000000008d;000100000000000000000001;000100000000000000000055;000100000000000000000005;00010000000000000000001f;000100000000000000000048;000100000000000000000081;00010000000000000000006d;000100000000000000000044;000100000000000000000028;00010000000000000000007f;00010000000000000000006e;00010000000000000000006f;00010000000000000000007c;000100000000000000000010;000100000000000000000029;00010000000000000000003d;000100000000000000000020;000100000000000000000087;00010000000000000000002c;00010000000000000000002a";31;3;1;
000300000000000000000051;PUB-0081;000100000000000000000033;2026-06-26 06:34:00;public;Romantique a souhait.;"[{""type"": ""image"", ""image_id"": 14, ""variante"": ""principale"", ""description"": ""Cailloux dans l'eau, maree haute"", ""url"": ""https://picsum.photos/id/14/640/480.jpg?random=20""}]";"plage;cameroun237";;"000100000000000000000014;000100000000000000000074;000100000000000000000080;000100000000000000000056;00010000000000000000001a;000100000000000000000023;00010000000000000000003d;000100000000000000000061;000100000000000000000092;000100000000000000000081;000100000000000000000083;000100000000000000000059;00010000000000000000005e;000100000000000000000044;000100000000000000000028;000100000000000000000062;00010000000000000000000c";17;0;4;
000300000000000000000052;PUB-0082;00010000000000000000000b;2026-06-26 08:41:00;public;Productivite : 3 % travail, 97 % cafe.;"[{""type"": ""image"", ""image_id"": 0, ""variante"": ""principale"", ""description"": ""Ordinateur portable blanc, tasse de cafe, cahier et telephone"", ""url"": ""https://picsum.photos/id/0/640/480.jpg?random=43""}]";"travail;focus";;"000100000000000000000064;000100000000000000000005;000100000000000000000029;00010000000000000000004d;00010000000000000000004c";5;3;1;
000300000000000000000053;PUB-0083;000100000000000000000077;2026-06-26 13:26:00;amis;Juste comme ca.;"[{""type"": ""image"", ""image_id"": 34, ""variante"": ""principale"", ""description"": ""Fut d'essence rouge dans un champ"", ""url"": ""https://picsum.photos/id/34/640/480.jpg?random=424""}]";sportextreme;;"00010000000000000000005f;000100000000000000000048;00010000000000000000006d;000100000000000000000078;000100000000000000000079;000100000000000000000025";6;1;0;
000300000000000000000054;PUB-0084;00010000000000000000007e;2026-06-26 13:33:00;public;Destination a mettre sur votre liste.;"[{""type"": ""image"", ""image_id"": 28, ""variante"": ""principale"", ""description"": ""Arbre et ruisseau sur des pierres"", ""url"": ""https://picsum.photos/id/28/640/480.jpg?random=684""}]";"mariage;montagne";;"00010000000000000000001b;000100000000000000000007;000100000000000000000076;000100000000000000000035;000100000000000000000010;000100000000000000000082;000100000000000000000077;000100000000000000000020;00010000000000000000005d;000100000000000000000063;000100000000000000000044;00010000000000000000007c;00010000000000000000008a;00010000000000000000003b;00010000000000000000008b;000100000000000000000092;000100000000000000000038;00010000000000000000001a;00010000000000000000007d;000100000000000000000052;00010000000000000000004f;000100000000000000000089;00010000000000000000008c;000100000000000000000003;000100000000000000000064;000100000000000000000018;000100000000000000000072;000100000000000000000039;000100000000000000000026;00010000000000000000006a";30;5;1;
000300000000000000000055;PUB-0085;00010000000000000000006b;2026-06-26 16:10:00;public;Un instant capture au hasard.;"[{""type"": ""image"", ""image_id"": 25, ""variante"": ""principale"", ""description"": ""Branches eclairees par un lever de soleil"", ""url"": ""https://picsum.photos/id/25/640/480.jpg?random=558""}]";"nature;plage";;"000100000000000000000054;000100000000000000000077;00010000000000000000002f;000100000000000000000063;00010000000000000000000d;00010000000000000000002a;00010000000000000000002d;000100000000000000000056;000100000000000000000043;000100000000000000000065;000100000000000000000089;000100000000000000000068;000100000000000000000026;000100000000000000000075;000100000000000000000030;000100000000000000000086;00010000000000000000004d;00010000000000000000000c;000100000000000000000074;00010000000000000000006c;00010000000000000000006f;000100000000000000000041;000100000000000000000012;000100000000000000000002;00010000000000000000003a;000100000000000000000096;000100000000000000000084";27;4;3;
000300000000000000000056;PUB-0086;000100000000000000000042;2026-06-26 20:54:00;public;Avancer seul n'est pas etre perdu.;"[{""type"": ""image"", ""image_id"": 27, ""variante"": ""principale"", ""description"": ""Homme au bord du gouffre regardant l'horizon"", ""url"": ""https://picsum.photos/id/27/640/480.jpg?random=210""}]";;;"00010000000000000000007c;000100000000000000000012;000100000000000000000035;000100000000000000000058;000100000000000000000036;00010000000000000000008e;000100000000000000000068;00010000000000000000007b;00010000000000000000006c;000100000000000000000024;00010000000000000000005d;000100000000000000000021;000100000000000000000038;000100000000000000000089;000100000000000000000070;000100000000000000000083;00010000000000000000008f;00010000000000000000000e;00010000000000000000006a;000100000000000000000008;000100000000000000000045;000100000000000000000066;00010000000000000000004d;000100000000000000000093;00010000000000000000001e;000100000000000000000017;000100000000000000000087;00010000000000000000005a;00010000000000000000002b;000100000000000000000065;000100000000000000000030;000100000000000000000079;00010000000000000000001f;000100000000000000000022;000100000000000000000001;00010000000000000000002d;000100000000000000000081;000100000000000000000004;000100000000000000000059;000100000000000000000082;000100000000000000000091;00010000000000000000004f;000100000000000000000064;000100000000000000000013;00010000000000000000003d;00010000000000000000001a;00010000000000000000004b;000100000000000000000092;000100000000000000000061;00010000000000000000000b;00010000000000000000002a";51;4;9;
000300000000000000000057;PUB-0087;000100000000000000000084;2026-06-26 22:56:00;public;Un instant capture au hasard.;"[{""type"": ""image"", ""image_id"": 41, ""variante"": ""grayscale"", ""description"": ""Goutte d'eau sur une surface"", ""url"": ""https://picsum.photos/id/41/640/480.jpg?grayscale&blur=2&random=809""}]";"foret;enspd";;"000100000000000000000003;000100000000000000000051;000100000000000000000032;000100000000000000000053;00010000000000000000006a;000100000000000000000074;00010000000000000000000f;00010000000000000000007a;000100000000000000000081;000100000000000000000077;000100000000000000000080;000100000000000000000057;000100000000000000000059;000100000000000000000042;000100000000000000000029;000100000000000000000070;000100000000000000000014;000100000000000000000008;00010000000000000000003e;000100000000000000000043;000100000000000000000026;00010000000000000000002f;000100000000000000000083;00010000000000000000001b;00010000000000000000006f;000100000000000000000034;000100000000000000000060;00010000000000000000006c;000100000000000000000011;00010000000000000000003b;00010000000000000000005e;00010000000000000000007e;000100000000000000000018;000100000000000000000085;00010000000000000000005b;000100000000000000000017";36;5;2;
000300000000000000000058;PUB-0088;00010000000000000000008e;2026-06-27 03:43:00;public;Un coin a visiter absolument.;"[{""type"": ""image"", ""image_id"": 37, ""variante"": ""principale"", ""description"": ""Fleurs au bord de la plage"", ""url"": ""https://picsum.photos/id/37/640/480.jpg?random=38""}]";mariage;;"00010000000000000000001b;00010000000000000000001c;000100000000000000000014;000100000000000000000077;00010000000000000000005f;00010000000000000000007e;00010000000000000000006e;00010000000000000000001f;000100000000000000000091;000100000000000000000095;00010000000000000000006d;00010000000000000000002b;00010000000000000000000f;00010000000000000000004c;000100000000000000000029;000100000000000000000060;00010000000000000000001e;00010000000000000000004a;000100000000000000000045;000100000000000000000068;00010000000000000000003c;000100000000000000000009;000100000000000000000030;000100000000000000000017;000100000000000000000079;00010000000000000000000e;00010000000000000000006b;000100000000000000000037;00010000000000000000004b;000100000000000000000002;000100000000000000000096;00010000000000000000007d;000100000000000000000090;000100000000000000000082;00010000000000000000008d;000100000000000000000018;000100000000000000000004;000100000000000000000072;000100000000000000000086;000100000000000000000035;000100000000000000000049;000100000000000000000066;000100000000000000000047;000100000000000000000078;00010000000000000000000d;000100000000000000000023;000100000000000000000070;000100000000000000000057;000100000000000000000033";49;8;4;
000300000000000000000059;PUB-0089;00010000000000000000002c;2026-06-27 15:18:00;public;Elegance avant tout.;"[{""type"": ""image"", ""image_id"": 21, ""variante"": ""grayscale"", ""description"": ""Chaussure blanche a talon pour soiree"", ""url"": ""https://picsum.photos/id/21/640/480.jpg?grayscale&blur=2&random=105""}]";"soiree;style";;"00010000000000000000006e;00010000000000000000008d";2;1;0;
00030000000000000000005a;PUB-0090;000100000000000000000032;2026-06-27 18:17:00;public;Un paysage qui apaise l'esprit.;"[{""type"": ""image"", ""image_id"": 11, ""variante"": ""principale"", ""description"": ""Foret ouverte, riviere, montagne"", ""url"": ""https://picsum.photos/id/11/640/480.jpg?random=517""}]";nature;;"000100000000000000000005;000100000000000000000039;000100000000000000000015";3;0;1;
00030000000000000000005b;PUB-0091;000100000000000000000086;2026-06-27 19:07:00;public;Juste comme ca.;"[{""type"": ""image"", ""image_id"": 10, ""variante"": ""principale"", ""description"": ""Foret de sapins, montagne au loin"", ""url"": ""https://picsum.photos/id/10/640/480.jpg?random=192""}]";nature;;"00010000000000000000000b;000100000000000000000058;000100000000000000000003;000100000000000000000009;00010000000000000000004b;000100000000000000000033;000100000000000000000036;000100000000000000000030;00010000000000000000006a;000100000000000000000076;00010000000000000000002f;000100000000000000000041;000100000000000000000048;000100000000000000000061;000100000000000000000095;00010000000000000000003a;00010000000000000000001d;000100000000000000000071;000100000000000000000029;000100000000000000000092";20;8;2;
00030000000000000000005c;PUB-0092;000100000000000000000021;2026-06-28 00:56:00;prive;Respirer, simplement.;"[{""type"": ""image"", ""image_id"": 11, ""variante"": ""principale"", ""description"": ""Foret ouverte, riviere, montagne"", ""url"": ""https://picsum.photos/id/11/640/480.jpg?random=902""}]";"montagne;foret";;"00010000000000000000003f;000100000000000000000090;000100000000000000000002;00010000000000000000008c;00010000000000000000003a;000100000000000000000092;000100000000000000000009;000100000000000000000067;000100000000000000000055;000100000000000000000044;000100000000000000000010;00010000000000000000002a;00010000000000000000005b;00010000000000000000008e";14;0;2;
00030000000000000000005d;PUB-0093;000100000000000000000086;2026-06-28 13:45:00;public;Photo du jour.;"[{""type"": ""image"", ""image_id"": 39, ""variante"": ""principale"", ""description"": ""Vieux vinyle qui tourne"", ""url"": ""https://picsum.photos/id/39/640/480.jpg?random=516""}]";cameroun237;;"000100000000000000000039;00010000000000000000003a;000100000000000000000021;000100000000000000000077;000100000000000000000029;00010000000000000000007f;00010000000000000000002f;00010000000000000000008c;000100000000000000000017;000100000000000000000094;00010000000000000000001f;000100000000000000000064;00010000000000000000005a;00010000000000000000000d";14;5;2;
00030000000000000000005e;PUB-0094;000100000000000000000086;2026-06-28 22:59:00;prive;Decor digne du cinema.;"[{""type"": ""image"", ""image_id"": 37, ""variante"": ""grayscale"", ""description"": ""Fleurs au bord de la plage"", ""url"": ""https://picsum.photos/id/37/640/480.jpg?grayscale&blur=2&random=170""}]";cameroun237;;"00010000000000000000006e;000100000000000000000010;000100000000000000000021;00010000000000000000006f;00010000000000000000006c;000100000000000000000074;000100000000000000000066;000100000000000000000055;00010000000000000000002c;000100000000000000000075;00010000000000000000002b;00010000000000000000004e;00010000000000000000005c;000100000000000000000035;00010000000000000000007e;000100000000000000000044;000100000000000000000060;000100000000000000000006;000100000000000000000091;000100000000000000000001;000100000000000000000070;00010000000000000000008b;000100000000000000000069;000100000000000000000082;000100000000000000000036;000100000000000000000085;000100000000000000000040;00010000000000000000002f;000100000000000000000061;000100000000000000000089;00010000000000000000006d;000100000000000000000081;000100000000000000000003;000100000000000000000016;000100000000000000000084;000100000000000000000046;000100000000000000000002;000100000000000000000056;00010000000000000000008a;00010000000000000000000e;000100000000000000000049;000100000000000000000092;000100000000000000000083;00010000000000000000004d;000100000000000000000073;00010000000000000000006b;000100000000000000000018;000100000000000000000063;00010000000000000000000a;000100000000000000000030;000100000000000000000027;00010000000000000000001f;000100000000000000000050;000100000000000000000005;000100000000000000000024;000100000000000000000022;000100000000000000000072";57;0;9;
00030000000000000000005f;PUB-0095;000100000000000000000020;2026-06-29 07:53:00;public;Photo du jour.;"[{""type"": ""image"", ""image_id"": 42, ""variante"": ""principale"", ""description"": ""Table de snack, deux cafes et un telephone"", ""url"": ""https://picsum.photos/id/42/640/480.jpg?random=719""}]";cafe;;"00010000000000000000002e;00010000000000000000002a;00010000000000000000005b;000100000000000000000033;000100000000000000000041;000100000000000000000036;000100000000000000000002;00010000000000000000002c;000100000000000000000040;00010000000000000000005d";10;0;0;
000300000000000000000060;PUB-0096;000100000000000000000020;2026-06-29 09:00:00;public;Photo du jour.;"[{""type"": ""image"", ""image_id"": 45, ""variante"": ""principale"", ""description"": ""Plaque d'immatriculation en ecriture etrangere"", ""url"": ""https://picsum.photos/id/45/640/480.jpg?random=577""}]";;;"000100000000000000000061;000100000000000000000056;00010000000000000000005a;000100000000000000000010;00010000000000000000001e;00010000000000000000003b;000100000000000000000058;00010000000000000000004a;000100000000000000000009;000100000000000000000069";10;2;2;
000300000000000000000061;PUB-0097;00010000000000000000007e;2026-06-29 22:33:00;public;Juste comme ca.;"[{""type"": ""image"", ""image_id"": 40, ""variante"": ""grayscale"", ""description"": ""Nez d'un felin"", ""url"": ""https://picsum.photos/id/40/640/480.jpg?grayscale&blur=2&random=531""}]";"nature;tourisme";;"000100000000000000000091;000100000000000000000049;000100000000000000000036;000100000000000000000032;00010000000000000000003f;000100000000000000000093;00010000000000000000002a;00010000000000000000004c;000100000000000000000040;000100000000000000000065;000100000000000000000090;00010000000000000000006e;000100000000000000000022;000100000000000000000002;000100000000000000000007;000100000000000000000059;00010000000000000000003c;000100000000000000000020;000100000000000000000021;000100000000000000000045;000100000000000000000046;000100000000000000000018;000100000000000000000015;000100000000000000000071;00010000000000000000004b;000100000000000000000008;000100000000000000000039;000100000000000000000064;00010000000000000000002b;000100000000000000000061;00010000000000000000004d;000100000000000000000033;000100000000000000000029;000100000000000000000070;00010000000000000000004f;000100000000000000000077;000100000000000000000073;000100000000000000000012;00010000000000000000007c;000100000000000000000010";40;0;2;
000300000000000000000062;PUB-0098;000100000000000000000090;2026-06-29 23:37:00;public;Tout est en place, on avance.;"[{""type"": ""image"", ""image_id"": 5, ""variante"": ""principale"", ""description"": ""Le cafe est bu"", ""url"": ""https://picsum.photos/id/5/640/480.jpg?random=567""}]";"bureau;cafe;focus";;"000100000000000000000033;000100000000000000000014;00010000000000000000007c";3;1;1;
000300000000000000000063;PUB-0099;00010000000000000000007f;2026-06-30 03:08:00;amis;Respirer, simplement.;"[{""type"": ""image"", ""image_id"": 12, ""variante"": ""principale"", ""description"": ""Sable, mer, ilots et rochers"", ""url"": ""https://picsum.photos/id/12/640/480.jpg?random=496""}]";"foret;tourisme;cameroun237";;"000100000000000000000048;000100000000000000000029;000100000000000000000011;000100000000000000000004;000100000000000000000063;00010000000000000000002f;000100000000000000000045;000100000000000000000018;000100000000000000000035;000100000000000000000073;000100000000000000000058;00010000000000000000001a;000100000000000000000022;000100000000000000000091;000100000000000000000066;00010000000000000000008d;000100000000000000000014;00010000000000000000003b;00010000000000000000008b;00010000000000000000007c;000100000000000000000060;00010000000000000000003c;00010000000000000000005d;000100000000000000000034;000100000000000000000094;000100000000000000000079;000100000000000000000037";27;3;6;
000300000000000000000064;PUB-0100;000100000000000000000072;2026-06-30 10:48:00;public;Une session de travail sans interruption.;"[{""type"": ""image"", ""image_id"": 2, ""variante"": ""principale"", ""description"": ""Le cahier est ouvert"", ""url"": ""https://picsum.photos/id/2/640/480.jpg?random=181""}]";"focus;ecole";;"000100000000000000000027;000100000000000000000084;000100000000000000000067;000100000000000000000041;000100000000000000000063;00010000000000000000001b;000100000000000000000025;000100000000000000000007;00010000000000000000006d;00010000000000000000001f;000100000000000000000074;00010000000000000000003b;000100000000000000000002;000100000000000000000094;000100000000000000000029";15;0;2;
000300000000000000000065;PUB-0101;000100000000000000000022;2026-07-01 00:30:00;public;Un instant capture au hasard.;"[{""type"": ""image"", ""image_id"": 39, ""variante"": ""principale"", ""description"": ""Vieux vinyle qui tourne"", ""url"": ""https://picsum.photos/id/39/640/480.jpg?random=914""}]";"histoire;viedevie";;"000100000000000000000010;000100000000000000000032;00010000000000000000002c;00010000000000000000001c;000100000000000000000011;00010000000000000000005c;00010000000000000000003c;000100000000000000000056;000100000000000000000091;000100000000000000000003;000100000000000000000053;000100000000000000000019;000100000000000000000047;000100000000000000000037;000100000000000000000025;00010000000000000000001a;00010000000000000000001b;00010000000000000000004e;00010000000000000000003e;00010000000000000000000d;000100000000000000000073;00010000000000000000007e;000100000000000000000077;00010000000000000000004d;00010000000000000000003d;00010000000000000000008c;000100000000000000000012;000100000000000000000023";28;2;7;
000300000000000000000066;PUB-0102;000100000000000000000081;2026-07-01 08:34:00;public;Petite pause, je reviens dans cinq minutes.;"[{""type"": ""image"", ""image_id"": 8, ""variante"": ""principale"", ""description"": ""Ordinateur laisse ouvert sur le bureau"", ""url"": ""https://picsum.photos/id/8/640/480.jpg?random=642""}]";;;"000100000000000000000041;000100000000000000000022;000100000000000000000028;000100000000000000000018;000100000000000000000082;00010000000000000000008d;00010000000000000000003d;000100000000000000000042;000100000000000000000053;00010000000000000000008c;00010000000000000000001d;00010000000000000000002f;000100000000000000000002;00010000000000000000004e;00010000000000000000007c;00010000000000000000007f;00010000000000000000000b;00010000000000000000006f;000100000000000000000087;000100000000000000000062;000100000000000000000033;000100000000000000000036;000100000000000000000071;00010000000000000000001f;000100000000000000000061;000100000000000000000016;00010000000000000000004c;00010000000000000000007b;000100000000000000000048;000100000000000000000038;00010000000000000000002e;00010000000000000000000d;000100000000000000000077;000100000000000000000070;000100000000000000000050;000100000000000000000008;000100000000000000000088;00010000000000000000002c;00010000000000000000003c;00010000000000000000005c;000100000000000000000046;000100000000000000000056;000100000000000000000026;000100000000000000000078;000100000000000000000024;000100000000000000000072";46;3;8;
000300000000000000000067;PUB-0103;000100000000000000000050;2026-07-01 09:41:00;public;Un instant capture au hasard.;"[{""type"": ""image"", ""image_id"": 38, ""variante"": ""principale"", ""description"": ""Ciel nuageux"", ""url"": ""https://picsum.photos/id/38/640/480.jpg?random=284""}]";"foret;cameroun237";;"00010000000000000000005d;000100000000000000000088;000100000000000000000089;000100000000000000000032;00010000000000000000008c;00010000000000000000002c;000100000000000000000054;000100000000000000000071;00010000000000000000007c;000100000000000000000023;000100000000000000000069;00010000000000000000002d;000100000000000000000005;000100000000000000000084;000100000000000000000045;000100000000000000000067;00010000000000000000007d;000100000000000000000021;00010000000000000000005e;00010000000000000000004f";20;3;1;
000300000000000000000068;PUB-0104;000100000000000000000086;2026-07-01 10:49:00;public;Souvenons-nous de ce qui s'est passe.;"[{""type"": ""image"", ""image_id"": 30, ""variante"": ""principale"", ""description"": ""Tasse avec un billet cubain et Castro"", ""url"": ""https://picsum.photos/id/30/640/480.jpg?random=3""}]";"viedevie;cameroun237";;"000100000000000000000052;000100000000000000000060;000100000000000000000015;000100000000000000000065;00010000000000000000002c;000100000000000000000090;000100000000000000000029;00010000000000000000002d;00010000000000000000002f;00010000000000000000005a;000100000000000000000003;00010000000000000000001c;00010000000000000000008a;00010000000000000000008e;00010000000000000000005b;000100000000000000000068;000100000000000000000092;00010000000000000000004d;000100000000000000000073;00010000000000000000008f;00010000000000000000006a;000100000000000000000031;00010000000000000000004c;000100000000000000000062;000100000000000000000021;000100000000000000000071;000100000000000000000018;000100000000000000000053;000100000000000000000002;00010000000000000000000c;00010000000000000000006d;000100000000000000000016;000100000000000000000066;000100000000000000000094;000100000000000000000020;000100000000000000000024;000100000000000000000078;000100000000000000000025;000100000000000000000049;00010000000000000000004a;000100000000000000000017;000100000000000000000084;000100000000000000000079;000100000000000000000093;00010000000000000000006b;00010000000000000000004e;00010000000000000000008d;000100000000000000000054;000100000000000000000036;000100000000000000000033;000100000000000000000076;000100000000000000000059;000100000000000000000039;000100000000000000000006;000100000000000000000012;000100000000000000000035;000100000000000000000034";57;2;0;
000300000000000000000069;PUB-0105;00010000000000000000007f;2026-07-01 11:16:00;amis;Un instant capture au hasard.;"[{""type"": ""image"", ""image_id"": 18, ""variante"": ""principale"", ""description"": ""Hautes herbes dans un champ"", ""url"": ""https://picsum.photos/id/18/640/480.jpg?random=975""}]";;;"00010000000000000000000e;00010000000000000000005d;00010000000000000000006f;000100000000000000000032;000100000000000000000030;000100000000000000000012;00010000000000000000007b;000100000000000000000049;00010000000000000000000b;000100000000000000000005;00010000000000000000003c;000100000000000000000014;00010000000000000000000d;000100000000000000000016;000100000000000000000039;00010000000000000000003f;00010000000000000000005f;000100000000000000000034;00010000000000000000002e;000100000000000000000023;00010000000000000000002a;00010000000000000000004d;00010000000000000000006c;00010000000000000000008c";24;3;0;
00030000000000000000006a;PUB-0106;00010000000000000000008e;2026-07-01 15:50:00;public;Juste comme ca.;"[{""type"": ""image"", ""image_id"": 45, ""variante"": ""principale"", ""description"": ""Plaque d'immatriculation en ecriture etrangere"", ""url"": ""https://picsum.photos/id/45/640/480.jpg?random=455""}]";;;"000100000000000000000062;000100000000000000000002;00010000000000000000000c;00010000000000000000006c;000100000000000000000006;000100000000000000000088;000100000000000000000025;000100000000000000000077;00010000000000000000007d;00010000000000000000000a;000100000000000000000053;000100000000000000000067;000100000000000000000048";13;2;3;
00030000000000000000006b;PUB-0107;000100000000000000000086;2026-07-02 01:47:00;public;Face a l'horizon, on se pose les vraies questions.;"[{""type"": ""image"", ""image_id"": 27, ""variante"": ""principale"", ""description"": ""Homme au bord du gouffre regardant l'horizon"", ""url"": ""https://picsum.photos/id/27/640/480.jpg?random=976""}]";foret;;"00010000000000000000006c;00010000000000000000000f;00010000000000000000007a;000100000000000000000070;000100000000000000000022;000100000000000000000065;000100000000000000000049;000100000000000000000038;000100000000000000000088;00010000000000000000005b;000100000000000000000003;000100000000000000000004;000100000000000000000094;000100000000000000000054;00010000000000000000003b";15;2;3;
00030000000000000000006c;PUB-0108;000100000000000000000084;2026-07-02 03:23:00;public;Les examens arrivent, courage a tous.;"[{""type"": ""image"", ""image_id"": 20, ""variante"": ""principale"", ""description"": ""Table d'etudiant rose"", ""url"": ""https://picsum.photos/id/20/640/480.jpg?random=798""}]";;;"00010000000000000000006d;000100000000000000000018;000100000000000000000072;000100000000000000000026;00010000000000000000003a;00010000000000000000001d;000100000000000000000035;000100000000000000000033;00010000000000000000006a;00010000000000000000001e;000100000000000000000004;000100000000000000000043;000100000000000000000049;000100000000000000000070;00010000000000000000004d;000100000000000000000024;000100000000000000000034;00010000000000000000001a;000100000000000000000064";19;2;2;
00030000000000000000006d;PUB-0109;000100000000000000000013;2026-07-02 10:39:00;public;Un instant capture au hasard.;"[{""type"": ""image"", ""image_id"": 16, ""variante"": ""principale"", ""description"": ""Tronc d'arbre sur une plage de pierres"", ""url"": ""https://picsum.photos/id/16/640/480.jpg?random=327""}]";"nature;mariage";;"000100000000000000000034;000100000000000000000077;00010000000000000000002f;000100000000000000000078;00010000000000000000007a;000100000000000000000065;000100000000000000000087;00010000000000000000005e;00010000000000000000007c";9;0;1;
00030000000000000000006e;PUB-0110;00010000000000000000000c;2026-07-02 10:45:00;amis;Pour les soirees, rien ne vaut une bonne paire.;"[{""type"": ""image"", ""image_id"": 21, ""variante"": ""grayscale"", ""description"": ""Chaussure blanche a talon pour soiree"", ""url"": ""https://picsum.photos/id/21/640/480.jpg?grayscale&blur=2&random=310""}]";;;"000100000000000000000037;000100000000000000000042;00010000000000000000004c";3;0;0;
00030000000000000000006f;PUB-0111;000100000000000000000042;2026-07-02 15:38:00;prive;Tout est en place, on avance.;"[{""type"": ""image"", ""image_id"": 2, ""variante"": ""principale"", ""description"": ""Le cahier est ouvert"", ""url"": ""https://picsum.photos/id/2/640/480.jpg?random=216""}]";cafe;;"000100000000000000000049;00010000000000000000006f;000100000000000000000012;00010000000000000000007b;000100000000000000000055;000100000000000000000059;00010000000000000000001a;000100000000000000000084;00010000000000000000008e;000100000000000000000072;000100000000000000000006;000100000000000000000017;000100000000000000000080;000100000000000000000031;00010000000000000000002d;00010000000000000000004e;00010000000000000000002f;00010000000000000000000b;00010000000000000000002c;00010000000000000000004b;000100000000000000000039;000100000000000000000073;000100000000000000000028;000100000000000000000023;000100000000000000000064;00010000000000000000007f;00010000000000000000000a;00010000000000000000007e;000100000000000000000040;000100000000000000000016;00010000000000000000001d;00010000000000000000007d;000100000000000000000088;000100000000000000000037;000100000000000000000065;00010000000000000000002b;000100000000000000000067;000100000000000000000090;000100000000000000000041;00010000000000000000006b;000100000000000000000032;000100000000000000000083;000100000000000000000021;00010000000000000000003a;00010000000000000000004a;000100000000000000000063;000100000000000000000002";47;0;2;
000300000000000000000070;PUB-0112;000100000000000000000033;2026-07-03 02:13:00;public;Un paysage qui apaise l'esprit.;"[{""type"": ""image"", ""image_id"": 11, ""variante"": ""grayscale"", ""description"": ""Foret ouverte, riviere, montagne"", ""url"": ""https://picsum.photos/id/11/640/480.jpg?grayscale&blur=2&random=778""}]";"plage;montagne;cameroun237";;"00010000000000000000008b;000100000000000000000060;00010000000000000000003b;000100000000000000000062;000100000000000000000024;00010000000000000000006d;000100000000000000000091;000100000000000000000093;00010000000000000000000b";9;1;1;
000300000000000000000071;PUB-0113;000100000000000000000020;2026-07-03 10:45:00;public;Oui oui, je travaille, tres intensement.;"[{""type"": ""image"", ""image_id"": 0, ""variante"": ""principale"", ""description"": ""Ordinateur portable blanc, tasse de cafe, cahier et telephone"", ""url"": ""https://picsum.photos/id/0/640/480.jpg?random=680""}]";ingenieur;;"000100000000000000000034;000100000000000000000086;000100000000000000000071;000100000000000000000046;000100000000000000000011;000100000000000000000004;000100000000000000000001;000100000000000000000058;00010000000000000000003c;000100000000000000000082;00010000000000000000008f;000100000000000000000052;00010000000000000000007d;000100000000000000000093;00010000000000000000002e;000100000000000000000018;000100000000000000000066;000100000000000000000049;00010000000000000000003e;000100000000000000000054;000100000000000000000005;000100000000000000000009;00010000000000000000004c;000100000000000000000065;00010000000000000000001d;00010000000000000000003f;000100000000000000000089;00010000000000000000000a;000100000000000000000023;00010000000000000000008c;000100000000000000000038;000100000000000000000007;000100000000000000000029;000100000000000000000040;00010000000000000000006e;000100000000000000000083;000100000000000000000053;000100000000000000000036;000100000000000000000060;00010000000000000000000d;000100000000000000000027;00010000000000000000007e;00010000000000000000008e;000100000000000000000042;000100000000000000000044;00010000000000000000007a;000100000000000000000025;00010000000000000000001c;00010000000000000000006c;000100000000000000000077;000100000000000000000096;00010000000000000000005f";52;4;6;
000300000000000000000072;PUB-0114;000100000000000000000084;2026-07-04 03:17:00;amis;Une histoire personnelle que je garde pres de moi.;"[{""type"": ""image"", ""image_id"": 35, ""variante"": ""grayscale"", ""description"": ""Fleur piquante jaune"", ""url"": ""https://picsum.photos/id/35/640/480.jpg?grayscale&blur=2&random=385""}]";"plage;montagne;foret";;"000100000000000000000074;00010000000000000000005a;00010000000000000000006b;000100000000000000000042;000100000000000000000078;000100000000000000000022;000100000000000000000064;00010000000000000000003c;000100000000000000000068;00010000000000000000008f;000100000000000000000012;00010000000000000000005f;00010000000000000000004d";13;2;0;
000300000000000000000073;PUB-0115;000100000000000000000028;2026-07-04 11:14:00;public;Juste comme ca.;"[{""type"": ""image"", ""image_id"": 41, ""variante"": ""principale"", ""description"": ""Goutte d'eau sur une surface"", ""url"": ""https://picsum.photos/id/41/640/480.jpg?random=478""}]";plage;;"000100000000000000000086;000100000000000000000094;000100000000000000000009;000100000000000000000010;000100000000000000000027;000100000000000000000075;00010000000000000000007b;00010000000000000000002c;00010000000000000000001d;000100000000000000000003;000100000000000000000096;000100000000000000000050;000100000000000000000057;00010000000000000000000b;000100000000000000000076;000100000000000000000064;000100000000000000000006;00010000000000000000004c;00010000000000000000003e;00010000000000000000005f;00010000000000000000006b;00010000000000000000006f;000100000000000000000005;00010000000000000000002d;000100000000000000000091;000100000000000000000080;00010000000000000000001e;00010000000000000000005c;000100000000000000000020;00010000000000000000003a;000100000000000000000023;000100000000000000000077;000100000000000000000038;00010000000000000000004d;000100000000000000000043;00010000000000000000007a;00010000000000000000001c;000100000000000000000004;000100000000000000000034;00010000000000000000003f;000100000000000000000054";41;0;7;
000300000000000000000074;PUB-0116;000100000000000000000086;2026-07-05 01:53:00;public;Photo du jour.;"[{""type"": ""image"", ""image_id"": 25, ""variante"": ""principale"", ""description"": ""Branches eclairees par un lever de soleil"", ""url"": ""https://picsum.photos/id/25/640/480.jpg?random=869""}]";;;"000100000000000000000068;000100000000000000000079;00010000000000000000001f;00010000000000000000008e;000100000000000000000023;00010000000000000000002f;000100000000000000000091;00010000000000000000006c;00010000000000000000006a;00010000000000000000007a;000100000000000000000048;000100000000000000000015;000100000000000000000005;000100000000000000000084;000100000000000000000074;000100000000000000000083;000100000000000000000082;00010000000000000000006f;000100000000000000000055;000100000000000000000038;000100000000000000000081;000100000000000000000087;000100000000000000000057;00010000000000000000004d;000100000000000000000096;000100000000000000000093;000100000000000000000006;000100000000000000000032;00010000000000000000003d;000100000000000000000061;00010000000000000000001b;00010000000000000000004a;000100000000000000000036;000100000000000000000077;000100000000000000000027;000100000000000000000058;000100000000000000000069;000100000000000000000016;00010000000000000000005a;000100000000000000000042;000100000000000000000059;000100000000000000000050;000100000000000000000041;000100000000000000000078;00010000000000000000003e;000100000000000000000034;000100000000000000000004;00010000000000000000005f;000100000000000000000029;000100000000000000000052";50;4;5;
000300000000000000000075;PUB-0117;000100000000000000000020;2026-07-05 02:22:00;public;Une session de travail sans interruption.;"[{""type"": ""image"", ""image_id"": 4, ""variante"": ""principale"", ""description"": ""On ecrit dans le cahier"", ""url"": ""https://picsum.photos/id/4/640/480.jpg?random=476""}]";;;"00010000000000000000004f;000100000000000000000094;000100000000000000000025;00010000000000000000001f;000100000000000000000076;000100000000000000000010;000100000000000000000045;000100000000000000000091;00010000000000000000006e";9;4;2;
000300000000000000000076;PUB-0118;000100000000000000000020;2026-07-05 05:59:00;public;Personne ne revient de cette foret dans les films.;"[{""type"": ""image"", ""image_id"": 17, ""variante"": ""grayscale"", ""description"": ""Chemin trace dans une foret de sapins"", ""url"": ""https://picsum.photos/id/17/640/480.jpg?grayscale&blur=2&random=833""}]";;;"000100000000000000000068;000100000000000000000073;000100000000000000000008;00010000000000000000006a;000100000000000000000066;000100000000000000000036;000100000000000000000031;000100000000000000000010;000100000000000000000012;000100000000000000000096;00010000000000000000002b;000100000000000000000004;00010000000000000000007b;000100000000000000000033;00010000000000000000002f;000100000000000000000084;000100000000000000000015;00010000000000000000002a;00010000000000000000007f;00010000000000000000001f;000100000000000000000029;00010000000000000000006d;00010000000000000000005b;00010000000000000000008c;00010000000000000000007d;000100000000000000000095;000100000000000000000064;00010000000000000000001b;00010000000000000000007c;00010000000000000000008d;00010000000000000000001e;00010000000000000000003d;00010000000000000000000c;00010000000000000000003c;000100000000000000000060;000100000000000000000001;000100000000000000000046;000100000000000000000038;00010000000000000000006b;00010000000000000000006c;000100000000000000000082;000100000000000000000050;000100000000000000000023;000100000000000000000016;000100000000000000000035;00010000000000000000004d;000100000000000000000027;000100000000000000000086;00010000000000000000008b;00010000000000000000008a;00010000000000000000005d;000100000000000000000080;000100000000000000000069;000100000000000000000072;000100000000000000000059;000100000000000000000057";56;1;3;
000300000000000000000077;PUB-0119;000100000000000000000014;2026-07-05 11:56:00;public;Juste comme ca.;"[{""type"": ""image"", ""image_id"": 23, ""variante"": ""principale"", ""description"": ""Trois fourchettes sur fond noir et blanc"", ""url"": ""https://picsum.photos/id/23/640/480.jpg?random=111""}]";philo;;"00010000000000000000003e;000100000000000000000055;00010000000000000000004f;000100000000000000000005;00010000000000000000001e;00010000000000000000004a;00010000000000000000005d;000100000000000000000092;00010000000000000000006d;000100000000000000000075;000100000000000000000007;000100000000000000000063;00010000000000000000002f";13;3;0;
000300000000000000000078;PUB-0120;000100000000000000000075;2026-07-05 15:24:00;public;Un instant capture au hasard.;"[{""type"": ""image"", ""image_id"": 42, ""variante"": ""principale"", ""description"": ""Table de snack, deux cafes et un telephone"", ""url"": ""https://picsum.photos/id/42/640/480.jpg?random=916""}]";"ingenieur;cafe";;"00010000000000000000008b;000100000000000000000071;000100000000000000000031;000100000000000000000001;00010000000000000000005f;000100000000000000000043;000100000000000000000089;00010000000000000000002a;000100000000000000000046;00010000000000000000003c";10;2;2;
000300000000000000000079;PUB-0121;00010000000000000000007e;2026-07-05 18:10:00;public;Respirer, simplement.;"[{""type"": ""image"", ""image_id"": 12, ""variante"": ""principale"", ""description"": ""Sable, mer, ilots et rochers"", ""url"": ""https://picsum.photos/id/12/640/480.jpg?random=921""}]";"nature;tourisme";;"000100000000000000000048;00010000000000000000003f;00010000000000000000000e;000100000000000000000026;000100000000000000000014;000100000000000000000078;00010000000000000000008b;00010000000000000000001d;00010000000000000000006b;000100000000000000000079;000100000000000000000082;000100000000000000000002;000100000000000000000063;000100000000000000000061;000100000000000000000046;000100000000000000000039;00010000000000000000001e;000100000000000000000058;000100000000000000000094;00010000000000000000001b;000100000000000000000062;000100000000000000000041;000100000000000000000071;00010000000000000000008a;00010000000000000000004b;000100000000000000000076;00010000000000000000005d;000100000000000000000055;000100000000000000000013;000100000000000000000074;00010000000000000000006d;000100000000000000000054;000100000000000000000042;00010000000000000000000c;00010000000000000000002b;000100000000000000000001;00010000000000000000001a;00010000000000000000003a;000100000000000000000064;000100000000000000000006";40;4;1;
00030000000000000000007a;PUB-0122;000100000000000000000081;2026-07-05 21:40:00;public;Romantique a souhait.;"[{""type"": ""image"", ""image_id"": 28, ""variante"": ""principale"", ""description"": ""Arbre et ruisseau sur des pierres"", ""url"": ""https://picsum.photos/id/28/640/480.jpg?random=721""}]";;;"000100000000000000000028;00010000000000000000006a;00010000000000000000004d;00010000000000000000000b;000100000000000000000073;00010000000000000000000d;000100000000000000000035;000100000000000000000008;000100000000000000000085;00010000000000000000008c;000100000000000000000009;000100000000000000000086;000100000000000000000011;000100000000000000000075;000100000000000000000029;000100000000000000000067;000100000000000000000027;00010000000000000000002b;00010000000000000000006b;00010000000000000000002d;00010000000000000000004c;000100000000000000000094;00010000000000000000006c;000100000000000000000044;00010000000000000000002a;000100000000000000000061;00010000000000000000007a;000100000000000000000004;000100000000000000000055;00010000000000000000006d;000100000000000000000003;00010000000000000000003b;000100000000000000000013;000100000000000000000043;000100000000000000000041;000100000000000000000079;00010000000000000000004b;00010000000000000000002c";38;5;9;
00030000000000000000007b;PUB-0123;000100000000000000000054;2026-07-06 02:56:00;public;Un instant capture au hasard.;"[{""type"": ""image"", ""image_id"": 39, ""variante"": ""principale"", ""description"": ""Vieux vinyle qui tourne"", ""url"": ""https://picsum.photos/id/39/640/480.jpg?random=514""}]";"histoire;cameroun237";;"000100000000000000000079;000100000000000000000047;000100000000000000000017;000100000000000000000014;00010000000000000000006d;00010000000000000000008c;000100000000000000000001;00010000000000000000006e;00010000000000000000001d;000100000000000000000064;00010000000000000000002c;00010000000000000000007a;000100000000000000000069;000100000000000000000066;000100000000000000000022;000100000000000000000004;000100000000000000000090;000100000000000000000009;000100000000000000000089;000100000000000000000023";20;2;0;
00030000000000000000007c;PUB-0124;000100000000000000000029;2026-07-06 05:30:00;public;Un plan que n'importe quel realisateur voudrait.;"[{""type"": ""image"", ""image_id"": 15, ""variante"": ""principale"", ""description"": ""Chute d'eau, rochers verdoyants et glissants"", ""url"": ""https://picsum.photos/id/15/640/480.jpg?random=446""}]";;;"000100000000000000000076;00010000000000000000000f;00010000000000000000002e;00010000000000000000006d;000100000000000000000033;000100000000000000000045;000100000000000000000049;000100000000000000000046;000100000000000000000039;000100000000000000000055;000100000000000000000063;000100000000000000000031;000100000000000000000042;000100000000000000000057;000100000000000000000087;00010000000000000000007e;000100000000000000000002;000100000000000000000015;00010000000000000000002f";19;6;0;
00030000000000000000007d;PUB-0125;000100000000000000000028;2026-07-06 07:50:00;prive;Avancer seul n'est pas etre perdu.;"[{""type"": ""image"", ""image_id"": 27, ""variante"": ""grayscale"", ""description"": ""Homme au bord du gouffre regardant l'horizon"", ""url"": ""https://picsum.photos/id/27/640/480.jpg?grayscale&blur=2&random=299""}]";;;"000100000000000000000025;00010000000000000000004e;00010000000000000000002b;000100000000000000000061;000100000000000000000039;00010000000000000000006a;000100000000000000000005;000100000000000000000018;000100000000000000000029;00010000000000000000003b;000100000000000000000077;00010000000000000000005f;000100000000000000000041;000100000000000000000003;000100000000000000000030;000100000000000000000046;000100000000000000000075;000100000000000000000069;000100000000000000000010;00010000000000000000008a;000100000000000000000062;000100000000000000000074;000100000000000000000001;000100000000000000000011;00010000000000000000008c;000100000000000000000082;000100000000000000000026;000100000000000000000020;000100000000000000000032;00010000000000000000002a;000100000000000000000012;00010000000000000000006e;000100000000000000000063;000100000000000000000081;00010000000000000000005a;00010000000000000000008e;000100000000000000000006;00010000000000000000002f;000100000000000000000071;00010000000000000000001d;00010000000000000000005b;000100000000000000000076;000100000000000000000038;000100000000000000000021;000100000000000000000042;00010000000000000000007d;00010000000000000000000b;00010000000000000000007e;000100000000000000000087;00010000000000000000003a;000100000000000000000031;000100000000000000000024;000100000000000000000058;000100000000000000000089;00010000000000000000007b";55;0;13;
00030000000000000000007e;PUB-0126;000100000000000000000014;2026-07-06 09:33:00;public;Photo du jour.;"[{""type"": ""image"", ""image_id"": 23, ""variante"": ""principale"", ""description"": ""Trois fourchettes sur fond noir et blanc"", ""url"": ""https://picsum.photos/id/23/640/480.jpg?random=398""}]";"viedevie;priere;philo";;"000100000000000000000084;00010000000000000000008d;000100000000000000000027;000100000000000000000020;00010000000000000000005c;000100000000000000000075;000100000000000000000081;000100000000000000000041;000100000000000000000086;000100000000000000000060;000100000000000000000048;000100000000000000000068;00010000000000000000006b;000100000000000000000028;000100000000000000000034;000100000000000000000022;00010000000000000000003d;00010000000000000000006f;00010000000000000000000a;000100000000000000000063;000100000000000000000069;000100000000000000000078;00010000000000000000004f;000100000000000000000065;000100000000000000000051;000100000000000000000045;000100000000000000000036;000100000000000000000026;00010000000000000000004c;000100000000000000000096;000100000000000000000011;000100000000000000000031;00010000000000000000007a";33;6;4;
00030000000000000000007f;PUB-0127;000100000000000000000028;2026-07-06 14:14:00;amis;Le genre d'endroit ou l'on se promet des choses.;"[{""type"": ""image"", ""image_id"": 14, ""variante"": ""principale"", ""description"": ""Cailloux dans l'eau, maree haute"", ""url"": ""https://picsum.photos/id/14/640/480.jpg?random=430""}]";"tourisme;montagne";;"00010000000000000000002e;000100000000000000000023;00010000000000000000000d;000100000000000000000043;000100000000000000000031;000100000000000000000088;000100000000000000000065;000100000000000000000092;00010000000000000000002c;00010000000000000000006b;000100000000000000000021;000100000000000000000003;000100000000000000000064;00010000000000000000006c;000100000000000000000067;000100000000000000000013;000100000000000000000076;00010000000000000000006a;00010000000000000000002f;000100000000000000000032;00010000000000000000005a;000100000000000000000062;000100000000000000000050;00010000000000000000004d;000100000000000000000086;000100000000000000000073;00010000000000000000007b;00010000000000000000004e;000100000000000000000056;00010000000000000000008d;000100000000000000000014;00010000000000000000007f;000100000000000000000060;00010000000000000000004f;000100000000000000000091;00010000000000000000005f;000100000000000000000048;000100000000000000000020;00010000000000000000001c;00010000000000000000002b;000100000000000000000081;000100000000000000000072;00010000000000000000007e;00010000000000000000003f";44;2;6;
000300000000000000000080;PUB-0128;000100000000000000000086;2026-07-07 05:44:00;amis;Destination a mettre sur votre liste.;"[{""type"": ""image"", ""image_id"": 12, ""variante"": ""principale"", ""description"": ""Sable, mer, ilots et rochers"", ""url"": ""https://picsum.photos/id/12/640/480.jpg?random=843""}]";"voyage;mariage;montagne";;"00010000000000000000007f;000100000000000000000074;000100000000000000000030;000100000000000000000060;000100000000000000000070;000100000000000000000004;00010000000000000000004e;000100000000000000000020;000100000000000000000040;000100000000000000000042;000100000000000000000088;00010000000000000000002d;00010000000000000000000d;000100000000000000000087;000100000000000000000041;00010000000000000000008e;000100000000000000000019;000100000000000000000054;000100000000000000000034;000100000000000000000031;000100000000000000000016;000100000000000000000028;000100000000000000000096;000100000000000000000011;000100000000000000000083;000100000000000000000002;000100000000000000000091;000100000000000000000001;000100000000000000000073;000100000000000000000009;000100000000000000000026;000100000000000000000027;000100000000000000000007;000100000000000000000084;000100000000000000000055;00010000000000000000005a;00010000000000000000003c;00010000000000000000007d;000100000000000000000013;00010000000000000000006c;00010000000000000000004f;00010000000000000000005d;000100000000000000000093";43;2;1;
000300000000000000000081;PUB-0129;000100000000000000000042;2026-07-07 09:31:00;amis;Un plan que n'importe quel realisateur voudrait.;"[{""type"": ""image"", ""image_id"": 37, ""variante"": ""principale"", ""description"": ""Fleurs au bord de la plage"", ""url"": ""https://picsum.photos/id/37/640/480.jpg?random=857""}]";"montagne;voyage";;"00010000000000000000003b;000100000000000000000009;00010000000000000000004a;000100000000000000000092;000100000000000000000013;000100000000000000000038;00010000000000000000004e;00010000000000000000001f;000100000000000000000005;000100000000000000000035;000100000000000000000086;000100000000000000000080;000100000000000000000054;000100000000000000000027;00010000000000000000007a;000100000000000000000022;000100000000000000000095;000100000000000000000071;000100000000000000000055;000100000000000000000064;000100000000000000000090;000100000000000000000029;000100000000000000000061;000100000000000000000066;000100000000000000000057;000100000000000000000088;00010000000000000000005b;000100000000000000000012;000100000000000000000026;000100000000000000000076;000100000000000000000002;00010000000000000000002b;000100000000000000000051;00010000000000000000005c;000100000000000000000084;000100000000000000000014;000100000000000000000008;000100000000000000000044;000100000000000000000018;00010000000000000000001e;00010000000000000000002c;00010000000000000000006c;00010000000000000000006f;000100000000000000000004;000100000000000000000094;00010000000000000000003f;000100000000000000000037;000100000000000000000068;00010000000000000000004f;00010000000000000000000e;000100000000000000000079;000100000000000000000087;000100000000000000000049;000100000000000000000083;000100000000000000000034;000100000000000000000011;00010000000000000000006a;000100000000000000000047";58;2;14;
000300000000000000000082;PUB-0130;000100000000000000000032;2026-07-07 10:20:00;amis;Un paysage qui apaise l'esprit.;"[{""type"": ""image"", ""image_id"": 11, ""variante"": ""grayscale"", ""description"": ""Foret ouverte, riviere, montagne"", ""url"": ""https://picsum.photos/id/11/640/480.jpg?grayscale&blur=2&random=300""}]";"cameroun237;foret";;"000100000000000000000060;000100000000000000000068;00010000000000000000008a;000100000000000000000022;000100000000000000000002";5;3;0;
000300000000000000000083;PUB-0131;00010000000000000000008a;2026-07-07 13:42:00;public;Juste comme ca.;"[{""type"": ""image"", ""image_id"": 16, ""variante"": ""principale"", ""description"": ""Tronc d'arbre sur une plage de pierres"", ""url"": ""https://picsum.photos/id/16/640/480.jpg?random=99""}]";;;"00010000000000000000003f;000100000000000000000001;000100000000000000000073;000100000000000000000069;00010000000000000000001a;000100000000000000000087;00010000000000000000006f;000100000000000000000094;000100000000000000000056;00010000000000000000007b;000100000000000000000028;00010000000000000000004b;000100000000000000000002;000100000000000000000050;000100000000000000000040;00010000000000000000004f;00010000000000000000007e;000100000000000000000042;00010000000000000000001f;00010000000000000000002a;000100000000000000000052";21;0;1;
000300000000000000000084;PUB-0132;00010000000000000000007f;2026-07-07 18:00:00;public;Le genre d'endroit ou l'on se promet des choses.;"[{""type"": ""image"", ""image_id"": 14, ""variante"": ""principale"", ""description"": ""Cailloux dans l'eau, maree haute"", ""url"": ""https://picsum.photos/id/14/640/480.jpg?random=553""}]";voyage;;"00010000000000000000007c;000100000000000000000051;000100000000000000000068;000100000000000000000019;000100000000000000000004;00010000000000000000000e;000100000000000000000081;00010000000000000000007e;000100000000000000000080;000100000000000000000033;00010000000000000000002c;000100000000000000000013";12;1;3;
000300000000000000000085;PUB-0133;00010000000000000000002c;2026-07-07 19:07:00;public;Photo du jour.;"[{""type"": ""image"", ""image_id"": 23, ""variante"": ""principale"", ""description"": ""Trois fourchettes sur fond noir et blanc"", ""url"": ""https://picsum.photos/id/23/640/480.jpg?random=960""}]";memoire;;00010000000000000000006d;1;1;0;
000300000000000000000086;PUB-0134;000100000000000000000013;2026-07-08 10:19:00;public;Je m'absente un instant.;"[{""type"": ""image"", ""image_id"": 8, ""variante"": ""grayscale"", ""description"": ""Ordinateur laisse ouvert sur le bureau"", ""url"": ""https://picsum.photos/id/8/640/480.jpg?grayscale&blur=2&random=903""}]";"focus;bureau;cafe";;"00010000000000000000002f;00010000000000000000000c;000100000000000000000027;000100000000000000000057;000100000000000000000014;000100000000000000000034;000100000000000000000086;00010000000000000000007d;000100000000000000000033;000100000000000000000037;000100000000000000000077;00010000000000000000000b;000100000000000000000032;00010000000000000000004e;000100000000000000000031;00010000000000000000004d;000100000000000000000051;000100000000000000000048";18;0;3;
000300000000000000000087;PUB-0135;00010000000000000000008e;2026-07-08 10:23:00;public;Un coin a visiter absolument.;"[{""type"": ""image"", ""image_id"": 13, ""variante"": ""grayscale"", ""description"": ""Plage de galets, mer tres bleue, arbre mort"", ""url"": ""https://picsum.photos/id/13/640/480.jpg?grayscale&blur=2&random=662""}]";cameroun237;;"000100000000000000000001;000100000000000000000046;00010000000000000000007f;00010000000000000000006f;000100000000000000000007;000100000000000000000072;000100000000000000000089;00010000000000000000006b;000100000000000000000021;00010000000000000000003a;000100000000000000000051;000100000000000000000011;000100000000000000000002;000100000000000000000079;00010000000000000000006a;000100000000000000000053;000100000000000000000014;000100000000000000000013;000100000000000000000088;000100000000000000000009;00010000000000000000005c;000100000000000000000017;00010000000000000000003e;000100000000000000000059;00010000000000000000001f;00010000000000000000007c";26;3;5;
000300000000000000000088;PUB-0136;00010000000000000000007e;2026-07-08 17:26:00;public;Tout est en place, on avance.;"[{""type"": ""image"", ""image_id"": 2, ""variante"": ""principale"", ""description"": ""Le cahier est ouvert"", ""url"": ""https://picsum.photos/id/2/640/480.jpg?random=445""}]";bureau;;"000100000000000000000059;000100000000000000000015;000100000000000000000045;00010000000000000000005b;000100000000000000000063;000100000000000000000032;000100000000000000000042;00010000000000000000000a;000100000000000000000013;000100000000000000000090;000100000000000000000084;000100000000000000000001;00010000000000000000008d;000100000000000000000019;000100000000000000000053;000100000000000000000074;000100000000000000000043;000100000000000000000046";18;2;4;
000300000000000000000089;PUB-0137;000100000000000000000014;2026-07-08 17:34:00;amis;La peur du vide, c'est ici.;"[{""type"": ""image"", ""image_id"": 29, ""variante"": ""principale"", ""description"": ""Sommet de l'Himalaya, deux grimpeurs"", ""url"": ""https://picsum.photos/id/29/640/480.jpg?random=648""}]";foret;;"000100000000000000000041;00010000000000000000001f;000100000000000000000067;00010000000000000000000d;00010000000000000000007f;00010000000000000000007b;000100000000000000000001;000100000000000000000093;00010000000000000000004a;000100000000000000000003;000100000000000000000040;000100000000000000000004;000100000000000000000051;000100000000000000000053;00010000000000000000008a;000100000000000000000020;000100000000000000000048;000100000000000000000005;000100000000000000000096;000100000000000000000028;00010000000000000000002f;000100000000000000000016;000100000000000000000068;000100000000000000000047;00010000000000000000008b;000100000000000000000059;00010000000000000000001c;00010000000000000000004d;000100000000000000000032;000100000000000000000034;000100000000000000000064;000100000000000000000081;000100000000000000000078";33;5;0;
00030000000000000000008a;PUB-0138;000100000000000000000042;2026-07-08 17:40:00;public;Avancer seul n'est pas etre perdu.;"[{""type"": ""image"", ""image_id"": 22, ""variante"": ""principale"", ""description"": ""Homme qui marche dans la rue (noir et blanc)"", ""url"": ""https://picsum.photos/id/22/640/480.jpg?random=684""}]";;;"00010000000000000000008d;00010000000000000000008f;000100000000000000000068;000100000000000000000049;000100000000000000000006;000100000000000000000073;00010000000000000000008a;00010000000000000000008c;000100000000000000000004;000100000000000000000027;000100000000000000000066;000100000000000000000054;000100000000000000000029;000100000000000000000058;000100000000000000000018;000100000000000000000063;00010000000000000000004a;000100000000000000000071;000100000000000000000035;000100000000000000000084;00010000000000000000003d;000100000000000000000059;00010000000000000000005e";23;1;3;
00030000000000000000008b;PUB-0139;00010000000000000000007f;2026-07-08 18:15:00;public;Destination a mettre sur votre liste.;"[{""type"": ""image"", ""image_id"": 12, ""variante"": ""principale"", ""description"": ""Sable, mer, ilots et rochers"", ""url"": ""https://picsum.photos/id/12/640/480.jpg?random=740""}]";"plage;foret";;"000100000000000000000031;000100000000000000000078;00010000000000000000004d;000100000000000000000044;000100000000000000000006;000100000000000000000082;000100000000000000000083;00010000000000000000000e;00010000000000000000006f;00010000000000000000007d;00010000000000000000000b;000100000000000000000090;00010000000000000000007c;00010000000000000000002c;00010000000000000000001f;000100000000000000000018";16;3;4;
00030000000000000000008c;PUB-0140;000100000000000000000084;2026-07-09 03:15:00;public;Je me souviens de ce jardin, mon enfance en pleine fleur.;"[{""type"": ""image"", ""image_id"": 35, ""variante"": ""principale"", ""description"": ""Fleur piquante jaune"", ""url"": ""https://picsum.photos/id/35/640/480.jpg?random=442""}]";;;"000100000000000000000049;000100000000000000000039;000100000000000000000015;000100000000000000000018;000100000000000000000034;000100000000000000000026;000100000000000000000064;000100000000000000000061;00010000000000000000001a;000100000000000000000019;000100000000000000000056;00010000000000000000008b;000100000000000000000047;000100000000000000000057;00010000000000000000000d;000100000000000000000058;00010000000000000000002a;000100000000000000000067;00010000000000000000003e;000100000000000000000030;00010000000000000000001f;00010000000000000000001d;00010000000000000000004d;000100000000000000000054;000100000000000000000092;000100000000000000000005;000100000000000000000091;00010000000000000000003b;000100000000000000000085;000100000000000000000087;000100000000000000000089;000100000000000000000094;000100000000000000000013;000100000000000000000003;000100000000000000000029;000100000000000000000080;00010000000000000000007f;00010000000000000000003d;000100000000000000000077;000100000000000000000001;000100000000000000000070;000100000000000000000083;000100000000000000000023;00010000000000000000002f;00010000000000000000005c;000100000000000000000024;00010000000000000000007b;00010000000000000000006c;00010000000000000000005d;00010000000000000000005a;000100000000000000000008;000100000000000000000045;00010000000000000000006f;00010000000000000000008f";54;3;12;
00030000000000000000008d;PUB-0141;000100000000000000000022;2026-07-09 04:32:00;public;Respirer, simplement.;"[{""type"": ""image"", ""image_id"": 11, ""variante"": ""principale"", ""description"": ""Foret ouverte, riviere, montagne"", ""url"": ""https://picsum.photos/id/11/640/480.jpg?random=671""}]";cameroun237;;"000100000000000000000015;000100000000000000000073;000100000000000000000011;00010000000000000000004c;000100000000000000000065;000100000000000000000013;000100000000000000000094;000100000000000000000058;000100000000000000000040;000100000000000000000095;000100000000000000000047;00010000000000000000006d;00010000000000000000007e;00010000000000000000006a;000100000000000000000023;000100000000000000000030";16;1;1;
00030000000000000000008e;PUB-0142;00010000000000000000004d;2026-07-09 11:30:00;public;Gris, comme certains jours.;"[{""type"": ""image"", ""image_id"": 32, ""variante"": ""grayscale"", ""description"": ""Mur de prison gris avec un banc"", ""url"": ""https://picsum.photos/id/32/640/480.jpg?grayscale&blur=2&random=219""}]";cameroun237;;"000100000000000000000095;000100000000000000000062;000100000000000000000001;00010000000000000000005f;00010000000000000000003c;000100000000000000000004;000100000000000000000024;000100000000000000000064;000100000000000000000013;00010000000000000000008a;00010000000000000000004f;000100000000000000000005;000100000000000000000022;000100000000000000000061;00010000000000000000007e;000100000000000000000074;000100000000000000000002;000100000000000000000038;000100000000000000000065;000100000000000000000068;00010000000000000000000d;000100000000000000000056";22;1;0;
00030000000000000000008f;PUB-0143;000100000000000000000022;2026-07-10 04:50:00;amis;Oui oui, je travaille, tres intensement.;"[{""type"": ""image"", ""image_id"": 1, ""variante"": ""principale"", ""description"": ""Quelqu'un travaille sur l'ordinateur"", ""url"": ""https://picsum.photos/id/1/640/480.jpg?random=585""}]";"focus;bureau";;"000100000000000000000067;000100000000000000000096;00010000000000000000003f;000100000000000000000071;000100000000000000000003;000100000000000000000060;00010000000000000000000c;000100000000000000000023;000100000000000000000089;000100000000000000000017;00010000000000000000006f;000100000000000000000046;000100000000000000000092;00010000000000000000001f;00010000000000000000008a;000100000000000000000039;000100000000000000000090;00010000000000000000008e;00010000000000000000002c;000100000000000000000010;00010000000000000000003e;000100000000000000000008;000100000000000000000013;000100000000000000000030;000100000000000000000012;000100000000000000000088;00010000000000000000004f;00010000000000000000008f;00010000000000000000002d;000100000000000000000015;00010000000000000000005a;00010000000000000000001a;000100000000000000000064";33;0;7;
000300000000000000000090;PUB-0144;00010000000000000000008e;2026-07-10 06:44:00;public;Productivite : 3 % travail, 97 % cafe.;"[{""type"": ""image"", ""image_id"": 4, ""variante"": ""principale"", ""description"": ""On ecrit dans le cahier"", ""url"": ""https://picsum.photos/id/4/640/480.jpg?random=55""}]";focus;;"000100000000000000000078;00010000000000000000005e;00010000000000000000003c;00010000000000000000001d;000100000000000000000030;000100000000000000000065;00010000000000000000000b;00010000000000000000000d;000100000000000000000089;00010000000000000000006f;00010000000000000000000c;000100000000000000000023;000100000000000000000077;00010000000000000000005a;00010000000000000000007f;00010000000000000000004c;000100000000000000000053;000100000000000000000042;000100000000000000000046;000100000000000000000024;00010000000000000000008b;000100000000000000000052;000100000000000000000025;000100000000000000000060;000100000000000000000048;00010000000000000000007c;00010000000000000000004e;000100000000000000000087;000100000000000000000059;00010000000000000000007a;00010000000000000000008d;00010000000000000000002b;000100000000000000000093;000100000000000000000084;000100000000000000000081;000100000000000000000010;00010000000000000000007d;000100000000000000000003;000100000000000000000051;000100000000000000000071;000100000000000000000072;00010000000000000000005c;000100000000000000000047;00010000000000000000004d;000100000000000000000032;00010000000000000000002d;00010000000000000000008c;000100000000000000000068;000100000000000000000044;00010000000000000000001c;000100000000000000000096;000100000000000000000063;000100000000000000000076;000100000000000000000033;000100000000000000000034;000100000000000000000015";56;4;13;
000300000000000000000091;PUB-0145;00010000000000000000004d;2026-07-10 07:20:00;amis;Photo du jour.;"[{""type"": ""image"", ""image_id"": 9, ""variante"": ""principale"", ""description"": ""Le telephone est pose sur le cahier"", ""url"": ""https://picsum.photos/id/9/640/480.jpg?random=99""}]";focus;;"000100000000000000000060;000100000000000000000027;000100000000000000000020;000100000000000000000080;00010000000000000000000e;000100000000000000000052;00010000000000000000006a;000100000000000000000063;000100000000000000000004;00010000000000000000003d;00010000000000000000001b;00010000000000000000006d;000100000000000000000024;000100000000000000000051;00010000000000000000008c;00010000000000000000006e;000100000000000000000008;000100000000000000000074;000100000000000000000003";19;0;2;
000300000000000000000092;PUB-0146;000100000000000000000086;2026-07-10 07:49:00;amis;Face a l'horizon, on se pose les vraies questions.;"[{""type"": ""image"", ""image_id"": 22, ""variante"": ""grayscale"", ""description"": ""Homme qui marche dans la rue (noir et blanc)"", ""url"": ""https://picsum.photos/id/22/640/480.jpg?grayscale&blur=2&random=473""}]";memoire;;"00010000000000000000006c;000100000000000000000068;000100000000000000000005;000100000000000000000022;000100000000000000000033;00010000000000000000005b;000100000000000000000011;00010000000000000000005e;000100000000000000000082;00010000000000000000008f;000100000000000000000007;000100000000000000000013;000100000000000000000060;000100000000000000000092;000100000000000000000002;000100000000000000000012;000100000000000000000071;00010000000000000000003b;000100000000000000000018;00010000000000000000006d;000100000000000000000080;000100000000000000000019;000100000000000000000029;000100000000000000000037;00010000000000000000008c;00010000000000000000002d;000100000000000000000044;000100000000000000000039;00010000000000000000004a;000100000000000000000008;000100000000000000000030;000100000000000000000090;000100000000000000000017;000100000000000000000021;000100000000000000000027;00010000000000000000000a";36;2;3;
000300000000000000000093;PUB-0147;000100000000000000000084;2026-07-10 22:07:00;public;Voila pourquoi il faut voyager.;"[{""type"": ""image"", ""image_id"": 28, ""variante"": ""principale"", ""description"": ""Arbre et ruisseau sur des pierres"", ""url"": ""https://picsum.photos/id/28/640/480.jpg?random=223""}]";"montagne;voyage";;"00010000000000000000004f;000100000000000000000072;000100000000000000000093;000100000000000000000044;00010000000000000000000f;000100000000000000000061;000100000000000000000094;00010000000000000000005e;000100000000000000000037;000100000000000000000019;000100000000000000000052;000100000000000000000078;00010000000000000000000e;00010000000000000000008c;000100000000000000000076;000100000000000000000020;000100000000000000000015;000100000000000000000066;000100000000000000000070;00010000000000000000004d;000100000000000000000068;00010000000000000000008e;000100000000000000000080";23;1;2;
000300000000000000000094;PUB-0148;000100000000000000000068;2026-07-11 01:14:00;public;Photo du jour.;"[{""type"": ""image"", ""image_id"": 23, ""variante"": ""principale"", ""description"": ""Trois fourchettes sur fond noir et blanc"", ""url"": ""https://picsum.photos/id/23/640/480.jpg?random=912""}]";"reflexion;priere;philo";;"00010000000000000000003d;000100000000000000000032;000100000000000000000053";3;2;1;
000300000000000000000095;PUB-0149;000100000000000000000022;2026-07-11 12:56:00;public;Bonjour a tous, belle journee a vous !;"[{""type"": ""image"", ""image_id"": 6, ""variante"": ""principale"", ""description"": ""Un verre d'eau s'ajoute au bureau"", ""url"": ""https://picsum.photos/id/6/640/480.jpg?random=547""}]";"travail;focus";;"000100000000000000000091;000100000000000000000077;000100000000000000000067;00010000000000000000008e;000100000000000000000002;000100000000000000000061;000100000000000000000079;00010000000000000000000d;000100000000000000000031;000100000000000000000040;00010000000000000000007c;00010000000000000000007b;000100000000000000000017;000100000000000000000045;00010000000000000000008d;000100000000000000000092;00010000000000000000001a;000100000000000000000093;00010000000000000000002b;000100000000000000000007;00010000000000000000005e;000100000000000000000070;000100000000000000000088;00010000000000000000001f";24;2;1;
000300000000000000000096;PUB-0150;00010000000000000000002a;2026-07-11 21:15:00;public;Tenue du jour en preparation.;"[{""type"": ""image"", ""image_id"": 31, ""variante"": ""principale"", ""description"": ""Chaussures et jambes d'une femme"", ""url"": ""https://picsum.photos/id/31/640/480.jpg?random=382""}]";"soiree;style";;"00010000000000000000007c;000100000000000000000038;000100000000000000000023;000100000000000000000037;000100000000000000000092;000100000000000000000069;00010000000000000000004c;000100000000000000000044;00010000000000000000000b;000100000000000000000031;000100000000000000000091;000100000000000000000054;00010000000000000000003f;00010000000000000000002b;000100000000000000000067;000100000000000000000077;000100000000000000000062;00010000000000000000002c;000100000000000000000072;00010000000000000000007b";20;0;1;
000300000000000000000097;PUB-0151;000100000000000000000081;2026-07-12 04:52:00;public;Cadre de reve pour dire oui.;"[{""type"": ""image"", ""image_id"": 13, ""variante"": ""principale"", ""description"": ""Plage de galets, mer tres bleue, arbre mort"", ""url"": ""https://picsum.photos/id/13/640/480.jpg?random=632""}]";montagne;;"00010000000000000000003a;00010000000000000000008a;000100000000000000000057;000100000000000000000025;00010000000000000000000c;000100000000000000000023;00010000000000000000003e;00010000000000000000002f;000100000000000000000006;000100000000000000000019;000100000000000000000041;000100000000000000000001;000100000000000000000011;00010000000000000000006d;000100000000000000000031;00010000000000000000003b;00010000000000000000002d;000100000000000000000048;00010000000000000000004c;000100000000000000000024;000100000000000000000037;00010000000000000000004d;000100000000000000000040;000100000000000000000055;00010000000000000000000a;00010000000000000000004e;000100000000000000000084;000100000000000000000044;000100000000000000000014;000100000000000000000072;00010000000000000000007c;000100000000000000000002;000100000000000000000067;000100000000000000000094;000100000000000000000090;00010000000000000000002b;000100000000000000000069;00010000000000000000002a;00010000000000000000006f;00010000000000000000000b;000100000000000000000078;00010000000000000000006c;000100000000000000000091;000100000000000000000059;00010000000000000000002c;000100000000000000000095;000100000000000000000032";47;2;0;
000300000000000000000098;PUB-0152;00010000000000000000007f;2026-07-12 06:46:00;amis;Coup de coeur du jour.;"[{""type"": ""image"", ""image_id"": 21, ""variante"": ""grayscale"", ""description"": ""Chaussure blanche a talon pour soiree"", ""url"": ""https://picsum.photos/id/21/640/480.jpg?grayscale&blur=2&random=847""}]";style;;"000100000000000000000093;000100000000000000000012;000100000000000000000034;00010000000000000000008f;000100000000000000000039;000100000000000000000020;000100000000000000000008;000100000000000000000001;000100000000000000000065;000100000000000000000049;00010000000000000000003f;000100000000000000000037;000100000000000000000028;000100000000000000000030;00010000000000000000006f;000100000000000000000027;000100000000000000000021;000100000000000000000080;000100000000000000000074;000100000000000000000078;000100000000000000000083;000100000000000000000038;00010000000000000000001b;000100000000000000000079;00010000000000000000000a;000100000000000000000036;000100000000000000000072;00010000000000000000005d;000100000000000000000041;00010000000000000000005a;000100000000000000000005;000100000000000000000033;000100000000000000000094;000100000000000000000087;00010000000000000000005e;00010000000000000000003e";36;1;0;
000300000000000000000099;PUB-0153;000100000000000000000043;2026-07-12 12:25:00;public;Bonjour a tous, belle journee a vous !;"[{""type"": ""image"", ""image_id"": 6, ""variante"": ""grayscale"", ""description"": ""Un verre d'eau s'ajoute au bureau"", ""url"": ""https://picsum.photos/id/6/640/480.jpg?grayscale&blur=2&random=316""}]";"travail;cafe";;"000100000000000000000036;000100000000000000000090;00010000000000000000005e;00010000000000000000000e;00010000000000000000003d;000100000000000000000062;000100000000000000000009;000100000000000000000057;000100000000000000000052;00010000000000000000002c;000100000000000000000082;00010000000000000000004f;000100000000000000000023;00010000000000000000004b";14;1;0;
00030000000000000000009a;PUB-0154;00010000000000000000008e;2026-07-12 15:01:00;public;Juste comme ca.;"[{""type"": ""image"", ""image_id"": 25, ""variante"": ""grayscale"", ""description"": ""Branches eclairees par un lever de soleil"", ""url"": ""https://picsum.photos/id/25/640/480.jpg?grayscale&blur=2&random=648""}]";montagne;;"00010000000000000000007a;00010000000000000000004d;00010000000000000000000e;000100000000000000000022;00010000000000000000007f;000100000000000000000046;000100000000000000000005;000100000000000000000070;000100000000000000000096;00010000000000000000005e;000100000000000000000082;00010000000000000000002b;00010000000000000000006e;000100000000000000000075;00010000000000000000006c;000100000000000000000024;000100000000000000000060;000100000000000000000001;00010000000000000000006f;000100000000000000000029;000100000000000000000004;00010000000000000000000b;000100000000000000000020;00010000000000000000005b;000100000000000000000034;000100000000000000000019;000100000000000000000068;000100000000000000000042;000100000000000000000055;00010000000000000000002e;000100000000000000000052;00010000000000000000006d;000100000000000000000066;00010000000000000000007b;00010000000000000000007d;000100000000000000000072;000100000000000000000088;000100000000000000000093;000100000000000000000035;00010000000000000000008c;00010000000000000000000a;000100000000000000000025;00010000000000000000004a;00010000000000000000003a;000100000000000000000023;00010000000000000000008b;000100000000000000000095;00010000000000000000003f;000100000000000000000053;00010000000000000000004c;00010000000000000000001b;000100000000000000000094;000100000000000000000043;00010000000000000000001c";54;2;9;
00030000000000000000009b;PUB-0155;000100000000000000000086;2026-07-12 16:48:00;amis;Petit coucou du matin.;"[{""type"": ""image"", ""image_id"": 6, ""variante"": ""principale"", ""description"": ""Un verre d'eau s'ajoute au bureau"", ""url"": ""https://picsum.photos/id/6/640/480.jpg?random=633""}]";"focus;ingenieur";;"00010000000000000000007d;000100000000000000000095;00010000000000000000008c;000100000000000000000048;000100000000000000000014;000100000000000000000042;000100000000000000000082;00010000000000000000006e;000100000000000000000009;000100000000000000000051;00010000000000000000008d;000100000000000000000004;000100000000000000000049;000100000000000000000036;000100000000000000000025;00010000000000000000006b;000100000000000000000070;00010000000000000000004c;000100000000000000000038;000100000000000000000021;000100000000000000000022;000100000000000000000039;000100000000000000000096;000100000000000000000084;000100000000000000000090;000100000000000000000073;000100000000000000000031;00010000000000000000000d;000100000000000000000011;00010000000000000000007a;000100000000000000000015;00010000000000000000005c;000100000000000000000047;00010000000000000000004b;00010000000000000000005b;000100000000000000000071;000100000000000000000045;000100000000000000000068;000100000000000000000054;00010000000000000000000a;000100000000000000000055;00010000000000000000000e;00010000000000000000002b;00010000000000000000004f;000100000000000000000088;000100000000000000000093;00010000000000000000002c;00010000000000000000001e;00010000000000000000007f;000100000000000000000003;000100000000000000000001;00010000000000000000005a";52;2;1;
00030000000000000000009c;PUB-0156;00010000000000000000008b;2026-07-12 19:54:00;public;Petit coucou du matin.;"[{""type"": ""image"", ""image_id"": 5, ""variante"": ""principale"", ""description"": ""Le cafe est bu"", ""url"": ""https://picsum.photos/id/5/640/480.jpg?random=591""}]";"bureau;ingenieur";;"000100000000000000000070;00010000000000000000002a;000100000000000000000024;000100000000000000000032;000100000000000000000088;00010000000000000000004e;000100000000000000000080;00010000000000000000004d;00010000000000000000002d;000100000000000000000058;000100000000000000000066;000100000000000000000077;000100000000000000000082;00010000000000000000007e;000100000000000000000011;000100000000000000000084;000100000000000000000081;000100000000000000000087;000100000000000000000025;000100000000000000000021;000100000000000000000035";21;2;3;
00030000000000000000009d;PUB-0157;000100000000000000000059;2026-07-13 06:40:00;public;La nature est vraiment la plus belle des oeuvres.;"[{""type"": ""image"", ""image_id"": 12, ""variante"": ""principale"", ""description"": ""Sable, mer, ilots et rochers"", ""url"": ""https://picsum.photos/id/12/640/480.jpg?random=690""}]";;;"00010000000000000000007d;00010000000000000000000f;000100000000000000000055;00010000000000000000008d;00010000000000000000004b;000100000000000000000012;000100000000000000000065;000100000000000000000087;00010000000000000000000d;000100000000000000000064;000100000000000000000014;000100000000000000000034;000100000000000000000042;000100000000000000000060;000100000000000000000068;00010000000000000000004f;000100000000000000000079;000100000000000000000046;000100000000000000000066;000100000000000000000007;000100000000000000000054;00010000000000000000006f;000100000000000000000058;000100000000000000000039;000100000000000000000050;000100000000000000000023;000100000000000000000049;000100000000000000000090;000100000000000000000067;000100000000000000000032;000100000000000000000019;000100000000000000000073;000100000000000000000057;000100000000000000000085;00010000000000000000001f;000100000000000000000001;000100000000000000000081;00010000000000000000007e;000100000000000000000072;00010000000000000000007f;00010000000000000000008c";41;4;3;
00030000000000000000009e;PUB-0158;000100000000000000000076;2026-07-13 19:12:00;public;Savez-vous que la mousse indique un air tres humide ?;"[{""type"": ""image"", ""image_id"": 19, ""variante"": ""principale"", ""description"": ""Arbre couvert de mousse au soleil"", ""url"": ""https://picsum.photos/id/19/640/480.jpg?random=795""}]";"tourisme;etudes";;"00010000000000000000000d;00010000000000000000008d;000100000000000000000010;000100000000000000000025;00010000000000000000006b;000100000000000000000016;000100000000000000000063;000100000000000000000067;000100000000000000000022;000100000000000000000002;00010000000000000000001a;00010000000000000000006c;000100000000000000000053;00010000000000000000005c;000100000000000000000052;000100000000000000000074;000100000000000000000083;000100000000000000000069;000100000000000000000048;000100000000000000000055;000100000000000000000081;00010000000000000000008f;00010000000000000000002a;000100000000000000000080;000100000000000000000061;000100000000000000000062;00010000000000000000002e;000100000000000000000072;000100000000000000000040;00010000000000000000007c;000100000000000000000096;000100000000000000000017;000100000000000000000021";33;1;7;
00030000000000000000009f;PUB-0159;000100000000000000000014;2026-07-13 22:09:00;public;Un instant capture au hasard.;"[{""type"": ""image"", ""image_id"": 40, ""variante"": ""grayscale"", ""description"": ""Nez d'un felin"", ""url"": ""https://picsum.photos/id/40/640/480.jpg?grayscale&blur=2&random=848""}]";;;"000100000000000000000002;00010000000000000000000e;000100000000000000000064;000100000000000000000088;000100000000000000000074;000100000000000000000058;000100000000000000000087;00010000000000000000006c;000100000000000000000089;000100000000000000000023;00010000000000000000004c;00010000000000000000000f;00010000000000000000005d;000100000000000000000013;00010000000000000000008f;000100000000000000000063;00010000000000000000005c;000100000000000000000043;000100000000000000000055;00010000000000000000001d;000100000000000000000029;00010000000000000000002e;000100000000000000000092;000100000000000000000022;000100000000000000000070;000100000000000000000028;00010000000000000000008d;000100000000000000000009;000100000000000000000094;000100000000000000000085;00010000000000000000004d;000100000000000000000050;00010000000000000000003e;000100000000000000000027;000100000000000000000001";35;2;2;
0003000000000000000000a0;PUB-0160;00010000000000000000002a;2026-07-14 03:56:00;public;Photo du jour.;"[{""type"": ""image"", ""image_id"": 39, ""variante"": ""principale"", ""description"": ""Vieux vinyle qui tourne"", ""url"": ""https://picsum.photos/id/39/640/480.jpg?random=857""}]";"retro;cameroun237;histoire";;"000100000000000000000089;00010000000000000000006a;00010000000000000000008a;00010000000000000000006f;000100000000000000000005;000100000000000000000085;00010000000000000000003d;000100000000000000000053;00010000000000000000007a;00010000000000000000000b;000100000000000000000011;000100000000000000000075;000100000000000000000006;000100000000000000000040;000100000000000000000095;000100000000000000000033;00010000000000000000000c;00010000000000000000004e;000100000000000000000046;000100000000000000000028;000100000000000000000038;00010000000000000000006b;000100000000000000000008;000100000000000000000017;000100000000000000000094;000100000000000000000068;00010000000000000000005a;00010000000000000000002c;00010000000000000000005f;000100000000000000000007;000100000000000000000047;000100000000000000000050;000100000000000000000060;000100000000000000000084;00010000000000000000001d;000100000000000000000004;00010000000000000000004f;000100000000000000000065;000100000000000000000024;000100000000000000000061;000100000000000000000009;00010000000000000000001c;000100000000000000000023;000100000000000000000057;00010000000000000000004c;000100000000000000000002;000100000000000000000088;000100000000000000000064;000100000000000000000039;00010000000000000000008f;00010000000000000000006e;000100000000000000000072;00010000000000000000003e;000100000000000000000091;000100000000000000000096;00010000000000000000004b;000100000000000000000076;000100000000000000000012;00010000000000000000006c";59;2;5;
0003000000000000000000a1;PUB-0161;000100000000000000000084;2026-07-14 04:51:00;public;Un coin a visiter absolument.;"[{""type"": ""image"", ""image_id"": 13, ""variante"": ""grayscale"", ""description"": ""Plage de galets, mer tres bleue, arbre mort"", ""url"": ""https://picsum.photos/id/13/640/480.jpg?grayscale&blur=2&random=467""}]";tourisme;;"00010000000000000000001d;000100000000000000000036;00010000000000000000005d;000100000000000000000064;000100000000000000000046;000100000000000000000088;000100000000000000000004;00010000000000000000004d;000100000000000000000052;00010000000000000000000b;000100000000000000000077;000100000000000000000035;00010000000000000000005b;000100000000000000000061;00010000000000000000007e;000100000000000000000083;000100000000000000000094";17;1;2;
0003000000000000000000a2;PUB-0162;000100000000000000000041;2026-07-14 11:23:00;public;Pause bien meritee.;"[{""type"": ""image"", ""image_id"": 8, ""variante"": ""principale"", ""description"": ""Ordinateur laisse ouvert sur le bureau"", ""url"": ""https://picsum.photos/id/8/640/480.jpg?random=883""}]";travail;;"00010000000000000000003a;000100000000000000000094;000100000000000000000042;000100000000000000000005;000100000000000000000058;00010000000000000000008e;00010000000000000000000c;000100000000000000000024;000100000000000000000070;000100000000000000000001;00010000000000000000002c;000100000000000000000047;000100000000000000000026;00010000000000000000003c;000100000000000000000018;00010000000000000000005c;000100000000000000000089;000100000000000000000057;000100000000000000000087;000100000000000000000049";20;3;4;
0003000000000000000000a3;PUB-0163;000100000000000000000050;2026-07-14 11:56:00;public;Bonjour a tous, belle journee a vous !;"[{""type"": ""image"", ""image_id"": 6, ""variante"": ""principale"", ""description"": ""Un verre d'eau s'ajoute au bureau"", ""url"": ""https://picsum.photos/id/6/640/480.jpg?random=417""}]";"cafe;bureau";;"000100000000000000000051;000100000000000000000028;00010000000000000000000b;00010000000000000000003b;000100000000000000000019;000100000000000000000092;000100000000000000000072;000100000000000000000077;00010000000000000000007a;00010000000000000000004a;00010000000000000000008a;000100000000000000000071;00010000000000000000005e;00010000000000000000005f";14;2;0;
0003000000000000000000a4;PUB-0164;000100000000000000000086;2026-07-14 19:01:00;public;Coup de coeur du jour.;"[{""type"": ""image"", ""image_id"": 21, ""variante"": ""grayscale"", ""description"": ""Chaussure blanche a talon pour soiree"", ""url"": ""https://picsum.photos/id/21/640/480.jpg?grayscale&blur=2&random=730""}]";mode;;"000100000000000000000084;00010000000000000000006d;000100000000000000000045;000100000000000000000087;000100000000000000000029;000100000000000000000034;000100000000000000000001;000100000000000000000081;000100000000000000000093;000100000000000000000022;000100000000000000000052;00010000000000000000008e;000100000000000000000066;000100000000000000000096;000100000000000000000047;00010000000000000000001c;00010000000000000000006c;000100000000000000000092;00010000000000000000003f;000100000000000000000039;00010000000000000000002c;00010000000000000000006e;000100000000000000000004;00010000000000000000005f;000100000000000000000053;00010000000000000000002f;00010000000000000000005d;000100000000000000000088;000100000000000000000031;00010000000000000000005c;000100000000000000000050;000100000000000000000061;000100000000000000000024;000100000000000000000016;00010000000000000000003b;000100000000000000000036;000100000000000000000085;00010000000000000000003e;000100000000000000000026;000100000000000000000043;00010000000000000000001b;00010000000000000000000d;000100000000000000000082;000100000000000000000019;00010000000000000000005a;000100000000000000000090;000100000000000000000032;000100000000000000000091;000100000000000000000018;00010000000000000000004c";50;7;3;
0003000000000000000000a5;PUB-0165;000100000000000000000086;2026-07-15 09:50:00;public;Juste comme ca.;"[{""type"": ""image"", ""image_id"": 40, ""variante"": ""principale"", ""description"": ""Nez d'un felin"", ""url"": ""https://picsum.photos/id/40/640/480.jpg?random=618""}]";cameroun237;;"000100000000000000000017;000100000000000000000060;000100000000000000000018;000100000000000000000089;000100000000000000000094;000100000000000000000078;00010000000000000000008c;000100000000000000000081;000100000000000000000027;00010000000000000000004c;000100000000000000000026;000100000000000000000062;00010000000000000000005d;000100000000000000000058;000100000000000000000050;00010000000000000000006b;000100000000000000000006;00010000000000000000006c;000100000000000000000028;00010000000000000000003d;000100000000000000000023;000100000000000000000076;00010000000000000000008a;000100000000000000000013;00010000000000000000001d;000100000000000000000054;000100000000000000000082;000100000000000000000010;00010000000000000000003a;000100000000000000000088;000100000000000000000041;00010000000000000000004b;000100000000000000000004;000100000000000000000014;000100000000000000000072;000100000000000000000016;00010000000000000000001e;00010000000000000000007b;000100000000000000000057;00010000000000000000006a;00010000000000000000004a;000100000000000000000008;000100000000000000000005;00010000000000000000005b;000100000000000000000069;000100000000000000000066;00010000000000000000008b;000100000000000000000037;000100000000000000000029;00010000000000000000008f";50;4;12;
0003000000000000000000a6;PUB-0166;00010000000000000000005d;2026-07-16 02:49:00;amis;Une ambiance pour deux.;"[{""type"": ""image"", ""image_id"": 14, ""variante"": ""principale"", ""description"": ""Cailloux dans l'eau, maree haute"", ""url"": ""https://picsum.photos/id/14/640/480.jpg?random=81""}]";;;"000100000000000000000074;00010000000000000000000f;00010000000000000000008f;000100000000000000000048;000100000000000000000079;000100000000000000000096;000100000000000000000053;000100000000000000000043;000100000000000000000013;000100000000000000000073;00010000000000000000006d;000100000000000000000081;000100000000000000000051;000100000000000000000034;000100000000000000000088;000100000000000000000014;00010000000000000000008d";17;0;4;
0003000000000000000000a7;PUB-0167;000100000000000000000014;2026-07-16 11:49:00;public;Cette image raconte un moment du passe.;"[{""type"": ""image"", ""image_id"": 44, ""variante"": ""principale"", ""description"": ""Plage en noir et blanc, baigneurs"", ""url"": ""https://picsum.photos/id/44/640/480.jpg?random=81""}]";;;"000100000000000000000075;000100000000000000000037;000100000000000000000078;000100000000000000000085;000100000000000000000011;00010000000000000000005c;000100000000000000000092;000100000000000000000054;000100000000000000000080;00010000000000000000000f;00010000000000000000004f;000100000000000000000060;000100000000000000000084;000100000000000000000065;00010000000000000000002c;000100000000000000000069;000100000000000000000095;000100000000000000000083;000100000000000000000045;000100000000000000000073;00010000000000000000006b;000100000000000000000036;00010000000000000000008a;000100000000000000000003;000100000000000000000070;000100000000000000000015;00010000000000000000007c;00010000000000000000007f;000100000000000000000059;00010000000000000000003f;000100000000000000000035;00010000000000000000000b;00010000000000000000007d;000100000000000000000020;00010000000000000000004d;000100000000000000000094;00010000000000000000007a;00010000000000000000000e;000100000000000000000019;00010000000000000000008d;000100000000000000000052;000100000000000000000066;000100000000000000000057;00010000000000000000008c;000100000000000000000004;00010000000000000000006e;000100000000000000000088";47;2;11;
0003000000000000000000a8;PUB-0168;000100000000000000000028;2026-07-16 13:56:00;public;Un instant capture au hasard.;"[{""type"": ""image"", ""image_id"": 45, ""variante"": ""grayscale"", ""description"": ""Plaque d'immatriculation en ecriture etrangere"", ""url"": ""https://picsum.photos/id/45/640/480.jpg?grayscale&blur=2&random=919""}]";cameroun237;;"00010000000000000000008d;00010000000000000000001a;000100000000000000000029;000100000000000000000093;00010000000000000000008c;000100000000000000000087;000100000000000000000065;000100000000000000000084;000100000000000000000023;000100000000000000000007;00010000000000000000007f;000100000000000000000002;000100000000000000000068";13;1;3;
0003000000000000000000a9;PUB-0169;000100000000000000000014;2026-07-16 19:09:00;amis;Photo du jour.;"[{""type"": ""image"", ""image_id"": 10, ""variante"": ""principale"", ""description"": ""Foret de sapins, montagne au loin"", ""url"": ""https://picsum.photos/id/10/640/480.jpg?random=558""}]";nature;;"00010000000000000000000a;000100000000000000000020;00010000000000000000000d;000100000000000000000076;000100000000000000000023;00010000000000000000003a;00010000000000000000007d;000100000000000000000027;000100000000000000000026;000100000000000000000065;00010000000000000000003d;00010000000000000000003b;000100000000000000000048;000100000000000000000084;000100000000000000000071;00010000000000000000004f;000100000000000000000093;00010000000000000000000c;000100000000000000000040;000100000000000000000052;000100000000000000000085;00010000000000000000006d;000100000000000000000089;00010000000000000000002b;00010000000000000000003c;000100000000000000000043;000100000000000000000050;000100000000000000000036;000100000000000000000070;000100000000000000000044;000100000000000000000066;00010000000000000000005f;00010000000000000000007a;00010000000000000000001e;00010000000000000000001a;00010000000000000000002d;00010000000000000000002f;00010000000000000000005a;00010000000000000000008b;000100000000000000000002;000100000000000000000068;000100000000000000000080;000100000000000000000091;000100000000000000000095;000100000000000000000060;000100000000000000000094;000100000000000000000064;000100000000000000000017;000100000000000000000056;00010000000000000000001d;000100000000000000000069;00010000000000000000007f;00010000000000000000002c";53;0;5;
0003000000000000000000aa;PUB-0170;000100000000000000000028;2026-07-17 00:11:00;public;Inspiration mode de la semaine.;"[{""type"": ""image"", ""image_id"": 31, ""variante"": ""principale"", ""description"": ""Chaussures et jambes d'une femme"", ""url"": ""https://picsum.photos/id/31/640/480.jpg?random=383""}]";"soiree;mode;retro";;"000100000000000000000053;000100000000000000000072;000100000000000000000009;00010000000000000000005d;000100000000000000000021;000100000000000000000018;000100000000000000000088;00010000000000000000007c;00010000000000000000003a;000100000000000000000086;000100000000000000000048;000100000000000000000049;000100000000000000000045;00010000000000000000000c;000100000000000000000051;000100000000000000000060;000100000000000000000084;000100000000000000000037;00010000000000000000001b;000100000000000000000014;000100000000000000000090;000100000000000000000011;000100000000000000000029;000100000000000000000073;00010000000000000000003f;00010000000000000000007b;000100000000000000000007;000100000000000000000055;000100000000000000000077;00010000000000000000005b;00010000000000000000000e;000100000000000000000062;000100000000000000000083;00010000000000000000001e;000100000000000000000054;000100000000000000000067;00010000000000000000002b;00010000000000000000006e;00010000000000000000008f;00010000000000000000001a;000100000000000000000035;000100000000000000000046;00010000000000000000008e;00010000000000000000000f;000100000000000000000095;000100000000000000000052;00010000000000000000007a;000100000000000000000034";48;8;12;
0003000000000000000000ab;PUB-0171;000100000000000000000022;2026-07-17 01:18:00;public;Une session de travail sans interruption.;"[{""type"": ""image"", ""image_id"": 24, ""variante"": ""grayscale"", ""description"": ""Bible ouverte"", ""url"": ""https://picsum.photos/id/24/640/480.jpg?grayscale&blur=2&random=921""}]";priere;;"00010000000000000000000a;000100000000000000000072;000100000000000000000075;000100000000000000000074;00010000000000000000008b;00010000000000000000000e;000100000000000000000026;00010000000000000000003d;00010000000000000000004f;000100000000000000000046;00010000000000000000005d;00010000000000000000006f;000100000000000000000085;00010000000000000000004c;000100000000000000000045;00010000000000000000006b;00010000000000000000007b;00010000000000000000004d;000100000000000000000007;00010000000000000000008f;00010000000000000000006e;000100000000000000000092;00010000000000000000007c;000100000000000000000028;00010000000000000000006a;000100000000000000000003;000100000000000000000009;000100000000000000000039;00010000000000000000001c;000100000000000000000012;000100000000000000000050;00010000000000000000002a;00010000000000000000003f;00010000000000000000007a;000100000000000000000063;000100000000000000000041;000100000000000000000042;000100000000000000000056;00010000000000000000001b;000100000000000000000010;00010000000000000000002f;000100000000000000000089";42;2;7;
0003000000000000000000ac;PUB-0172;00010000000000000000002a;2026-07-17 13:36:00;amis;Juste comme ca.;"[{""type"": ""image"", ""image_id"": 42, ""variante"": ""principale"", ""description"": ""Table de snack, deux cafes et un telephone"", ""url"": ""https://picsum.photos/id/42/640/480.jpg?random=68""}]";"focus;cafe";;"00010000000000000000002b;000100000000000000000026;000100000000000000000072;00010000000000000000003d;00010000000000000000001b;000100000000000000000084;000100000000000000000066;000100000000000000000037;00010000000000000000000a;000100000000000000000023;000100000000000000000017;000100000000000000000056;000100000000000000000060;00010000000000000000004f;000100000000000000000096;00010000000000000000003c;000100000000000000000087;00010000000000000000002e;00010000000000000000004e;000100000000000000000018;000100000000000000000062;000100000000000000000061;000100000000000000000009;000100000000000000000048;000100000000000000000085;000100000000000000000052;00010000000000000000008a;000100000000000000000021;000100000000000000000046;000100000000000000000020;00010000000000000000004c";31;0;6;
0003000000000000000000ad;PUB-0173;000100000000000000000084;2026-07-17 17:24:00;public;Curieux de savoir comment ca marche.;"[{""type"": ""image"", ""image_id"": 36, ""variante"": ""principale"", ""description"": ""Piece detachee d'un appareil electronique"", ""url"": ""https://picsum.photos/id/36/640/480.jpg?random=243""}]";"innovation;tech";;"000100000000000000000078;000100000000000000000036;00010000000000000000004d;00010000000000000000004b;000100000000000000000063;000100000000000000000079;000100000000000000000042;000100000000000000000064;00010000000000000000002e;000100000000000000000020;000100000000000000000059;00010000000000000000005c;000100000000000000000049;000100000000000000000016;00010000000000000000007d;000100000000000000000045;00010000000000000000001e;00010000000000000000006d;000100000000000000000011;000100000000000000000072;000100000000000000000001;000100000000000000000057;000100000000000000000002;00010000000000000000007a;000100000000000000000015;000100000000000000000073;000100000000000000000089;00010000000000000000000a;000100000000000000000090;000100000000000000000056;00010000000000000000000d;000100000000000000000034;00010000000000000000008a;000100000000000000000047;00010000000000000000007e;000100000000000000000053;00010000000000000000006b;000100000000000000000025;000100000000000000000077;000100000000000000000086;000100000000000000000065;000100000000000000000062;000100000000000000000027;000100000000000000000024;000100000000000000000096;00010000000000000000003e;000100000000000000000032;00010000000000000000005a;000100000000000000000008;00010000000000000000005b;00010000000000000000004c;000100000000000000000021;000100000000000000000048;00010000000000000000001b;00010000000000000000008c;00010000000000000000003f;00010000000000000000003a;000100000000000000000070;000100000000000000000004";59;3;11;
0003000000000000000000ae;PUB-0174;00010000000000000000006b;2026-07-18 07:55:00;public;Mon kit de travail au quotidien.;"[{""type"": ""image"", ""image_id"": 26, ""variante"": ""principale"", ""description"": ""Telephone, montre, casque, sac : effets personnels"", ""url"": ""https://picsum.photos/id/26/640/480.jpg?random=319""}]";"innovation;enspd";;"000100000000000000000021;00010000000000000000008b;000100000000000000000068;00010000000000000000004a;00010000000000000000003e;000100000000000000000034;000100000000000000000008;000100000000000000000027;00010000000000000000006e;00010000000000000000005a;000100000000000000000095;000100000000000000000063;000100000000000000000030;00010000000000000000001e;000100000000000000000090;000100000000000000000031";16;3;3;
0003000000000000000000af;PUB-0175;000100000000000000000081;2026-07-18 11:29:00;amis;Destination a mettre sur votre liste.;"[{""type"": ""image"", ""image_id"": 13, ""variante"": ""grayscale"", ""description"": ""Plage de galets, mer tres bleue, arbre mort"", ""url"": ""https://picsum.photos/id/13/640/480.jpg?grayscale&blur=2&random=459""}]";tourisme;;"000100000000000000000020;000100000000000000000061;00010000000000000000006b;00010000000000000000006a;000100000000000000000070;000100000000000000000014;000100000000000000000001;000100000000000000000024;000100000000000000000051;000100000000000000000065;00010000000000000000003e;000100000000000000000048;00010000000000000000002d;000100000000000000000009;000100000000000000000023;000100000000000000000021;000100000000000000000088;000100000000000000000039;000100000000000000000045;00010000000000000000000b;000100000000000000000013;000100000000000000000036;00010000000000000000005d;000100000000000000000085;00010000000000000000007d;000100000000000000000037;000100000000000000000047;00010000000000000000001d;000100000000000000000073;000100000000000000000080;00010000000000000000003f;00010000000000000000002e";32;2;0;
0003000000000000000000b0;PUB-0176;000100000000000000000084;2026-07-18 12:11:00;public;Photo du jour.;"[{""type"": ""image"", ""image_id"": 41, ""variante"": ""principale"", ""description"": ""Goutte d'eau sur une surface"", ""url"": ""https://picsum.photos/id/41/640/480.jpg?random=509""}]";"montagne;foret";;"000100000000000000000074;000100000000000000000013;000100000000000000000054;000100000000000000000027;00010000000000000000004e;000100000000000000000047;000100000000000000000068;00010000000000000000001f;00010000000000000000004c;000100000000000000000007;00010000000000000000002b;000100000000000000000037;00010000000000000000003f;00010000000000000000005a";14;4;0;
0003000000000000000000b1;PUB-0177;000100000000000000000072;2026-07-19 02:10:00;public;Une ambiance pour deux.;"[{""type"": ""image"", ""image_id"": 14, ""variante"": ""principale"", ""description"": ""Cailloux dans l'eau, maree haute"", ""url"": ""https://picsum.photos/id/14/640/480.jpg?random=931""}]";"voyage;cameroun237";;"000100000000000000000066;00010000000000000000005d;000100000000000000000070;00010000000000000000004f;000100000000000000000024;000100000000000000000061;00010000000000000000000e;00010000000000000000001d;00010000000000000000008e";9;0;1;
0003000000000000000000b2;PUB-0178;000100000000000000000042;2026-07-19 08:01:00;prive;Mon recit de randonnee, c'etait intense.;"[{""type"": ""image"", ""image_id"": 15, ""variante"": ""principale"", ""description"": ""Chute d'eau, rochers verdoyants et glissants"", ""url"": ""https://picsum.photos/id/15/640/480.jpg?random=535""}]";"foret;aventure";;"000100000000000000000021;000100000000000000000063;000100000000000000000038;000100000000000000000012;00010000000000000000005d;000100000000000000000095;000100000000000000000057;000100000000000000000092;000100000000000000000029;00010000000000000000002f;00010000000000000000007e;000100000000000000000072;000100000000000000000062;000100000000000000000045;000100000000000000000018;00010000000000000000004e;00010000000000000000000c;000100000000000000000007;000100000000000000000094;000100000000000000000054;000100000000000000000001;00010000000000000000002e;000100000000000000000061";23;0;2;
0003000000000000000000b3;PUB-0179;000100000000000000000028;2026-07-19 14:22:00;public;Photo du jour.;"[{""type"": ""image"", ""image_id"": 39, ""variante"": ""grayscale"", ""description"": ""Vieux vinyle qui tourne"", ""url"": ""https://picsum.photos/id/39/640/480.jpg?grayscale&blur=2&random=199""}]";histoire;;"000100000000000000000037;000100000000000000000047;00010000000000000000004b;000100000000000000000043;00010000000000000000008e;000100000000000000000068;00010000000000000000007d;000100000000000000000025;000100000000000000000030;00010000000000000000008a;00010000000000000000008b;00010000000000000000003c;000100000000000000000001;00010000000000000000004e;00010000000000000000007a;00010000000000000000003f;00010000000000000000003d;000100000000000000000011;000100000000000000000042;00010000000000000000005e;000100000000000000000048;000100000000000000000062;00010000000000000000005f;000100000000000000000060;00010000000000000000005b;00010000000000000000000b;000100000000000000000031;000100000000000000000059;000100000000000000000087";29;2;4;
0003000000000000000000b4;PUB-0180;00010000000000000000008e;2026-07-19 16:41:00;public;Le genre d'endroit ou l'on se promet des choses.;"[{""type"": ""image"", ""image_id"": 28, ""variante"": ""grayscale"", ""description"": ""Arbre et ruisseau sur des pierres"", ""url"": ""https://picsum.photos/id/28/640/480.jpg?grayscale&blur=2&random=265""}]";"cameroun237;montagne";;"00010000000000000000005c;000100000000000000000018;00010000000000000000001e;000100000000000000000043;000100000000000000000076;000100000000000000000087;000100000000000000000085;000100000000000000000078;000100000000000000000052;000100000000000000000037;000100000000000000000011;000100000000000000000023;000100000000000000000003;00010000000000000000004b;000100000000000000000004;000100000000000000000053;00010000000000000000004a;00010000000000000000003f;000100000000000000000071;00010000000000000000007f;000100000000000000000070;00010000000000000000006d;00010000000000000000000d;000100000000000000000042;000100000000000000000019;000100000000000000000007;00010000000000000000005a;000100000000000000000044;000100000000000000000067;000100000000000000000030;000100000000000000000041;00010000000000000000007c;000100000000000000000008;000100000000000000000082;00010000000000000000005d;00010000000000000000007b;000100000000000000000045;00010000000000000000003e;000100000000000000000020;00010000000000000000000b;000100000000000000000028;00010000000000000000001b;000100000000000000000088;00010000000000000000006e;00010000000000000000002a";45;0;1;
0003000000000000000000b5;PUB-0181;000100000000000000000053;2026-07-20 09:03:00;public;Un instant capture au hasard.;"[{""type"": ""image"", ""image_id"": 25, ""variante"": ""grayscale"", ""description"": ""Branches eclairees par un lever de soleil"", ""url"": ""https://picsum.photos/id/25/640/480.jpg?grayscale&blur=2&random=613""}]";;;"000100000000000000000070;00010000000000000000007d;00010000000000000000008a;00010000000000000000006b;00010000000000000000002c;00010000000000000000001b;000100000000000000000004;00010000000000000000007e";8;0;2;
0003000000000000000000b6;PUB-0182;000100000000000000000047;2026-07-20 15:36:00;public;Avancer seul n'est pas etre perdu.;"[{""type"": ""image"", ""image_id"": 22, ""variante"": ""principale"", ""description"": ""Homme qui marche dans la rue (noir et blanc)"", ""url"": ""https://picsum.photos/id/22/640/480.jpg?random=102""}]";"philo;viedevie";;"000100000000000000000019;00010000000000000000000c;000100000000000000000069;000100000000000000000088;000100000000000000000053;00010000000000000000006e;00010000000000000000004f;000100000000000000000021;000100000000000000000056;000100000000000000000076;00010000000000000000000e;00010000000000000000006a;00010000000000000000008e;000100000000000000000001;000100000000000000000025;00010000000000000000006f;000100000000000000000096";17;1;1;
0003000000000000000000b7;PUB-0183;000100000000000000000026;2026-07-20 21:54:00;amis;Un arbre ancien, un vrai livre de science.;"[{""type"": ""image"", ""image_id"": 19, ""variante"": ""principale"", ""description"": ""Arbre couvert de mousse au soleil"", ""url"": ""https://picsum.photos/id/19/640/480.jpg?random=424""}]";;;"000100000000000000000013;000100000000000000000061;000100000000000000000045;00010000000000000000002f;000100000000000000000034;000100000000000000000004;000100000000000000000069;000100000000000000000009;00010000000000000000000e;000100000000000000000031;000100000000000000000033;00010000000000000000008e;00010000000000000000008d;000100000000000000000082;000100000000000000000070;000100000000000000000057;000100000000000000000087;000100000000000000000005;000100000000000000000055;000100000000000000000024;00010000000000000000002d;00010000000000000000004b;000100000000000000000060;00010000000000000000000d;00010000000000000000007f";25;0;2;
0003000000000000000000b8;PUB-0184;000100000000000000000020;2026-07-21 14:09:00;public;Ce chemin me rappelle un film d'horreur.;"[{""type"": ""image"", ""image_id"": 17, ""variante"": ""principale"", ""description"": ""Chemin trace dans une foret de sapins"", ""url"": ""https://picsum.photos/id/17/640/480.jpg?random=156""}]";"nature;tourisme";;"000100000000000000000069;00010000000000000000006a;00010000000000000000007c;00010000000000000000000a;00010000000000000000001b;000100000000000000000052;000100000000000000000014;000100000000000000000043;000100000000000000000053;000100000000000000000026;000100000000000000000005;000100000000000000000019;000100000000000000000068;00010000000000000000006e;000100000000000000000041;000100000000000000000036;000100000000000000000086;00010000000000000000008d;000100000000000000000022;000100000000000000000024;000100000000000000000083;000100000000000000000049;00010000000000000000008c;000100000000000000000080;00010000000000000000002a;00010000000000000000001e;000100000000000000000071;00010000000000000000004d;000100000000000000000011;000100000000000000000018;000100000000000000000057;000100000000000000000017;000100000000000000000007;000100000000000000000031;000100000000000000000032;000100000000000000000012;000100000000000000000055;000100000000000000000004;00010000000000000000000d;000100000000000000000056;000100000000000000000060;000100000000000000000050;000100000000000000000062;000100000000000000000006;000100000000000000000093;00010000000000000000000f;000100000000000000000063;000100000000000000000092;000100000000000000000084;000100000000000000000046;000100000000000000000029;000100000000000000000067;00010000000000000000001d;00010000000000000000004b;000100000000000000000070;00010000000000000000008b;00010000000000000000007d;000100000000000000000054";58;7;2;
0003000000000000000000b9;PUB-0185;000100000000000000000036;2026-07-21 14:40:00;public;Comment a-t-on construit ca ?;"[{""type"": ""image"", ""image_id"": 43, ""variante"": ""principale"", ""description"": ""Pont de Manhattan (noir et blanc)"", ""url"": ""https://picsum.photos/id/43/640/480.jpg?random=981""}]";"cameroun237;voyage";;"000100000000000000000062;00010000000000000000001e;000100000000000000000038;000100000000000000000029;000100000000000000000040";5;1;1;
0003000000000000000000ba;PUB-0186;000100000000000000000067;2026-07-21 15:44:00;public;Concentre sur ma tache, ne pas deranger.;"[{""type"": ""image"", ""image_id"": 5, ""variante"": ""grayscale"", ""description"": ""Le cafe est bu"", ""url"": ""https://picsum.photos/id/5/640/480.jpg?grayscale&blur=2&random=222""}]";"focus;ingenieur";;"000100000000000000000049;000100000000000000000056;000100000000000000000021;000100000000000000000038;00010000000000000000004e";5;0;0;
0003000000000000000000bb;PUB-0187;00010000000000000000008e;2026-07-21 23:48:00;public;Pause bien meritee.;"[{""type"": ""image"", ""image_id"": 8, ""variante"": ""grayscale"", ""description"": ""Ordinateur laisse ouvert sur le bureau"", ""url"": ""https://picsum.photos/id/8/640/480.jpg?grayscale&blur=2&random=261""}]";"focus;travail;bureau";;"00010000000000000000004d;000100000000000000000072;00010000000000000000006e;000100000000000000000002;00010000000000000000002d;000100000000000000000044;000100000000000000000084;00010000000000000000006f;000100000000000000000094;000100000000000000000032;000100000000000000000045;000100000000000000000092;00010000000000000000000e;00010000000000000000005c;000100000000000000000040;000100000000000000000070;000100000000000000000075;00010000000000000000007a;00010000000000000000003f;000100000000000000000047;00010000000000000000005d;00010000000000000000002e;000100000000000000000050;00010000000000000000003d;00010000000000000000006b;00010000000000000000001e;000100000000000000000080;000100000000000000000034;00010000000000000000007d;000100000000000000000064;00010000000000000000000c;00010000000000000000002b;000100000000000000000059;000100000000000000000017;00010000000000000000008c;000100000000000000000090;000100000000000000000030;000100000000000000000069;000100000000000000000076;000100000000000000000049";40;1;1;
0003000000000000000000bc;PUB-0188;00010000000000000000002a;2026-07-22 11:45:00;public;Juste comme ca.;"[{""type"": ""image"", ""image_id"": 18, ""variante"": ""grayscale"", ""description"": ""Hautes herbes dans un champ"", ""url"": ""https://picsum.photos/id/18/640/480.jpg?grayscale&blur=2&random=153""}]";"tourisme;montagne";;"000100000000000000000065;000100000000000000000029;000100000000000000000060;000100000000000000000041;000100000000000000000084;000100000000000000000010;00010000000000000000006c;000100000000000000000090;00010000000000000000004e;00010000000000000000001b;000100000000000000000046;00010000000000000000007b;000100000000000000000094;00010000000000000000003a;000100000000000000000093;000100000000000000000069;00010000000000000000008a;000100000000000000000095;00010000000000000000004b;000100000000000000000073;000100000000000000000047;000100000000000000000066;000100000000000000000039;00010000000000000000005e;000100000000000000000085";25;4;5;
0003000000000000000000bd;PUB-0189;000100000000000000000028;2026-07-23 22:06:00;public;Curieux de savoir comment ca marche.;"[{""type"": ""image"", ""image_id"": 36, ""variante"": ""principale"", ""description"": ""Piece detachee d'un appareil electronique"", ""url"": ""https://picsum.photos/id/36/640/480.jpg?random=447""}]";enspd;;"000100000000000000000091;00010000000000000000006a;000100000000000000000021;00010000000000000000008f;000100000000000000000058;000100000000000000000041;000100000000000000000029;00010000000000000000004c;000100000000000000000035;000100000000000000000065;000100000000000000000080;000100000000000000000027;00010000000000000000004e;00010000000000000000001b;000100000000000000000092;00010000000000000000007b;000100000000000000000015;00010000000000000000002a;000100000000000000000077;00010000000000000000006d;000100000000000000000034;00010000000000000000003b";22;3;2;
0003000000000000000000be;PUB-0190;000100000000000000000042;2026-07-23 23:22:00;public;On pourrait celebrer une union ici.;"[{""type"": ""image"", ""image_id"": 13, ""variante"": ""grayscale"", ""description"": ""Plage de galets, mer tres bleue, arbre mort"", ""url"": ""https://picsum.photos/id/13/640/480.jpg?grayscale&blur=2&random=163""}]";"plage;cameroun237;montagne";;"00010000000000000000004b;00010000000000000000006b;00010000000000000000008e;000100000000000000000056;000100000000000000000082;00010000000000000000006f;000100000000000000000040;000100000000000000000007;000100000000000000000095;00010000000000000000001a;000100000000000000000066;00010000000000000000008b;000100000000000000000026;00010000000000000000004d;00010000000000000000007a;00010000000000000000003d;000100000000000000000014;00010000000000000000006c;000100000000000000000019;00010000000000000000005c;00010000000000000000003a;000100000000000000000016;00010000000000000000000d;000100000000000000000033;000100000000000000000074";25;1;6;
0003000000000000000000bf;PUB-0191;000100000000000000000044;2026-07-24 00:20:00;public;Un instant capture au hasard.;"[{""type"": ""image"", ""image_id"": 40, ""variante"": ""principale"", ""description"": ""Nez d'un felin"", ""url"": ""https://picsum.photos/id/40/640/480.jpg?random=814""}]";"cameroun237;tourisme;nature";;"000100000000000000000078;000100000000000000000017;000100000000000000000008;00010000000000000000003f;000100000000000000000006;000100000000000000000081;000100000000000000000036;00010000000000000000007b;000100000000000000000022;000100000000000000000063;000100000000000000000010;00010000000000000000007a;00010000000000000000002b;000100000000000000000002;000100000000000000000019;000100000000000000000048;00010000000000000000008b;00010000000000000000006e;00010000000000000000007d;00010000000000000000008f";20;1;5;
0003000000000000000000c0;PUB-0192;000100000000000000000084;2026-07-24 07:33:00;public;Juste comme ca.;"[{""type"": ""image"", ""image_id"": 10, ""variante"": ""principale"", ""description"": ""Foret de sapins, montagne au loin"", ""url"": ""https://picsum.photos/id/10/640/480.jpg?random=274""}]";"plage;foret;montagne";;"000100000000000000000063;000100000000000000000047;000100000000000000000094;000100000000000000000036;00010000000000000000001f;000100000000000000000022;000100000000000000000020;00010000000000000000004a;000100000000000000000066";9;6;0;
0003000000000000000000c1;PUB-0193;000100000000000000000042;2026-07-24 09:14:00;public;Moment de lecture et de priere.;"[{""type"": ""image"", ""image_id"": 24, ""variante"": ""principale"", ""description"": ""Bible ouverte"", ""url"": ""https://picsum.photos/id/24/640/480.jpg?random=234""}]";"priere;reflexion;foi";;"000100000000000000000073;000100000000000000000067;000100000000000000000030;000100000000000000000054;000100000000000000000049;000100000000000000000025;00010000000000000000002b;000100000000000000000065;00010000000000000000004d;00010000000000000000005a;000100000000000000000069;000100000000000000000035;000100000000000000000031;00010000000000000000001c;000100000000000000000077;000100000000000000000024;00010000000000000000004e;000100000000000000000003;000100000000000000000038;000100000000000000000095;000100000000000000000045;000100000000000000000015;000100000000000000000057;00010000000000000000000f;000100000000000000000018;000100000000000000000093;00010000000000000000008b;00010000000000000000005b;000100000000000000000076;000100000000000000000032;00010000000000000000005d;000100000000000000000026;00010000000000000000004a;00010000000000000000003b;00010000000000000000000c;000100000000000000000051;00010000000000000000007c;00010000000000000000003a;000100000000000000000058;000100000000000000000004;000100000000000000000072;000100000000000000000059;000100000000000000000048;00010000000000000000001d;000100000000000000000089";45;2;5;
0003000000000000000000c2;PUB-0194;000100000000000000000028;2026-07-24 11:09:00;public;Juste comme ca.;"[{""type"": ""image"", ""image_id"": 45, ""variante"": ""principale"", ""description"": ""Plaque d'immatriculation en ecriture etrangere"", ""url"": ""https://picsum.photos/id/45/640/480.jpg?random=963""}]";;;"000100000000000000000009;00010000000000000000001b;000100000000000000000065;00010000000000000000001c;00010000000000000000002d;00010000000000000000005b;000100000000000000000008;00010000000000000000001e;000100000000000000000068;000100000000000000000041;000100000000000000000047;000100000000000000000096;000100000000000000000015;000100000000000000000033;00010000000000000000003b;00010000000000000000003d;00010000000000000000008c;000100000000000000000086;000100000000000000000039;00010000000000000000007b;00010000000000000000006d;00010000000000000000007d";22;4;5;
0003000000000000000000c3;PUB-0195;00010000000000000000002a;2026-07-24 12:33:00;amis;Le chemin compte plus que l'arrivee.;"[{""type"": ""image"", ""image_id"": 27, ""variante"": ""grayscale"", ""description"": ""Homme au bord du gouffre regardant l'horizon"", ""url"": ""https://picsum.photos/id/27/640/480.jpg?grayscale&blur=2&random=749""}]";;;"000100000000000000000048;00010000000000000000008a;00010000000000000000001a;00010000000000000000004a;00010000000000000000000c;00010000000000000000008d;000100000000000000000045;000100000000000000000017;000100000000000000000010;000100000000000000000013;000100000000000000000071;000100000000000000000080;000100000000000000000039;00010000000000000000000a;000100000000000000000091;000100000000000000000042;000100000000000000000018;00010000000000000000001b;000100000000000000000068;000100000000000000000003;000100000000000000000093;000100000000000000000016;000100000000000000000064;000100000000000000000004;000100000000000000000007;00010000000000000000006e;000100000000000000000028;000100000000000000000055;000100000000000000000075;000100000000000000000078;000100000000000000000015;000100000000000000000074;000100000000000000000076;000100000000000000000005;000100000000000000000014;000100000000000000000090;000100000000000000000049;00010000000000000000006c;000100000000000000000037;00010000000000000000006f;000100000000000000000070;00010000000000000000008e;000100000000000000000035;000100000000000000000047;00010000000000000000007a;000100000000000000000061;000100000000000000000089;000100000000000000000051;00010000000000000000004f;000100000000000000000006;000100000000000000000020;000100000000000000000026;000100000000000000000088;00010000000000000000006d;000100000000000000000094;000100000000000000000022;000100000000000000000087;00010000000000000000002c;000100000000000000000027";59;0;8;
0003000000000000000000c4;PUB-0196;00010000000000000000007d;2026-07-25 04:54:00;public;On dirait une scene de film.;"[{""type"": ""image"", ""image_id"": 15, ""variante"": ""principale"", ""description"": ""Chute d'eau, rochers verdoyants et glissants"", ""url"": ""https://picsum.photos/id/15/640/480.jpg?random=134""}]";cameroun237;;;0;0;0;
0003000000000000000000c5;PUB-0197;00010000000000000000002a;2026-07-25 19:15:00;public;Une session de travail sans interruption.;"[{""type"": ""image"", ""image_id"": 3, ""variante"": ""principale"", ""description"": ""Le telephone en main"", ""url"": ""https://picsum.photos/id/3/640/480.jpg?random=461""}]";"tech;savoir";;"00010000000000000000006e;000100000000000000000010;00010000000000000000007c;000100000000000000000092;000100000000000000000019;00010000000000000000007e;00010000000000000000001a;000100000000000000000036;00010000000000000000008d;000100000000000000000063;000100000000000000000095;000100000000000000000015;000100000000000000000054;00010000000000000000007d;000100000000000000000090;000100000000000000000017;000100000000000000000080;00010000000000000000001e;00010000000000000000008f;000100000000000000000023;000100000000000000000088;000100000000000000000051;000100000000000000000078;000100000000000000000096;00010000000000000000006a;000100000000000000000003;000100000000000000000012;000100000000000000000027";28;1;7;
0003000000000000000000c6;PUB-0198;000100000000000000000014;2026-07-25 19:57:00;public;Un instant capture au hasard.;"[{""type"": ""image"", ""image_id"": 40, ""variante"": ""grayscale"", ""description"": ""Nez d'un felin"", ""url"": ""https://picsum.photos/id/40/640/480.jpg?grayscale&blur=2&random=882""}]";;;"000100000000000000000087;000100000000000000000090;000100000000000000000018;00010000000000000000004c;000100000000000000000019;000100000000000000000020;000100000000000000000023;00010000000000000000008a;000100000000000000000077;00010000000000000000004e;000100000000000000000053;000100000000000000000024;00010000000000000000007e;000100000000000000000015;000100000000000000000038;000100000000000000000071;00010000000000000000007b;000100000000000000000084;000100000000000000000060;00010000000000000000007f;000100000000000000000063;00010000000000000000004d;000100000000000000000070;000100000000000000000088;00010000000000000000001a;00010000000000000000004f;00010000000000000000000a;000100000000000000000091;000100000000000000000048;000100000000000000000066;00010000000000000000000b;000100000000000000000005;00010000000000000000008c;000100000000000000000041;000100000000000000000028;000100000000000000000050;00010000000000000000000f;000100000000000000000056;000100000000000000000032;000100000000000000000010;000100000000000000000079;00010000000000000000004b;000100000000000000000026;000100000000000000000017;000100000000000000000021;000100000000000000000054;000100000000000000000089;00010000000000000000006f;00010000000000000000002e;00010000000000000000006c";50;6;0;
0003000000000000000000c7;PUB-0199;000100000000000000000059;2026-07-25 22:12:00;amis;Tout est en place, on avance.;"[{""type"": ""image"", ""image_id"": 3, ""variante"": ""principale"", ""description"": ""Le telephone en main"", ""url"": ""https://picsum.photos/id/3/640/480.jpg?random=757""}]";;;"000100000000000000000016;000100000000000000000056;000100000000000000000038;000100000000000000000055;00010000000000000000000e;00010000000000000000006b;000100000000000000000070;000100000000000000000030;000100000000000000000065;000100000000000000000012;00010000000000000000006a;00010000000000000000008e";12;6;2;
0003000000000000000000c8;PUB-0200;000100000000000000000084;2026-07-26 03:14:00;public;La deadline est dans 5 minutes, tout va bien.;"[{""type"": ""image"", ""image_id"": 1, ""variante"": ""principale"", ""description"": ""Quelqu'un travaille sur l'ordinateur"", ""url"": ""https://picsum.photos/id/1/640/480.jpg?random=845""}]";"tech;cafe;travail";;"00010000000000000000002b;000100000000000000000053;00010000000000000000002d;000100000000000000000080;000100000000000000000050;000100000000000000000014;000100000000000000000001;000100000000000000000024;00010000000000000000005e;000100000000000000000049;00010000000000000000007d;000100000000000000000011;000100000000000000000078;000100000000000000000047;000100000000000000000087;00010000000000000000005c;00010000000000000000006e;000100000000000000000064;00010000000000000000008d;000100000000000000000082;000100000000000000000039;00010000000000000000000f;000100000000000000000004;000100000000000000000030;00010000000000000000000e;00010000000000000000004c;000100000000000000000051;00010000000000000000005a;00010000000000000000008e;00010000000000000000002c;000100000000000000000038;00010000000000000000003a;000100000000000000000094;000100000000000000000055;000100000000000000000034;00010000000000000000001b;00010000000000000000002f;000100000000000000000071;000100000000000000000085;000100000000000000000041;000100000000000000000026;000100000000000000000013;000100000000000000000018;000100000000000000000076;000100000000000000000052;00010000000000000000005d;00010000000000000000000c;00010000000000000000003b;000100000000000000000091;000100000000000000000032;000100000000000000000073;000100000000000000000012;000100000000000000000054;000100000000000000000070;000100000000000000000063;000100000000000000000060;00010000000000000000007f;000100000000000000000022;000100000000000000000031;000100000000000000000002";60;3;15;
0003000000000000000000c9;PUB-0201;000100000000000000000014;2026-07-26 07:04:00;amis;Une session de travail sans interruption.;"[{""type"": ""image"", ""image_id"": 2, ""variante"": ""principale"", ""description"": ""Le cahier est ouvert"", ""url"": ""https://picsum.photos/id/2/640/480.jpg?random=501""}]";"ecole;enspd";;"000100000000000000000017;00010000000000000000004d;000100000000000000000048;00010000000000000000001e;00010000000000000000003a;000100000000000000000002;000100000000000000000062;000100000000000000000084;00010000000000000000006d";9;1;0;
0003000000000000000000ca;PUB-0202;000100000000000000000014;2026-07-26 14:20:00;public;Photo du jour.;"[{""type"": ""image"", ""image_id"": 10, ""variante"": ""principale"", ""description"": ""Foret de sapins, montagne au loin"", ""url"": ""https://picsum.photos/id/10/640/480.jpg?random=293""}]";montagne;;"000100000000000000000085;000100000000000000000073;00010000000000000000001c;000100000000000000000002;000100000000000000000001;00010000000000000000006b;00010000000000000000006a;00010000000000000000008c;000100000000000000000010;000100000000000000000047;00010000000000000000001b;00010000000000000000007e;000100000000000000000024;000100000000000000000026;000100000000000000000093;00010000000000000000007a;000100000000000000000090;00010000000000000000002d;000100000000000000000033;000100000000000000000082;00010000000000000000001e;000100000000000000000021;00010000000000000000002e;000100000000000000000071";24;3;6;
0003000000000000000000cb;PUB-0203;00010000000000000000002a;2026-07-26 18:08:00;public;Juste comme ca.;"[{""type"": ""image"", ""image_id"": 16, ""variante"": ""principale"", ""description"": ""Tronc d'arbre sur une plage de pierres"", ""url"": ""https://picsum.photos/id/16/640/480.jpg?random=317""}]";"montagne;plage;foret";;"00010000000000000000003c;000100000000000000000025;00010000000000000000008f;000100000000000000000026;000100000000000000000030;00010000000000000000002e;000100000000000000000090;000100000000000000000028;00010000000000000000004a;000100000000000000000004;00010000000000000000008b;000100000000000000000049;00010000000000000000007a;000100000000000000000055;000100000000000000000094;000100000000000000000033;00010000000000000000005d;00010000000000000000004e;000100000000000000000009;000100000000000000000001;000100000000000000000047;000100000000000000000018;000100000000000000000005;00010000000000000000005e;000100000000000000000062;000100000000000000000048;000100000000000000000023;00010000000000000000003b;00010000000000000000004f;000100000000000000000068;00010000000000000000000f;00010000000000000000001e;000100000000000000000031;000100000000000000000073;000100000000000000000066;00010000000000000000000e;00010000000000000000005c;000100000000000000000078;000100000000000000000020;000100000000000000000091;000100000000000000000057;00010000000000000000008d;00010000000000000000006b;000100000000000000000065;000100000000000000000029;000100000000000000000019;00010000000000000000006a;00010000000000000000006c;00010000000000000000003a;000100000000000000000013";50;2;2;
0003000000000000000000cc;PUB-0204;000100000000000000000029;2026-07-26 21:30:00;public;Une session de travail sans interruption.;"[{""type"": ""image"", ""image_id"": 4, ""variante"": ""principale"", ""description"": ""On ecrit dans le cahier"", ""url"": ""https://picsum.photos/id/4/640/480.jpg?random=228""}]";savoir;;"000100000000000000000022;000100000000000000000002;000100000000000000000071;00010000000000000000004c;00010000000000000000001f;00010000000000000000005e;00010000000000000000007f;000100000000000000000090;00010000000000000000000b;000100000000000000000078;000100000000000000000088;00010000000000000000003f;000100000000000000000008;000100000000000000000021;00010000000000000000008c;000100000000000000000005;000100000000000000000013;000100000000000000000007;00010000000000000000004e;00010000000000000000001b";20;2;4;
0003000000000000000000cd;PUB-0205;000100000000000000000028;2026-07-26 22:45:00;public;Photo du jour.;"[{""type"": ""image"", ""image_id"": 23, ""variante"": ""principale"", ""description"": ""Trois fourchettes sur fond noir et blanc"", ""url"": ""https://picsum.photos/id/23/640/480.jpg?random=699""}]";"priere;viedevie";;"000100000000000000000040;00010000000000000000004f;000100000000000000000014;000100000000000000000057;000100000000000000000021;000100000000000000000084;000100000000000000000019;000100000000000000000045;00010000000000000000004b;00010000000000000000007a;00010000000000000000006a;000100000000000000000076;00010000000000000000008e;000100000000000000000092;00010000000000000000000a;00010000000000000000002e;000100000000000000000016;000100000000000000000091;00010000000000000000003b;000100000000000000000006;000100000000000000000064;00010000000000000000003a;000100000000000000000062;000100000000000000000087;000100000000000000000041;00010000000000000000008b";26;3;4;
0003000000000000000000ce;PUB-0206;000100000000000000000059;2026-07-27 01:27:00;prive;Oui oui, je travaille, tres intensement.;"[{""type"": ""image"", ""image_id"": 0, ""variante"": ""principale"", ""description"": ""Ordinateur portable blanc, tasse de cafe, cahier et telephone"", ""url"": ""https://picsum.photos/id/0/640/480.jpg?random=529""}]";"travail;ingenieur";;"00010000000000000000003b;000100000000000000000078;000100000000000000000090;00010000000000000000001e;000100000000000000000026;000100000000000000000019;000100000000000000000039;000100000000000000000073;000100000000000000000041;00010000000000000000003e;000100000000000000000069;000100000000000000000004;000100000000000000000052;000100000000000000000055;000100000000000000000053;00010000000000000000005a;000100000000000000000080;000100000000000000000061;00010000000000000000004f;000100000000000000000006;000100000000000000000048;000100000000000000000030;00010000000000000000004a;000100000000000000000074;000100000000000000000060;000100000000000000000001;00010000000000000000006c;000100000000000000000036;00010000000000000000004e;000100000000000000000038;000100000000000000000049;00010000000000000000008a;000100000000000000000007;000100000000000000000087;000100000000000000000027;00010000000000000000002e;000100000000000000000014;000100000000000000000043;00010000000000000000007a;000100000000000000000068;000100000000000000000046;000100000000000000000037;000100000000000000000002;000100000000000000000031;000100000000000000000009;00010000000000000000005f;000100000000000000000076;000100000000000000000032;00010000000000000000002b";49;0;6;
0003000000000000000000cf;PUB-0207;000100000000000000000086;2026-07-27 05:19:00;public;Photo du jour.;"[{""type"": ""image"", ""image_id"": 10, ""variante"": ""principale"", ""description"": ""Foret de sapins, montagne au loin"", ""url"": ""https://picsum.photos/id/10/640/480.jpg?random=769""}]";"plage;cameroun237;foret";;"000100000000000000000074;000100000000000000000046;000100000000000000000060;000100000000000000000072;00010000000000000000000c;000100000000000000000016;000100000000000000000067;000100000000000000000052;000100000000000000000025;000100000000000000000093;00010000000000000000006b;000100000000000000000018;00010000000000000000003a;00010000000000000000006c;000100000000000000000012;00010000000000000000004d;00010000000000000000000f;000100000000000000000024;00010000000000000000005c;000100000000000000000039;000100000000000000000006;000100000000000000000048;000100000000000000000019;00010000000000000000003e;00010000000000000000005d;000100000000000000000034;00010000000000000000004f;00010000000000000000007b;000100000000000000000015;00010000000000000000008f;00010000000000000000007a;00010000000000000000006d;000100000000000000000033;000100000000000000000026;000100000000000000000023;000100000000000000000027;00010000000000000000003b";37;0;7;
0003000000000000000000d0;PUB-0208;000100000000000000000059;2026-07-27 11:26:00;public;Apprenons de nos erreurs.;"[{""type"": ""image"", ""image_id"": 32, ""variante"": ""principale"", ""description"": ""Mur de prison gris avec un banc"", ""url"": ""https://picsum.photos/id/32/640/480.jpg?random=489""}]";"memoire;priere";;"000100000000000000000003;00010000000000000000008a;000100000000000000000049;000100000000000000000030;00010000000000000000003e;000100000000000000000025;000100000000000000000041;00010000000000000000002d;000100000000000000000037;00010000000000000000004e;000100000000000000000085;000100000000000000000002;000100000000000000000009;000100000000000000000047;000100000000000000000015;000100000000000000000076;000100000000000000000021;00010000000000000000004f;00010000000000000000001d";19;4;2;
0003000000000000000000d1;PUB-0209;00010000000000000000007e;2026-07-27 12:48:00;public;Un paysage qui apaise l'esprit.;"[{""type"": ""image"", ""image_id"": 11, ""variante"": ""principale"", ""description"": ""Foret ouverte, riviere, montagne"", ""url"": ""https://picsum.photos/id/11/640/480.jpg?random=804""}]";"foret;plage;montagne";;"000100000000000000000066;00010000000000000000001c;000100000000000000000054;00010000000000000000008a;000100000000000000000057;000100000000000000000051;000100000000000000000076;000100000000000000000049;000100000000000000000008;000100000000000000000063;00010000000000000000002d;000100000000000000000081;000100000000000000000061;000100000000000000000004;00010000000000000000002a;000100000000000000000048;00010000000000000000002b;00010000000000000000005f;000100000000000000000074;000100000000000000000010;00010000000000000000003e;000100000000000000000037;00010000000000000000001d;000100000000000000000055;000100000000000000000013;000100000000000000000050;000100000000000000000096;00010000000000000000002c;000100000000000000000092";29;7;4;
0003000000000000000000d2;PUB-0210;00010000000000000000008e;2026-07-27 13:22:00;prive;Oui oui, je travaille, tres intensement.;"[{""type"": ""image"", ""image_id"": 5, ""variante"": ""grayscale"", ""description"": ""Le cafe est bu"", ""url"": ""https://picsum.photos/id/5/640/480.jpg?grayscale&blur=2&random=740""}]";"bureau;travail";;"000100000000000000000016;000100000000000000000053;00010000000000000000008a;000100000000000000000024;000100000000000000000087;000100000000000000000064;00010000000000000000003a;00010000000000000000000c;000100000000000000000048;000100000000000000000006;000100000000000000000093;000100000000000000000070;000100000000000000000065;000100000000000000000030;000100000000000000000018;000100000000000000000072;000100000000000000000029;00010000000000000000001a;00010000000000000000007d;00010000000000000000004c;000100000000000000000085;00010000000000000000008b;00010000000000000000006b;000100000000000000000011;000100000000000000000004;000100000000000000000027;00010000000000000000008f;000100000000000000000035;00010000000000000000003c;000100000000000000000046";30;0;2;
0003000000000000000000d3;PUB-0211;000100000000000000000085;2026-07-27 17:39:00;public;Juste comme ca.;"[{""type"": ""image"", ""image_id"": 40, ""variante"": ""principale"", ""description"": ""Nez d'un felin"", ""url"": ""https://picsum.photos/id/40/640/480.jpg?random=454""}]";nature;;"00010000000000000000003e;00010000000000000000002e;000100000000000000000068;000100000000000000000062;000100000000000000000036;00010000000000000000007a;000100000000000000000002;000100000000000000000066;000100000000000000000039;000100000000000000000021;00010000000000000000005b";11;0;0;
0003000000000000000000d4;PUB-0212;000100000000000000000020;2026-07-27 19:11:00;public;Un instant capture au hasard.;"[{""type"": ""image"", ""image_id"": 40, ""variante"": ""principale"", ""description"": ""Nez d'un felin"", ""url"": ""https://picsum.photos/id/40/640/480.jpg?random=198""}]";"cameroun237;montagne";;"00010000000000000000003d;00010000000000000000002a;000100000000000000000082;00010000000000000000000c;00010000000000000000004f;00010000000000000000008a;00010000000000000000005d;000100000000000000000002;000100000000000000000031;000100000000000000000028;00010000000000000000006d;000100000000000000000019;00010000000000000000000d;00010000000000000000001c;000100000000000000000095;00010000000000000000003f;000100000000000000000040;000100000000000000000038;000100000000000000000061;00010000000000000000003b;00010000000000000000007f";21;1;4;
0003000000000000000000d5;PUB-0213;000100000000000000000041;2026-07-27 20:35:00;public;Romantique a souhait.;"[{""type"": ""image"", ""image_id"": 28, ""variante"": ""principale"", ""description"": ""Arbre et ruisseau sur des pierres"", ""url"": ""https://picsum.photos/id/28/640/480.jpg?random=697""}]";"montagne;voyage";;"000100000000000000000010;000100000000000000000001";2;1;0;
0003000000000000000000d6;PUB-0214;00010000000000000000007e;2026-07-28 00:12:00;public;Un petit composant, tout un monde derriere.;"[{""type"": ""image"", ""image_id"": 36, ""variante"": ""grayscale"", ""description"": ""Piece detachee d'un appareil electronique"", ""url"": ""https://picsum.photos/id/36/640/480.jpg?grayscale&blur=2&random=238""}]";"ingenieur;ecole;enspd";;"000100000000000000000096;000100000000000000000058;00010000000000000000006f;00010000000000000000001a;000100000000000000000061;000100000000000000000026;000100000000000000000030;000100000000000000000095;000100000000000000000092;000100000000000000000048;000100000000000000000080;000100000000000000000011;000100000000000000000085;00010000000000000000005f;00010000000000000000005b;000100000000000000000050;000100000000000000000001;000100000000000000000074;000100000000000000000025;00010000000000000000003b;000100000000000000000086;00010000000000000000004a;000100000000000000000066;000100000000000000000064;00010000000000000000002d;00010000000000000000005e;000100000000000000000067;00010000000000000000001c;000100000000000000000012;000100000000000000000060;00010000000000000000001e;00010000000000000000000b;000100000000000000000032;000100000000000000000054;000100000000000000000051;00010000000000000000003c;000100000000000000000072;000100000000000000000065;000100000000000000000045;000100000000000000000063;00010000000000000000000a;000100000000000000000084;00010000000000000000002b;000100000000000000000031;000100000000000000000091;000100000000000000000039;00010000000000000000007c;00010000000000000000006c;000100000000000000000020";49;1;7;
0003000000000000000000d7;PUB-0215;000100000000000000000059;2026-07-29 03:32:00;public;Qui est partant pour un diner ce week-end ?;"[{""type"": ""image"", ""image_id"": 7, ""variante"": ""principale"", ""description"": ""Affaires rangees, discussion sur tablette"", ""url"": ""https://picsum.photos/id/7/640/480.jpg?random=804""}]";"innovation;bureau;enspd";;"00010000000000000000001f;00010000000000000000004c;00010000000000000000005c;000100000000000000000033;00010000000000000000001b;000100000000000000000015;000100000000000000000075;000100000000000000000081";8;2;1;
0003000000000000000000d8;PUB-0216;000100000000000000000042;2026-07-29 15:20:00;public;Un arbre ancien, un vrai livre de science.;"[{""type"": ""image"", ""image_id"": 19, ""variante"": ""principale"", ""description"": ""Arbre couvert de mousse au soleil"", ""url"": ""https://picsum.photos/id/19/640/480.jpg?random=99""}]";"plage;nature";;"000100000000000000000059;00010000000000000000000f;00010000000000000000005a;00010000000000000000002e;00010000000000000000007a;00010000000000000000006d;000100000000000000000012;000100000000000000000021;000100000000000000000007;000100000000000000000029;000100000000000000000017;000100000000000000000054;00010000000000000000007c;000100000000000000000095;00010000000000000000006a;000100000000000000000013;000100000000000000000010;000100000000000000000028;000100000000000000000022;00010000000000000000003f;000100000000000000000090;00010000000000000000001e;000100000000000000000033;00010000000000000000003e;000100000000000000000052;000100000000000000000048;000100000000000000000096;000100000000000000000078;000100000000000000000039;000100000000000000000004;000100000000000000000032;00010000000000000000007e;00010000000000000000006b;00010000000000000000007f";34;5;6;
0003000000000000000000d9;PUB-0217;000100000000000000000014;2026-07-30 02:00:00;amis;Concentre sur ma tache, ne pas deranger.;"[{""type"": ""image"", ""image_id"": 1, ""variante"": ""principale"", ""description"": ""Quelqu'un travaille sur l'ordinateur"", ""url"": ""https://picsum.photos/id/1/640/480.jpg?random=100""}]";savoir;;"000100000000000000000024;000100000000000000000028;000100000000000000000034;00010000000000000000007e;000100000000000000000021;00010000000000000000008c;00010000000000000000005d;000100000000000000000029;000100000000000000000013;000100000000000000000025;000100000000000000000062;000100000000000000000086;00010000000000000000004a;000100000000000000000085;000100000000000000000060;00010000000000000000006c;00010000000000000000003a;000100000000000000000081;000100000000000000000017;00010000000000000000004b;000100000000000000000051";21;3;1;
0003000000000000000000da;PUB-0218;00010000000000000000002c;2026-07-30 13:30:00;public;Le genre d'endroit ou l'on se promet des choses.;"[{""type"": ""image"", ""image_id"": 28, ""variante"": ""principale"", ""description"": ""Arbre et ruisseau sur des pierres"", ""url"": ""https://picsum.photos/id/28/640/480.jpg?random=82""}]";voyage;;000100000000000000000040;1;0;1;
0003000000000000000000db;PUB-0219;000100000000000000000086;2026-07-30 21:30:00;public;Un instant capture au hasard.;"[{""type"": ""image"", ""image_id"": 10, ""variante"": ""grayscale"", ""description"": ""Foret de sapins, montagne au loin"", ""url"": ""https://picsum.photos/id/10/640/480.jpg?grayscale&blur=2&random=440""}]";montagne;;"000100000000000000000093;00010000000000000000008b;000100000000000000000092;000100000000000000000027;00010000000000000000003f;000100000000000000000013;000100000000000000000036;000100000000000000000025;000100000000000000000043;000100000000000000000070;000100000000000000000059;000100000000000000000081;000100000000000000000062;00010000000000000000008a;000100000000000000000090;000100000000000000000021;00010000000000000000007b;00010000000000000000008e;00010000000000000000001b;00010000000000000000007e;000100000000000000000034;000100000000000000000080;000100000000000000000035;00010000000000000000002c;000100000000000000000049;00010000000000000000000a;000100000000000000000071;000100000000000000000082;000100000000000000000073";29;5;3;
0003000000000000000000dc;PUB-0220;000100000000000000000017;2026-07-30 21:39:00;amis;Photo du jour.;"[{""type"": ""image"", ""image_id"": 10, ""variante"": ""principale"", ""description"": ""Foret de sapins, montagne au loin"", ""url"": ""https://picsum.photos/id/10/640/480.jpg?random=626""}]";foret;;"00010000000000000000001a;00010000000000000000001b;000100000000000000000048;000100000000000000000008";4;1;1;
0003000000000000000000dd;PUB-0221;00010000000000000000004e;2026-07-30 23:07:00;public;Productivite : 3 % travail, 97 % cafe.;"[{""type"": ""image"", ""image_id"": 5, ""variante"": ""grayscale"", ""description"": ""Le cafe est bu"", ""url"": ""https://picsum.photos/id/5/640/480.jpg?grayscale&blur=2&random=592""}]";"travail;bureau";;"00010000000000000000006f;000100000000000000000066;00010000000000000000004b;000100000000000000000030;000100000000000000000070;000100000000000000000073;000100000000000000000039;000100000000000000000060;000100000000000000000011;000100000000000000000025;00010000000000000000007e";11;1;0;
0003000000000000000000de;PUB-0222;000100000000000000000081;2026-07-31 03:05:00;public;On ressort toujours plus fort des murs qu'on a affrontes.;"[{""type"": ""image"", ""image_id"": 32, ""variante"": ""principale"", ""description"": ""Mur de prison gris avec un banc"", ""url"": ""https://picsum.photos/id/32/640/480.jpg?random=807""}]";retro;;"000100000000000000000039;000100000000000000000040;00010000000000000000007e;00010000000000000000005e;000100000000000000000065;000100000000000000000051;000100000000000000000063;000100000000000000000079;00010000000000000000006a;000100000000000000000043;000100000000000000000089;000100000000000000000071;000100000000000000000084;00010000000000000000004c;00010000000000000000006e;000100000000000000000029;00010000000000000000002b;000100000000000000000048;00010000000000000000004a;00010000000000000000005f;00010000000000000000001f;000100000000000000000006;000100000000000000000028;000100000000000000000035;000100000000000000000091";25;3;1;
0003000000000000000000df;PUB-0223;000100000000000000000038;2026-07-31 07:35:00;public;Photo du jour.;"[{""type"": ""image"", ""image_id"": 45, ""variante"": ""principale"", ""description"": ""Plaque d'immatriculation en ecriture etrangere"", ""url"": ""https://picsum.photos/id/45/640/480.jpg?random=92""}]";"cameroun237;mariage";;"000100000000000000000096;000100000000000000000022;000100000000000000000093";3;0;1;
0003000000000000000000e0;PUB-0224;00010000000000000000005c;2026-07-31 12:58:00;amis;Ne vous approchez pas trop du bord.;"[{""type"": ""image"", ""image_id"": 15, ""variante"": ""grayscale"", ""description"": ""Chute d'eau, rochers verdoyants et glissants"", ""url"": ""https://picsum.photos/id/15/640/480.jpg?grayscale&blur=2&random=242""}]";"foret;tourisme;plage";;"000100000000000000000056;00010000000000000000001d;000100000000000000000025;00010000000000000000000e;00010000000000000000006d;000100000000000000000021;000100000000000000000074;00010000000000000000006c;000100000000000000000080;00010000000000000000002e;00010000000000000000003c;000100000000000000000052";12;3;0;
0003000000000000000000e1;PUB-0225;00010000000000000000002a;2026-07-31 22:07:00;public;Petit coucou du matin.;"[{""type"": ""image"", ""image_id"": 6, ""variante"": ""principale"", ""description"": ""Un verre d'eau s'ajoute au bureau"", ""url"": ""https://picsum.photos/id/6/640/480.jpg?random=314""}]";"cafe;ingenieur;travail";;"000100000000000000000039;000100000000000000000043;000100000000000000000046;000100000000000000000024;000100000000000000000013;000100000000000000000022;00010000000000000000001d;00010000000000000000004f;000100000000000000000071;000100000000000000000061;000100000000000000000002;000100000000000000000031;000100000000000000000026;000100000000000000000034;00010000000000000000004c;000100000000000000000080;000100000000000000000078;00010000000000000000008c;00010000000000000000004b;00010000000000000000005a;000100000000000000000087;000100000000000000000086;00010000000000000000006f;000100000000000000000072;000100000000000000000012;00010000000000000000008b;00010000000000000000000f;000100000000000000000070;000100000000000000000044;00010000000000000000008a;00010000000000000000005b;000100000000000000000055;000100000000000000000007;00010000000000000000003c;000100000000000000000004;00010000000000000000001b;00010000000000000000001e;000100000000000000000077;000100000000000000000050;000100000000000000000045;00010000000000000000007e;00010000000000000000000c;000100000000000000000079;00010000000000000000003b;000100000000000000000049;000100000000000000000059;000100000000000000000092";47;3;3;
0003000000000000000000e2;PUB-0226;00010000000000000000002a;2026-08-01 01:36:00;public;Petit coucou du matin.;"[{""type"": ""image"", ""image_id"": 33, ""variante"": ""grayscale"", ""description"": ""Herbe touffue et deux petites fleurs"", ""url"": ""https://picsum.photos/id/33/640/480.jpg?grayscale&blur=2&random=528""}]";montagne;;"000100000000000000000028;00010000000000000000000f;000100000000000000000093;000100000000000000000047;000100000000000000000053;000100000000000000000011;000100000000000000000067;00010000000000000000007e;000100000000000000000068;000100000000000000000073;000100000000000000000004;000100000000000000000034;00010000000000000000006a;00010000000000000000003a;000100000000000000000024;000100000000000000000087;00010000000000000000006f;000100000000000000000035;000100000000000000000002;00010000000000000000001d";20;4;0;
0003000000000000000000e3;PUB-0227;000100000000000000000014;2026-08-01 05:47:00;public;Details de style du jour.;"[{""type"": ""image"", ""image_id"": 31, ""variante"": ""principale"", ""description"": ""Chaussures et jambes d'une femme"", ""url"": ""https://picsum.photos/id/31/640/480.jpg?random=874""}]";"retro;mode";;"000100000000000000000028;000100000000000000000007;00010000000000000000000d;000100000000000000000086;00010000000000000000004c;000100000000000000000082;000100000000000000000046;000100000000000000000022;000100000000000000000065;000100000000000000000042;00010000000000000000008d;000100000000000000000036;000100000000000000000038;00010000000000000000006e;000100000000000000000075;000100000000000000000095";16;3;3;
0003000000000000000000e4;PUB-0228;000100000000000000000076;2026-08-01 07:45:00;public;Un instant capture au hasard.;"[{""type"": ""image"", ""image_id"": 45, ""variante"": ""principale"", ""description"": ""Plaque d'immatriculation en ecriture etrangere"", ""url"": ""https://picsum.photos/id/45/640/480.jpg?random=413""}]";"voyage;plage;montagne";;"00010000000000000000002b;00010000000000000000008c;000100000000000000000068;000100000000000000000081;000100000000000000000016;000100000000000000000035;000100000000000000000062;000100000000000000000003;000100000000000000000056";9;1;2;
0003000000000000000000e5;PUB-0229;000100000000000000000065;2026-08-01 08:27:00;public;Ce chemin me rappelle un film d'horreur.;"[{""type"": ""image"", ""image_id"": 17, ""variante"": ""principale"", ""description"": ""Chemin trace dans une foret de sapins"", ""url"": ""https://picsum.photos/id/17/640/480.jpg?random=254""}]";"nature;plage";;"00010000000000000000004a;000100000000000000000071;000100000000000000000023;000100000000000000000007;000100000000000000000091;00010000000000000000005f;00010000000000000000006d;000100000000000000000048";8;2;2;
0003000000000000000000e6;PUB-0230;00010000000000000000003a;2026-08-01 09:04:00;public;Juste comme ca.;"[{""type"": ""image"", ""image_id"": 41, ""variante"": ""principale"", ""description"": ""Goutte d'eau sur une surface"", ""url"": ""https://picsum.photos/id/41/640/480.jpg?random=60""}]";cameroun237;;;0;0;0;
0003000000000000000000e7;PUB-0231;000100000000000000000086;2026-08-01 23:32:00;public;Mon coin de revision est pret.;"[{""type"": ""image"", ""image_id"": 20, ""variante"": ""principale"", ""description"": ""Table d'etudiant rose"", ""url"": ""https://picsum.photos/id/20/640/480.jpg?random=774""}]";"focus;savoir";;"00010000000000000000005f;000100000000000000000018;000100000000000000000092;000100000000000000000038;000100000000000000000060;00010000000000000000000d;000100000000000000000001;000100000000000000000014;00010000000000000000001c;000100000000000000000055;00010000000000000000004b;000100000000000000000065;00010000000000000000001d;00010000000000000000007a;000100000000000000000059;000100000000000000000089;000100000000000000000010";17;7;4;
0003000000000000000000e8;PUB-0232;000100000000000000000014;2026-08-02 01:49:00;public;Un instant capture au hasard.;"[{""type"": ""image"", ""image_id"": 25, ""variante"": ""principale"", ""description"": ""Branches eclairees par un lever de soleil"", ""url"": ""https://picsum.photos/id/25/640/480.jpg?random=205""}]";"tourisme;nature";;"000100000000000000000084;000100000000000000000095;00010000000000000000000a;00010000000000000000004b;000100000000000000000043;000100000000000000000012;000100000000000000000010;00010000000000000000004a;000100000000000000000047;00010000000000000000003f;000100000000000000000011";11;2;1;
0003000000000000000000e9;PUB-0233;000100000000000000000059;2026-08-02 11:04:00;amis;Deux grimpeurs, un sommet, zero droit a l'erreur.;"[{""type"": ""image"", ""image_id"": 29, ""variante"": ""principale"", ""description"": ""Sommet de l'Himalaya, deux grimpeurs"", ""url"": ""https://picsum.photos/id/29/640/480.jpg?random=776""}]";"foret;sportextreme";;"000100000000000000000058;000100000000000000000014;000100000000000000000037;000100000000000000000055;000100000000000000000031;000100000000000000000087;00010000000000000000001b;000100000000000000000047;000100000000000000000085;000100000000000000000038;00010000000000000000007c;000100000000000000000050;000100000000000000000077;000100000000000000000052;00010000000000000000005c;000100000000000000000083;00010000000000000000000d;000100000000000000000033;00010000000000000000000b;000100000000000000000004;000100000000000000000090;000100000000000000000069;000100000000000000000043;000100000000000000000079;000100000000000000000029;000100000000000000000092;000100000000000000000025;00010000000000000000003a;00010000000000000000000f;00010000000000000000003f;00010000000000000000006d;00010000000000000000006a;00010000000000000000007b";33;3;8;
0003000000000000000000ea;PUB-0234;000100000000000000000087;2026-08-02 12:59:00;public;Tout est en place, on avance.;"[{""type"": ""image"", ""image_id"": 1, ""variante"": ""principale"", ""description"": ""Quelqu'un travaille sur l'ordinateur"", ""url"": ""https://picsum.photos/id/1/640/480.jpg?random=580""}]";travail;;00010000000000000000000a;1;0;0;
0003000000000000000000eb;PUB-0235;000100000000000000000020;2026-08-02 19:17:00;amis;Inspiration mode de la semaine.;"[{""type"": ""image"", ""image_id"": 31, ""variante"": ""principale"", ""description"": ""Chaussures et jambes d'une femme"", ""url"": ""https://picsum.photos/id/31/640/480.jpg?random=113""}]";;;"00010000000000000000001b;000100000000000000000069;000100000000000000000088;000100000000000000000091;000100000000000000000036;00010000000000000000007d;000100000000000000000096;000100000000000000000071;000100000000000000000018;00010000000000000000001c;00010000000000000000005f;000100000000000000000086;000100000000000000000065;00010000000000000000006e;00010000000000000000008b;000100000000000000000089;00010000000000000000001d;000100000000000000000016;00010000000000000000007a;000100000000000000000064;000100000000000000000072;00010000000000000000005d;00010000000000000000004c;000100000000000000000060;000100000000000000000081;000100000000000000000044;00010000000000000000001a;000100000000000000000056;00010000000000000000007c;000100000000000000000015;000100000000000000000092;000100000000000000000009;00010000000000000000003e;00010000000000000000008f;000100000000000000000006;00010000000000000000005e;00010000000000000000002b";37;1;0;
0003000000000000000000ec;PUB-0236;000100000000000000000059;2026-08-03 03:30:00;public;Concentre sur ma tache, ne pas deranger.;"[{""type"": ""image"", ""image_id"": 4, ""variante"": ""principale"", ""description"": ""On ecrit dans le cahier"", ""url"": ""https://picsum.photos/id/4/640/480.jpg?random=249""}]";"etudes;ingenieur";;"000100000000000000000061;000100000000000000000031;000100000000000000000042;00010000000000000000005d;00010000000000000000008c;000100000000000000000012;00010000000000000000005b;00010000000000000000006e;000100000000000000000054;000100000000000000000072;000100000000000000000027;000100000000000000000060;000100000000000000000040;00010000000000000000005f;00010000000000000000003e;00010000000000000000008a;000100000000000000000084;00010000000000000000002a;000100000000000000000049;000100000000000000000029;000100000000000000000065;000100000000000000000068;000100000000000000000055;000100000000000000000013;00010000000000000000000d;00010000000000000000003c;000100000000000000000075;000100000000000000000082;000100000000000000000090";29;1;7;
0003000000000000000000ed;PUB-0237;000100000000000000000086;2026-08-03 15:03:00;public;Gris, comme certains jours.;"[{""type"": ""image"", ""image_id"": 32, ""variante"": ""principale"", ""description"": ""Mur de prison gris avec un banc"", ""url"": ""https://picsum.photos/id/32/640/480.jpg?random=505""}]";"viedevie;philo";;"000100000000000000000012;000100000000000000000055;00010000000000000000008c;000100000000000000000045;00010000000000000000006d;00010000000000000000006e;00010000000000000000008e;00010000000000000000007d;000100000000000000000036;000100000000000000000002;000100000000000000000034;00010000000000000000008d;000100000000000000000027;000100000000000000000084;000100000000000000000058;000100000000000000000035;000100000000000000000029;000100000000000000000077;00010000000000000000002e;00010000000000000000007b;000100000000000000000063;00010000000000000000006f;00010000000000000000004c;000100000000000000000048;000100000000000000000068;000100000000000000000053;00010000000000000000001d;000100000000000000000021;000100000000000000000085";29;3;1;
0003000000000000000000ee;PUB-0238;00010000000000000000002b;2026-08-03 16:23:00;public;Le genre d'endroit ou l'on se promet des choses.;"[{""type"": ""image"", ""image_id"": 14, ""variante"": ""grayscale"", ""description"": ""Cailloux dans l'eau, maree haute"", ""url"": ""https://picsum.photos/id/14/640/480.jpg?grayscale&blur=2&random=55""}]";;;"000100000000000000000010;00010000000000000000002c;000100000000000000000053;000100000000000000000021;000100000000000000000086;000100000000000000000060;00010000000000000000004e;00010000000000000000006f;00010000000000000000001c;00010000000000000000003f;000100000000000000000002";11;0;2;
0003000000000000000000ef;PUB-0239;000100000000000000000014;2026-08-03 19:37:00;amis;Un coin a visiter absolument.;"[{""type"": ""image"", ""image_id"": 13, ""variante"": ""principale"", ""description"": ""Plage de galets, mer tres bleue, arbre mort"", ""url"": ""https://picsum.photos/id/13/640/480.jpg?random=664""}]";"tourisme;montagne";;"00010000000000000000008b;000100000000000000000092;00010000000000000000007a;000100000000000000000022;000100000000000000000003;000100000000000000000076;00010000000000000000003b;00010000000000000000002c;00010000000000000000007d;00010000000000000000007b;000100000000000000000094;000100000000000000000091;00010000000000000000001f;000100000000000000000020;000100000000000000000082;00010000000000000000004c;000100000000000000000025;000100000000000000000053;000100000000000000000093;00010000000000000000008e;000100000000000000000065;000100000000000000000034;000100000000000000000001;000100000000000000000088;00010000000000000000004f;000100000000000000000008;000100000000000000000002;00010000000000000000003a;000100000000000000000096;00010000000000000000000b;000100000000000000000013;00010000000000000000000a;000100000000000000000007;00010000000000000000006b;000100000000000000000078;00010000000000000000005d;00010000000000000000006f";37;1;4;
0003000000000000000000f0;PUB-0240;00010000000000000000008e;2026-08-03 20:06:00;public;Un petit composant, tout un monde derriere.;"[{""type"": ""image"", ""image_id"": 36, ""variante"": ""principale"", ""description"": ""Piece detachee d'un appareil electronique"", ""url"": ""https://picsum.photos/id/36/640/480.jpg?random=385""}]";"etudes;ecole";;"00010000000000000000004b;00010000000000000000007e;000100000000000000000038;00010000000000000000000e;00010000000000000000005a;00010000000000000000007c;000100000000000000000073;000100000000000000000079;000100000000000000000019;00010000000000000000006e;00010000000000000000001f;000100000000000000000096;00010000000000000000007a;00010000000000000000001c;000100000000000000000061;00010000000000000000005e;000100000000000000000070";17;2;2;
0003000000000000000000f1;PUB-0241;000100000000000000000065;2026-08-04 06:44:00;public;Un instant capture au hasard.;"[{""type"": ""image"", ""image_id"": 10, ""variante"": ""principale"", ""description"": ""Foret de sapins, montagne au loin"", ""url"": ""https://picsum.photos/id/10/640/480.jpg?random=674""}]";"foret;cameroun237;nature";;"000100000000000000000076;00010000000000000000006a;00010000000000000000004c;00010000000000000000000b;000100000000000000000061;000100000000000000000088;00010000000000000000003d;000100000000000000000032;00010000000000000000004a;000100000000000000000045;000100000000000000000005;00010000000000000000005e";12;0;1;
0003000000000000000000f2;PUB-0242;00010000000000000000000c;2026-08-04 08:25:00;amis;Cette image raconte un moment du passe.;"[{""type"": ""image"", ""image_id"": 30, ""variante"": ""principale"", ""description"": ""Tasse avec un billet cubain et Castro"", ""url"": ""https://picsum.photos/id/30/640/480.jpg?random=380""}]";"histoire;memoire";;000100000000000000000063;1;0;1;
0003000000000000000000f3;PUB-0243;000100000000000000000014;2026-08-04 11:39:00;public;Savez-vous que la mousse indique un air tres humide ?;"[{""type"": ""image"", ""image_id"": 19, ""variante"": ""principale"", ""description"": ""Arbre couvert de mousse au soleil"", ""url"": ""https://picsum.photos/id/19/640/480.jpg?random=942""}]";tourisme;;"000100000000000000000035;000100000000000000000030;000100000000000000000022;000100000000000000000018;000100000000000000000096;000100000000000000000015;000100000000000000000044;000100000000000000000040;000100000000000000000004;000100000000000000000077;000100000000000000000006;00010000000000000000005e;00010000000000000000004a;00010000000000000000007c;00010000000000000000006d;00010000000000000000000d;00010000000000000000001f;000100000000000000000057;000100000000000000000080;000100000000000000000017";20;3;2;
0003000000000000000000f4;PUB-0244;00010000000000000000006b;2026-08-05 14:07:00;public;Tout est en place, on avance.;"[{""type"": ""image"", ""image_id"": 1, ""variante"": ""principale"", ""description"": ""Quelqu'un travaille sur l'ordinateur"", ""url"": ""https://picsum.photos/id/1/640/480.jpg?random=518""}]";ingenieur;;"000100000000000000000019;00010000000000000000000c;000100000000000000000012;000100000000000000000066;000100000000000000000027;00010000000000000000006d;000100000000000000000003;000100000000000000000008;000100000000000000000083;000100000000000000000009";10;1;0;
0003000000000000000000f5;PUB-0245;00010000000000000000008e;2026-08-06 04:09:00;public;Un instant capture au hasard.;"[{""type"": ""image"", ""image_id"": 10, ""variante"": ""principale"", ""description"": ""Foret de sapins, montagne au loin"", ""url"": ""https://picsum.photos/id/10/640/480.jpg?random=585""}]";"nature;tourisme;montagne";;"000100000000000000000094;000100000000000000000036;000100000000000000000043;000100000000000000000078;000100000000000000000057;000100000000000000000075;000100000000000000000090;000100000000000000000035;000100000000000000000039;000100000000000000000052;00010000000000000000004a;000100000000000000000082;000100000000000000000081;00010000000000000000008f;00010000000000000000005c;00010000000000000000007e;000100000000000000000017;000100000000000000000030;00010000000000000000001c;000100000000000000000049;000100000000000000000068;000100000000000000000079;00010000000000000000008a;00010000000000000000000c;000100000000000000000069;000100000000000000000021;000100000000000000000032;000100000000000000000020;000100000000000000000073;00010000000000000000005b;000100000000000000000041;000100000000000000000088;00010000000000000000008c";33;2;6;
0003000000000000000000f6;PUB-0246;000100000000000000000089;2026-08-06 18:33:00;public;Photo du jour.;"[{""type"": ""image"", ""image_id"": 42, ""variante"": ""principale"", ""description"": ""Table de snack, deux cafes et un telephone"", ""url"": ""https://picsum.photos/id/42/640/480.jpg?random=75""}]";"bureau;focus";;"00010000000000000000003e;000100000000000000000028;000100000000000000000006;000100000000000000000036;000100000000000000000018;00010000000000000000007f;000100000000000000000024;000100000000000000000069;00010000000000000000006d;00010000000000000000005e;000100000000000000000026;000100000000000000000085;000100000000000000000025;000100000000000000000050;000100000000000000000065;00010000000000000000008b;000100000000000000000056;000100000000000000000044;00010000000000000000002b;000100000000000000000080;000100000000000000000021";21;2;2;
0003000000000000000000f7;PUB-0247;00010000000000000000007e;2026-08-06 20:16:00;public;Tout est en place, on avance.;"[{""type"": ""image"", ""image_id"": 5, ""variante"": ""grayscale"", ""description"": ""Le cafe est bu"", ""url"": ""https://picsum.photos/id/5/640/480.jpg?grayscale&blur=2&random=950""}]";"cafe;focus;travail";;"000100000000000000000009;000100000000000000000025;000100000000000000000006;00010000000000000000008d;000100000000000000000065;00010000000000000000000d;000100000000000000000017;00010000000000000000004e";8;1;2;
0003000000000000000000f8;PUB-0248;000100000000000000000086;2026-08-07 00:13:00;public;Photo du jour.;"[{""type"": ""image"", ""image_id"": 45, ""variante"": ""grayscale"", ""description"": ""Plaque d'immatriculation en ecriture etrangere"", ""url"": ""https://picsum.photos/id/45/640/480.jpg?grayscale&blur=2&random=624""}]";"cameroun237;montagne;mariage";;"000100000000000000000005;000100000000000000000052;000100000000000000000017;000100000000000000000007;000100000000000000000091;000100000000000000000057;000100000000000000000048;000100000000000000000036;000100000000000000000025;00010000000000000000007f;00010000000000000000001e;000100000000000000000067;000100000000000000000034;00010000000000000000000f;000100000000000000000033;00010000000000000000003d;000100000000000000000095;00010000000000000000006c;000100000000000000000038;000100000000000000000062;00010000000000000000008a;000100000000000000000004;00010000000000000000000c;000100000000000000000075;000100000000000000000008;00010000000000000000007d;00010000000000000000005d;000100000000000000000096;00010000000000000000004c;000100000000000000000093;000100000000000000000044;00010000000000000000006a;00010000000000000000004d;000100000000000000000079;00010000000000000000001f;000100000000000000000009;000100000000000000000047;000100000000000000000039;000100000000000000000043;000100000000000000000089;00010000000000000000005e;000100000000000000000001;000100000000000000000068;000100000000000000000028;000100000000000000000045;000100000000000000000006;000100000000000000000094;000100000000000000000077;000100000000000000000053;00010000000000000000008c;00010000000000000000002b;00010000000000000000005a;000100000000000000000024;000100000000000000000072;000100000000000000000063";55;5;8;
0003000000000000000000f9;PUB-0249;000100000000000000000064;2026-08-07 00:53:00;public;Un morceau d'histoire a ne pas oublier.;"[{""type"": ""image"", ""image_id"": 30, ""variante"": ""principale"", ""description"": ""Tasse avec un billet cubain et Castro"", ""url"": ""https://picsum.photos/id/30/640/480.jpg?random=58""}]";"histoire;memoire";;00010000000000000000000d;1;0;0;
0003000000000000000000fa;PUB-0250;000100000000000000000081;2026-08-07 11:05:00;public;Un instant capture au hasard.;"[{""type"": ""image"", ""image_id"": 41, ""variante"": ""principale"", ""description"": ""Goutte d'eau sur une surface"", ""url"": ""https://picsum.photos/id/41/640/480.jpg?random=535""}]";;;"000100000000000000000039;000100000000000000000072;00010000000000000000006b;00010000000000000000006d;000100000000000000000017;00010000000000000000003f;000100000000000000000065;00010000000000000000002c;00010000000000000000008a;000100000000000000000007;000100000000000000000085";11;2;0;
0003000000000000000000fb;PUB-0251;000100000000000000000072;2026-08-07 22:19:00;public;La nature est le meilleur laboratoire.;"[{""type"": ""image"", ""image_id"": 19, ""variante"": ""principale"", ""description"": ""Arbre couvert de mousse au soleil"", ""url"": ""https://picsum.photos/id/19/640/480.jpg?random=309""}]";"etudes;ecole";;"00010000000000000000006e;000100000000000000000087;000100000000000000000012;00010000000000000000005a";4;6;1;
0003000000000000000000fc;PUB-0252;00010000000000000000002a;2026-08-07 23:04:00;public;La deadline est dans 5 minutes, tout va bien.;"[{""type"": ""image"", ""image_id"": 4, ""variante"": ""grayscale"", ""description"": ""On ecrit dans le cahier"", ""url"": ""https://picsum.photos/id/4/640/480.jpg?grayscale&blur=2&random=685""}]";"ingenieur;travail";;"000100000000000000000043;000100000000000000000077;000100000000000000000001;00010000000000000000005a;00010000000000000000003a;000100000000000000000013;000100000000000000000017;00010000000000000000000a;00010000000000000000005b;000100000000000000000038;000100000000000000000040;000100000000000000000003;000100000000000000000070;000100000000000000000081;000100000000000000000035;000100000000000000000074;000100000000000000000082;00010000000000000000004c;000100000000000000000024;000100000000000000000019;000100000000000000000020;000100000000000000000050;000100000000000000000012;000100000000000000000057;00010000000000000000008d;00010000000000000000004f;00010000000000000000001e;00010000000000000000003e;000100000000000000000036;00010000000000000000005f;00010000000000000000008a;00010000000000000000002f;000100000000000000000054;000100000000000000000004;000100000000000000000062;000100000000000000000079;00010000000000000000000e;000100000000000000000088;000100000000000000000069;00010000000000000000008c;00010000000000000000007e;00010000000000000000003f;000100000000000000000093;00010000000000000000000d;000100000000000000000096;000100000000000000000041;00010000000000000000006d;000100000000000000000034;000100000000000000000011;000100000000000000000056;000100000000000000000045;000100000000000000000047;00010000000000000000001c;00010000000000000000007a;00010000000000000000001f;000100000000000000000039;000100000000000000000063";57;2;8;
0003000000000000000000fd;PUB-0253;000100000000000000000014;2026-08-07 23:28:00;public;Cette fleur m'a pique, mais quelle beaute.;"[{""type"": ""image"", ""image_id"": 35, ""variante"": ""grayscale"", ""description"": ""Fleur piquante jaune"", ""url"": ""https://picsum.photos/id/35/640/480.jpg?grayscale&blur=2&random=193""}]";plage;;"000100000000000000000007;000100000000000000000018;000100000000000000000067;00010000000000000000002b;000100000000000000000077;000100000000000000000068;00010000000000000000002e;00010000000000000000002a;000100000000000000000031;00010000000000000000006e;000100000000000000000070;000100000000000000000071;000100000000000000000073;000100000000000000000085;000100000000000000000089;000100000000000000000003;000100000000000000000033;000100000000000000000074;000100000000000000000094;000100000000000000000017;000100000000000000000084;000100000000000000000055;000100000000000000000083;000100000000000000000019;000100000000000000000048;000100000000000000000092;000100000000000000000054;00010000000000000000004f;000100000000000000000058;000100000000000000000088;00010000000000000000005d;000100000000000000000046;00010000000000000000007b;000100000000000000000001;00010000000000000000003d;000100000000000000000027;00010000000000000000004c;000100000000000000000072;000100000000000000000020;000100000000000000000069;00010000000000000000008f;00010000000000000000004a;00010000000000000000007d;00010000000000000000000e;000100000000000000000012;000100000000000000000093;00010000000000000000002d;000100000000000000000051;00010000000000000000003f;000100000000000000000066";50;0;7;
0003000000000000000000fe;PUB-0254;000100000000000000000086;2026-08-08 04:58:00;public;Ne vous approchez pas trop du bord.;"[{""type"": ""image"", ""image_id"": 15, ""variante"": ""principale"", ""description"": ""Chute d'eau, rochers verdoyants et glissants"", ""url"": ""https://picsum.photos/id/15/640/480.jpg?random=23""}]";;;"00010000000000000000007f;000100000000000000000062;00010000000000000000004c;000100000000000000000007;00010000000000000000008e;000100000000000000000031;000100000000000000000090;00010000000000000000005f;00010000000000000000008a;000100000000000000000052;000100000000000000000008;000100000000000000000013;00010000000000000000004b;000100000000000000000020;000100000000000000000071;00010000000000000000001c;000100000000000000000064";17;0;2;
0003000000000000000000ff;PUB-0255;000100000000000000000062;2026-08-08 13:44:00;public;Juste comme ca.;"[{""type"": ""image"", ""image_id"": 25, ""variante"": ""principale"", ""description"": ""Branches eclairees par un lever de soleil"", ""url"": ""https://picsum.photos/id/25/640/480.jpg?random=187""}]";nature;;"000100000000000000000031;000100000000000000000094;000100000000000000000012;000100000000000000000024;00010000000000000000005b;000100000000000000000067;00010000000000000000005a;000100000000000000000018;00010000000000000000008a;000100000000000000000072;000100000000000000000015;00010000000000000000001e;00010000000000000000004f;000100000000000000000088;00010000000000000000006f;00010000000000000000000b;00010000000000000000000f";17;1;2;
000300000000000000000100;PUB-0256;000100000000000000000020;2026-08-08 18:42:00;amis;Juste comme ca.;"[{""type"": ""image"", ""image_id"": 18, ""variante"": ""grayscale"", ""description"": ""Hautes herbes dans un champ"", ""url"": ""https://picsum.photos/id/18/640/480.jpg?grayscale&blur=2&random=531""}]";"montagne;tourisme";;"000100000000000000000031;000100000000000000000045;000100000000000000000047;000100000000000000000030;000100000000000000000087;000100000000000000000074;00010000000000000000007f;00010000000000000000005b;000100000000000000000078;00010000000000000000000d;00010000000000000000003d;000100000000000000000005;000100000000000000000026;000100000000000000000034;00010000000000000000008b;000100000000000000000021;00010000000000000000001b;000100000000000000000028;000100000000000000000059;000100000000000000000004;000100000000000000000011;000100000000000000000066;00010000000000000000006c;000100000000000000000052;000100000000000000000088;000100000000000000000041;000100000000000000000025;000100000000000000000016;00010000000000000000004b;000100000000000000000062;000100000000000000000003;000100000000000000000035;000100000000000000000056;000100000000000000000054;00010000000000000000004e;00010000000000000000002e;000100000000000000000014;000100000000000000000018;000100000000000000000015;00010000000000000000001e;00010000000000000000006e;000100000000000000000019;000100000000000000000036;00010000000000000000004f;000100000000000000000086;000100000000000000000010;000100000000000000000053;000100000000000000000049;00010000000000000000008e;000100000000000000000033;00010000000000000000007b;000100000000000000000006;000100000000000000000002;00010000000000000000007d;000100000000000000000068;00010000000000000000001a;000100000000000000000081";57;4;2;
000300000000000000000101;PUB-0257;000100000000000000000022;2026-08-09 00:50:00;amis;La nature est vraiment la plus belle des oeuvres.;"[{""type"": ""image"", ""image_id"": 11, ""variante"": ""principale"", ""description"": ""Foret ouverte, riviere, montagne"", ""url"": ""https://picsum.photos/id/11/640/480.jpg?random=404""}]";"plage;cameroun237";;"00010000000000000000002e;000100000000000000000064;00010000000000000000006e;000100000000000000000025;000100000000000000000044;000100000000000000000075;00010000000000000000005f;00010000000000000000003f;00010000000000000000007a;00010000000000000000004b;000100000000000000000007;000100000000000000000055;000100000000000000000080;000100000000000000000018;000100000000000000000048;000100000000000000000050;000100000000000000000066;000100000000000000000060;00010000000000000000006a;00010000000000000000008a;000100000000000000000043;00010000000000000000000d;00010000000000000000005e;000100000000000000000032;000100000000000000000047;000100000000000000000091;000100000000000000000041;000100000000000000000086;00010000000000000000001b;000100000000000000000030;000100000000000000000054;000100000000000000000028;000100000000000000000021;000100000000000000000031;00010000000000000000001d;000100000000000000000076;00010000000000000000002c;000100000000000000000083;000100000000000000000009;000100000000000000000093;00010000000000000000007f;00010000000000000000008b;000100000000000000000038;000100000000000000000088;000100000000000000000046;000100000000000000000056;000100000000000000000037;00010000000000000000002f;000100000000000000000082;00010000000000000000001a;000100000000000000000057;000100000000000000000061;000100000000000000000024;000100000000000000000042;000100000000000000000065;000100000000000000000027;000100000000000000000049;00010000000000000000001e;000100000000000000000069";59;2;14;
000300000000000000000102;PUB-0258;000100000000000000000042;2026-08-10 07:35:00;public;Bonjour a tous, belle journee a vous !;"[{""type"": ""image"", ""image_id"": 33, ""variante"": ""principale"", ""description"": ""Herbe touffue et deux petites fleurs"", ""url"": ""https://picsum.photos/id/33/640/480.jpg?random=144""}]";"cameroun237;nature";;"00010000000000000000006f;000100000000000000000029;00010000000000000000006c;000100000000000000000080;000100000000000000000038;000100000000000000000071;000100000000000000000066;00010000000000000000004e;000100000000000000000086;000100000000000000000052;00010000000000000000003e;000100000000000000000028;000100000000000000000008;000100000000000000000077;00010000000000000000007b;00010000000000000000005f;00010000000000000000007a;000100000000000000000002;000100000000000000000084;00010000000000000000004c;00010000000000000000003f;000100000000000000000095;000100000000000000000064;000100000000000000000073;000100000000000000000055;000100000000000000000035;000100000000000000000093;000100000000000000000068;000100000000000000000050;000100000000000000000049";30;3;3;
000300000000000000000103;PUB-0259;00010000000000000000006b;2026-08-10 15:51:00;public;Tout est en place, on avance.;"[{""type"": ""image"", ""image_id"": 0, ""variante"": ""principale"", ""description"": ""Ordinateur portable blanc, tasse de cafe, cahier et telephone"", ""url"": ""https://picsum.photos/id/0/640/480.jpg?random=123""}]";"focus;travail";;"00010000000000000000004d;00010000000000000000003f;000100000000000000000070;000100000000000000000057;00010000000000000000008b;000100000000000000000009;00010000000000000000005c;000100000000000000000007;00010000000000000000004f;000100000000000000000052;000100000000000000000010;00010000000000000000005d;000100000000000000000091;00010000000000000000002d;000100000000000000000045;000100000000000000000067;000100000000000000000078;00010000000000000000002b;000100000000000000000003;00010000000000000000000e;000100000000000000000077;000100000000000000000033;000100000000000000000024;000100000000000000000017;000100000000000000000082;000100000000000000000062;00010000000000000000004e;00010000000000000000007d;00010000000000000000001a;000100000000000000000049;000100000000000000000006;00010000000000000000005a;00010000000000000000003c;00010000000000000000003a;00010000000000000000001e;00010000000000000000005f;000100000000000000000095;000100000000000000000013;00010000000000000000006e;00010000000000000000004c;000100000000000000000029;000100000000000000000023;00010000000000000000008d;000100000000000000000065;000100000000000000000089;000100000000000000000056;000100000000000000000051;000100000000000000000058;000100000000000000000001;00010000000000000000001f";50;1;8;
000300000000000000000104;PUB-0260;000100000000000000000028;2026-08-10 16:44:00;public;Juste comme ca.;"[{""type"": ""image"", ""image_id"": 23, ""variante"": ""principale"", ""description"": ""Trois fourchettes sur fond noir et blanc"", ""url"": ""https://picsum.photos/id/23/640/480.jpg?random=53""}]";viedevie;;"000100000000000000000024;000100000000000000000057;000100000000000000000091;00010000000000000000005b;00010000000000000000001d;00010000000000000000005c;00010000000000000000000a;000100000000000000000022;000100000000000000000002";9;3;1;
000300000000000000000105;PUB-0261;000100000000000000000044;2026-08-10 18:56:00;prive;Je m'absente un instant.;"[{""type"": ""image"", ""image_id"": 8, ""variante"": ""principale"", ""description"": ""Ordinateur laisse ouvert sur le bureau"", ""url"": ""https://picsum.photos/id/8/640/480.jpg?random=462""}]";"ingenieur;focus;travail";;;0;0;0;
000300000000000000000106;PUB-0262;00010000000000000000006b;2026-08-10 19:17:00;public;Tout est en place, on avance.;"[{""type"": ""image"", ""image_id"": 1, ""variante"": ""grayscale"", ""description"": ""Quelqu'un travaille sur l'ordinateur"", ""url"": ""https://picsum.photos/id/1/640/480.jpg?grayscale&blur=2&random=537""}]";;;"000100000000000000000036;000100000000000000000058;00010000000000000000003b;000100000000000000000011;000100000000000000000024;000100000000000000000078;000100000000000000000044;00010000000000000000003c;00010000000000000000003a;00010000000000000000007f;000100000000000000000055;000100000000000000000031;000100000000000000000015;00010000000000000000001a;00010000000000000000001d;000100000000000000000025;00010000000000000000003e;00010000000000000000005b;000100000000000000000008;000100000000000000000047;00010000000000000000002b;000100000000000000000067;00010000000000000000002e;000100000000000000000018;000100000000000000000073;000100000000000000000094;000100000000000000000069;000100000000000000000022;000100000000000000000014;000100000000000000000083;000100000000000000000038;00010000000000000000006d;000100000000000000000057;00010000000000000000008b;00010000000000000000008d;000100000000000000000068;000100000000000000000056;00010000000000000000002d;00010000000000000000000f;000100000000000000000059;000100000000000000000007;000100000000000000000090;00010000000000000000002f";43;4;7;
000300000000000000000107;PUB-0263;00010000000000000000003f;2026-08-11 05:39:00;amis;Bonjour a tous, belle journee a vous !;"[{""type"": ""image"", ""image_id"": 6, ""variante"": ""principale"", ""description"": ""Un verre d'eau s'ajoute au bureau"", ""url"": ""https://picsum.photos/id/6/640/480.jpg?random=932""}]";"cafe;focus";;"00010000000000000000008f;00010000000000000000005b;00010000000000000000004c;000100000000000000000059;000100000000000000000015;000100000000000000000044;000100000000000000000070;00010000000000000000000b;00010000000000000000003c;000100000000000000000054;000100000000000000000019;00010000000000000000007c;00010000000000000000004f;00010000000000000000005a;00010000000000000000005d;000100000000000000000052";16;6;1;
000300000000000000000108;PUB-0264;000100000000000000000020;2026-08-11 08:16:00;public;Beau mais dangereux, restez prudents.;"[{""type"": ""image"", ""image_id"": 15, ""variante"": ""grayscale"", ""description"": ""Chute d'eau, rochers verdoyants et glissants"", ""url"": ""https://picsum.photos/id/15/640/480.jpg?grayscale&blur=2&random=735""}]";"tourisme;foret";;"000100000000000000000009;00010000000000000000006c;000100000000000000000024;00010000000000000000007b;000100000000000000000031;00010000000000000000008d;00010000000000000000001c;000100000000000000000095;000100000000000000000076;000100000000000000000035;000100000000000000000041;000100000000000000000073;000100000000000000000042;000100000000000000000064;000100000000000000000019;000100000000000000000025;000100000000000000000017;000100000000000000000053;000100000000000000000093;000100000000000000000061;00010000000000000000006e;00010000000000000000002c;000100000000000000000063;000100000000000000000038;000100000000000000000022;00010000000000000000008b;00010000000000000000000d;000100000000000000000086;000100000000000000000062;00010000000000000000007f;000100000000000000000004;000100000000000000000043;00010000000000000000007e;000100000000000000000045;000100000000000000000010;000100000000000000000077;000100000000000000000066;000100000000000000000055;00010000000000000000003a;000100000000000000000034;000100000000000000000015;000100000000000000000002;00010000000000000000004d;000100000000000000000051;000100000000000000000008;000100000000000000000079;00010000000000000000004b;00010000000000000000001e;00010000000000000000000b;00010000000000000000004f;000100000000000000000039;00010000000000000000001f";52;4;0;
000300000000000000000109;PUB-0265;00010000000000000000002a;2026-08-11 09:00:00;public;Un paysage qui apaise l'esprit.;"[{""type"": ""image"", ""image_id"": 11, ""variante"": ""principale"", ""description"": ""Foret ouverte, riviere, montagne"", ""url"": ""https://picsum.photos/id/11/640/480.jpg?random=685""}]";"plage;nature";;"000100000000000000000058;000100000000000000000013;000100000000000000000071;000100000000000000000080;000100000000000000000010;000100000000000000000051;000100000000000000000057;000100000000000000000009;000100000000000000000056;00010000000000000000008c;000100000000000000000025;000100000000000000000021;00010000000000000000006d;000100000000000000000072;00010000000000000000003c;00010000000000000000001a;00010000000000000000002e;000100000000000000000039;000100000000000000000049;000100000000000000000088;00010000000000000000000a;000100000000000000000050;000100000000000000000042;000100000000000000000086;00010000000000000000006e;000100000000000000000079;00010000000000000000000c;00010000000000000000008e;000100000000000000000026;000100000000000000000055;000100000000000000000014;000100000000000000000008;000100000000000000000095;000100000000000000000031;00010000000000000000004f;00010000000000000000006a;000100000000000000000020;000100000000000000000035;000100000000000000000027;000100000000000000000030;000100000000000000000006;000100000000000000000096;000100000000000000000076;000100000000000000000048;000100000000000000000017;000100000000000000000066;00010000000000000000005e;00010000000000000000001f;00010000000000000000000e;000100000000000000000089;00010000000000000000008b;000100000000000000000011;00010000000000000000003e;00010000000000000000006f;000100000000000000000075;00010000000000000000003a;000100000000000000000032;00010000000000000000003d";58;11;2;
00030000000000000000010a;PUB-0266;000100000000000000000059;2026-08-11 09:42:00;public;Photo du jour.;"[{""type"": ""image"", ""image_id"": 10, ""variante"": ""principale"", ""description"": ""Foret de sapins, montagne au loin"", ""url"": ""https://picsum.photos/id/10/640/480.jpg?random=32""}]";"cameroun237;tourisme";;"00010000000000000000001d;000100000000000000000055;00010000000000000000004b;000100000000000000000007;00010000000000000000004a;000100000000000000000043;000100000000000000000032;000100000000000000000016;000100000000000000000087;000100000000000000000034;00010000000000000000004d;000100000000000000000040;000100000000000000000071;000100000000000000000061;00010000000000000000003a;00010000000000000000008f;00010000000000000000000a;000100000000000000000029;00010000000000000000007d;000100000000000000000084;00010000000000000000001f;00010000000000000000001c;00010000000000000000002a;000100000000000000000003;000100000000000000000035;000100000000000000000013;000100000000000000000058;000100000000000000000094;00010000000000000000000f;000100000000000000000057;00010000000000000000003c;00010000000000000000004e;000100000000000000000011;000100000000000000000090;000100000000000000000066;00010000000000000000002c;000100000000000000000069;000100000000000000000009;000100000000000000000088;000100000000000000000081;000100000000000000000015;000100000000000000000042;00010000000000000000007a;000100000000000000000037;000100000000000000000083;00010000000000000000007c";46;1;9;
00030000000000000000010b;PUB-0267;00010000000000000000007f;2026-08-11 09:53:00;amis;Pause bien meritee.;"[{""type"": ""image"", ""image_id"": 8, ""variante"": ""principale"", ""description"": ""Ordinateur laisse ouvert sur le bureau"", ""url"": ""https://picsum.photos/id/8/640/480.jpg?random=356""}]";"travail;bureau";;"000100000000000000000082;00010000000000000000007e;00010000000000000000003b;000100000000000000000028;000100000000000000000029;00010000000000000000001a;00010000000000000000008e;000100000000000000000040;000100000000000000000066;000100000000000000000093;000100000000000000000014;000100000000000000000053;000100000000000000000072";13;1;1;
00030000000000000000010c;PUB-0268;000100000000000000000014;2026-08-11 11:55:00;public;La deadline est dans 5 minutes, tout va bien.;"[{""type"": ""image"", ""image_id"": 5, ""variante"": ""principale"", ""description"": ""Le cafe est bu"", ""url"": ""https://picsum.photos/id/5/640/480.jpg?random=64""}]";bureau;;"00010000000000000000007d;00010000000000000000001f;000100000000000000000007;00010000000000000000005d;000100000000000000000025;000100000000000000000085;000100000000000000000075;00010000000000000000007e;000100000000000000000001;000100000000000000000073;00010000000000000000004c;00010000000000000000005a;000100000000000000000016;000100000000000000000061;000100000000000000000034;00010000000000000000000f;000100000000000000000043;000100000000000000000048;000100000000000000000053;00010000000000000000000e;000100000000000000000003;00010000000000000000002f;00010000000000000000008e;000100000000000000000011;000100000000000000000065;000100000000000000000054;000100000000000000000032;000100000000000000000089;000100000000000000000069;000100000000000000000044;000100000000000000000021;000100000000000000000049;000100000000000000000041;000100000000000000000077;000100000000000000000050;000100000000000000000005;00010000000000000000001d;00010000000000000000007b;000100000000000000000029;000100000000000000000084;00010000000000000000002e;000100000000000000000008;000100000000000000000017;00010000000000000000004e;00010000000000000000002a;000100000000000000000042;000100000000000000000035;00010000000000000000003b;000100000000000000000063;000100000000000000000088;000100000000000000000094";51;2;3;
00030000000000000000010d;PUB-0269;00010000000000000000007e;2026-08-11 13:23:00;public;Ca m'etonne a chaque fois.;"[{""type"": ""image"", ""image_id"": 43, ""variante"": ""principale"", ""description"": ""Pont de Manhattan (noir et blanc)"", ""url"": ""https://picsum.photos/id/43/640/480.jpg?random=558""}]";"cameroun237;tourisme";;"000100000000000000000046;000100000000000000000003;000100000000000000000035;000100000000000000000096;000100000000000000000069;000100000000000000000076;00010000000000000000005a;00010000000000000000004d;000100000000000000000012;00010000000000000000008b;000100000000000000000026;00010000000000000000003e;00010000000000000000006d;000100000000000000000083;000100000000000000000019;00010000000000000000000c;000100000000000000000014;00010000000000000000003f;000100000000000000000022;000100000000000000000073;00010000000000000000002d;000100000000000000000013;000100000000000000000007;000100000000000000000070;000100000000000000000061;000100000000000000000029;00010000000000000000000d;000100000000000000000020;00010000000000000000007a;000100000000000000000024;000100000000000000000031;000100000000000000000008;00010000000000000000007b;000100000000000000000093;000100000000000000000028;000100000000000000000015;000100000000000000000086;000100000000000000000001;000100000000000000000075;00010000000000000000001f;000100000000000000000045;000100000000000000000055;000100000000000000000047;000100000000000000000016;00010000000000000000002f;000100000000000000000066;00010000000000000000006e;000100000000000000000017;000100000000000000000005";49;4;12;
00030000000000000000010e;PUB-0270;000100000000000000000068;2026-08-12 03:12:00;amis;Un morceau d'histoire a ne pas oublier.;"[{""type"": ""image"", ""image_id"": 44, ""variante"": ""principale"", ""description"": ""Plage en noir et blanc, baigneurs"", ""url"": ""https://picsum.photos/id/44/640/480.jpg?random=592""}]";"histoire;retro";;"000100000000000000000014;000100000000000000000064;000100000000000000000087;000100000000000000000020;00010000000000000000006b;000100000000000000000039;00010000000000000000006c;000100000000000000000003;00010000000000000000003d;00010000000000000000008b;000100000000000000000017;00010000000000000000007c;00010000000000000000003f;000100000000000000000062;000100000000000000000004;000100000000000000000079;000100000000000000000084;00010000000000000000004f;00010000000000000000007e;00010000000000000000006f;00010000000000000000007d;000100000000000000000030;000100000000000000000006";23;1;0;
00030000000000000000010f;PUB-0271;000100000000000000000059;2026-08-12 03:27:00;public;Juste comme ca.;"[{""type"": ""image"", ""image_id"": 16, ""variante"": ""grayscale"", ""description"": ""Tronc d'arbre sur une plage de pierres"", ""url"": ""https://picsum.photos/id/16/640/480.jpg?grayscale&blur=2&random=577""}]";"nature;voyage";;"000100000000000000000015;000100000000000000000042;00010000000000000000001a;00010000000000000000000d;00010000000000000000007b;000100000000000000000003;000100000000000000000076;00010000000000000000001e;000100000000000000000071";9;4;0;
000300000000000000000110;PUB-0272;000100000000000000000084;2026-08-12 10:12:00;public;Photo du jour.;"[{""type"": ""image"", ""image_id"": 39, ""variante"": ""principale"", ""description"": ""Vieux vinyle qui tourne"", ""url"": ""https://picsum.photos/id/39/640/480.jpg?random=748""}]";"retro;histoire;cameroun237";;"000100000000000000000008;00010000000000000000008a;000100000000000000000053;00010000000000000000001b;00010000000000000000002f;000100000000000000000038;000100000000000000000076;000100000000000000000002;000100000000000000000089;000100000000000000000060;000100000000000000000015;00010000000000000000001d;00010000000000000000008c;000100000000000000000044;00010000000000000000004e;00010000000000000000005d;000100000000000000000043;00010000000000000000005e;00010000000000000000006c;000100000000000000000079;000100000000000000000025;000100000000000000000066;00010000000000000000002d;00010000000000000000002c;000100000000000000000032";25;0;6;
000300000000000000000111;PUB-0273;000100000000000000000001;2026-08-12 12:01:00;amis;Mon kit de travail au quotidien.;"[{""type"": ""image"", ""image_id"": 26, ""variante"": ""grayscale"", ""description"": ""Telephone, montre, casque, sac : effets personnels"", ""url"": ""https://picsum.photos/id/26/640/480.jpg?grayscale&blur=2&random=608""}]";"travail;enspd";;"000100000000000000000031;000100000000000000000076;00010000000000000000006f;000100000000000000000081;000100000000000000000016;00010000000000000000003e;000100000000000000000072;000100000000000000000074;00010000000000000000001f";9;7;2;
000300000000000000000112;PUB-0274;00010000000000000000007f;2026-08-12 12:07:00;public;Souvenons-nous de ce qui s'est passe.;"[{""type"": ""image"", ""image_id"": 30, ""variante"": ""grayscale"", ""description"": ""Tasse avec un billet cubain et Castro"", ""url"": ""https://picsum.photos/id/30/640/480.jpg?grayscale&blur=2&random=228""}]";"histoire;retro;memoire";;"000100000000000000000082;00010000000000000000006b;000100000000000000000025;00010000000000000000006d;00010000000000000000003e;00010000000000000000005b;000100000000000000000067;00010000000000000000001c;000100000000000000000023;000100000000000000000090;000100000000000000000062;000100000000000000000071;000100000000000000000039;000100000000000000000007;000100000000000000000060;00010000000000000000005e;000100000000000000000080;000100000000000000000036;000100000000000000000076;00010000000000000000001a;000100000000000000000033;00010000000000000000007b;000100000000000000000088;000100000000000000000094;00010000000000000000006a;000100000000000000000006;000100000000000000000016;000100000000000000000087;000100000000000000000012;00010000000000000000008f;000100000000000000000058;000100000000000000000054;00010000000000000000005c;00010000000000000000008c;00010000000000000000007e;000100000000000000000056;000100000000000000000031;000100000000000000000009;000100000000000000000027;00010000000000000000006f;000100000000000000000065;000100000000000000000096;00010000000000000000008b;000100000000000000000017;000100000000000000000040;000100000000000000000037;00010000000000000000001b;00010000000000000000007a;000100000000000000000078;000100000000000000000001;000100000000000000000026;000100000000000000000077;00010000000000000000000f;00010000000000000000000a;00010000000000000000003b;000100000000000000000085";56;1;12;
000300000000000000000113;PUB-0275;000100000000000000000055;2026-08-12 14:10:00;public;Un coin a visiter absolument.;"[{""type"": ""image"", ""image_id"": 12, ""variante"": ""principale"", ""description"": ""Sable, mer, ilots et rochers"", ""url"": ""https://picsum.photos/id/12/640/480.jpg?random=867""}]";"tourisme;foret";;"00010000000000000000002d;00010000000000000000001b;000100000000000000000061;000100000000000000000030;00010000000000000000004c;000100000000000000000084;00010000000000000000003b;00010000000000000000001d;000100000000000000000067;00010000000000000000008a;00010000000000000000006d;000100000000000000000036;00010000000000000000006c;000100000000000000000044;00010000000000000000007c;000100000000000000000007;000100000000000000000041;000100000000000000000065;000100000000000000000051;000100000000000000000062;00010000000000000000008b";21;3;4;
000300000000000000000114;PUB-0276;00010000000000000000007e;2026-08-12 17:43:00;public;Mon kit de travail au quotidien.;"[{""type"": ""image"", ""image_id"": 26, ""variante"": ""principale"", ""description"": ""Telephone, montre, casque, sac : effets personnels"", ""url"": ""https://picsum.photos/id/26/640/480.jpg?random=165""}]";"tech;travail";;"00010000000000000000007c;000100000000000000000006;000100000000000000000038;000100000000000000000061;00010000000000000000008f;000100000000000000000091;00010000000000000000003c;000100000000000000000001;000100000000000000000008;000100000000000000000048;00010000000000000000008c;000100000000000000000039;00010000000000000000007d;00010000000000000000003b;000100000000000000000067;000100000000000000000089;000100000000000000000015;000100000000000000000059;00010000000000000000002f;000100000000000000000026;00010000000000000000001e;00010000000000000000002b;00010000000000000000003e;000100000000000000000078;00010000000000000000008e;000100000000000000000032;000100000000000000000081;00010000000000000000004d;00010000000000000000001d;000100000000000000000024;000100000000000000000009;000100000000000000000095";32;0;4;
000300000000000000000115;PUB-0277;000100000000000000000076;2026-08-12 18:20:00;prive;Productivite : 3 % travail, 97 % cafe.;"[{""type"": ""image"", ""image_id"": 1, ""variante"": ""principale"", ""description"": ""Quelqu'un travaille sur l'ordinateur"", ""url"": ""https://picsum.photos/id/1/640/480.jpg?random=350""}]";"cafe;enspd;innovation";;"000100000000000000000026;000100000000000000000096;000100000000000000000019;000100000000000000000015;00010000000000000000008d;000100000000000000000074;00010000000000000000002c;000100000000000000000021;000100000000000000000085;000100000000000000000029;000100000000000000000048";11;0;1;
000300000000000000000116;PUB-0278;000100000000000000000076;2026-08-12 18:29:00;public;Je me souviens de ce jardin, mon enfance en pleine fleur.;"[{""type"": ""image"", ""image_id"": 35, ""variante"": ""principale"", ""description"": ""Fleur piquante jaune"", ""url"": ""https://picsum.photos/id/35/640/480.jpg?random=576""}]";;;"000100000000000000000006;000100000000000000000017;00010000000000000000008b;00010000000000000000001e;000100000000000000000073;000100000000000000000067;00010000000000000000000e;00010000000000000000007c;000100000000000000000056;000100000000000000000088;000100000000000000000087;000100000000000000000041;000100000000000000000095;000100000000000000000049;000100000000000000000096";15;3;3;
000300000000000000000117;PUB-0279;000100000000000000000022;2026-08-12 20:40:00;public;Juste comme ca.;"[{""type"": ""image"", ""image_id"": 45, ""variante"": ""principale"", ""description"": ""Plaque d'immatriculation en ecriture etrangere"", ""url"": ""https://picsum.photos/id/45/640/480.jpg?random=932""}]";;;"000100000000000000000052;00010000000000000000002b;000100000000000000000024;00010000000000000000001c;00010000000000000000007f;000100000000000000000020;00010000000000000000001d;000100000000000000000049;00010000000000000000008d;00010000000000000000006a;000100000000000000000057;00010000000000000000006c;00010000000000000000005d;000100000000000000000086;000100000000000000000019;00010000000000000000001b;000100000000000000000003;000100000000000000000070;000100000000000000000014;000100000000000000000080;000100000000000000000038;000100000000000000000096;000100000000000000000036;000100000000000000000085;000100000000000000000091;00010000000000000000000d;000100000000000000000083;00010000000000000000001a;00010000000000000000008b;00010000000000000000007d;000100000000000000000016;00010000000000000000004e;00010000000000000000003d;000100000000000000000030;00010000000000000000007a;00010000000000000000002f;00010000000000000000003b;00010000000000000000008e;000100000000000000000017;000100000000000000000061;000100000000000000000062;000100000000000000000037;00010000000000000000000e;00010000000000000000006d;000100000000000000000077;000100000000000000000029;00010000000000000000004f";47;5;6;
000300000000000000000118;PUB-0280;000100000000000000000022;2026-08-13 10:52:00;public;Avancer seul n'est pas etre perdu.;"[{""type"": ""image"", ""image_id"": 27, ""variante"": ""principale"", ""description"": ""Homme au bord du gouffre regardant l'horizon"", ""url"": ""https://picsum.photos/id/27/640/480.jpg?random=225""}]";philo;;"000100000000000000000083;000100000000000000000013;000100000000000000000017;000100000000000000000094;000100000000000000000038;000100000000000000000088;000100000000000000000096;00010000000000000000000e;000100000000000000000066;000100000000000000000089;00010000000000000000002c;00010000000000000000000d;00010000000000000000001e;000100000000000000000037;000100000000000000000004;000100000000000000000081;000100000000000000000014;00010000000000000000006f;000100000000000000000080;00010000000000000000005b;000100000000000000000032";21;0;5;
000300000000000000000119;PUB-0281;00010000000000000000008e;2026-08-13 20:46:00;prive;Un instant capture au hasard.;"[{""type"": ""image"", ""image_id"": 34, ""variante"": ""principale"", ""description"": ""Fut d'essence rouge dans un champ"", ""url"": ""https://picsum.photos/id/34/640/480.jpg?random=318""}]";"montagne;foret";;"000100000000000000000064;000100000000000000000039;000100000000000000000032;00010000000000000000006c;00010000000000000000001f;00010000000000000000003e;000100000000000000000014;000100000000000000000079;000100000000000000000087;000100000000000000000055;000100000000000000000045;00010000000000000000000a;00010000000000000000000c;000100000000000000000050;00010000000000000000000f;00010000000000000000003f;00010000000000000000007a;00010000000000000000002a;00010000000000000000005c;00010000000000000000004c;000100000000000000000060;000100000000000000000056;000100000000000000000041;00010000000000000000001d;00010000000000000000002c;000100000000000000000059;000100000000000000000036;000100000000000000000074;00010000000000000000006a;000100000000000000000070;000100000000000000000092;000100000000000000000058;00010000000000000000004d;000100000000000000000082;000100000000000000000047;000100000000000000000062;00010000000000000000006b;000100000000000000000010;000100000000000000000090;000100000000000000000091;00010000000000000000006d;000100000000000000000024;00010000000000000000005e;00010000000000000000001c;00010000000000000000004e;000100000000000000000051;00010000000000000000006f;000100000000000000000013;000100000000000000000084;000100000000000000000096;00010000000000000000007d;00010000000000000000000e";52;0;7;
00030000000000000000011a;PUB-0282;00010000000000000000002a;2026-08-14 01:33:00;public;Un paysage qui apaise l'esprit.;"[{""type"": ""image"", ""image_id"": 12, ""variante"": ""principale"", ""description"": ""Sable, mer, ilots et rochers"", ""url"": ""https://picsum.photos/id/12/640/480.jpg?random=218""}]";"tourisme;cameroun237;nature";;"000100000000000000000031;000100000000000000000054;000100000000000000000090;000100000000000000000012;000100000000000000000043;000100000000000000000080;00010000000000000000006d;00010000000000000000002f;00010000000000000000001c;000100000000000000000030;000100000000000000000032;000100000000000000000069;00010000000000000000000a;000100000000000000000020;000100000000000000000067;00010000000000000000003d;000100000000000000000044;00010000000000000000005d;000100000000000000000086;00010000000000000000001a;000100000000000000000037;000100000000000000000042;000100000000000000000029;00010000000000000000001e;00010000000000000000000d;000100000000000000000091;000100000000000000000033;00010000000000000000008e;000100000000000000000065;000100000000000000000007;00010000000000000000004f;000100000000000000000089;000100000000000000000002;000100000000000000000074;000100000000000000000064;000100000000000000000068;00010000000000000000003e;00010000000000000000004e;000100000000000000000035;000100000000000000000084;000100000000000000000056;000100000000000000000060;00010000000000000000002d;00010000000000000000007a;000100000000000000000051;000100000000000000000006;000100000000000000000055;00010000000000000000004d;000100000000000000000038;00010000000000000000005b;00010000000000000000006e;000100000000000000000028;00010000000000000000008d;00010000000000000000004c;000100000000000000000046;000100000000000000000087;000100000000000000000093;000100000000000000000052;000100000000000000000024";59;4;14;
00030000000000000000011b;PUB-0283;000100000000000000000091;2026-08-14 06:52:00;public;Une session de travail sans interruption.;"[{""type"": ""image"", ""image_id"": 2, ""variante"": ""grayscale"", ""description"": ""Le cahier est ouvert"", ""url"": ""https://picsum.photos/id/2/640/480.jpg?grayscale&blur=2&random=753""}]";"travail;etudes;focus";;"00010000000000000000002e;00010000000000000000001c;000100000000000000000076;00010000000000000000007c";4;1;0;
00030000000000000000011c;PUB-0284;000100000000000000000015;2026-08-14 22:00:00;public;Une session de travail sans interruption.;"[{""type"": ""image"", ""image_id"": 1, ""variante"": ""principale"", ""description"": ""Quelqu'un travaille sur l'ordinateur"", ""url"": ""https://picsum.photos/id/1/640/480.jpg?random=886""}]";"focus;tech";;"000100000000000000000019;00010000000000000000006d;000100000000000000000068;000100000000000000000084;000100000000000000000011;000100000000000000000012";6;0;0;
00030000000000000000011d;PUB-0285;00010000000000000000006b;2026-08-14 22:07:00;public;Cadre de reve pour dire oui.;"[{""type"": ""image"", ""image_id"": 13, ""variante"": ""grayscale"", ""description"": ""Plage de galets, mer tres bleue, arbre mort"", ""url"": ""https://picsum.photos/id/13/640/480.jpg?grayscale&blur=2&random=112""}]";tourisme;;"000100000000000000000032;00010000000000000000006f;000100000000000000000075;000100000000000000000008;00010000000000000000007c;000100000000000000000023;00010000000000000000001f;00010000000000000000003a;00010000000000000000004c;000100000000000000000003;00010000000000000000002f;00010000000000000000004f;000100000000000000000022;00010000000000000000002c;000100000000000000000046;000100000000000000000019;000100000000000000000088;00010000000000000000003b;000100000000000000000010;00010000000000000000006a;00010000000000000000003f";21;2;1;
00030000000000000000011e;PUB-0286;00010000000000000000002a;2026-08-15 00:17:00;public;Photo du jour.;"[{""type"": ""image"", ""image_id"": 39, ""variante"": ""principale"", ""description"": ""Vieux vinyle qui tourne"", ""url"": ""https://picsum.photos/id/39/640/480.jpg?random=968""}]";retro;;"000100000000000000000052;000100000000000000000050;000100000000000000000004;000100000000000000000019;00010000000000000000008d;00010000000000000000001a;000100000000000000000051;00010000000000000000004c;000100000000000000000046;00010000000000000000002d;00010000000000000000004d;000100000000000000000047;000100000000000000000028;000100000000000000000008;000100000000000000000029;000100000000000000000049;000100000000000000000040;000100000000000000000060;000100000000000000000002;000100000000000000000095;000100000000000000000072;00010000000000000000006b;00010000000000000000002e;00010000000000000000005b;000100000000000000000074;00010000000000000000007a;00010000000000000000000c;000100000000000000000010;000100000000000000000057;000100000000000000000085;000100000000000000000043;000100000000000000000038;000100000000000000000056;000100000000000000000009;000100000000000000000092;000100000000000000000037;000100000000000000000024;000100000000000000000084;000100000000000000000083;000100000000000000000068;00010000000000000000004b;000100000000000000000025;00010000000000000000000e;00010000000000000000008a;000100000000000000000041;000100000000000000000080;000100000000000000000093;000100000000000000000090;00010000000000000000008b;000100000000000000000067;00010000000000000000005c;000100000000000000000075;00010000000000000000006f;00010000000000000000003d";54;0;0;
00030000000000000000011f;PUB-0287;000100000000000000000076;2026-08-15 11:45:00;public;Concentre sur ma tache, ne pas deranger.;"[{""type"": ""image"", ""image_id"": 1, ""variante"": ""principale"", ""description"": ""Quelqu'un travaille sur l'ordinateur"", ""url"": ""https://picsum.photos/id/1/640/480.jpg?random=803""}]";;;"000100000000000000000023;00010000000000000000004d;000100000000000000000054;000100000000000000000018;00010000000000000000000f;000100000000000000000084;00010000000000000000002e;000100000000000000000063;000100000000000000000014;000100000000000000000013;000100000000000000000007;000100000000000000000034;000100000000000000000052;00010000000000000000008f;00010000000000000000008a;000100000000000000000045;00010000000000000000002f;00010000000000000000002d;00010000000000000000000a;000100000000000000000085;00010000000000000000003e;00010000000000000000007c;000100000000000000000031;00010000000000000000005c;000100000000000000000080;000100000000000000000038;00010000000000000000004b;000100000000000000000055";28;6;6;
000300000000000000000120;PUB-0288;000100000000000000000060;2026-08-15 20:01:00;prive;Personne ne revient de cette foret dans les films.;"[{""type"": ""image"", ""image_id"": 17, ""variante"": ""principale"", ""description"": ""Chemin trace dans une foret de sapins"", ""url"": ""https://picsum.photos/id/17/640/480.jpg?random=403""}]";tourisme;;"00010000000000000000002b;000100000000000000000093;000100000000000000000059;00010000000000000000003c;00010000000000000000008b";5;0;1;
000300000000000000000121;PUB-0289;00010000000000000000008e;2026-08-16 01:19:00;public;Photo du jour.;"[{""type"": ""image"", ""image_id"": 34, ""variante"": ""principale"", ""description"": ""Fut d'essence rouge dans un champ"", ""url"": ""https://picsum.photos/id/34/640/480.jpg?random=110""}]";foret;;"000100000000000000000018;000100000000000000000011;00010000000000000000008b;000100000000000000000032;000100000000000000000005;00010000000000000000003c;00010000000000000000004f;000100000000000000000021;000100000000000000000048;000100000000000000000027;00010000000000000000004c;000100000000000000000001;000100000000000000000061";13;2;3;
000300000000000000000122;PUB-0290;000100000000000000000063;2026-08-16 17:57:00;amis;Un instant capture au hasard.;"[{""type"": ""image"", ""image_id"": 42, ""variante"": ""principale"", ""description"": ""Table de snack, deux cafes et un telephone"", ""url"": ""https://picsum.photos/id/42/640/480.jpg?random=795""}]";;;"000100000000000000000031;000100000000000000000046;00010000000000000000006a;000100000000000000000034";4;1;1;
000300000000000000000123;PUB-0291;000100000000000000000086;2026-08-16 22:49:00;public;Photo du jour.;"[{""type"": ""image"", ""image_id"": 34, ""variante"": ""grayscale"", ""description"": ""Fut d'essence rouge dans un champ"", ""url"": ""https://picsum.photos/id/34/640/480.jpg?grayscale&blur=2&random=111""}]";;;"00010000000000000000003b;00010000000000000000003d;000100000000000000000042;000100000000000000000036;000100000000000000000079;00010000000000000000005f;00010000000000000000001b;000100000000000000000088;000100000000000000000062;000100000000000000000070;000100000000000000000094;00010000000000000000000a;000100000000000000000082;00010000000000000000008d;00010000000000000000005d;00010000000000000000004a;00010000000000000000002d;000100000000000000000049;000100000000000000000040;00010000000000000000002e;000100000000000000000063;000100000000000000000023;000100000000000000000047;00010000000000000000002b;00010000000000000000002c;000100000000000000000003;00010000000000000000003a;000100000000000000000080;000100000000000000000090;00010000000000000000007d;00010000000000000000006a;00010000000000000000006b;00010000000000000000007c;000100000000000000000087;00010000000000000000006f;000100000000000000000085;000100000000000000000015;00010000000000000000008e;00010000000000000000006e;000100000000000000000048;000100000000000000000052;000100000000000000000043;000100000000000000000068;000100000000000000000050;000100000000000000000030;00010000000000000000004e;00010000000000000000007a;00010000000000000000003e;000100000000000000000051;000100000000000000000002;000100000000000000000020";51;4;9;
000300000000000000000124;PUB-0292;00010000000000000000003a;2026-08-17 00:32:00;amis;Juste comme ca.;"[{""type"": ""image"", ""image_id"": 9, ""variante"": ""principale"", ""description"": ""Le telephone est pose sur le cahier"", ""url"": ""https://picsum.photos/id/9/640/480.jpg?random=433""}]";travail;;"00010000000000000000006e;00010000000000000000004a;000100000000000000000055;000100000000000000000036";4;0;1;
000300000000000000000125;PUB-0293;00010000000000000000006b;2026-08-17 08:44:00;public;Une session de travail sans interruption.;"[{""type"": ""image"", ""image_id"": 1, ""variante"": ""principale"", ""description"": ""Quelqu'un travaille sur l'ordinateur"", ""url"": ""https://picsum.photos/id/1/640/480.jpg?random=340""}]";"travail;enspd";;"00010000000000000000007a;000100000000000000000068;000100000000000000000055;00010000000000000000000c;000100000000000000000043;000100000000000000000077;000100000000000000000020;00010000000000000000008e;000100000000000000000087;000100000000000000000034;000100000000000000000002;00010000000000000000000a;000100000000000000000058;000100000000000000000047;000100000000000000000023;000100000000000000000084;000100000000000000000076;000100000000000000000037;000100000000000000000089;000100000000000000000049;000100000000000000000067;000100000000000000000061;000100000000000000000092;00010000000000000000007d;000100000000000000000038;00010000000000000000007e;00010000000000000000003a;00010000000000000000004c;000100000000000000000045;00010000000000000000004f;00010000000000000000004b;000100000000000000000022;00010000000000000000003b;000100000000000000000003;000100000000000000000035;00010000000000000000005a;00010000000000000000000e;000100000000000000000086;000100000000000000000073;00010000000000000000006f;000100000000000000000053;000100000000000000000075;00010000000000000000007f;000100000000000000000078;000100000000000000000007;00010000000000000000000b";46;6;4;
000300000000000000000126;PUB-0294;000100000000000000000054;2026-08-17 09:40:00;prive;Oui oui, je travaille, tres intensement.;"[{""type"": ""image"", ""image_id"": 3, ""variante"": ""principale"", ""description"": ""Le telephone en main"", ""url"": ""https://picsum.photos/id/3/640/480.jpg?random=393""}]";savoir;;"000100000000000000000015;000100000000000000000007;000100000000000000000038;000100000000000000000088;000100000000000000000043;000100000000000000000074;00010000000000000000001b;000100000000000000000058;000100000000000000000066;00010000000000000000007c;00010000000000000000005d;00010000000000000000006d;000100000000000000000070;000100000000000000000055";14;0;0;
000300000000000000000127;PUB-0295;000100000000000000000014;2026-08-17 10:50:00;public;La deadline est dans 5 minutes, tout va bien.;"[{""type"": ""image"", ""image_id"": 3, ""variante"": ""principale"", ""description"": ""Le telephone en main"", ""url"": ""https://picsum.photos/id/3/640/480.jpg?random=332""}]";"savoir;bureau";;"00010000000000000000008c;000100000000000000000083;00010000000000000000006e;000100000000000000000006;00010000000000000000001a;000100000000000000000064;00010000000000000000007f;00010000000000000000004c;000100000000000000000044;000100000000000000000030;000100000000000000000036;00010000000000000000004a;000100000000000000000037;000100000000000000000060;000100000000000000000071;000100000000000000000086;000100000000000000000055;000100000000000000000005;000100000000000000000049;000100000000000000000054;000100000000000000000085;000100000000000000000057;000100000000000000000066;000100000000000000000096;000100000000000000000090;00010000000000000000006f;00010000000000000000005c;00010000000000000000004b;000100000000000000000067;00010000000000000000001f;000100000000000000000040;00010000000000000000002d;000100000000000000000029;000100000000000000000093;000100000000000000000012;00010000000000000000006b;00010000000000000000005d;000100000000000000000061;000100000000000000000023;000100000000000000000018;00010000000000000000007a;000100000000000000000084;000100000000000000000039;00010000000000000000000a;00010000000000000000003e;00010000000000000000005b;000100000000000000000046;00010000000000000000004d;000100000000000000000017";49;1;5;
000300000000000000000128;PUB-0296;00010000000000000000002a;2026-08-17 11:03:00;public;Rien que de regarder, j'ai le vertige.;"[{""type"": ""image"", ""image_id"": 29, ""variante"": ""principale"", ""description"": ""Sommet de l'Himalaya, deux grimpeurs"", ""url"": ""https://picsum.photos/id/29/640/480.jpg?random=585""}]";;;"00010000000000000000004e;000100000000000000000009;000100000000000000000022;000100000000000000000056;00010000000000000000000f;00010000000000000000003f;00010000000000000000008b;000100000000000000000054;00010000000000000000007f;00010000000000000000006f;00010000000000000000002e;000100000000000000000062;00010000000000000000004f;000100000000000000000085;000100000000000000000013;00010000000000000000006b;000100000000000000000041;00010000000000000000004b;000100000000000000000040;00010000000000000000006a;00010000000000000000000e;000100000000000000000064;00010000000000000000001a;00010000000000000000002b;000100000000000000000043;00010000000000000000008c;00010000000000000000001d;000100000000000000000003;00010000000000000000005e;00010000000000000000006d;00010000000000000000000b;00010000000000000000007b;000100000000000000000081;000100000000000000000078;00010000000000000000006e;000100000000000000000063;000100000000000000000088;00010000000000000000003a;000100000000000000000048;000100000000000000000089;000100000000000000000032;000100000000000000000096;00010000000000000000002c;000100000000000000000075;000100000000000000000069;000100000000000000000050;000100000000000000000055;00010000000000000000001b;000100000000000000000001;000100000000000000000073;000100000000000000000026;00010000000000000000008f;000100000000000000000042;000100000000000000000031;000100000000000000000072;00010000000000000000005c;000100000000000000000084;00010000000000000000003c;00010000000000000000007d";59;2;8;
000300000000000000000129;PUB-0297;00010000000000000000008e;2026-08-17 17:20:00;public;Pour les soirees, rien ne vaut une bonne paire.;"[{""type"": ""image"", ""image_id"": 21, ""variante"": ""principale"", ""description"": ""Chaussure blanche a talon pour soiree"", ""url"": ""https://picsum.photos/id/21/640/480.jpg?random=180""}]";"style;mode";000200000000000000000001;"000100000000000000000019;00010000000000000000005c;000100000000000000000073;000100000000000000000079;000100000000000000000027;000100000000000000000081;00010000000000000000004e;00010000000000000000002a;00010000000000000000001a";9;5;0;
00030000000000000000012a;PUB-0298;000100000000000000000033;2026-08-17 20:44:00;amis;Oui oui, je travaille, tres intensement.;"[{""type"": ""image"", ""image_id"": 1, ""variante"": ""principale"", ""description"": ""Quelqu'un travaille sur l'ordinateur"", ""url"": ""https://picsum.photos/id/1/640/480.jpg?random=699""}]";ingenieur;;"00010000000000000000004a;000100000000000000000038;000100000000000000000044;000100000000000000000069;000100000000000000000084;000100000000000000000062;000100000000000000000040;00010000000000000000003d;00010000000000000000001b";9;1;2;
00030000000000000000012b;PUB-0299;000100000000000000000014;2026-08-18 02:09:00;public;Equipement du jour.;"[{""type"": ""image"", ""image_id"": 26, ""variante"": ""grayscale"", ""description"": ""Telephone, montre, casque, sac : effets personnels"", ""url"": ""https://picsum.photos/id/26/640/480.jpg?grayscale&blur=2&random=770""}]";ingenieur;;"000100000000000000000034;00010000000000000000003a;000100000000000000000060;000100000000000000000072;00010000000000000000006d;000100000000000000000018;00010000000000000000007c;00010000000000000000000d;000100000000000000000074;000100000000000000000021;00010000000000000000004f;000100000000000000000049";12;4;2;
00030000000000000000012c;PUB-0300;00010000000000000000002a;2026-08-18 04:09:00;public;Face a l'horizon, on se pose les vraies questions.;"[{""type"": ""image"", ""image_id"": 22, ""variante"": ""principale"", ""description"": ""Homme qui marche dans la rue (noir et blanc)"", ""url"": ""https://picsum.photos/id/22/640/480.jpg?random=88""}]";memoire;;"00010000000000000000002e;00010000000000000000006b;000100000000000000000023;000100000000000000000065;000100000000000000000040;000100000000000000000066;000100000000000000000073;00010000000000000000008b;000100000000000000000052;00010000000000000000000b;000100000000000000000084;00010000000000000000007f;000100000000000000000080;000100000000000000000045;00010000000000000000008a;000100000000000000000061;000100000000000000000047;00010000000000000000004b;00010000000000000000003f;000100000000000000000085;000100000000000000000082;000100000000000000000057;000100000000000000000012;00010000000000000000004d;00010000000000000000002f;00010000000000000000006e;000100000000000000000019;00010000000000000000003b;000100000000000000000087;00010000000000000000003c;000100000000000000000091;000100000000000000000021;000100000000000000000072;000100000000000000000095;000100000000000000000071;000100000000000000000004;000100000000000000000062";37;0;3;
00030000000000000000012d;PUB-0301;00010000000000000000008e;2026-08-18 06:43:00;public;Un instant capture au hasard.;"[{""type"": ""image"", ""image_id"": 9, ""variante"": ""principale"", ""description"": ""Le telephone est pose sur le cahier"", ""url"": ""https://picsum.photos/id/9/640/480.jpg?random=65""}]";cafe;000200000000000000000002;"00010000000000000000004c;000100000000000000000092;000100000000000000000081;000100000000000000000005;000100000000000000000007;000100000000000000000053;00010000000000000000000e;000100000000000000000091;000100000000000000000010;00010000000000000000005a;00010000000000000000001e;000100000000000000000001;000100000000000000000043;000100000000000000000017;000100000000000000000061;000100000000000000000063;000100000000000000000048;000100000000000000000045;000100000000000000000022;000100000000000000000013;000100000000000000000049;00010000000000000000000a;000100000000000000000032;000100000000000000000050";24;4;5;
00030000000000000000012e;PUB-0302;000100000000000000000014;2026-08-18 07:33:00;public;La peur du vide, c'est ici.;"[{""type"": ""image"", ""image_id"": 29, ""variante"": ""principale"", ""description"": ""Sommet de l'Himalaya, deux grimpeurs"", ""url"": ""https://picsum.photos/id/29/640/480.jpg?random=356""}]";foret;;"00010000000000000000000f;000100000000000000000009;00010000000000000000000c;000100000000000000000049;000100000000000000000095;00010000000000000000006a;000100000000000000000061;000100000000000000000067;00010000000000000000005d;000100000000000000000083;000100000000000000000028;00010000000000000000003f;00010000000000000000004c;000100000000000000000045;000100000000000000000059;000100000000000000000040;000100000000000000000057;00010000000000000000006e;00010000000000000000005f;000100000000000000000087;000100000000000000000088;000100000000000000000030;000100000000000000000076;00010000000000000000001b;000100000000000000000070;000100000000000000000058;000100000000000000000011;00010000000000000000007a;000100000000000000000036;000100000000000000000039;000100000000000000000005;000100000000000000000052;000100000000000000000082;000100000000000000000086;000100000000000000000063;000100000000000000000002;00010000000000000000007e;000100000000000000000078;000100000000000000000023;00010000000000000000003d;000100000000000000000004;00010000000000000000004b;000100000000000000000060;00010000000000000000000b;000100000000000000000092;000100000000000000000008;00010000000000000000006c;000100000000000000000021;000100000000000000000029;00010000000000000000008a;000100000000000000000062;000100000000000000000075;000100000000000000000081;000100000000000000000037;00010000000000000000000a;00010000000000000000006b;00010000000000000000004e";57;0;11;
00030000000000000000012f;PUB-0303;00010000000000000000006a;2026-08-18 07:42:00;public;Juste comme ca.;"[{""type"": ""image"", ""image_id"": 10, ""variante"": ""principale"", ""description"": ""Foret de sapins, montagne au loin"", ""url"": ""https://picsum.photos/id/10/640/480.jpg?random=677""}]";"tourisme;nature";;"000100000000000000000093;000100000000000000000067;000100000000000000000051;000100000000000000000015";4;2;0;
000300000000000000000130;PUB-0304;000100000000000000000014;2026-08-18 07:48:00;public;Qui m'envoie le rapport du projet aujourd'hui ?;"[{""type"": ""image"", ""image_id"": 7, ""variante"": ""grayscale"", ""description"": ""Affaires rangees, discussion sur tablette"", ""url"": ""https://picsum.photos/id/7/640/480.jpg?grayscale&blur=2&random=768""}]";savoir;;"000100000000000000000053;000100000000000000000082;000100000000000000000039;000100000000000000000074;000100000000000000000048;000100000000000000000068;00010000000000000000006f;000100000000000000000015;000100000000000000000051;000100000000000000000050;00010000000000000000007a;000100000000000000000093;00010000000000000000006e;000100000000000000000019;000100000000000000000084;00010000000000000000006a;000100000000000000000088;00010000000000000000007e;000100000000000000000001;000100000000000000000049;000100000000000000000078;00010000000000000000006b;000100000000000000000035;000100000000000000000057;000100000000000000000055;000100000000000000000090;000100000000000000000066;00010000000000000000006c;000100000000000000000033;000100000000000000000092;000100000000000000000073;000100000000000000000013;00010000000000000000005c;00010000000000000000008d;000100000000000000000003;000100000000000000000060;000100000000000000000031;00010000000000000000005d;000100000000000000000012;000100000000000000000072;000100000000000000000080;00010000000000000000002d;00010000000000000000004e";43;1;9;
000300000000000000000131;PUB-0305;00010000000000000000000b;2026-08-18 07:56:00;public;Que la paix soit avec vous.;"[{""type"": ""image"", ""image_id"": 24, ""variante"": ""principale"", ""description"": ""Bible ouverte"", ""url"": ""https://picsum.photos/id/24/640/480.jpg?random=920""}]";"reflexion;priere";00020000000000000000001d;;0;0;0;
000300000000000000000132;PUB-0306;000100000000000000000001;2026-08-18 12:15:00;public;Je ne monterais jamais la-haut.;"[{""type"": ""image"", ""image_id"": 29, ""variante"": ""principale"", ""description"": ""Sommet de l'Himalaya, deux grimpeurs"", ""url"": ""https://picsum.photos/id/29/640/480.jpg?random=141""}]";"aventure;montagne";;"00010000000000000000002c;00010000000000000000003d;000100000000000000000002;000100000000000000000030;000100000000000000000095;000100000000000000000031;000100000000000000000081;00010000000000000000006e;00010000000000000000004b;000100000000000000000006;000100000000000000000052;000100000000000000000049;00010000000000000000007d;00010000000000000000003f";14;3;3;
000300000000000000000133;PUB-0307;000100000000000000000014;2026-08-18 15:14:00;public;Photo du jour.;"[{""type"": ""image"", ""image_id"": 38, ""variante"": ""principale"", ""description"": ""Ciel nuageux"", ""url"": ""https://picsum.photos/id/38/640/480.jpg?random=630""}]";plage;;"000100000000000000000042;00010000000000000000000f;00010000000000000000005c;000100000000000000000012;000100000000000000000039;000100000000000000000018;00010000000000000000008a;000100000000000000000065;000100000000000000000062;000100000000000000000009;000100000000000000000050;00010000000000000000007e;000100000000000000000075;000100000000000000000040;000100000000000000000038;00010000000000000000008f;000100000000000000000019;000100000000000000000076;000100000000000000000082";19;7;2;
000300000000000000000134;PUB-0308;000100000000000000000014;2026-08-19 04:26:00;public;Un instant capture au hasard.;"[{""type"": ""image"", ""image_id"": 16, ""variante"": ""principale"", ""description"": ""Tronc d'arbre sur une plage de pierres"", ""url"": ""https://picsum.photos/id/16/640/480.jpg?random=491""}]";;00020000000000000000001b;"00010000000000000000000d;00010000000000000000008d;000100000000000000000088;000100000000000000000079;000100000000000000000096;00010000000000000000005c;00010000000000000000007c;00010000000000000000001f;000100000000000000000023;00010000000000000000008f;000100000000000000000055;000100000000000000000010;00010000000000000000003f;000100000000000000000045;000100000000000000000030;000100000000000000000086;000100000000000000000044;000100000000000000000049";18;4;4;
000300000000000000000135;PUB-0309;000100000000000000000028;2026-08-19 05:15:00;public;Concentre sur ma tache, ne pas deranger.;"[{""type"": ""image"", ""image_id"": 4, ""variante"": ""grayscale"", ""description"": ""On ecrit dans le cahier"", ""url"": ""https://picsum.photos/id/4/640/480.jpg?grayscale&blur=2&random=96""}]";"etudes;ecole";;"00010000000000000000006a;00010000000000000000006b;000100000000000000000051;000100000000000000000081;00010000000000000000007c;00010000000000000000004f;000100000000000000000019;000100000000000000000036;000100000000000000000018;00010000000000000000008f;00010000000000000000005f;000100000000000000000014;000100000000000000000083;000100000000000000000032;000100000000000000000003;000100000000000000000025;00010000000000000000005c;000100000000000000000085;000100000000000000000061;000100000000000000000034;000100000000000000000046;00010000000000000000006d;000100000000000000000064;00010000000000000000002a;000100000000000000000082;000100000000000000000096;00010000000000000000000b;00010000000000000000002e;00010000000000000000001b;000100000000000000000094;000100000000000000000045;000100000000000000000065;00010000000000000000007e;000100000000000000000030;000100000000000000000053;000100000000000000000016;00010000000000000000005a;000100000000000000000010;000100000000000000000040;000100000000000000000048;000100000000000000000091;00010000000000000000002b;00010000000000000000002d;000100000000000000000079;000100000000000000000069;000100000000000000000095;000100000000000000000008;00010000000000000000004b;000100000000000000000044;000100000000000000000027;000100000000000000000086;000100000000000000000058;00010000000000000000000a;000100000000000000000073;00010000000000000000006f";55;5;6;
000300000000000000000136;PUB-0310;000100000000000000000086;2026-08-19 05:45:00;public;Un paysage qui apaise l'esprit.;"[{""type"": ""image"", ""image_id"": 12, ""variante"": ""principale"", ""description"": ""Sable, mer, ilots et rochers"", ""url"": ""https://picsum.photos/id/12/640/480.jpg?random=545""}]";;000200000000000000000007;"000100000000000000000044;00010000000000000000000c;000100000000000000000079;000100000000000000000045;00010000000000000000000e;000100000000000000000073;000100000000000000000071;00010000000000000000003f;000100000000000000000057;00010000000000000000005c;000100000000000000000049;00010000000000000000004a;00010000000000000000002e;00010000000000000000000d;000100000000000000000065;000100000000000000000053;000100000000000000000027;000100000000000000000021;000100000000000000000066;000100000000000000000090;000100000000000000000039;000100000000000000000061;000100000000000000000076;000100000000000000000081;00010000000000000000008c;00010000000000000000003c;000100000000000000000056;00010000000000000000007b;00010000000000000000001c";29;5;1;
000300000000000000000137;PUB-0311;000100000000000000000086;2026-08-19 06:05:00;public;Tout ce qu'il faut pour une journee productive.;"[{""type"": ""image"", ""image_id"": 26, ""variante"": ""principale"", ""description"": ""Telephone, montre, casque, sac : effets personnels"", ""url"": ""https://picsum.photos/id/26/640/480.jpg?random=683""}]";"cafe;bureau";00020000000000000000000e;"00010000000000000000000d;00010000000000000000005c;000100000000000000000094;000100000000000000000043;000100000000000000000081;00010000000000000000005b;00010000000000000000001c;00010000000000000000003a;000100000000000000000080;00010000000000000000001f;000100000000000000000079;000100000000000000000015;000100000000000000000039;000100000000000000000031;000100000000000000000066;000100000000000000000046;000100000000000000000065;00010000000000000000008c;000100000000000000000012;00010000000000000000006a;000100000000000000000026;00010000000000000000005a;000100000000000000000061;000100000000000000000044;00010000000000000000003d;00010000000000000000003c;000100000000000000000032;000100000000000000000013;00010000000000000000000b;000100000000000000000087;000100000000000000000085;000100000000000000000088;000100000000000000000052;000100000000000000000007";34;3;0;
000300000000000000000138;PUB-0312;000100000000000000000092;2026-08-19 06:14:00;public;Productivite : 3 % travail, 97 % cafe.;"[{""type"": ""image"", ""image_id"": 1, ""variante"": ""principale"", ""description"": ""Quelqu'un travaille sur l'ordinateur"", ""url"": ""https://picsum.photos/id/1/640/480.jpg?random=492""}]";tech;;"000100000000000000000003;000100000000000000000074;000100000000000000000071;000100000000000000000089;000100000000000000000017;00010000000000000000001a;00010000000000000000000d;000100000000000000000069;00010000000000000000005d";9;0;2;
000300000000000000000139;PUB-0313;000100000000000000000059;2026-08-19 08:12:00;public;Un instant capture au hasard.;"[{""type"": ""image"", ""image_id"": 34, ""variante"": ""principale"", ""description"": ""Fut d'essence rouge dans un champ"", ""url"": ""https://picsum.photos/id/34/640/480.jpg?random=814""}]";"montagne;foret";00020000000000000000001e;"000100000000000000000080;000100000000000000000063;000100000000000000000056;000100000000000000000092;00010000000000000000001a;000100000000000000000088;000100000000000000000073;000100000000000000000006;00010000000000000000008a;000100000000000000000015;000100000000000000000020;00010000000000000000003d;000100000000000000000022;000100000000000000000094;000100000000000000000089;00010000000000000000007e;00010000000000000000005b;00010000000000000000004e;00010000000000000000000a;000100000000000000000086;00010000000000000000003f;00010000000000000000000f;000100000000000000000060;000100000000000000000085";24;7;3;
00030000000000000000013a;PUB-0314;000100000000000000000003;2026-08-19 12:08:00;public;Un morceau d'histoire a ne pas oublier.;"[{""type"": ""image"", ""image_id"": 44, ""variante"": ""principale"", ""description"": ""Plage en noir et blanc, baigneurs"", ""url"": ""https://picsum.photos/id/44/640/480.jpg?random=561""}]";"viedevie;retro;memoire";;"00010000000000000000001c;000100000000000000000007;00010000000000000000006d;000100000000000000000063;000100000000000000000019;000100000000000000000006;000100000000000000000011;000100000000000000000088;000100000000000000000023;00010000000000000000002a;000100000000000000000042;000100000000000000000024;000100000000000000000021;000100000000000000000069;00010000000000000000008b;000100000000000000000026;00010000000000000000006c;000100000000000000000082;000100000000000000000022;000100000000000000000028;000100000000000000000017";21;2;5;
00030000000000000000013b;PUB-0315;00010000000000000000007f;2026-08-19 17:40:00;public;Decor digne du cinema.;"[{""type"": ""image"", ""image_id"": 15, ""variante"": ""principale"", ""description"": ""Chute d'eau, rochers verdoyants et glissants"", ""url"": ""https://picsum.photos/id/15/640/480.jpg?random=746""}]";"plage;sportextreme";00020000000000000000000b;"00010000000000000000005c;000100000000000000000092;000100000000000000000042;000100000000000000000022;000100000000000000000066;000100000000000000000075;000100000000000000000004;000100000000000000000008;00010000000000000000000f;000100000000000000000010;000100000000000000000073;000100000000000000000023;000100000000000000000039;000100000000000000000007;000100000000000000000034;000100000000000000000049;00010000000000000000008c;000100000000000000000094;000100000000000000000015;000100000000000000000026;000100000000000000000017;000100000000000000000054;000100000000000000000002;000100000000000000000050;000100000000000000000059;00010000000000000000003c;000100000000000000000052;00010000000000000000002b;000100000000000000000081;000100000000000000000088;000100000000000000000043;00010000000000000000003b;000100000000000000000079;000100000000000000000077";34;2;2;
00030000000000000000013c;PUB-0316;000100000000000000000066;2026-08-19 17:52:00;public;Deux grimpeurs, un sommet, zero droit a l'erreur.;"[{""type"": ""image"", ""image_id"": 29, ""variante"": ""principale"", ""description"": ""Sommet de l'Himalaya, deux grimpeurs"", ""url"": ""https://picsum.photos/id/29/640/480.jpg?random=942""}]";"aventure;foret";000200000000000000000006;000100000000000000000065;1;0;1;
00030000000000000000013d;PUB-0317;000100000000000000000028;2026-08-19 19:17:00;public;Un instant capture au hasard.;"[{""type"": ""image"", ""image_id"": 25, ""variante"": ""grayscale"", ""description"": ""Branches eclairees par un lever de soleil"", ""url"": ""https://picsum.photos/id/25/640/480.jpg?grayscale&blur=2&random=499""}]";montagne;00020000000000000000001a;"000100000000000000000055;000100000000000000000094;000100000000000000000050;00010000000000000000008f;00010000000000000000004a;00010000000000000000001c;000100000000000000000054;000100000000000000000036;00010000000000000000001a;000100000000000000000071;000100000000000000000004;000100000000000000000049;000100000000000000000064;00010000000000000000008a;000100000000000000000043;000100000000000000000075;000100000000000000000086;00010000000000000000006d;000100000000000000000063;000100000000000000000048;000100000000000000000003;000100000000000000000006;00010000000000000000008c;000100000000000000000096;000100000000000000000026";25;2;4;
00030000000000000000013e;PUB-0318;000100000000000000000022;2026-08-19 21:39:00;public;Un coin a visiter absolument.;"[{""type"": ""image"", ""image_id"": 37, ""variante"": ""principale"", ""description"": ""Fleurs au bord de la plage"", ""url"": ""https://picsum.photos/id/37/640/480.jpg?random=631""}]";"foret;plage";;"000100000000000000000030;000100000000000000000045;000100000000000000000004;00010000000000000000006d;00010000000000000000005d;00010000000000000000004e;00010000000000000000007c;000100000000000000000075;000100000000000000000068";9;7;2;
00030000000000000000013f;PUB-0319;000100000000000000000011;2026-08-19 21:55:00;amis;Je n'irais pas la seul la nuit.;"[{""type"": ""image"", ""image_id"": 17, ""variante"": ""principale"", ""description"": ""Chemin trace dans une foret de sapins"", ""url"": ""https://picsum.photos/id/17/640/480.jpg?random=56""}]";;;;0;0;0;
000300000000000000000140;PUB-0320;000100000000000000000044;2026-08-19 22:26:00;public;Pour les soirees, rien ne vaut une bonne paire.;"[{""type"": ""image"", ""image_id"": 21, ""variante"": ""grayscale"", ""description"": ""Chaussure blanche a talon pour soiree"", ""url"": ""https://picsum.photos/id/21/640/480.jpg?grayscale&blur=2&random=6""}]";"style;soiree";00020000000000000000001a;"000100000000000000000006;00010000000000000000006a";2;0;1;
000300000000000000000141;PUB-0321;000100000000000000000086;2026-08-19 23:27:00;public;Juste comme ca.;"[{""type"": ""image"", ""image_id"": 10, ""variante"": ""grayscale"", ""description"": ""Foret de sapins, montagne au loin"", ""url"": ""https://picsum.photos/id/10/640/480.jpg?grayscale&blur=2&random=930""}]";cameroun237;000200000000000000000009;"000100000000000000000096;000100000000000000000018;00010000000000000000007e;000100000000000000000079;000100000000000000000065;00010000000000000000004a;000100000000000000000048;000100000000000000000024;00010000000000000000006d;00010000000000000000005b;000100000000000000000039;000100000000000000000063;000100000000000000000055;000100000000000000000076;00010000000000000000005a;00010000000000000000008e;00010000000000000000000b;00010000000000000000002b;00010000000000000000000d;000100000000000000000064;000100000000000000000085;000100000000000000000032;00010000000000000000001d;00010000000000000000001c;000100000000000000000009;000100000000000000000094;000100000000000000000061;000100000000000000000007;000100000000000000000043;000100000000000000000022;00010000000000000000001b;000100000000000000000042;00010000000000000000003a;000100000000000000000008";34;1;0;
000300000000000000000142;PUB-0322;000100000000000000000042;2026-08-20 23:05:00;public;Un coin a visiter absolument.;"[{""type"": ""image"", ""image_id"": 37, ""variante"": ""principale"", ""description"": ""Fleurs au bord de la plage"", ""url"": ""https://picsum.photos/id/37/640/480.jpg?random=271""}]";plage;00020000000000000000001b;"00010000000000000000003b;000100000000000000000086;000100000000000000000032;000100000000000000000092;00010000000000000000001e;00010000000000000000008e;000100000000000000000027;00010000000000000000008a;000100000000000000000034;000100000000000000000049;000100000000000000000066;000100000000000000000043;000100000000000000000071";13;3;0;
000300000000000000000143;PUB-0323;00010000000000000000006b;2026-08-20 23:51:00;public;Productivite : 3 % travail, 97 % cafe.;"[{""type"": ""image"", ""image_id"": 2, ""variante"": ""grayscale"", ""description"": ""Le cahier est ouvert"", ""url"": ""https://picsum.photos/id/2/640/480.jpg?grayscale&blur=2&random=439""}]";"bureau;focus";00020000000000000000000a;"00010000000000000000007e;00010000000000000000005b;000100000000000000000036;000100000000000000000033;000100000000000000000061;00010000000000000000000a;00010000000000000000006f;000100000000000000000027;000100000000000000000058;000100000000000000000052;000100000000000000000037;00010000000000000000005a;000100000000000000000048;00010000000000000000000e;000100000000000000000078;00010000000000000000003f;000100000000000000000045;000100000000000000000084;000100000000000000000019;000100000000000000000026;00010000000000000000007f";21;0;1;
000300000000000000000144;PUB-0324;000100000000000000000086;2026-08-21 05:14:00;public;Photo du jour.;"[{""type"": ""image"", ""image_id"": 42, ""variante"": ""principale"", ""description"": ""Table de snack, deux cafes et un telephone"", ""url"": ""https://picsum.photos/id/42/640/480.jpg?random=255""}]";"ingenieur;focus;travail";00020000000000000000001e;"000100000000000000000022;000100000000000000000015;000100000000000000000092;000100000000000000000089;000100000000000000000085;000100000000000000000059;000100000000000000000080;000100000000000000000088;00010000000000000000004e;00010000000000000000008a;000100000000000000000063;00010000000000000000000f;00010000000000000000005b;000100000000000000000060;00010000000000000000003d;00010000000000000000001a;000100000000000000000020;00010000000000000000007e;00010000000000000000000a;000100000000000000000073;000100000000000000000094;00010000000000000000003f;000100000000000000000006;000100000000000000000056";24;2;4;
000300000000000000000145;PUB-0325;000100000000000000000014;2026-08-21 06:52:00;public;Pour les soirees, rien ne vaut une bonne paire.;"[{""type"": ""image"", ""image_id"": 21, ""variante"": ""principale"", ""description"": ""Chaussure blanche a talon pour soiree"", ""url"": ""https://picsum.photos/id/21/640/480.jpg?random=943""}]";style;;"00010000000000000000008a;000100000000000000000031;00010000000000000000002a;000100000000000000000088;00010000000000000000002c;00010000000000000000008b;000100000000000000000001;00010000000000000000001e;000100000000000000000039;000100000000000000000029;000100000000000000000040;000100000000000000000061;000100000000000000000037;00010000000000000000000b;000100000000000000000071;000100000000000000000084;000100000000000000000085;000100000000000000000059";18;0;3;
000300000000000000000146;PUB-0326;00010000000000000000002a;2026-08-21 08:59:00;public;Qui est partant pour un diner ce week-end ?;"[{""type"": ""image"", ""image_id"": 7, ""variante"": ""principale"", ""description"": ""Affaires rangees, discussion sur tablette"", ""url"": ""https://picsum.photos/id/7/640/480.jpg?random=702""}]";travail;;"00010000000000000000006e;00010000000000000000007e;00010000000000000000006a;000100000000000000000080;000100000000000000000082;000100000000000000000005;000100000000000000000068;000100000000000000000049;000100000000000000000054;00010000000000000000003a;00010000000000000000007c;000100000000000000000046;00010000000000000000008f;000100000000000000000055;00010000000000000000007b;000100000000000000000057;000100000000000000000026;000100000000000000000015;00010000000000000000003d;00010000000000000000005d;000100000000000000000035;000100000000000000000085;00010000000000000000007a;00010000000000000000003f;00010000000000000000002b;000100000000000000000074;00010000000000000000002e;000100000000000000000059;000100000000000000000066;00010000000000000000005c;00010000000000000000002c;00010000000000000000004e;000100000000000000000052;000100000000000000000081;000100000000000000000042;00010000000000000000005b;000100000000000000000051;000100000000000000000040;000100000000000000000024;00010000000000000000008b;000100000000000000000079;00010000000000000000003c";42;4;4;
000300000000000000000147;PUB-0327;00010000000000000000007e;2026-08-21 10:12:00;public;Juste comme ca.;"[{""type"": ""image"", ""image_id"": 38, ""variante"": ""principale"", ""description"": ""Ciel nuageux"", ""url"": ""https://picsum.photos/id/38/640/480.jpg?random=516""}]";;;"00010000000000000000004b;000100000000000000000088;000100000000000000000063;000100000000000000000029;00010000000000000000006e;000100000000000000000072;000100000000000000000053;00010000000000000000001f;000100000000000000000080;00010000000000000000006d;000100000000000000000042;000100000000000000000056;00010000000000000000003a";13;3;2;
000300000000000000000148;PUB-0328;000100000000000000000088;2026-08-21 11:43:00;public;Cadre de reve pour dire oui.;"[{""type"": ""image"", ""image_id"": 13, ""variante"": ""grayscale"", ""description"": ""Plage de galets, mer tres bleue, arbre mort"", ""url"": ""https://picsum.photos/id/13/640/480.jpg?grayscale&blur=2&random=118""}]";"voyage;plage;mariage";;"000100000000000000000052;000100000000000000000013;00010000000000000000005c;000100000000000000000070;000100000000000000000050;00010000000000000000001d;000100000000000000000068;000100000000000000000071;000100000000000000000089;00010000000000000000006e;00010000000000000000003d;000100000000000000000003;00010000000000000000000d";13;0;1;
000300000000000000000149;PUB-0329;000100000000000000000042;2026-08-21 16:18:00;public;Un morceau d'histoire a ne pas oublier.;"[{""type"": ""image"", ""image_id"": 44, ""variante"": ""principale"", ""description"": ""Plage en noir et blanc, baigneurs"", ""url"": ""https://picsum.photos/id/44/640/480.jpg?random=800""}]";retro;;"000100000000000000000030;000100000000000000000010;00010000000000000000001d;000100000000000000000067;000100000000000000000032;00010000000000000000000a;000100000000000000000016;000100000000000000000055;00010000000000000000007b;000100000000000000000028;00010000000000000000002d;000100000000000000000049;000100000000000000000026;000100000000000000000021;000100000000000000000088;00010000000000000000008b;000100000000000000000038;000100000000000000000050;00010000000000000000002b;00010000000000000000007c;000100000000000000000063;00010000000000000000006b;000100000000000000000048;000100000000000000000007;00010000000000000000004a;000100000000000000000052;000100000000000000000044;000100000000000000000064;000100000000000000000089;000100000000000000000086";30;1;0;
00030000000000000000014a;PUB-0330;000100000000000000000086;2026-08-21 18:47:00;public;Face a l'horizon, on se pose les vraies questions.;"[{""type"": ""image"", ""image_id"": 27, ""variante"": ""grayscale"", ""description"": ""Homme au bord du gouffre regardant l'horizon"", ""url"": ""https://picsum.photos/id/27/640/480.jpg?grayscale&blur=2&random=57""}]";"viedevie;memoire";000200000000000000000019;"000100000000000000000042;00010000000000000000002b;000100000000000000000081;00010000000000000000003d;00010000000000000000007e;000100000000000000000023;00010000000000000000000e;000100000000000000000002;00010000000000000000007f;000100000000000000000094;00010000000000000000002e;00010000000000000000001d;00010000000000000000001f";13;1;1;
00030000000000000000014b;PUB-0331;00010000000000000000002a;2026-08-21 19:17:00;public;Photo du jour.;"[{""type"": ""image"", ""image_id"": 34, ""variante"": ""principale"", ""description"": ""Fut d'essence rouge dans un champ"", ""url"": ""https://picsum.photos/id/34/640/480.jpg?random=295""}]";foret;000200000000000000000008;"000100000000000000000014;000100000000000000000039;00010000000000000000005c;00010000000000000000003b;000100000000000000000005;000100000000000000000087;000100000000000000000048;000100000000000000000071;000100000000000000000052;000100000000000000000063;000100000000000000000007;00010000000000000000007b;00010000000000000000000f;000100000000000000000090;000100000000000000000056;00010000000000000000005a;000100000000000000000054;000100000000000000000075;000100000000000000000050;000100000000000000000023;00010000000000000000002e;000100000000000000000010;000100000000000000000094;000100000000000000000032";24;7;3;
00030000000000000000014c;PUB-0332;000100000000000000000086;2026-08-21 23:20:00;public;Face a l'horizon, on se pose les vraies questions.;"[{""type"": ""image"", ""image_id"": 27, ""variante"": ""grayscale"", ""description"": ""Homme au bord du gouffre regardant l'horizon"", ""url"": ""https://picsum.photos/id/27/640/480.jpg?grayscale&blur=2&random=235""}]";"sportextreme;aventure;memoire";;"000100000000000000000056;000100000000000000000035;000100000000000000000066;00010000000000000000004d;000100000000000000000094;000100000000000000000011;00010000000000000000001c;000100000000000000000028;000100000000000000000089;00010000000000000000005a;000100000000000000000069;000100000000000000000072;000100000000000000000081;00010000000000000000005e;00010000000000000000000b;00010000000000000000002c";16;3;0;
00030000000000000000014d;PUB-0333;000100000000000000000024;2026-08-22 00:03:00;public;Productivite : 3 % travail, 97 % cafe.;"[{""type"": ""image"", ""image_id"": 2, ""variante"": ""grayscale"", ""description"": ""Le cahier est ouvert"", ""url"": ""https://picsum.photos/id/2/640/480.jpg?grayscale&blur=2&random=73""}]";"ecole;enspd";00020000000000000000001a;"000100000000000000000075;000100000000000000000008;00010000000000000000001c;00010000000000000000005d;00010000000000000000006d;000100000000000000000094;000100000000000000000079;000100000000000000000064;000100000000000000000030;000100000000000000000031";10;0;0;
00030000000000000000014e;PUB-0334;000100000000000000000084;2026-08-22 01:23:00;public;Juste comme ca.;"[{""type"": ""image"", ""image_id"": 9, ""variante"": ""principale"", ""description"": ""Le telephone est pose sur le cahier"", ""url"": ""https://picsum.photos/id/9/640/480.jpg?random=237""}]";focus;00020000000000000000001a;"00010000000000000000008a;000100000000000000000027;00010000000000000000000e;000100000000000000000020;000100000000000000000087;000100000000000000000069;00010000000000000000003a;00010000000000000000000c;000100000000000000000086;00010000000000000000004e;000100000000000000000017;00010000000000000000008c;000100000000000000000019";13;4;3;
00030000000000000000014f;PUB-0335;000100000000000000000086;2026-08-22 14:24:00;public;Avancer seul n'est pas etre perdu.;"[{""type"": ""image"", ""image_id"": 27, ""variante"": ""grayscale"", ""description"": ""Homme au bord du gouffre regardant l'horizon"", ""url"": ""https://picsum.photos/id/27/640/480.jpg?grayscale&blur=2&random=826""}]";"viedevie;foret";00020000000000000000001a;"00010000000000000000006d;00010000000000000000002b;000100000000000000000064;00010000000000000000007b;00010000000000000000002a;00010000000000000000008c;00010000000000000000003c;000100000000000000000094;000100000000000000000057;00010000000000000000007f;000100000000000000000096;000100000000000000000012;000100000000000000000055;000100000000000000000063;00010000000000000000003d;00010000000000000000004e;000100000000000000000049;000100000000000000000087;000100000000000000000022;000100000000000000000090;00010000000000000000001f;000100000000000000000081;000100000000000000000007;000100000000000000000084;000100000000000000000008;00010000000000000000006a;000100000000000000000018;000100000000000000000006;00010000000000000000000e;000100000000000000000004;00010000000000000000008f;000100000000000000000069;00010000000000000000007e;000100000000000000000048;000100000000000000000036;00010000000000000000005c;00010000000000000000002e;00010000000000000000006c;00010000000000000000006f;00010000000000000000005a;000100000000000000000021;000100000000000000000088;000100000000000000000020";43;1;7;
000300000000000000000150;PUB-0336;000100000000000000000001;2026-08-22 14:40:00;public;Oui oui, je travaille, tres intensement.;"[{""type"": ""image"", ""image_id"": 4, ""variante"": ""principale"", ""description"": ""On ecrit dans le cahier"", ""url"": ""https://picsum.photos/id/4/640/480.jpg?random=854""}]";"ingenieur;enspd";;"00010000000000000000005b;000100000000000000000063;000100000000000000000053;00010000000000000000000b;00010000000000000000007d;000100000000000000000006;00010000000000000000005e;000100000000000000000055;00010000000000000000004f;000100000000000000000045;000100000000000000000037;000100000000000000000050;00010000000000000000003a;000100000000000000000070;00010000000000000000008b;00010000000000000000007a;000100000000000000000080;00010000000000000000001c;000100000000000000000058";19;3;3;
000300000000000000000151;PUB-0337;00010000000000000000008e;2026-08-22 16:41:00;public;Mon recit de randonnee, c'etait intense.;"[{""type"": ""image"", ""image_id"": 15, ""variante"": ""principale"", ""description"": ""Chute d'eau, rochers verdoyants et glissants"", ""url"": ""https://picsum.photos/id/15/640/480.jpg?random=706""}]";"nature;tourisme";;"000100000000000000000025;000100000000000000000001;000100000000000000000045;00010000000000000000000e;00010000000000000000007d;000100000000000000000068;00010000000000000000003e;00010000000000000000004d;00010000000000000000001d;000100000000000000000059;000100000000000000000036;00010000000000000000005d;000100000000000000000077;000100000000000000000078;000100000000000000000020;000100000000000000000093;00010000000000000000000d;00010000000000000000008d;000100000000000000000087;000100000000000000000056;000100000000000000000041;000100000000000000000089;00010000000000000000003b;00010000000000000000006e;00010000000000000000001e;000100000000000000000063;000100000000000000000096;00010000000000000000004f;000100000000000000000022;00010000000000000000001f;000100000000000000000055;00010000000000000000000a;000100000000000000000069;000100000000000000000073;000100000000000000000080;000100000000000000000079;00010000000000000000008c;000100000000000000000094;000100000000000000000090;000100000000000000000012;000100000000000000000017;00010000000000000000002e;00010000000000000000002f;00010000000000000000003c;000100000000000000000081;00010000000000000000002c;000100000000000000000034;000100000000000000000021;000100000000000000000086;000100000000000000000084;000100000000000000000091;000100000000000000000023;000100000000000000000053;00010000000000000000005e;000100000000000000000052;00010000000000000000003f;000100000000000000000028;000100000000000000000085;000100000000000000000033";59;3;8;
000300000000000000000152;PUB-0338;000100000000000000000014;2026-08-22 17:26:00;public;Les petits bonheurs sont les meilleurs.;"[{""type"": ""image"", ""image_id"": 33, ""variante"": ""principale"", ""description"": ""Herbe touffue et deux petites fleurs"", ""url"": ""https://picsum.photos/id/33/640/480.jpg?random=782""}]";"cameroun237;foret";;"000100000000000000000079;000100000000000000000038;000100000000000000000052;000100000000000000000028;00010000000000000000003e;000100000000000000000027;00010000000000000000008b;00010000000000000000005f;000100000000000000000061;00010000000000000000005b;000100000000000000000005;00010000000000000000005a;00010000000000000000007e;00010000000000000000004f;00010000000000000000008a;00010000000000000000005e;000100000000000000000082;00010000000000000000001b;00010000000000000000006a;000100000000000000000069;00010000000000000000000c;000100000000000000000029;000100000000000000000066;000100000000000000000074;000100000000000000000076;000100000000000000000045;000100000000000000000064;000100000000000000000088;000100000000000000000023";29;1;1;
000300000000000000000153;PUB-0339;00010000000000000000003e;2026-08-23 02:05:00;public;Cadre de reve pour dire oui.;"[{""type"": ""image"", ""image_id"": 13, ""variante"": ""principale"", ""description"": ""Plage de galets, mer tres bleue, arbre mort"", ""url"": ""https://picsum.photos/id/13/640/480.jpg?random=932""}]";;000200000000000000000018;"00010000000000000000008e;00010000000000000000002e;00010000000000000000006a;000100000000000000000011;00010000000000000000007f;000100000000000000000027";6;2;1;
000300000000000000000154;PUB-0340;00010000000000000000008e;2026-08-23 03:29:00;public;La deadline est dans 5 minutes, tout va bien.;"[{""type"": ""image"", ""image_id"": 5, ""variante"": ""principale"", ""description"": ""Le cafe est bu"", ""url"": ""https://picsum.photos/id/5/640/480.jpg?random=761""}]";focus;;"000100000000000000000005;000100000000000000000078;00010000000000000000001b;000100000000000000000041;000100000000000000000067;000100000000000000000072;000100000000000000000019;000100000000000000000042;00010000000000000000007f;00010000000000000000007e;00010000000000000000003f;00010000000000000000004b;000100000000000000000020;00010000000000000000005a;000100000000000000000052;000100000000000000000058;00010000000000000000000b;000100000000000000000038;000100000000000000000080;000100000000000000000049;000100000000000000000060;000100000000000000000068;000100000000000000000096;000100000000000000000010;00010000000000000000003c;000100000000000000000004;000100000000000000000090;00010000000000000000004e;00010000000000000000006a;000100000000000000000032;00010000000000000000000d;000100000000000000000003;00010000000000000000000a;00010000000000000000003b;00010000000000000000002d;00010000000000000000004f";36;1;0;
000300000000000000000155;PUB-0341;000100000000000000000001;2026-08-23 06:58:00;prive;Elegance avant tout.;"[{""type"": ""image"", ""image_id"": 21, ""variante"": ""principale"", ""description"": ""Chaussure blanche a talon pour soiree"", ""url"": ""https://picsum.photos/id/21/640/480.jpg?random=686""}]";"style;soiree";;"00010000000000000000001c;000100000000000000000072;00010000000000000000000b;000100000000000000000064;000100000000000000000077;000100000000000000000094;000100000000000000000047";7;7;0;
000300000000000000000156;PUB-0342;000100000000000000000028;2026-08-23 09:52:00;public;Apprenons de nos erreurs.;"[{""type"": ""image"", ""image_id"": 32, ""variante"": ""principale"", ""description"": ""Mur de prison gris avec un banc"", ""url"": ""https://picsum.photos/id/32/640/480.jpg?random=170""}]";philo;00020000000000000000001a;"00010000000000000000006c;000100000000000000000059;000100000000000000000026;00010000000000000000002e;000100000000000000000066;00010000000000000000003c;00010000000000000000003a;00010000000000000000003d;00010000000000000000000a;000100000000000000000012;00010000000000000000005d;000100000000000000000031;000100000000000000000061;000100000000000000000088;000100000000000000000048;000100000000000000000025;000100000000000000000024;000100000000000000000092;00010000000000000000001c;000100000000000000000007;00010000000000000000007e;00010000000000000000008a;00010000000000000000002a;000100000000000000000044;000100000000000000000087;000100000000000000000096;00010000000000000000001f;00010000000000000000000e;000100000000000000000022;000100000000000000000008;00010000000000000000006d;000100000000000000000056;000100000000000000000013;000100000000000000000021;000100000000000000000057;000100000000000000000091;00010000000000000000004e;000100000000000000000069;000100000000000000000081";39;1;4;
000300000000000000000157;PUB-0343;000100000000000000000086;2026-08-23 12:44:00;public;Un endroit qui raconte la solitude.;"[{""type"": ""image"", ""image_id"": 32, ""variante"": ""grayscale"", ""description"": ""Mur de prison gris avec un banc"", ""url"": ""https://picsum.photos/id/32/640/480.jpg?grayscale&blur=2&random=405""}]";"cameroun237;philo";;"00010000000000000000003c;000100000000000000000059;00010000000000000000001c;000100000000000000000032;000100000000000000000002;000100000000000000000014;000100000000000000000046;000100000000000000000031;00010000000000000000000d;000100000000000000000078;000100000000000000000050;00010000000000000000002b;00010000000000000000007f;00010000000000000000008c;00010000000000000000003b;00010000000000000000006f;000100000000000000000068;00010000000000000000003a;000100000000000000000051;00010000000000000000007b;00010000000000000000006a;000100000000000000000072;000100000000000000000063;000100000000000000000069;000100000000000000000080;000100000000000000000009;00010000000000000000007a;000100000000000000000095;000100000000000000000023;000100000000000000000043;000100000000000000000003;00010000000000000000001a;00010000000000000000005b;00010000000000000000008a;00010000000000000000006e;000100000000000000000056;000100000000000000000092;00010000000000000000007d;000100000000000000000007;000100000000000000000088;000100000000000000000057;00010000000000000000005d;00010000000000000000001e;000100000000000000000067;00010000000000000000002f;000100000000000000000064;000100000000000000000083;000100000000000000000038;00010000000000000000007e;000100000000000000000048;000100000000000000000091;000100000000000000000093;000100000000000000000004;000100000000000000000042;000100000000000000000017;00010000000000000000002c;000100000000000000000018";57;5;10;
000300000000000000000158;PUB-0344;00010000000000000000008e;2026-08-23 13:04:00;public;Le genre d'endroit ou l'on se promet des choses.;"[{""type"": ""image"", ""image_id"": 14, ""variante"": ""principale"", ""description"": ""Cailloux dans l'eau, maree haute"", ""url"": ""https://picsum.photos/id/14/640/480.jpg?random=527""}]";"plage;voyage";000200000000000000000002;"000100000000000000000081;000100000000000000000032;000100000000000000000053;000100000000000000000022;00010000000000000000000e;000100000000000000000013;000100000000000000000017;000100000000000000000048;00010000000000000000004c;000100000000000000000005;000100000000000000000043;000100000000000000000063;000100000000000000000061;000100000000000000000049;000100000000000000000045;000100000000000000000050;00010000000000000000000a;000100000000000000000007;00010000000000000000001e;000100000000000000000092;000100000000000000000001;00010000000000000000005a;000100000000000000000091;000100000000000000000010";24;1;0;
000300000000000000000159;PUB-0345;00010000000000000000006b;2026-08-23 21:21:00;public;Oui oui, je travaille, tres intensement.;"[{""type"": ""image"", ""image_id"": 1, ""variante"": ""grayscale"", ""description"": ""Quelqu'un travaille sur l'ordinateur"", ""url"": ""https://picsum.photos/id/1/640/480.jpg?grayscale&blur=2&random=787""}]";focus;00020000000000000000000a;"000100000000000000000027;000100000000000000000009;00010000000000000000000f;00010000000000000000003a;000100000000000000000013;00010000000000000000006a;000100000000000000000054;000100000000000000000078;00010000000000000000000e;00010000000000000000005b;00010000000000000000005a;000100000000000000000011;00010000000000000000002b;000100000000000000000084;000100000000000000000044;000100000000000000000061;00010000000000000000003f;000100000000000000000037;00010000000000000000000a;000100000000000000000026;000100000000000000000045;00010000000000000000005c;000100000000000000000036;000100000000000000000014;000100000000000000000033;00010000000000000000006f;00010000000000000000007e;000100000000000000000019;000100000000000000000048;000100000000000000000080;00010000000000000000007f;000100000000000000000052;000100000000000000000010;000100000000000000000058";34;1;2;
00030000000000000000015a;PUB-0346;00010000000000000000007e;2026-08-23 22:28:00;public;Oui oui, je travaille, tres intensement.;"[{""type"": ""image"", ""image_id"": 3, ""variante"": ""principale"", ""description"": ""Le telephone en main"", ""url"": ""https://picsum.photos/id/3/640/480.jpg?random=884""}]";"innovation;bureau;focus";00020000000000000000001a;"000100000000000000000096;000100000000000000000075;000100000000000000000056;00010000000000000000003c;000100000000000000000063;000100000000000000000008;000100000000000000000052;000100000000000000000027;000100000000000000000006;000100000000000000000049;000100000000000000000066";11;2;2;
00030000000000000000015b;PUB-0347;00010000000000000000007e;2026-08-24 01:12:00;public;Concentre sur ma tache, ne pas deranger.;"[{""type"": ""image"", ""image_id"": 24, ""variante"": ""principale"", ""description"": ""Bible ouverte"", ""url"": ""https://picsum.photos/id/24/640/480.jpg?random=744""}]";"reflexion;priere;foi";000200000000000000000017;"000100000000000000000048;000100000000000000000050;000100000000000000000056;000100000000000000000046;000100000000000000000034;00010000000000000000005d;000100000000000000000059;000100000000000000000057;000100000000000000000054";9;1;2;
00030000000000000000015c;PUB-0348;000100000000000000000005;2026-08-24 08:04:00;amis;Productivite : 3 % travail, 97 % cafe.;"[{""type"": ""image"", ""image_id"": 1, ""variante"": ""principale"", ""description"": ""Quelqu'un travaille sur l'ordinateur"", ""url"": ""https://picsum.photos/id/1/640/480.jpg?random=967""}]";;;"000100000000000000000040;000100000000000000000054;000100000000000000000046;000100000000000000000011;00010000000000000000001a;00010000000000000000001e;000100000000000000000031";7;1;1;
00030000000000000000015d;PUB-0349;000100000000000000000028;2026-08-24 10:04:00;public;Apprenons de nos erreurs.;"[{""type"": ""image"", ""image_id"": 32, ""variante"": ""principale"", ""description"": ""Mur de prison gris avec un banc"", ""url"": ""https://picsum.photos/id/32/640/480.jpg?random=229""}]";"priere;cameroun237";;"000100000000000000000065;000100000000000000000003;000100000000000000000034;000100000000000000000001;000100000000000000000084;00010000000000000000007d;000100000000000000000067;00010000000000000000004c;000100000000000000000079;00010000000000000000000c;000100000000000000000094;00010000000000000000006d;000100000000000000000071;00010000000000000000001c;00010000000000000000008d;00010000000000000000003e;000100000000000000000062;000100000000000000000025";18;3;4;
00030000000000000000015e;PUB-0350;00010000000000000000007f;2026-08-24 11:07:00;public;Un coin a visiter absolument.;"[{""type"": ""image"", ""image_id"": 28, ""variante"": ""principale"", ""description"": ""Arbre et ruisseau sur des pierres"", ""url"": ""https://picsum.photos/id/28/640/480.jpg?random=336""}]";"mariage;cameroun237";;"00010000000000000000006c;00010000000000000000007c;000100000000000000000011;00010000000000000000006b;000100000000000000000030;000100000000000000000019;000100000000000000000081;000100000000000000000026;00010000000000000000000b;000100000000000000000049;000100000000000000000088;000100000000000000000086;000100000000000000000066;00010000000000000000000d;00010000000000000000004d;00010000000000000000001b;000100000000000000000082;000100000000000000000064;000100000000000000000039;00010000000000000000000c;00010000000000000000003a;00010000000000000000002a;000100000000000000000032;00010000000000000000006d;000100000000000000000027;000100000000000000000054;00010000000000000000002b;00010000000000000000008a;000100000000000000000034;000100000000000000000021;00010000000000000000004f";31;4;6;
00030000000000000000015f;PUB-0351;000100000000000000000028;2026-08-24 12:55:00;public;Details de style du jour.;"[{""type"": ""image"", ""image_id"": 31, ""variante"": ""principale"", ""description"": ""Chaussures et jambes d'une femme"", ""url"": ""https://picsum.photos/id/31/640/480.jpg?random=345""}]";retro;;"000100000000000000000016;000100000000000000000068;00010000000000000000000a;000100000000000000000054;00010000000000000000003d;000100000000000000000006;000100000000000000000065;000100000000000000000042;000100000000000000000009;00010000000000000000007e;000100000000000000000004;00010000000000000000003c;00010000000000000000004e;000100000000000000000022;000100000000000000000058;00010000000000000000001e;000100000000000000000075;00010000000000000000000e;000100000000000000000020;000100000000000000000012;000100000000000000000061;00010000000000000000001a;000100000000000000000019;000100000000000000000034;000100000000000000000047;000100000000000000000013;00010000000000000000004c;00010000000000000000007f;000100000000000000000092;000100000000000000000002;00010000000000000000007a;000100000000000000000024;000100000000000000000017;000100000000000000000010;00010000000000000000002c;000100000000000000000084;00010000000000000000008e";37;6;9;
000300000000000000000160;PUB-0352;000100000000000000000059;2026-08-24 16:53:00;public;Oui oui, je travaille, tres intensement.;"[{""type"": ""image"", ""image_id"": 5, ""variante"": ""grayscale"", ""description"": ""Le cafe est bu"", ""url"": ""https://picsum.photos/id/5/640/480.jpg?grayscale&blur=2&random=450""}]";;00020000000000000000001e;"000100000000000000000063;00010000000000000000000a;000100000000000000000080;000100000000000000000086;000100000000000000000020;000100000000000000000060;000100000000000000000006;00010000000000000000001a;00010000000000000000004e;000100000000000000000085;000100000000000000000073;000100000000000000000022;00010000000000000000003f;00010000000000000000003d;00010000000000000000007e;000100000000000000000088;00010000000000000000005b;000100000000000000000056;000100000000000000000094;00010000000000000000008a;00010000000000000000000f;000100000000000000000089;000100000000000000000092";23;2;1;
000300000000000000000161;PUB-0353;00010000000000000000006c;2026-08-24 19:32:00;public;Avancer seul n'est pas etre perdu.;"[{""type"": ""image"", ""image_id"": 27, ""variante"": ""principale"", ""description"": ""Homme au bord du gouffre regardant l'horizon"", ""url"": ""https://picsum.photos/id/27/640/480.jpg?random=662""}]";foret;;"00010000000000000000003c;000100000000000000000082;00010000000000000000004d;000100000000000000000032;000100000000000000000016;000100000000000000000002;000100000000000000000069;00010000000000000000005d;000100000000000000000074;00010000000000000000003e;000100000000000000000054";11;0;0;
000300000000000000000162;PUB-0354;00010000000000000000006b;2026-08-24 21:40:00;public;Bonjour a tous, belle journee a vous !;"[{""type"": ""image"", ""image_id"": 6, ""variante"": ""grayscale"", ""description"": ""Un verre d'eau s'ajoute au bureau"", ""url"": ""https://picsum.photos/id/6/640/480.jpg?grayscale&blur=2&random=214""}]";"travail;bureau";;"000100000000000000000041;000100000000000000000061;000100000000000000000094;000100000000000000000038;000100000000000000000059;000100000000000000000020;000100000000000000000007;00010000000000000000002a;000100000000000000000015;00010000000000000000004e;00010000000000000000000d;000100000000000000000017;000100000000000000000027;00010000000000000000003f;000100000000000000000031;00010000000000000000008b;000100000000000000000055;00010000000000000000005f;00010000000000000000007d;000100000000000000000004;000100000000000000000039;000100000000000000000057;000100000000000000000068;000100000000000000000062;000100000000000000000070;00010000000000000000008d;00010000000000000000003b;00010000000000000000008c;000100000000000000000040;000100000000000000000078;00010000000000000000007a;00010000000000000000000b;00010000000000000000006f;000100000000000000000089;00010000000000000000005a;000100000000000000000083;000100000000000000000019;000100000000000000000005";38;2;5;
000300000000000000000163;PUB-0355;000100000000000000000086;2026-08-24 23:48:00;public;Photo du jour.;"[{""type"": ""image"", ""image_id"": 38, ""variante"": ""principale"", ""description"": ""Ciel nuageux"", ""url"": ""https://picsum.photos/id/38/640/480.jpg?random=687""}]";"plage;nature;montagne";00020000000000000000001e;"000100000000000000000059;00010000000000000000003f;000100000000000000000073;000100000000000000000015;00010000000000000000004e;00010000000000000000003d;000100000000000000000020;000100000000000000000060;000100000000000000000080;000100000000000000000063;000100000000000000000085;00010000000000000000000f;000100000000000000000006;000100000000000000000094;000100000000000000000022;00010000000000000000000a;000100000000000000000089;000100000000000000000056;000100000000000000000088;00010000000000000000007e;00010000000000000000001a;00010000000000000000005b;000100000000000000000092;00010000000000000000008a";24;5;3;
000300000000000000000164;PUB-0356;00010000000000000000008e;2026-08-25 03:58:00;public;Oui oui, je travaille, tres intensement.;"[{""type"": ""image"", ""image_id"": 0, ""variante"": ""principale"", ""description"": ""Ordinateur portable blanc, tasse de cafe, cahier et telephone"", ""url"": ""https://picsum.photos/id/0/640/480.jpg?random=55""}]";"ingenieur;bureau;travail";;"000100000000000000000010;000100000000000000000003;000100000000000000000064;000100000000000000000048;00010000000000000000003a;000100000000000000000050;000100000000000000000054;000100000000000000000075;00010000000000000000003c;000100000000000000000015;000100000000000000000079;00010000000000000000003d;00010000000000000000000c;00010000000000000000003b;000100000000000000000092;00010000000000000000002e;000100000000000000000044;00010000000000000000006c;000100000000000000000074;000100000000000000000056;000100000000000000000080;000100000000000000000085;000100000000000000000070;00010000000000000000002c;00010000000000000000000f;000100000000000000000094;000100000000000000000001;000100000000000000000027;000100000000000000000046;000100000000000000000024;000100000000000000000073;000100000000000000000045;00010000000000000000006e;000100000000000000000006;00010000000000000000004c;00010000000000000000007a;00010000000000000000005a";37;4;7;
000300000000000000000165;PUB-0357;000100000000000000000004;2026-08-25 04:31:00;amis;Je m'absente un instant.;"[{""type"": ""image"", ""image_id"": 8, ""variante"": ""grayscale"", ""description"": ""Ordinateur laisse ouvert sur le bureau"", ""url"": ""https://picsum.photos/id/8/640/480.jpg?grayscale&blur=2&random=792""}]";"bureau;travail";;"00010000000000000000001f;00010000000000000000008c;000100000000000000000019;00010000000000000000005a;000100000000000000000065;000100000000000000000007;000100000000000000000059;00010000000000000000004c;00010000000000000000002b;00010000000000000000007d;00010000000000000000000f;000100000000000000000076;00010000000000000000005e;00010000000000000000004e;00010000000000000000007c;00010000000000000000006b;000100000000000000000020;00010000000000000000001c;00010000000000000000001d;000100000000000000000095;00010000000000000000008d;00010000000000000000007b;000100000000000000000034;000100000000000000000029;000100000000000000000072";25;1;3;
000300000000000000000166;PUB-0358;000100000000000000000057;2026-08-25 10:07:00;public;Juste comme ca.;"[{""type"": ""image"", ""image_id"": 10, ""variante"": ""principale"", ""description"": ""Foret de sapins, montagne au loin"", ""url"": ""https://picsum.photos/id/10/640/480.jpg?random=682""}]";foret;000200000000000000000007;"00010000000000000000000e;000100000000000000000091;00010000000000000000005f;000100000000000000000036;00010000000000000000007b;000100000000000000000042;000100000000000000000028;000100000000000000000045;00010000000000000000003d";9;3;0;
000300000000000000000167;PUB-0359;000100000000000000000081;2026-08-25 13:22:00;public;Savez-vous que la mousse indique un air tres humide ?;"[{""type"": ""image"", ""image_id"": 19, ""variante"": ""principale"", ""description"": ""Arbre couvert de mousse au soleil"", ""url"": ""https://picsum.photos/id/19/640/480.jpg?random=735""}]";"ingenieur;focus";000200000000000000000001;"00010000000000000000008e;00010000000000000000001a;000100000000000000000073;00010000000000000000005c;00010000000000000000002a;000100000000000000000019;00010000000000000000004e;000100000000000000000027;000100000000000000000079";9;2;2;
000300000000000000000168;PUB-0360;000100000000000000000042;2026-08-25 15:59:00;public;Point d'avancement demain, merci de preparer vos rapports.;"[{""type"": ""image"", ""image_id"": 7, ""variante"": ""principale"", ""description"": ""Affaires rangees, discussion sur tablette"", ""url"": ""https://picsum.photos/id/7/640/480.jpg?random=150""}]";"ingenieur;tech";;"00010000000000000000005b;00010000000000000000006c;000100000000000000000003;000100000000000000000071;000100000000000000000063;00010000000000000000002f;00010000000000000000006a;000100000000000000000012;000100000000000000000038;000100000000000000000086;000100000000000000000022;000100000000000000000090;00010000000000000000007b;000100000000000000000009;000100000000000000000073;000100000000000000000072;000100000000000000000076;000100000000000000000087;000100000000000000000061;000100000000000000000079;00010000000000000000000b;000100000000000000000035;00010000000000000000004a;000100000000000000000080;000100000000000000000074;00010000000000000000006b;000100000000000000000081;000100000000000000000013;000100000000000000000031;00010000000000000000001d;000100000000000000000040;00010000000000000000003c";32;2;2;
000300000000000000000169;PUB-0361;000100000000000000000042;2026-08-25 17:55:00;amis;Petite pause, je reviens dans cinq minutes.;"[{""type"": ""image"", ""image_id"": 8, ""variante"": ""principale"", ""description"": ""Ordinateur laisse ouvert sur le bureau"", ""url"": ""https://picsum.photos/id/8/640/480.jpg?random=724""}]";cafe;;"000100000000000000000073;000100000000000000000012;000100000000000000000016;00010000000000000000000f;000100000000000000000072;00010000000000000000003e;00010000000000000000005d;000100000000000000000020;000100000000000000000022;00010000000000000000006d;00010000000000000000002d;000100000000000000000030;000100000000000000000009;00010000000000000000006a;00010000000000000000002b;00010000000000000000004b;000100000000000000000034;00010000000000000000002a;00010000000000000000003c;000100000000000000000032;000100000000000000000091;00010000000000000000000e;000100000000000000000066;000100000000000000000013;00010000000000000000001c;000100000000000000000050;00010000000000000000004d;000100000000000000000078;00010000000000000000001e;000100000000000000000021;000100000000000000000024;000100000000000000000031;000100000000000000000003;000100000000000000000080;000100000000000000000086;000100000000000000000089;00010000000000000000005c;000100000000000000000004;00010000000000000000006c;00010000000000000000006e;000100000000000000000077;00010000000000000000004a;00010000000000000000008e;000100000000000000000092;00010000000000000000007a;000100000000000000000059;000100000000000000000001;000100000000000000000074;00010000000000000000007d;00010000000000000000008c;000100000000000000000055;000100000000000000000011;000100000000000000000019;00010000000000000000002c;000100000000000000000039";55;3;8;
00030000000000000000016a;PUB-0362;000100000000000000000084;2026-08-25 20:32:00;public;Equipement du jour.;"[{""type"": ""image"", ""image_id"": 26, ""variante"": ""principale"", ""description"": ""Telephone, montre, casque, sac : effets personnels"", ""url"": ""https://picsum.photos/id/26/640/480.jpg?random=155""}]";"cafe;enspd";00020000000000000000001a;"00010000000000000000001a;00010000000000000000006c;000100000000000000000030;00010000000000000000003c;000100000000000000000075;000100000000000000000006;000100000000000000000044;000100000000000000000025;00010000000000000000000c;000100000000000000000010;00010000000000000000000b;00010000000000000000005b;00010000000000000000000e;00010000000000000000008f;000100000000000000000026;000100000000000000000087;000100000000000000000017;000100000000000000000063;000100000000000000000056;000100000000000000000096;00010000000000000000000a;000100000000000000000057;000100000000000000000003;000100000000000000000049;00010000000000000000002e;00010000000000000000002a;000100000000000000000079;000100000000000000000048;00010000000000000000001c;00010000000000000000003a;000100000000000000000019;000100000000000000000018;000100000000000000000004";33;4;5;
00030000000000000000016b;PUB-0363;000100000000000000000003;2026-08-25 20:34:00;public;Productivite : 3 % travail, 97 % cafe.;"[{""type"": ""image"", ""image_id"": 5, ""variante"": ""principale"", ""description"": ""Le cafe est bu"", ""url"": ""https://picsum.photos/id/5/640/480.jpg?random=951""}]";cafe;000200000000000000000018;"000100000000000000000049;00010000000000000000007b;000100000000000000000018;000100000000000000000086;00010000000000000000002e;00010000000000000000006a;000100000000000000000007;000100000000000000000052;00010000000000000000007e";9;0;1;
00030000000000000000016c;PUB-0364;000100000000000000000026;2026-08-25 20:38:00;public;Destination a mettre sur votre liste.;"[{""type"": ""image"", ""image_id"": 37, ""variante"": ""principale"", ""description"": ""Fleurs au bord de la plage"", ""url"": ""https://picsum.photos/id/37/640/480.jpg?random=857""}]";"nature;montagne";;"00010000000000000000007c;000100000000000000000090;00010000000000000000006e;00010000000000000000008e;000100000000000000000089;000100000000000000000074;00010000000000000000008d;000100000000000000000067;000100000000000000000008;000100000000000000000030;00010000000000000000000b;00010000000000000000003c;000100000000000000000022;00010000000000000000002d;000100000000000000000020;000100000000000000000041;000100000000000000000014;00010000000000000000007d;000100000000000000000009;000100000000000000000018;000100000000000000000055;000100000000000000000068;000100000000000000000085;000100000000000000000037;000100000000000000000078";25;3;1;
00030000000000000000016d;PUB-0365;000100000000000000000084;2026-08-26 09:39:00;public;Voila pourquoi il faut voyager.;"[{""type"": ""image"", ""image_id"": 37, ""variante"": ""principale"", ""description"": ""Fleurs au bord de la plage"", ""url"": ""https://picsum.photos/id/37/640/480.jpg?random=810""}]";;000200000000000000000007;"000100000000000000000061;00010000000000000000003f;000100000000000000000036;00010000000000000000003a;000100000000000000000044;000100000000000000000092;00010000000000000000008a;000100000000000000000042;00010000000000000000005a;000100000000000000000027;000100000000000000000054;000100000000000000000026;00010000000000000000002e;00010000000000000000008c;000100000000000000000081;000100000000000000000001;000100000000000000000073;00010000000000000000000c;000100000000000000000013;000100000000000000000090;00010000000000000000001d;00010000000000000000007b;000100000000000000000053;000100000000000000000086;000100000000000000000050;00010000000000000000001a;00010000000000000000005c;000100000000000000000037;00010000000000000000000d;000100000000000000000066;000100000000000000000087;000100000000000000000025;000100000000000000000045;000100000000000000000017;00010000000000000000001b;000100000000000000000031;000100000000000000000056;000100000000000000000065;00010000000000000000005f;000100000000000000000007;000100000000000000000096;00010000000000000000003b;000100000000000000000014;00010000000000000000008f;00010000000000000000002d";45;5;10;
00030000000000000000016e;PUB-0366;000100000000000000000086;2026-08-26 12:01:00;public;Je me souviens de ce jardin, mon enfance en pleine fleur.;"[{""type"": ""image"", ""image_id"": 35, ""variante"": ""principale"", ""description"": ""Fleur piquante jaune"", ""url"": ""https://picsum.photos/id/35/640/480.jpg?random=497""}]";;000200000000000000000018;"00010000000000000000008e;000100000000000000000087;00010000000000000000007b;000100000000000000000013;000100000000000000000042;000100000000000000000059;00010000000000000000005c;000100000000000000000078;000100000000000000000049;00010000000000000000003e;000100000000000000000052;00010000000000000000007f;00010000000000000000006a";13;1;2;
00030000000000000000016f;PUB-0367;00010000000000000000007e;2026-08-26 16:52:00;public;Productivite : 3 % travail, 97 % cafe.;"[{""type"": ""image"", ""image_id"": 5, ""variante"": ""grayscale"", ""description"": ""Le cafe est bu"", ""url"": ""https://picsum.photos/id/5/640/480.jpg?grayscale&blur=2&random=116""}]";;00020000000000000000000a;"00010000000000000000000e;000100000000000000000026;000100000000000000000048;00010000000000000000005a;00010000000000000000006a;00010000000000000000006b;00010000000000000000003a;00010000000000000000005c;000100000000000000000080;000100000000000000000078;000100000000000000000054;000100000000000000000009;000100000000000000000010;000100000000000000000014;000100000000000000000084;000100000000000000000061;00010000000000000000007f;000100000000000000000011;00010000000000000000002b;000100000000000000000058;000100000000000000000052;00010000000000000000000a;00010000000000000000003f;000100000000000000000044;00010000000000000000006f;000100000000000000000019;00010000000000000000000f;000100000000000000000037;000100000000000000000036;000100000000000000000033;000100000000000000000045;000100000000000000000027;000100000000000000000013;00010000000000000000005b";34;0;8;
000300000000000000000170;PUB-0368;00010000000000000000002a;2026-08-26 20:30:00;amis;Destination a mettre sur votre liste.;"[{""type"": ""image"", ""image_id"": 37, ""variante"": ""grayscale"", ""description"": ""Fleurs au bord de la plage"", ""url"": ""https://picsum.photos/id/37/640/480.jpg?grayscale&blur=2&random=308""}]";"montagne;mariage;nature";;"000100000000000000000090;000100000000000000000039;000100000000000000000067;00010000000000000000008a;000100000000000000000003;00010000000000000000006f;00010000000000000000000d;000100000000000000000017;000100000000000000000044;000100000000000000000057;000100000000000000000074;000100000000000000000028;00010000000000000000003c;000100000000000000000023;000100000000000000000068;00010000000000000000007e;000100000000000000000014;000100000000000000000046;000100000000000000000059;000100000000000000000082;00010000000000000000001a;000100000000000000000077;000100000000000000000001;000100000000000000000096;000100000000000000000030;000100000000000000000006;00010000000000000000005e;00010000000000000000000e;00010000000000000000004a;000100000000000000000095;000100000000000000000041;00010000000000000000004f;00010000000000000000006e;00010000000000000000003f;00010000000000000000008d;000100000000000000000011;000100000000000000000004;000100000000000000000051;000100000000000000000073";39;4;5;
000300000000000000000171;PUB-0369;000100000000000000000002;2026-08-26 21:25:00;public;Un instant capture au hasard.;"[{""type"": ""image"", ""image_id"": 34, ""variante"": ""principale"", ""description"": ""Fut d'essence rouge dans un champ"", ""url"": ""https://picsum.photos/id/34/640/480.jpg?random=882""}]";"sportextreme;aventure;montagne";000200000000000000000007;000100000000000000000065;1;1;0;
000300000000000000000172;PUB-0370;00010000000000000000007f;2026-08-27 03:29:00;public;Elegance avant tout.;"[{""type"": ""image"", ""image_id"": 21, ""variante"": ""principale"", ""description"": ""Chaussure blanche a talon pour soiree"", ""url"": ""https://picsum.photos/id/21/640/480.jpg?random=502""}]";"style;retro";00020000000000000000001a;"000100000000000000000071;000100000000000000000050;000100000000000000000021;000100000000000000000037;00010000000000000000003d;00010000000000000000002a;000100000000000000000088;000100000000000000000019;00010000000000000000000e;00010000000000000000007e;00010000000000000000004a;00010000000000000000000c;000100000000000000000064;000100000000000000000006;000100000000000000000077;000100000000000000000081;00010000000000000000001c;000100000000000000000012;00010000000000000000002e;000100000000000000000036;00010000000000000000008e;000100000000000000000008;00010000000000000000005c;000100000000000000000056;00010000000000000000003a;000100000000000000000049;000100000000000000000086;000100000000000000000020;000100000000000000000043;00010000000000000000001a;000100000000000000000079;00010000000000000000007b;000100000000000000000009;000100000000000000000091;000100000000000000000066;000100000000000000000090;00010000000000000000005b;00010000000000000000008c;000100000000000000000044;000100000000000000000010;000100000000000000000024;000100000000000000000004;000100000000000000000026";43;1;8;
000300000000000000000173;PUB-0371;000100000000000000000042;2026-08-27 10:08:00;public;Oui oui, je travaille, tres intensement.;"[{""type"": ""image"", ""image_id"": 2, ""variante"": ""grayscale"", ""description"": ""Le cahier est ouvert"", ""url"": ""https://picsum.photos/id/2/640/480.jpg?grayscale&blur=2&random=972""}]";bureau;;"00010000000000000000003d;00010000000000000000006b;000100000000000000000029;000100000000000000000064;000100000000000000000022;00010000000000000000005a;000100000000000000000015;000100000000000000000086;00010000000000000000008d;000100000000000000000096;000100000000000000000012;00010000000000000000002e;00010000000000000000004e;00010000000000000000007a;000100000000000000000075;00010000000000000000008e;000100000000000000000071;000100000000000000000078;00010000000000000000007c;00010000000000000000002c;000100000000000000000044;00010000000000000000008a;000100000000000000000019;000100000000000000000053;000100000000000000000028;00010000000000000000001a;000100000000000000000052;000100000000000000000073;000100000000000000000083;000100000000000000000070;000100000000000000000027;000100000000000000000051;000100000000000000000074;00010000000000000000003c;000100000000000000000082;000100000000000000000040;000100000000000000000016;00010000000000000000004f;000100000000000000000079;000100000000000000000031;00010000000000000000002f;000100000000000000000087;00010000000000000000000f;000100000000000000000089;000100000000000000000034;000100000000000000000062;00010000000000000000005d;00010000000000000000007e;00010000000000000000001d;000100000000000000000076;000100000000000000000058;000100000000000000000054;000100000000000000000006;000100000000000000000090;000100000000000000000050;00010000000000000000004b;000100000000000000000007;000100000000000000000066;000100000000000000000023";59;6;14;
000300000000000000000174;PUB-0372;00010000000000000000008b;2026-08-27 11:00:00;public;Je vous souhaite de la joie aujourd'hui.;"[{""type"": ""image"", ""image_id"": 33, ""variante"": ""principale"", ""description"": ""Herbe touffue et deux petites fleurs"", ""url"": ""https://picsum.photos/id/33/640/480.jpg?random=710""}]";"foret;plage";;"00010000000000000000004c;000100000000000000000021;000100000000000000000079;000100000000000000000096;00010000000000000000006c;00010000000000000000000d;000100000000000000000008;000100000000000000000093;00010000000000000000004a;000100000000000000000003;000100000000000000000011;00010000000000000000005b;00010000000000000000007c;00010000000000000000003b;00010000000000000000007b;00010000000000000000006b;00010000000000000000002b;000100000000000000000068;000100000000000000000062;000100000000000000000024";20;3;1;
000300000000000000000175;PUB-0373;000100000000000000000022;2026-08-27 12:01:00;public;Ce chemin me rappelle un film d'horreur.;"[{""type"": ""image"", ""image_id"": 17, ""variante"": ""principale"", ""description"": ""Chemin trace dans une foret de sapins"", ""url"": ""https://picsum.photos/id/17/640/480.jpg?random=69""}]";"foret;plage";000200000000000000000009;"00010000000000000000001c;000100000000000000000086;00010000000000000000000d;000100000000000000000018;000100000000000000000064;000100000000000000000008;000100000000000000000063;00010000000000000000007e;000100000000000000000065;00010000000000000000001d;00010000000000000000005b;000100000000000000000007;000100000000000000000043;000100000000000000000024;00010000000000000000002b;000100000000000000000079;000100000000000000000048;000100000000000000000039;000100000000000000000042;00010000000000000000000b;00010000000000000000001b;00010000000000000000006d;000100000000000000000094;000100000000000000000009;00010000000000000000003a;000100000000000000000055;000100000000000000000085;00010000000000000000008e;000100000000000000000061;000100000000000000000076;00010000000000000000005a";31;3;5;
000300000000000000000176;PUB-0374;00010000000000000000002a;2026-08-27 20:17:00;public;Petite pause, je reviens dans cinq minutes.;"[{""type"": ""image"", ""image_id"": 8, ""variante"": ""principale"", ""description"": ""Ordinateur laisse ouvert sur le bureau"", ""url"": ""https://picsum.photos/id/8/640/480.jpg?random=978""}]";"travail;cafe;bureau";;"000100000000000000000004;000100000000000000000003;000100000000000000000011;000100000000000000000087;000100000000000000000046;000100000000000000000021;00010000000000000000003b;000100000000000000000039;000100000000000000000056;000100000000000000000089;000100000000000000000047;000100000000000000000074;000100000000000000000050;00010000000000000000002b;000100000000000000000029;000100000000000000000040;000100000000000000000054;00010000000000000000006c;000100000000000000000085;00010000000000000000007d;00010000000000000000007c;000100000000000000000016;00010000000000000000007f;00010000000000000000002f;000100000000000000000020;000100000000000000000070;00010000000000000000004e;000100000000000000000095;000100000000000000000067;000100000000000000000081;000100000000000000000079;00010000000000000000008f;000100000000000000000064;000100000000000000000015";34;4;4;
000300000000000000000177;PUB-0375;00010000000000000000008e;2026-08-27 20:54:00;public;Je reserve une table pour samedi, vous venez ?;"[{""type"": ""image"", ""image_id"": 7, ""variante"": ""principale"", ""description"": ""Affaires rangees, discussion sur tablette"", ""url"": ""https://picsum.photos/id/7/640/480.jpg?random=771""}]";;;"00010000000000000000003d;000100000000000000000068;000100000000000000000054;000100000000000000000003;00010000000000000000000b;000100000000000000000034;000100000000000000000025;000100000000000000000005;00010000000000000000000a;00010000000000000000000f;00010000000000000000006f;00010000000000000000004d;000100000000000000000075;000100000000000000000069;000100000000000000000012;000100000000000000000050;00010000000000000000004e;000100000000000000000026;000100000000000000000074;000100000000000000000081;00010000000000000000007e;000100000000000000000040;00010000000000000000006c;00010000000000000000005f;00010000000000000000005b;00010000000000000000002a;000100000000000000000029;000100000000000000000022;000100000000000000000055;000100000000000000000007;00010000000000000000005c;000100000000000000000076;000100000000000000000090;000100000000000000000017;000100000000000000000053;000100000000000000000020;000100000000000000000010";37;2;6;
000300000000000000000178;PUB-0376;000100000000000000000020;2026-08-28 00:33:00;public;Je m'absente un instant.;"[{""type"": ""image"", ""image_id"": 8, ""variante"": ""grayscale"", ""description"": ""Ordinateur laisse ouvert sur le bureau"", ""url"": ""https://picsum.photos/id/8/640/480.jpg?grayscale&blur=2&random=737""}]";"travail;bureau;ingenieur";;"000100000000000000000026;000100000000000000000010;000100000000000000000070;000100000000000000000073;00010000000000000000005f;000100000000000000000046;00010000000000000000003b;000100000000000000000034;000100000000000000000050;00010000000000000000003d;000100000000000000000068;000100000000000000000005;000100000000000000000048;000100000000000000000053;000100000000000000000038;000100000000000000000030;00010000000000000000005a;00010000000000000000002e;00010000000000000000007a;00010000000000000000003a;000100000000000000000057;000100000000000000000076;00010000000000000000001a;000100000000000000000021;00010000000000000000006b;00010000000000000000008c;00010000000000000000007e;000100000000000000000043;00010000000000000000000d;000100000000000000000074;00010000000000000000001d;00010000000000000000007f;000100000000000000000003;00010000000000000000003f;00010000000000000000001e;000100000000000000000025;00010000000000000000002d;000100000000000000000077;000100000000000000000052;00010000000000000000006d;000100000000000000000058;00010000000000000000001b;000100000000000000000007;000100000000000000000018;000100000000000000000079;000100000000000000000088;000100000000000000000029";47;1;1;
000300000000000000000179;PUB-0377;000100000000000000000022;2026-08-28 00:33:00;amis;La nature est vraiment la plus belle des oeuvres.;"[{""type"": ""image"", ""image_id"": 11, ""variante"": ""principale"", ""description"": ""Foret ouverte, riviere, montagne"", ""url"": ""https://picsum.photos/id/11/640/480.jpg?random=69""}]";foret;;"00010000000000000000007b;000100000000000000000042;000100000000000000000006;000100000000000000000093;00010000000000000000008b;000100000000000000000061;000100000000000000000032;000100000000000000000077;00010000000000000000002a;00010000000000000000000f;00010000000000000000003f;00010000000000000000003c;00010000000000000000005a;00010000000000000000000c;000100000000000000000054;000100000000000000000013;000100000000000000000068;00010000000000000000000d;000100000000000000000021";19;0;1;
00030000000000000000017a;PUB-0378;00010000000000000000002a;2026-08-28 06:18:00;public;Un instant capture au hasard.;"[{""type"": ""image"", ""image_id"": 45, ""variante"": ""principale"", ""description"": ""Plaque d'immatriculation en ecriture etrangere"", ""url"": ""https://picsum.photos/id/45/640/480.jpg?random=153""}]";;000200000000000000000001;"000100000000000000000081;000100000000000000000019;00010000000000000000005c;00010000000000000000001a;000100000000000000000073;000100000000000000000079;00010000000000000000004e;000100000000000000000027;00010000000000000000008e";9;4;0;
00030000000000000000017b;PUB-0379;000100000000000000000084;2026-08-28 08:28:00;public;Une session de travail sans interruption.;"[{""type"": ""image"", ""image_id"": 1, ""variante"": ""grayscale"", ""description"": ""Quelqu'un travaille sur l'ordinateur"", ""url"": ""https://picsum.photos/id/1/640/480.jpg?grayscale&blur=2&random=563""}]";;00020000000000000000001a;"00010000000000000000001f;000100000000000000000010;00010000000000000000004e;000100000000000000000077;000100000000000000000066;000100000000000000000022;000100000000000000000044;00010000000000000000003a;000100000000000000000030;00010000000000000000007b;000100000000000000000004;000100000000000000000090;000100000000000000000069;00010000000000000000001c;00010000000000000000003c;000100000000000000000018;00010000000000000000006f;000100000000000000000021;000100000000000000000086;00010000000000000000000b;000100000000000000000007;000100000000000000000091;00010000000000000000000e;000100000000000000000006;000100000000000000000049;000100000000000000000043;000100000000000000000061;000100000000000000000050;00010000000000000000005c;000100000000000000000012;000100000000000000000059;000100000000000000000009;000100000000000000000027;000100000000000000000024;000100000000000000000031;000100000000000000000036;00010000000000000000007f;000100000000000000000071;00010000000000000000008c;000100000000000000000063;000100000000000000000056;00010000000000000000002b;000100000000000000000094;00010000000000000000005d;000100000000000000000057;000100000000000000000028;000100000000000000000025;00010000000000000000002a;000100000000000000000048;000100000000000000000054;000100000000000000000026;000100000000000000000092;000100000000000000000020;00010000000000000000008f;00010000000000000000000c;000100000000000000000079;000100000000000000000087;000100000000000000000017;000100000000000000000008";59;7;2;
00030000000000000000017c;PUB-0380;000100000000000000000042;2026-08-28 08:46:00;public;Voila pourquoi il faut voyager.;"[{""type"": ""image"", ""image_id"": 28, ""variante"": ""principale"", ""description"": ""Arbre et ruisseau sur des pierres"", ""url"": ""https://picsum.photos/id/28/640/480.jpg?random=550""}]";;00020000000000000000000b;"000100000000000000000081;00010000000000000000007f;00010000000000000000003c;000100000000000000000015;000100000000000000000077;00010000000000000000000f;000100000000000000000050;00010000000000000000008c;000100000000000000000079;000100000000000000000022;000100000000000000000002;00010000000000000000005c;000100000000000000000052;00010000000000000000003b;000100000000000000000004;000100000000000000000092;000100000000000000000049;000100000000000000000010;000100000000000000000073;000100000000000000000066;000100000000000000000023;000100000000000000000088;000100000000000000000026;000100000000000000000034;000100000000000000000043";25;0;1;
00030000000000000000017d;PUB-0381;000100000000000000000014;2026-08-28 09:10:00;public;Je decouvre enfin ce pont mythique.;"[{""type"": ""image"", ""image_id"": 43, ""variante"": ""principale"", ""description"": ""Pont de Manhattan (noir et blanc)"", ""url"": ""https://picsum.photos/id/43/640/480.jpg?random=715""}]";plage;000200000000000000000016;"000100000000000000000054;000100000000000000000058;000100000000000000000015;00010000000000000000007e;000100000000000000000056;000100000000000000000094;00010000000000000000004a;000100000000000000000032;000100000000000000000022";9;1;0;
00030000000000000000017e;PUB-0382;00010000000000000000002a;2026-08-28 14:58:00;public;Juste comme ca.;"[{""type"": ""image"", ""image_id"": 34, ""variante"": ""principale"", ""description"": ""Fut d'essence rouge dans un champ"", ""url"": ""https://picsum.photos/id/34/640/480.jpg?random=989""}]";"aventure;sportextreme;montagne";000200000000000000000006;"000100000000000000000027;00010000000000000000005b;000100000000000000000050;000100000000000000000030;00010000000000000000000a;000100000000000000000066;000100000000000000000073;00010000000000000000001f;000100000000000000000071;000100000000000000000026;00010000000000000000005a;000100000000000000000087;000100000000000000000096;000100000000000000000065;000100000000000000000018;000100000000000000000032;000100000000000000000004;00010000000000000000002d;00010000000000000000003b;000100000000000000000012;000100000000000000000046;000100000000000000000003;000100000000000000000011;000100000000000000000014";24;4;2;
00030000000000000000017f;PUB-0383;00010000000000000000004a;2026-08-28 22:05:00;public;Photo du jour.;"[{""type"": ""image"", ""image_id"": 41, ""variante"": ""principale"", ""description"": ""Goutte d'eau sur une surface"", ""url"": ""https://picsum.photos/id/41/640/480.jpg?random=97""}]";"plage;cameroun237";00020000000000000000001a;"00010000000000000000000a;000100000000000000000091;000100000000000000000025;00010000000000000000001c;000100000000000000000003;000100000000000000000075;00010000000000000000005c;000100000000000000000086;00010000000000000000002b;000100000000000000000056;000100000000000000000024;000100000000000000000004";12;2;2;
000300000000000000000180;PUB-0384;000100000000000000000089;2026-08-28 23:10:00;prive;Respirer, simplement.;"[{""type"": ""image"", ""image_id"": 11, ""variante"": ""principale"", ""description"": ""Foret ouverte, riviere, montagne"", ""url"": ""https://picsum.photos/id/11/640/480.jpg?random=351""}]";cameroun237;;"00010000000000000000005a;00010000000000000000000a;000100000000000000000062;000100000000000000000056;000100000000000000000067;000100000000000000000090;00010000000000000000008b;00010000000000000000002a;00010000000000000000007b;00010000000000000000002e;000100000000000000000087;000100000000000000000009;000100000000000000000004;000100000000000000000028;00010000000000000000007d;000100000000000000000029;000100000000000000000001;00010000000000000000008f;00010000000000000000001d";19;0;2;
000300000000000000000181;PUB-0385;000100000000000000000086;2026-08-29 05:32:00;public;Les petits bonheurs sont les meilleurs.;"[{""type"": ""image"", ""image_id"": 33, ""variante"": ""grayscale"", ""description"": ""Herbe touffue et deux petites fleurs"", ""url"": ""https://picsum.photos/id/33/640/480.jpg?grayscale&blur=2&random=342""}]";foret;;"000100000000000000000032;000100000000000000000076;000100000000000000000036;00010000000000000000005b;00010000000000000000006c;000100000000000000000049;000100000000000000000005;000100000000000000000078;000100000000000000000085;00010000000000000000003a;000100000000000000000008;00010000000000000000008a;000100000000000000000039;00010000000000000000000d;000100000000000000000067;000100000000000000000072;000100000000000000000060;00010000000000000000001b;000100000000000000000042;000100000000000000000059;000100000000000000000091;000100000000000000000035;000100000000000000000080;00010000000000000000003c;000100000000000000000073;00010000000000000000000b;000100000000000000000022;000100000000000000000096;00010000000000000000003e;00010000000000000000007b;000100000000000000000081;000100000000000000000090;000100000000000000000038;000100000000000000000031;000100000000000000000044;000100000000000000000083";36;0;6;
000300000000000000000182;PUB-0386;000100000000000000000020;2026-08-29 07:49:00;public;Oui oui, je travaille, tres intensement.;"[{""type"": ""image"", ""image_id"": 1, ""variante"": ""principale"", ""description"": ""Quelqu'un travaille sur l'ordinateur"", ""url"": ""https://picsum.photos/id/1/640/480.jpg?random=286""}]";"innovation;cafe";;"000100000000000000000091;000100000000000000000058;00010000000000000000007f;00010000000000000000001a;000100000000000000000016;00010000000000000000006e;00010000000000000000004f;00010000000000000000005c;000100000000000000000070;00010000000000000000000c;00010000000000000000005b;00010000000000000000005f;000100000000000000000068;000100000000000000000037;000100000000000000000090;000100000000000000000041;000100000000000000000017;000100000000000000000082;00010000000000000000000d;000100000000000000000072;000100000000000000000089;000100000000000000000027;000100000000000000000003;00010000000000000000005e;000100000000000000000005;000100000000000000000012;00010000000000000000002e;000100000000000000000045;00010000000000000000006c;00010000000000000000007c;000100000000000000000038;00010000000000000000002c;000100000000000000000063;000100000000000000000067;00010000000000000000001c;00010000000000000000001f";36;3;7;
000300000000000000000183;PUB-0387;00010000000000000000002a;2026-08-29 07:59:00;public;Voila pourquoi il faut voyager.;"[{""type"": ""image"", ""image_id"": 28, ""variante"": ""principale"", ""description"": ""Arbre et ruisseau sur des pierres"", ""url"": ""https://picsum.photos/id/28/640/480.jpg?random=834""}]";;;"00010000000000000000003f;000100000000000000000005;000100000000000000000035;00010000000000000000001a;000100000000000000000062;000100000000000000000080;000100000000000000000090;00010000000000000000007d;00010000000000000000001c;00010000000000000000002b;00010000000000000000006c;00010000000000000000008e;000100000000000000000061;00010000000000000000004a;00010000000000000000008f;000100000000000000000028;000100000000000000000004;00010000000000000000001b;000100000000000000000025;000100000000000000000045;00010000000000000000000f;000100000000000000000024;00010000000000000000007c;000100000000000000000031;000100000000000000000091;00010000000000000000006a;000100000000000000000026;00010000000000000000002d;00010000000000000000008d;000100000000000000000086;000100000000000000000056;000100000000000000000008;00010000000000000000007b;00010000000000000000007e;00010000000000000000004d;000100000000000000000095;000100000000000000000042;00010000000000000000008a;00010000000000000000005e;000100000000000000000073;000100000000000000000057;000100000000000000000089;000100000000000000000074;000100000000000000000048;000100000000000000000085;00010000000000000000006d;000100000000000000000041;000100000000000000000094;000100000000000000000052;00010000000000000000003c;00010000000000000000001f;000100000000000000000044;000100000000000000000043";53;6;7;
000300000000000000000184;PUB-0388;000100000000000000000081;2026-08-29 10:23:00;public;Pause bien meritee.;"[{""type"": ""image"", ""image_id"": 8, ""variante"": ""principale"", ""description"": ""Ordinateur laisse ouvert sur le bureau"", ""url"": ""https://picsum.photos/id/8/640/480.jpg?random=412""}]";travail;00020000000000000000000e;"000100000000000000000031;000100000000000000000046;00010000000000000000005a;00010000000000000000000b;000100000000000000000065;000100000000000000000039;00010000000000000000003d;00010000000000000000003c;000100000000000000000066;000100000000000000000052;00010000000000000000001f;000100000000000000000043;000100000000000000000088;00010000000000000000006a;000100000000000000000044;000100000000000000000013";16;1;4;
000300000000000000000185;PUB-0389;000100000000000000000050;2026-08-29 12:17:00;public;Un instant capture au hasard.;"[{""type"": ""image"", ""image_id"": 45, ""variante"": ""principale"", ""description"": ""Plaque d'immatriculation en ecriture etrangere"", ""url"": ""https://picsum.photos/id/45/640/480.jpg?random=713""}]";"plage;montagne";000200000000000000000007;"000100000000000000000080;00010000000000000000002d;000100000000000000000084;00010000000000000000004a;00010000000000000000003d;000100000000000000000049;00010000000000000000006a;00010000000000000000005a;000100000000000000000012";9;0;0;
000300000000000000000186;PUB-0390;000100000000000000000014;2026-08-29 15:55:00;public;Inspiration mode de la semaine.;"[{""type"": ""image"", ""image_id"": 31, ""variante"": ""principale"", ""description"": ""Chaussures et jambes d'une femme"", ""url"": ""https://picsum.photos/id/31/640/480.jpg?random=661""}]";retro;;"00010000000000000000006b;000100000000000000000052;000100000000000000000047;000100000000000000000096;000100000000000000000065;000100000000000000000029;000100000000000000000085;000100000000000000000081;000100000000000000000033;00010000000000000000005d;00010000000000000000001b;000100000000000000000087;000100000000000000000062;00010000000000000000002a;000100000000000000000027;000100000000000000000058;000100000000000000000091;000100000000000000000075;000100000000000000000055;000100000000000000000069;00010000000000000000000f;000100000000000000000002;000100000000000000000017;000100000000000000000011;000100000000000000000021;000100000000000000000005;00010000000000000000007f;00010000000000000000001e;000100000000000000000074;000100000000000000000026;00010000000000000000007d;000100000000000000000031;000100000000000000000032;000100000000000000000061;00010000000000000000003d;00010000000000000000003b";36;4;1;
000300000000000000000187;PUB-0391;000100000000000000000022;2026-08-29 16:15:00;public;Je m'absente un instant.;"[{""type"": ""image"", ""image_id"": 8, ""variante"": ""principale"", ""description"": ""Ordinateur laisse ouvert sur le bureau"", ""url"": ""https://picsum.photos/id/8/640/480.jpg?random=802""}]";travail;000200000000000000000009;"00010000000000000000003a;000100000000000000000086;000100000000000000000096;000100000000000000000079;00010000000000000000001b;000100000000000000000042;000100000000000000000009;000100000000000000000024;000100000000000000000032;00010000000000000000001d;000100000000000000000065;000100000000000000000061;000100000000000000000048;00010000000000000000005b;000100000000000000000018;00010000000000000000004a;000100000000000000000008;00010000000000000000007e;000100000000000000000094";19;6;1;
000300000000000000000188;PUB-0392;000100000000000000000042;2026-08-29 16:26:00;public;Juste comme ca.;"[{""type"": ""image"", ""image_id"": 23, ""variante"": ""principale"", ""description"": ""Trois fourchettes sur fond noir et blanc"", ""url"": ""https://picsum.photos/id/23/640/480.jpg?random=388""}]";;;"00010000000000000000007e;000100000000000000000088;00010000000000000000008f;00010000000000000000004d;000100000000000000000048;000100000000000000000009;000100000000000000000090;000100000000000000000063;000100000000000000000032;00010000000000000000006c;000100000000000000000016;000100000000000000000055;000100000000000000000024;00010000000000000000007b;000100000000000000000066;000100000000000000000054;00010000000000000000004a;00010000000000000000004f;000100000000000000000028;000100000000000000000004;000100000000000000000026";21;4;1;
000300000000000000000189;PUB-0393;00010000000000000000007f;2026-08-29 18:08:00;public;Un instant capture au hasard.;"[{""type"": ""image"", ""image_id"": 39, ""variante"": ""principale"", ""description"": ""Vieux vinyle qui tourne"", ""url"": ""https://picsum.photos/id/39/640/480.jpg?random=888""}]";"viedevie;memoire";00020000000000000000000a;"000100000000000000000027;00010000000000000000007e;000100000000000000000011;000100000000000000000044;00010000000000000000003f;000100000000000000000052;000100000000000000000019;000100000000000000000078;000100000000000000000037;000100000000000000000058;00010000000000000000005a;00010000000000000000006b;000100000000000000000084;000100000000000000000045;000100000000000000000014;00010000000000000000006a;000100000000000000000048;00010000000000000000005b;000100000000000000000026;00010000000000000000002b;000100000000000000000054;000100000000000000000013;00010000000000000000005c;00010000000000000000000a;000100000000000000000080;000100000000000000000036;000100000000000000000009;00010000000000000000000e;00010000000000000000000f;00010000000000000000003a;000100000000000000000033;000100000000000000000010;000100000000000000000061;00010000000000000000006f";34;1;0;
00030000000000000000018a;PUB-0394;000100000000000000000049;2026-08-29 21:16:00;public;Un instant capture au hasard.;"[{""type"": ""image"", ""image_id"": 39, ""variante"": ""principale"", ""description"": ""Vieux vinyle qui tourne"", ""url"": ""https://picsum.photos/id/39/640/480.jpg?random=210""}]";viedevie;000200000000000000000002;"000100000000000000000022;000100000000000000000092;000100000000000000000091;000100000000000000000050;000100000000000000000010;000100000000000000000017";6;0;0;
00030000000000000000018b;PUB-0395;00010000000000000000002a;2026-08-30 03:02:00;public;Une session de travail sans interruption.;"[{""type"": ""image"", ""image_id"": 2, ""variante"": ""principale"", ""description"": ""Le cahier est ouvert"", ""url"": ""https://picsum.photos/id/2/640/480.jpg?random=77""}]";"ingenieur;ecole";000200000000000000000008;"000100000000000000000014;000100000000000000000054;000100000000000000000023;000100000000000000000050;000100000000000000000075;000100000000000000000090;00010000000000000000005c;000100000000000000000052;00010000000000000000005a;00010000000000000000000f;000100000000000000000094;000100000000000000000007;00010000000000000000003b;000100000000000000000063;000100000000000000000010;000100000000000000000087;00010000000000000000002e;000100000000000000000032;000100000000000000000039;000100000000000000000048;00010000000000000000007b;000100000000000000000005;000100000000000000000056;000100000000000000000071";24;6;0;
00030000000000000000018c;PUB-0396;000100000000000000000042;2026-08-30 05:28:00;public;Tout est en place, on avance.;"[{""type"": ""image"", ""image_id"": 4, ""variante"": ""principale"", ""description"": ""On ecrit dans le cahier"", ""url"": ""https://picsum.photos/id/4/640/480.jpg?random=544""}]";"etudes;savoir";;"00010000000000000000003c;000100000000000000000029;000100000000000000000052;00010000000000000000001e;000100000000000000000073;000100000000000000000001;000100000000000000000051;000100000000000000000090;000100000000000000000075;00010000000000000000000a;000100000000000000000082;00010000000000000000005e;00010000000000000000006c;000100000000000000000091;000100000000000000000048;00010000000000000000000d;000100000000000000000064;000100000000000000000076;00010000000000000000001a;00010000000000000000004d;00010000000000000000008c;000100000000000000000077;000100000000000000000045;00010000000000000000001c;000100000000000000000009;000100000000000000000003;000100000000000000000084;00010000000000000000000e;000100000000000000000022";29;2;5;
00030000000000000000018d;PUB-0397;000100000000000000000017;2026-08-30 13:48:00;public;Face a l'horizon, on se pose les vraies questions.;"[{""type"": ""image"", ""image_id"": 27, ""variante"": ""principale"", ""description"": ""Homme au bord du gouffre regardant l'horizon"", ""url"": ""https://picsum.photos/id/27/640/480.jpg?random=851""}]";;00020000000000000000000f;"000100000000000000000019;000100000000000000000038;000100000000000000000059;000100000000000000000056;000100000000000000000073;000100000000000000000044;000100000000000000000026;00010000000000000000000e;000100000000000000000045;000100000000000000000042;00010000000000000000004a;000100000000000000000058";12;1;0;
00030000000000000000018e;PUB-0398;000100000000000000000092;2026-08-30 21:14:00;public;On dirait une scene de film.;"[{""type"": ""image"", ""image_id"": 37, ""variante"": ""grayscale"", ""description"": ""Fleurs au bord de la plage"", ""url"": ""https://picsum.photos/id/37/640/480.jpg?grayscale&blur=2&random=361""}]";;000200000000000000000007;"000100000000000000000011;00010000000000000000003b;000100000000000000000033;00010000000000000000003d;000100000000000000000015;000100000000000000000084";6;1;1;
00030000000000000000018f;PUB-0399;00010000000000000000008e;2026-08-31 02:43:00;public;La deadline est dans 5 minutes, tout va bien.;"[{""type"": ""image"", ""image_id"": 0, ""variante"": ""principale"", ""description"": ""Ordinateur portable blanc, tasse de cafe, cahier et telephone"", ""url"": ""https://picsum.photos/id/0/640/480.jpg?random=396""}]";"travail;focus";000200000000000000000002;"00010000000000000000001e;000100000000000000000091;000100000000000000000050;000100000000000000000063;000100000000000000000048;000100000000000000000005;000100000000000000000022;000100000000000000000001";8;3;2;
000300000000000000000190;PUB-0400;00010000000000000000006c;2026-08-31 03:25:00;amis;Productivite : 3 % travail, 97 % cafe.;"[{""type"": ""image"", ""image_id"": 2, ""variante"": ""principale"", ""description"": ""Le cahier est ouvert"", ""url"": ""https://picsum.photos/id/2/640/480.jpg?random=334""}]";;;"000100000000000000000002;000100000000000000000063;000100000000000000000005;00010000000000000000003a;00010000000000000000002b;00010000000000000000006f;000100000000000000000075;00010000000000000000005a;00010000000000000000003c";9;2;0;
000300000000000000000191;PUB-0401;00010000000000000000002a;2026-08-31 05:15:00;public;Photo du jour.;"[{""type"": ""image"", ""image_id"": 16, ""variante"": ""grayscale"", ""description"": ""Tronc d'arbre sur une plage de pierres"", ""url"": ""https://picsum.photos/id/16/640/480.jpg?grayscale&blur=2&random=619""}]";;000200000000000000000008;"000100000000000000000094;000100000000000000000005;00010000000000000000005c;000100000000000000000014;000100000000000000000032;000100000000000000000056;000100000000000000000039;00010000000000000000002e;000100000000000000000007;000100000000000000000048;000100000000000000000090;00010000000000000000005a;000100000000000000000087;00010000000000000000007b;000100000000000000000075;00010000000000000000000f;000100000000000000000071;000100000000000000000050;000100000000000000000010;000100000000000000000063;00010000000000000000003b;000100000000000000000054;000100000000000000000052;000100000000000000000023";24;8;0;
000300000000000000000192;PUB-0402;000100000000000000000055;2026-08-31 11:05:00;prive;Photo du jour.;"[{""type"": ""image"", ""image_id"": 16, ""variante"": ""principale"", ""description"": ""Tronc d'arbre sur une plage de pierres"", ""url"": ""https://picsum.photos/id/16/640/480.jpg?random=789""}]";montagne;;"00010000000000000000004b;000100000000000000000087;000100000000000000000068;000100000000000000000078;00010000000000000000004d;000100000000000000000091;000100000000000000000062;000100000000000000000086";8;0;2;
000300000000000000000193;PUB-0403;000100000000000000000014;2026-08-31 15:39:00;public;Tout est en place, on avance.;"[{""type"": ""image"", ""image_id"": 2, ""variante"": ""principale"", ""description"": ""Le cahier est ouvert"", ""url"": ""https://picsum.photos/id/2/640/480.jpg?random=687""}]";"ecole;savoir;focus";000200000000000000000008;"000100000000000000000010;000100000000000000000056;000100000000000000000063;000100000000000000000007;000100000000000000000032;000100000000000000000005;00010000000000000000003b;00010000000000000000000f;000100000000000000000094;000100000000000000000054;000100000000000000000050;00010000000000000000002e;000100000000000000000052;000100000000000000000039;00010000000000000000005c;000100000000000000000087;00010000000000000000002a;00010000000000000000005a;000100000000000000000048;000100000000000000000071;000100000000000000000023;000100000000000000000075;00010000000000000000007b;000100000000000000000090";24;1;6;
000300000000000000000194;PUB-0404;000100000000000000000085;2026-08-31 15:58:00;public;Photo du jour.;"[{""type"": ""image"", ""image_id"": 16, ""variante"": ""grayscale"", ""description"": ""Tronc d'arbre sur une plage de pierres"", ""url"": ""https://picsum.photos/id/16/640/480.jpg?grayscale&blur=2&random=521""}]";;00020000000000000000000e;000100000000000000000065;1;1;0;
000300000000000000000195;PUB-0405;000100000000000000000042;2026-08-31 17:29:00;public;Le genre d'endroit ou l'on se promet des choses.;"[{""type"": ""image"", ""image_id"": 14, ""variante"": ""principale"", ""description"": ""Cailloux dans l'eau, maree haute"", ""url"": ""https://picsum.photos/id/14/640/480.jpg?random=472""}]";"tourisme;cameroun237";;"00010000000000000000001c;000100000000000000000094;00010000000000000000006e;00010000000000000000000e;00010000000000000000000a;000100000000000000000049;000100000000000000000007;00010000000000000000002c;000100000000000000000018;000100000000000000000046;00010000000000000000004b;00010000000000000000004d;000100000000000000000017;00010000000000000000005d;000100000000000000000057";15;5;3;
000300000000000000000196;PUB-0406;00010000000000000000007e;2026-08-31 21:59:00;public;Juste comme ca.;"[{""type"": ""image"", ""image_id"": 40, ""variante"": ""grayscale"", ""description"": ""Nez d'un felin"", ""url"": ""https://picsum.photos/id/40/640/480.jpg?grayscale&blur=2&random=277""}]";"cameroun237;montagne";;"00010000000000000000003c;000100000000000000000096;000100000000000000000086;00010000000000000000004e;000100000000000000000092;000100000000000000000069;000100000000000000000058;000100000000000000000060;00010000000000000000002a;00010000000000000000003b;00010000000000000000001c;00010000000000000000007b;000100000000000000000007;000100000000000000000037;000100000000000000000095;00010000000000000000005d;00010000000000000000003f;000100000000000000000001;00010000000000000000000f;000100000000000000000050;00010000000000000000002f;000100000000000000000063;000100000000000000000051;000100000000000000000034;00010000000000000000002d;00010000000000000000008c;000100000000000000000087;000100000000000000000032;00010000000000000000005c;000100000000000000000084;00010000000000000000005f;00010000000000000000004f;00010000000000000000003e;000100000000000000000053;00010000000000000000006b;00010000000000000000008d";36;6;3;
000300000000000000000197;PUB-0407;000100000000000000000014;2026-08-31 22:48:00;public;Equipement du jour.;"[{""type"": ""image"", ""image_id"": 26, ""variante"": ""principale"", ""description"": ""Telephone, montre, casque, sac : effets personnels"", ""url"": ""https://picsum.photos/id/26/640/480.jpg?random=820""}]";"focus;bureau";000200000000000000000016;"000100000000000000000015;000100000000000000000058;000100000000000000000022;00010000000000000000004a;00010000000000000000007e;000100000000000000000056;000100000000000000000054;000100000000000000000032;000100000000000000000094";9;7;2;
000300000000000000000198;PUB-0408;000100000000000000000033;2026-09-01 06:42:00;public;Un instant capture au hasard.;"[{""type"": ""image"", ""image_id"": 9, ""variante"": ""principale"", ""description"": ""Le telephone est pose sur le cahier"", ""url"": ""https://picsum.photos/id/9/640/480.jpg?random=650""}]";;;"00010000000000000000005b;000100000000000000000088;000100000000000000000062;000100000000000000000056;000100000000000000000040;000100000000000000000028;00010000000000000000007c;000100000000000000000065;00010000000000000000008f;000100000000000000000076;000100000000000000000018;000100000000000000000044;000100000000000000000015;00010000000000000000003f;000100000000000000000048;000100000000000000000095;000100000000000000000035";17;0;0;
000300000000000000000199;PUB-0409;000100000000000000000001;2026-09-01 11:01:00;public;L'ingenierie dans le moindre detail.;"[{""type"": ""image"", ""image_id"": 36, ""variante"": ""principale"", ""description"": ""Piece detachee d'un appareil electronique"", ""url"": ""https://picsum.photos/id/36/640/480.jpg?random=478""}]";ecole;;"000100000000000000000065;000100000000000000000072;00010000000000000000000a;000100000000000000000070;000100000000000000000003;00010000000000000000005f;000100000000000000000091;00010000000000000000001b;00010000000000000000007c;00010000000000000000003c;000100000000000000000053;000100000000000000000078;000100000000000000000022;000100000000000000000020;000100000000000000000021;000100000000000000000024;000100000000000000000058;000100000000000000000008;000100000000000000000066;000100000000000000000090;000100000000000000000032";21;3;2;
00030000000000000000019a;PUB-0410;000100000000000000000042;2026-09-02 01:13:00;public;Juste comme ca.;"[{""type"": ""image"", ""image_id"": 40, ""variante"": ""principale"", ""description"": ""Nez d'un felin"", ""url"": ""https://picsum.photos/id/40/640/480.jpg?random=837""}]";"tourisme;cameroun237";00020000000000000000000f;"000100000000000000000011;00010000000000000000003d;000100000000000000000032;000100000000000000000024;00010000000000000000007b;000100000000000000000073;00010000000000000000005d;000100000000000000000012;000100000000000000000044;000100000000000000000019;000100000000000000000058;000100000000000000000054;000100000000000000000059;00010000000000000000004a;000100000000000000000096;000100000000000000000014;000100000000000000000048;000100000000000000000094;000100000000000000000026;000100000000000000000017;000100000000000000000045;000100000000000000000038;00010000000000000000000e;000100000000000000000056";24;5;5;
00030000000000000000019b;PUB-0411;000100000000000000000084;2026-09-02 02:15:00;public;Voila pourquoi il faut voyager.;"[{""type"": ""image"", ""image_id"": 13, ""variante"": ""principale"", ""description"": ""Plage de galets, mer tres bleue, arbre mort"", ""url"": ""https://picsum.photos/id/13/640/480.jpg?random=25""}]";"voyage;tourisme";00020000000000000000000a;"000100000000000000000058;00010000000000000000006b;000100000000000000000027;00010000000000000000003a;000100000000000000000054;000100000000000000000026;00010000000000000000005b;000100000000000000000037;000100000000000000000009;000100000000000000000045;00010000000000000000002b;000100000000000000000010;00010000000000000000005a;000100000000000000000061";14;3;3;
00030000000000000000019c;PUB-0412;000100000000000000000081;2026-09-02 04:07:00;public;Un plan que n'importe quel realisateur voudrait.;"[{""type"": ""image"", ""image_id"": 37, ""variante"": ""grayscale"", ""description"": ""Fleurs au bord de la plage"", ""url"": ""https://picsum.photos/id/37/640/480.jpg?grayscale&blur=2&random=346""}]";mariage;;"000100000000000000000015;00010000000000000000001d;00010000000000000000000f;000100000000000000000016;000100000000000000000054;00010000000000000000006d;000100000000000000000013;00010000000000000000006b;000100000000000000000076;000100000000000000000032;000100000000000000000091";11;5;1;
00030000000000000000019d;PUB-0413;000100000000000000000086;2026-09-02 12:01:00;public;Photo du jour.;"[{""type"": ""image"", ""image_id"": 25, ""variante"": ""principale"", ""description"": ""Branches eclairees par un lever de soleil"", ""url"": ""https://picsum.photos/id/25/640/480.jpg?random=694""}]";"montagne;plage;cameroun237";;"000100000000000000000084;000100000000000000000015;000100000000000000000024;000100000000000000000017;00010000000000000000003c;000100000000000000000001;00010000000000000000000d;000100000000000000000096;000100000000000000000094;000100000000000000000032;000100000000000000000089;00010000000000000000004e;000100000000000000000061;00010000000000000000000e;000100000000000000000068;00010000000000000000007b;000100000000000000000021;000100000000000000000033;000100000000000000000038;000100000000000000000013;000100000000000000000010;000100000000000000000044;000100000000000000000056;000100000000000000000022;000100000000000000000080;000100000000000000000081;000100000000000000000040;000100000000000000000057;000100000000000000000072;000100000000000000000092;000100000000000000000051;000100000000000000000020;000100000000000000000077;000100000000000000000035;00010000000000000000006e;00010000000000000000002f;000100000000000000000029;00010000000000000000005d;000100000000000000000036;000100000000000000000009;00010000000000000000008b;000100000000000000000012;000100000000000000000011;00010000000000000000000a;000100000000000000000063;00010000000000000000007d;000100000000000000000047;00010000000000000000006c;000100000000000000000066;000100000000000000000003;000100000000000000000074;00010000000000000000001c;00010000000000000000008a;00010000000000000000000b;000100000000000000000088;00010000000000000000005e;00010000000000000000008f;000100000000000000000025";58;3;1;
00030000000000000000019e;PUB-0414;00010000000000000000008e;2026-09-03 00:09:00;public;La deadline est dans 5 minutes, tout va bien.;"[{""type"": ""image"", ""image_id"": 4, ""variante"": ""grayscale"", ""description"": ""On ecrit dans le cahier"", ""url"": ""https://picsum.photos/id/4/640/480.jpg?grayscale&blur=2&random=835""}]";cafe;000200000000000000000002;"000100000000000000000061;000100000000000000000063;000100000000000000000017;00010000000000000000001e;000100000000000000000007;00010000000000000000000e;00010000000000000000005a;00010000000000000000004c;000100000000000000000053;000100000000000000000048;000100000000000000000043;000100000000000000000045;000100000000000000000049;000100000000000000000092;000100000000000000000005;000100000000000000000050;00010000000000000000000a;000100000000000000000032;000100000000000000000013;000100000000000000000022;000100000000000000000091;000100000000000000000001;000100000000000000000010;000100000000000000000081";24;1;2;
00030000000000000000019f;PUB-0415;000100000000000000000042;2026-09-03 19:22:00;public;Un instant capture au hasard.;"[{""type"": ""image"", ""image_id"": 10, ""variante"": ""principale"", ""description"": ""Foret de sapins, montagne au loin"", ""url"": ""https://picsum.photos/id/10/640/480.jpg?random=482""}]";"plage;cameroun237";000200000000000000000009;"000100000000000000000018;000100000000000000000079;000100000000000000000055;000100000000000000000024;000100000000000000000039;00010000000000000000001c;00010000000000000000005b;00010000000000000000001d";8;1;2;
0003000000000000000001a0;PUB-0416;000100000000000000000020;2026-09-03 23:15:00;public;Pause bien meritee.;"[{""type"": ""image"", ""image_id"": 8, ""variante"": ""principale"", ""description"": ""Ordinateur laisse ouvert sur le bureau"", ""url"": ""https://picsum.photos/id/8/640/480.jpg?random=69""}]";"ingenieur;focus";000200000000000000000005;"000100000000000000000071;000100000000000000000055;000100000000000000000001;00010000000000000000008c;00010000000000000000008e;000100000000000000000021;00010000000000000000000e;000100000000000000000042;00010000000000000000006f;000100000000000000000075;00010000000000000000000f;000100000000000000000065;000100000000000000000086;00010000000000000000004e;000100000000000000000078;00010000000000000000005a;000100000000000000000073";17;2;2;
0003000000000000000001a1;PUB-0417;000100000000000000000076;2026-09-04 07:23:00;public;Un morceau d'histoire a ne pas oublier.;"[{""type"": ""image"", ""image_id"": 30, ""variante"": ""principale"", ""description"": ""Tasse avec un billet cubain et Castro"", ""url"": ""https://picsum.photos/id/30/640/480.jpg?random=258""}]";"memoire;viedevie";000200000000000000000009;"000100000000000000000096;00010000000000000000000d;000100000000000000000009;00010000000000000000001d;000100000000000000000007;00010000000000000000003a;000100000000000000000055;00010000000000000000004a;00010000000000000000005a;000100000000000000000086;000100000000000000000094;00010000000000000000007e;000100000000000000000043;000100000000000000000085;000100000000000000000024;000100000000000000000061;00010000000000000000002b;000100000000000000000063;000100000000000000000022;00010000000000000000008e;000100000000000000000048;000100000000000000000064;00010000000000000000005b;000100000000000000000039;00010000000000000000006d;000100000000000000000008;000100000000000000000018";27;8;0;
0003000000000000000001a2;PUB-0418;000100000000000000000047;2026-09-04 12:48:00;prive;Oui oui, je travaille, tres intensement.;"[{""type"": ""image"", ""image_id"": 4, ""variante"": ""principale"", ""description"": ""On ecrit dans le cahier"", ""url"": ""https://picsum.photos/id/4/640/480.jpg?random=94""}]";"travail;ecole;bureau";;"00010000000000000000005b;00010000000000000000000f;000100000000000000000065;00010000000000000000002b;00010000000000000000007d;000100000000000000000089;00010000000000000000007c;00010000000000000000000e;00010000000000000000002c;00010000000000000000005d";10;0;2;
0003000000000000000001a3;PUB-0419;000100000000000000000084;2026-09-04 13:22:00;public;Oui oui, je travaille, tres intensement.;"[{""type"": ""image"", ""image_id"": 5, ""variante"": ""principale"", ""description"": ""Le cafe est bu"", ""url"": ""https://picsum.photos/id/5/640/480.jpg?random=591""}]";;000200000000000000000015;"000100000000000000000010;000100000000000000000015;000100000000000000000055;000100000000000000000008;000100000000000000000027;000100000000000000000075;000100000000000000000039;00010000000000000000001b;000100000000000000000081;000100000000000000000045;00010000000000000000001f;00010000000000000000003a;000100000000000000000013;00010000000000000000003f";14;7;1;
0003000000000000000001a4;PUB-0420;000100000000000000000014;2026-09-04 16:17:00;public;Retour sur les bancs, la rentree approche.;"[{""type"": ""image"", ""image_id"": 20, ""variante"": ""principale"", ""description"": ""Table d'etudiant rose"", ""url"": ""https://picsum.photos/id/20/640/480.jpg?random=811""}]";"innovation;etudes;ecole";;"000100000000000000000084;00010000000000000000004e;000100000000000000000013;00010000000000000000008b;000100000000000000000002;00010000000000000000002e;000100000000000000000053;00010000000000000000005a;000100000000000000000093;00010000000000000000007f;000100000000000000000079;00010000000000000000003c;000100000000000000000076;000100000000000000000094;000100000000000000000034;00010000000000000000005d;000100000000000000000096";17;4;2;
0003000000000000000001a5;PUB-0421;000100000000000000000084;2026-09-04 17:51:00;public;Mon kit de travail au quotidien.;"[{""type"": ""image"", ""image_id"": 26, ""variante"": ""principale"", ""description"": ""Telephone, montre, casque, sac : effets personnels"", ""url"": ""https://picsum.photos/id/26/640/480.jpg?random=965""}]";"focus;enspd;savoir";;"000100000000000000000092;000100000000000000000026;000100000000000000000042;000100000000000000000074;000100000000000000000045;000100000000000000000016;000100000000000000000013;000100000000000000000011;00010000000000000000007b;000100000000000000000038;000100000000000000000065;000100000000000000000075;000100000000000000000004;00010000000000000000008d;00010000000000000000006d;000100000000000000000095;00010000000000000000005b;00010000000000000000008c;000100000000000000000077;00010000000000000000006f;00010000000000000000001b;000100000000000000000081;000100000000000000000015;00010000000000000000002f;00010000000000000000007a;000100000000000000000048;000100000000000000000087;00010000000000000000005e;000100000000000000000088;00010000000000000000007f;000100000000000000000080;000100000000000000000083;00010000000000000000008a;000100000000000000000066;000100000000000000000002;000100000000000000000046;000100000000000000000006;00010000000000000000007e;000100000000000000000033;000100000000000000000020;000100000000000000000005;000100000000000000000060;000100000000000000000094;00010000000000000000005a;000100000000000000000090;00010000000000000000004a;000100000000000000000091;000100000000000000000051;000100000000000000000021;000100000000000000000052;00010000000000000000007c;000100000000000000000012;00010000000000000000006b;00010000000000000000003c;00010000000000000000001d;000100000000000000000067";56;5;12;
0003000000000000000001a6;PUB-0422;000100000000000000000036;2026-09-04 20:58:00;public;Voila pourquoi il faut voyager.;"[{""type"": ""image"", ""image_id"": 28, ""variante"": ""principale"", ""description"": ""Arbre et ruisseau sur des pierres"", ""url"": ""https://picsum.photos/id/28/640/480.jpg?random=605""}]";;;000100000000000000000087;1;3;0;
0003000000000000000001a7;PUB-0423;00010000000000000000006b;2026-09-05 01:21:00;public;Une session de travail sans interruption.;"[{""type"": ""image"", ""image_id"": 3, ""variante"": ""principale"", ""description"": ""Le telephone en main"", ""url"": ""https://picsum.photos/id/3/640/480.jpg?random=232""}]";enspd;00020000000000000000000a;"00010000000000000000005a;000100000000000000000078;000100000000000000000037;000100000000000000000084;000100000000000000000013;000100000000000000000027;000100000000000000000033;00010000000000000000002b;000100000000000000000026;000100000000000000000061;000100000000000000000010;000100000000000000000036;000100000000000000000011";13;1;0;
0003000000000000000001a8;PUB-0424;000100000000000000000001;2026-09-05 05:51:00;public;Un arbre ancien, un vrai livre de science.;"[{""type"": ""image"", ""image_id"": 19, ""variante"": ""principale"", ""description"": ""Arbre couvert de mousse au soleil"", ""url"": ""https://picsum.photos/id/19/640/480.jpg?random=805""}]";"focus;savoir;etudes";;"000100000000000000000074;000100000000000000000007;00010000000000000000008e;00010000000000000000004d;000100000000000000000025;00010000000000000000008d;00010000000000000000007a;000100000000000000000042";8;7;2;
0003000000000000000001a9;PUB-0425;000100000000000000000014;2026-09-05 06:19:00;public;Tout est en place, on avance.;"[{""type"": ""image"", ""image_id"": 1, ""variante"": ""principale"", ""description"": ""Quelqu'un travaille sur l'ordinateur"", ""url"": ""https://picsum.photos/id/1/640/480.jpg?random=289""}]";"bureau;cafe;savoir";;"00010000000000000000002b;00010000000000000000007f;000100000000000000000070;000100000000000000000037;000100000000000000000067;000100000000000000000055;000100000000000000000011;00010000000000000000002a;00010000000000000000005c;000100000000000000000056;000100000000000000000019;000100000000000000000005";12;5;0;
0003000000000000000001aa;PUB-0426;00010000000000000000002a;2026-09-05 10:01:00;public;Elegance avant tout.;"[{""type"": ""image"", ""image_id"": 21, ""variante"": ""principale"", ""description"": ""Chaussure blanche a talon pour soiree"", ""url"": ""https://picsum.photos/id/21/640/480.jpg?random=762""}]";soiree;00020000000000000000001a;"000100000000000000000006;00010000000000000000000a;00010000000000000000008c;000100000000000000000049;000100000000000000000026;000100000000000000000025;000100000000000000000050;000100000000000000000087;000100000000000000000027;000100000000000000000028;000100000000000000000092;000100000000000000000084;000100000000000000000009;00010000000000000000007e;00010000000000000000005c;000100000000000000000031;000100000000000000000088;000100000000000000000018;00010000000000000000006c;000100000000000000000021;00010000000000000000002e;00010000000000000000006d;00010000000000000000008e;000100000000000000000012;000100000000000000000007;00010000000000000000008f;000100000000000000000096;000100000000000000000019;000100000000000000000071;00010000000000000000003c;00010000000000000000006f";31;1;4;
0003000000000000000001ab;PUB-0427;00010000000000000000008a;2026-09-05 10:11:00;public;Je m'absente un instant.;"[{""type"": ""image"", ""image_id"": 8, ""variante"": ""principale"", ""description"": ""Ordinateur laisse ouvert sur le bureau"", ""url"": ""https://picsum.photos/id/8/640/480.jpg?random=663""}]";"ingenieur;travail";000200000000000000000004;"000100000000000000000094;00010000000000000000001b;000100000000000000000048;000100000000000000000086";4;2;0;
0003000000000000000001ac;PUB-0428;00010000000000000000008e;2026-09-05 13:25:00;public;Savez-vous que la mousse indique un air tres humide ?;"[{""type"": ""image"", ""image_id"": 19, ""variante"": ""grayscale"", ""description"": ""Arbre couvert de mousse au soleil"", ""url"": ""https://picsum.photos/id/19/640/480.jpg?grayscale&blur=2&random=115""}]";;;"000100000000000000000094;000100000000000000000025;000100000000000000000091;000100000000000000000008;00010000000000000000001d;00010000000000000000006b;000100000000000000000066;000100000000000000000039;000100000000000000000020;00010000000000000000006d;00010000000000000000006e;000100000000000000000063;000100000000000000000079;00010000000000000000004f;000100000000000000000003;000100000000000000000040;000100000000000000000035;000100000000000000000001;000100000000000000000042;000100000000000000000060;000100000000000000000048;000100000000000000000041;000100000000000000000009;000100000000000000000089;000100000000000000000087;000100000000000000000032;00010000000000000000000d;000100000000000000000038;000100000000000000000033;000100000000000000000022;00010000000000000000004b;00010000000000000000003c;000100000000000000000084;000100000000000000000004;000100000000000000000058;000100000000000000000046;000100000000000000000095;000100000000000000000026;000100000000000000000065;00010000000000000000005f;00010000000000000000002b;000100000000000000000047;000100000000000000000074;00010000000000000000007b";44;2;5;
0003000000000000000001ad;PUB-0429;000100000000000000000022;2026-09-05 17:59:00;public;Un instant capture au hasard.;"[{""type"": ""image"", ""image_id"": 39, ""variante"": ""principale"", ""description"": ""Vieux vinyle qui tourne"", ""url"": ""https://picsum.photos/id/39/640/480.jpg?random=512""}]";"retro;viedevie;memoire";00020000000000000000000c;"000100000000000000000006;000100000000000000000004;000100000000000000000065;00010000000000000000000f;00010000000000000000002b;00010000000000000000003e;000100000000000000000034;000100000000000000000024;000100000000000000000037;000100000000000000000073;000100000000000000000020;000100000000000000000019;00010000000000000000003d;000100000000000000000048;000100000000000000000064;000100000000000000000008;000100000000000000000059;000100000000000000000053;00010000000000000000007f;00010000000000000000000a;00010000000000000000007b;000100000000000000000077;000100000000000000000003;000100000000000000000026;00010000000000000000005a;000100000000000000000036;00010000000000000000004e;000100000000000000000049;00010000000000000000001f;000100000000000000000021;00010000000000000000000e;000100000000000000000033;00010000000000000000006f;000100000000000000000094";34;2;5;
0003000000000000000001ae;PUB-0430;000100000000000000000022;2026-09-06 01:01:00;prive;Une ambiance pour deux.;"[{""type"": ""image"", ""image_id"": 14, ""variante"": ""principale"", ""description"": ""Cailloux dans l'eau, maree haute"", ""url"": ""https://picsum.photos/id/14/640/480.jpg?random=464""}]";"tourisme;mariage";;"00010000000000000000002b;000100000000000000000024;00010000000000000000008f;00010000000000000000000d;000100000000000000000055;000100000000000000000082;00010000000000000000008e;000100000000000000000033;000100000000000000000076;000100000000000000000073;00010000000000000000004f;00010000000000000000003e;00010000000000000000005b;000100000000000000000047;00010000000000000000000f;000100000000000000000050;000100000000000000000081;000100000000000000000069";18;0;1;
0003000000000000000001af;PUB-0431;000100000000000000000014;2026-09-06 01:12:00;amis;Attention, ces pierres sont tres glissantes.;"[{""type"": ""image"", ""image_id"": 15, ""variante"": ""principale"", ""description"": ""Chute d'eau, rochers verdoyants et glissants"", ""url"": ""https://picsum.photos/id/15/640/480.jpg?random=639""}]";cameroun237;;"000100000000000000000034;00010000000000000000005f;00010000000000000000000c;00010000000000000000001d;000100000000000000000018;00010000000000000000001f;000100000000000000000056;00010000000000000000002a;000100000000000000000055;000100000000000000000053;000100000000000000000083;000100000000000000000071;000100000000000000000030;000100000000000000000078;000100000000000000000074;00010000000000000000002f;000100000000000000000068;00010000000000000000000b;00010000000000000000003a;000100000000000000000017;000100000000000000000073;000100000000000000000048;000100000000000000000046;00010000000000000000004d;000100000000000000000003;000100000000000000000020;00010000000000000000007e;000100000000000000000022;000100000000000000000076";29;2;5;
0003000000000000000001b0;PUB-0432;00010000000000000000006b;2026-09-06 02:51:00;public;Photo du jour.;"[{""type"": ""image"", ""image_id"": 18, ""variante"": ""principale"", ""description"": ""Hautes herbes dans un champ"", ""url"": ""https://picsum.photos/id/18/640/480.jpg?random=126""}]";"montagne;foret;tourisme";00020000000000000000000a;"000100000000000000000014;000100000000000000000010;00010000000000000000002b;000100000000000000000048;000100000000000000000058;000100000000000000000033;00010000000000000000005c;000100000000000000000052;000100000000000000000011;000100000000000000000027;000100000000000000000026;000100000000000000000061;00010000000000000000000f;000100000000000000000019;000100000000000000000084;000100000000000000000054;000100000000000000000013;000100000000000000000009;00010000000000000000000a;000100000000000000000080;000100000000000000000036;00010000000000000000007e;000100000000000000000037;00010000000000000000005a;000100000000000000000044;00010000000000000000005b;00010000000000000000003a;00010000000000000000007f;00010000000000000000006f;00010000000000000000003f;000100000000000000000078;00010000000000000000000e;00010000000000000000006a;000100000000000000000045";34;4;8;
0003000000000000000001b1;PUB-0433;00010000000000000000008e;2026-09-06 05:32:00;public;Un instant capture au hasard.;"[{""type"": ""image"", ""image_id"": 42, ""variante"": ""principale"", ""description"": ""Table de snack, deux cafes et un telephone"", ""url"": ""https://picsum.photos/id/42/640/480.jpg?random=172""}]";"travail;bureau;focus";000200000000000000000005;"000100000000000000000042;000100000000000000000049;000100000000000000000075;000100000000000000000071;000100000000000000000001;00010000000000000000004e;000100000000000000000021;000100000000000000000014;000100000000000000000065;00010000000000000000001a;00010000000000000000008c;000100000000000000000010;000100000000000000000015;00010000000000000000000e;000100000000000000000073;00010000000000000000006f;00010000000000000000005a;000100000000000000000078;000100000000000000000086;000100000000000000000020;00010000000000000000000f;000100000000000000000012";22;0;0;
0003000000000000000001b2;PUB-0434;000100000000000000000001;2026-09-06 14:37:00;public;Juste comme ca.;"[{""type"": ""image"", ""image_id"": 45, ""variante"": ""principale"", ""description"": ""Plaque d'immatriculation en ecriture etrangere"", ""url"": ""https://picsum.photos/id/45/640/480.jpg?random=899""}]";"montagne;mariage";;"000100000000000000000035;000100000000000000000063;000100000000000000000087;000100000000000000000062;000100000000000000000011;000100000000000000000003;000100000000000000000085;000100000000000000000034;000100000000000000000047;000100000000000000000077;000100000000000000000070;000100000000000000000014";12;4;1;
0003000000000000000001b3;PUB-0435;000100000000000000000014;2026-09-07 08:40:00;public;Juste comme ca.;"[{""type"": ""image"", ""image_id"": 40, ""variante"": ""principale"", ""description"": ""Nez d'un felin"", ""url"": ""https://picsum.photos/id/40/640/480.jpg?random=891""}]";;;"000100000000000000000095;000100000000000000000086;00010000000000000000003c;000100000000000000000002;000100000000000000000080;000100000000000000000049;000100000000000000000065;00010000000000000000001d;00010000000000000000001f;000100000000000000000041;00010000000000000000007c;000100000000000000000022;000100000000000000000079;00010000000000000000001c;000100000000000000000056;000100000000000000000066;00010000000000000000000d;00010000000000000000003a;000100000000000000000038;00010000000000000000007e;00010000000000000000005c;000100000000000000000027;000100000000000000000043;000100000000000000000030;00010000000000000000005f;000100000000000000000054;00010000000000000000007a;000100000000000000000091;000100000000000000000070;000100000000000000000050;000100000000000000000092;000100000000000000000034;000100000000000000000078;000100000000000000000055;00010000000000000000000e;000100000000000000000047;000100000000000000000064;000100000000000000000072;000100000000000000000023;000100000000000000000090;000100000000000000000020;00010000000000000000004b;00010000000000000000003d;000100000000000000000077;00010000000000000000005b;000100000000000000000021;000100000000000000000007;00010000000000000000005d;00010000000000000000004a;000100000000000000000093";50;5;10;
0003000000000000000001b4;PUB-0436;000100000000000000000076;2026-09-07 10:27:00;amis;Respirer, simplement.;"[{""type"": ""image"", ""image_id"": 12, ""variante"": ""grayscale"", ""description"": ""Sable, mer, ilots et rochers"", ""url"": ""https://picsum.photos/id/12/640/480.jpg?grayscale&blur=2&random=384""}]";"mariage;montagne;cameroun237";;"000100000000000000000081;000100000000000000000049;00010000000000000000004d;000100000000000000000047;000100000000000000000051;000100000000000000000078;000100000000000000000041;000100000000000000000050";8;3;1;
0003000000000000000001b5;PUB-0437;000100000000000000000030;2026-09-07 11:12:00;public;Juste comme ca.;"[{""type"": ""image"", ""image_id"": 25, ""variante"": ""principale"", ""description"": ""Branches eclairees par un lever de soleil"", ""url"": ""https://picsum.photos/id/25/640/480.jpg?random=912""}]";"plage;montagne;cameroun237";000200000000000000000006;"000100000000000000000087;00010000000000000000000a;000100000000000000000096";3;0;1;
0003000000000000000001b6;PUB-0438;00010000000000000000007f;2026-09-07 13:47:00;public;Juste comme ca.;"[{""type"": ""image"", ""image_id"": 34, ""variante"": ""principale"", ""description"": ""Fut d'essence rouge dans un champ"", ""url"": ""https://picsum.photos/id/34/640/480.jpg?random=282""}]";"foret;aventure";;"000100000000000000000058;000100000000000000000049;00010000000000000000003c;00010000000000000000004d;000100000000000000000074;00010000000000000000005b;000100000000000000000093;00010000000000000000001c;000100000000000000000065;000100000000000000000008;000100000000000000000043;000100000000000000000040;000100000000000000000096;000100000000000000000085;000100000000000000000036;000100000000000000000086";16;2;2;
0003000000000000000001b7;PUB-0439;000100000000000000000086;2026-09-07 14:15:00;public;Une histoire personnelle que je garde pres de moi.;"[{""type"": ""image"", ""image_id"": 35, ""variante"": ""principale"", ""description"": ""Fleur piquante jaune"", ""url"": ""https://picsum.photos/id/35/640/480.jpg?random=595""}]";nature;000200000000000000000009;"000100000000000000000079;00010000000000000000001b;000100000000000000000009;00010000000000000000006d;000100000000000000000096;000100000000000000000042;000100000000000000000048;00010000000000000000000d;00010000000000000000005b;00010000000000000000001d;000100000000000000000063;00010000000000000000008e;00010000000000000000005a;000100000000000000000065;000100000000000000000018;000100000000000000000076;00010000000000000000007e;00010000000000000000004a;000100000000000000000007;000100000000000000000043;000100000000000000000039;000100000000000000000055;000100000000000000000008;000100000000000000000024;000100000000000000000022;00010000000000000000003a;000100000000000000000064;00010000000000000000001c;00010000000000000000002b;000100000000000000000085;000100000000000000000032;000100000000000000000061;00010000000000000000000b;000100000000000000000094";34;5;3;
0003000000000000000001b8;PUB-0440;000100000000000000000042;2026-09-07 17:44:00;public;Photo du jour.;"[{""type"": ""image"", ""image_id"": 18, ""variante"": ""principale"", ""description"": ""Hautes herbes dans un champ"", ""url"": ""https://picsum.photos/id/18/640/480.jpg?random=210""}]";"cameroun237;tourisme";00020000000000000000001b;"000100000000000000000093;000100000000000000000043;000100000000000000000079;000100000000000000000030;000100000000000000000045;000100000000000000000013;000100000000000000000071;00010000000000000000003c;000100000000000000000054;00010000000000000000001c;000100000000000000000039;00010000000000000000003b;000100000000000000000096;000100000000000000000025;000100000000000000000038;000100000000000000000022;000100000000000000000092;000100000000000000000012;000100000000000000000081;000100000000000000000056;000100000000000000000050;00010000000000000000000a;00010000000000000000008e;00010000000000000000001e;000100000000000000000014;000100000000000000000003;00010000000000000000004e;000100000000000000000055";28;5;2;
0003000000000000000001b9;PUB-0441;000100000000000000000084;2026-09-08 01:19:00;public;Un paysage qui apaise l'esprit.;"[{""type"": ""image"", ""image_id"": 11, ""variante"": ""principale"", ""description"": ""Foret ouverte, riviere, montagne"", ""url"": ""https://picsum.photos/id/11/640/480.jpg?random=496""}]";montagne;;"000100000000000000000024;000100000000000000000065;000100000000000000000051;000100000000000000000033;000100000000000000000029;000100000000000000000076;00010000000000000000003d;000100000000000000000094;000100000000000000000055;00010000000000000000001f;000100000000000000000049;000100000000000000000074;000100000000000000000028;000100000000000000000044;00010000000000000000000e;000100000000000000000031;000100000000000000000096;000100000000000000000021;00010000000000000000003f;000100000000000000000045;00010000000000000000007c;00010000000000000000007d";22;3;0;
0003000000000000000001ba;PUB-0442;00010000000000000000007e;2026-09-08 07:44:00;public;Je decouvre enfin ce pont mythique.;"[{""type"": ""image"", ""image_id"": 43, ""variante"": ""principale"", ""description"": ""Pont de Manhattan (noir et blanc)"", ""url"": ""https://picsum.photos/id/43/640/480.jpg?random=557""}]";"viedevie;memoire;histoire";000200000000000000000016;"000100000000000000000022;000100000000000000000014;000100000000000000000015;000100000000000000000032;00010000000000000000004a;000100000000000000000058;000100000000000000000054;000100000000000000000056;000100000000000000000094";9;2;0;
0003000000000000000001bb;PUB-0443;000100000000000000000042;2026-09-08 13:46:00;public;Ce chemin me rappelle un film d'horreur.;"[{""type"": ""image"", ""image_id"": 17, ""variante"": ""principale"", ""description"": ""Chemin trace dans une foret de sapins"", ""url"": ""https://picsum.photos/id/17/640/480.jpg?random=136""}]";"foret;cameroun237";000200000000000000000009;"000100000000000000000064;000100000000000000000085;00010000000000000000001b;000100000000000000000063;00010000000000000000007e;000100000000000000000032;00010000000000000000004a;000100000000000000000043;000100000000000000000094;000100000000000000000048;000100000000000000000076;00010000000000000000001d;00010000000000000000000d;00010000000000000000006d;000100000000000000000086;000100000000000000000039;00010000000000000000000b";17;1;4;
0003000000000000000001bc;PUB-0444;00010000000000000000002a;2026-09-08 16:54:00;public;Juste comme ca.;"[{""type"": ""image"", ""image_id"": 10, ""variante"": ""principale"", ""description"": ""Foret de sapins, montagne au loin"", ""url"": ""https://picsum.photos/id/10/640/480.jpg?random=571""}]";"cameroun237;foret";;"000100000000000000000018;000100000000000000000026;00010000000000000000007c;000100000000000000000004;00010000000000000000006d;000100000000000000000055;000100000000000000000008;000100000000000000000072;000100000000000000000069;00010000000000000000001b;000100000000000000000028;00010000000000000000002d;000100000000000000000027;00010000000000000000003e;000100000000000000000007;00010000000000000000005f;000100000000000000000064;00010000000000000000004d;00010000000000000000004a;000100000000000000000092;00010000000000000000005c;000100000000000000000041;000100000000000000000057;000100000000000000000001;000100000000000000000079;000100000000000000000021;000100000000000000000031;000100000000000000000094;00010000000000000000002b;00010000000000000000008e;00010000000000000000008b;00010000000000000000004c;00010000000000000000002c;000100000000000000000088;000100000000000000000011;000100000000000000000036;00010000000000000000001c;000100000000000000000082;000100000000000000000076;000100000000000000000038;00010000000000000000007f;000100000000000000000081;000100000000000000000083;000100000000000000000040";44;5;8;
0003000000000000000001bd;PUB-0445;000100000000000000000081;2026-09-08 17:57:00;public;Juste comme ca.;"[{""type"": ""image"", ""image_id"": 10, ""variante"": ""grayscale"", ""description"": ""Foret de sapins, montagne au loin"", ""url"": ""https://picsum.photos/id/10/640/480.jpg?grayscale&blur=2&random=216""}]";cameroun237;00020000000000000000000e;"000100000000000000000013;00010000000000000000005a;000100000000000000000061;000100000000000000000032;000100000000000000000015;00010000000000000000005c;000100000000000000000039;000100000000000000000031;00010000000000000000008c;00010000000000000000005b;000100000000000000000065;00010000000000000000006a;000100000000000000000087;000100000000000000000026;000100000000000000000086;00010000000000000000000b;00010000000000000000001f;00010000000000000000003a;000100000000000000000052;000100000000000000000043;000100000000000000000066;00010000000000000000001c;000100000000000000000007;000100000000000000000079;000100000000000000000080;000100000000000000000012;000100000000000000000046;00010000000000000000003c;000100000000000000000085;000100000000000000000088;00010000000000000000000d;00010000000000000000003d;000100000000000000000094;000100000000000000000044";34;2;5;
0003000000000000000001be;PUB-0446;000100000000000000000073;2026-09-08 22:35:00;public;Une session de travail sans interruption.;"[{""type"": ""image"", ""image_id"": 1, ""variante"": ""principale"", ""description"": ""Quelqu'un travaille sur l'ordinateur"", ""url"": ""https://picsum.photos/id/1/640/480.jpg?random=848""}]";innovation;;;0;0;0;
0003000000000000000001bf;PUB-0447;00010000000000000000000b;2026-09-09 01:38:00;public;Photo du jour.;"[{""type"": ""image"", ""image_id"": 40, ""variante"": ""grayscale"", ""description"": ""Nez d'un felin"", ""url"": ""https://picsum.photos/id/40/640/480.jpg?grayscale&blur=2&random=440""}]";;;"00010000000000000000000a;000100000000000000000070;000100000000000000000078;000100000000000000000007;000100000000000000000013;000100000000000000000059;00010000000000000000001d;00010000000000000000002e;000100000000000000000096;000100000000000000000010;000100000000000000000037;00010000000000000000008c;000100000000000000000042;000100000000000000000051;000100000000000000000009;000100000000000000000077;000100000000000000000071;00010000000000000000007b;00010000000000000000002b;00010000000000000000001f;000100000000000000000063;000100000000000000000030;00010000000000000000005f;00010000000000000000008e";24;2;4;
0003000000000000000001c0;PUB-0448;000100000000000000000086;2026-09-09 10:35:00;public;Bonjour a tous, belle journee a vous !;"[{""type"": ""image"", ""image_id"": 6, ""variante"": ""principale"", ""description"": ""Un verre d'eau s'ajoute au bureau"", ""url"": ""https://picsum.photos/id/6/640/480.jpg?random=1""}]";"ingenieur;focus";00020000000000000000000e;"00010000000000000000005c;000100000000000000000061;000100000000000000000015;00010000000000000000005b;00010000000000000000008c;00010000000000000000003a;000100000000000000000081;000100000000000000000012;000100000000000000000046;000100000000000000000013;00010000000000000000000d;00010000000000000000001c;000100000000000000000094;00010000000000000000000b;000100000000000000000079;000100000000000000000052;00010000000000000000003c;000100000000000000000065;000100000000000000000080;00010000000000000000001f;000100000000000000000039;000100000000000000000031;000100000000000000000085;000100000000000000000007;000100000000000000000087;00010000000000000000005a;000100000000000000000066;000100000000000000000088;00010000000000000000006a;000100000000000000000032;000100000000000000000043;000100000000000000000026;00010000000000000000003d;000100000000000000000044";34;3;7;
0003000000000000000001c1;PUB-0449;000100000000000000000028;2026-09-09 11:59:00;public;Petit coucou du matin.;"[{""type"": ""image"", ""image_id"": 33, ""variante"": ""principale"", ""description"": ""Herbe touffue et deux petites fleurs"", ""url"": ""https://picsum.photos/id/33/640/480.jpg?random=519""}]";"tourisme;plage";;"00010000000000000000004b;000100000000000000000091;000100000000000000000054;00010000000000000000007f;00010000000000000000008c;00010000000000000000008b;000100000000000000000073;00010000000000000000002c;00010000000000000000008e;000100000000000000000026;000100000000000000000010;000100000000000000000068;000100000000000000000033;000100000000000000000027;00010000000000000000002a;000100000000000000000086;000100000000000000000007;000100000000000000000015;00010000000000000000008f;00010000000000000000006d;00010000000000000000000e;00010000000000000000004c;000100000000000000000022;000100000000000000000037;00010000000000000000005c;000100000000000000000093;000100000000000000000030;000100000000000000000042;000100000000000000000081;00010000000000000000002b;000100000000000000000012;000100000000000000000060;000100000000000000000072;000100000000000000000023;000100000000000000000040;000100000000000000000036;000100000000000000000002;00010000000000000000006e;00010000000000000000004a;00010000000000000000007d;00010000000000000000006a;00010000000000000000005a;00010000000000000000006b;000100000000000000000003;000100000000000000000094;000100000000000000000038;000100000000000000000080;00010000000000000000003a;000100000000000000000014;000100000000000000000083;000100000000000000000052;000100000000000000000021;00010000000000000000002d;000100000000000000000017;00010000000000000000007c;00010000000000000000003d;00010000000000000000001c";57;4;7;
0003000000000000000001c2;PUB-0450;000100000000000000000014;2026-09-09 16:42:00;public;La deadline est dans 5 minutes, tout va bien.;"[{""type"": ""image"", ""image_id"": 2, ""variante"": ""principale"", ""description"": ""Le cahier est ouvert"", ""url"": ""https://picsum.photos/id/2/640/480.jpg?random=377""}]";"bureau;etudes";;"000100000000000000000042;00010000000000000000007a;000100000000000000000080;00010000000000000000008e;00010000000000000000008b;000100000000000000000044;000100000000000000000004;000100000000000000000073;000100000000000000000001;000100000000000000000047;00010000000000000000006c;000100000000000000000053;00010000000000000000007c;000100000000000000000079;000100000000000000000077;00010000000000000000000e;000100000000000000000071;000100000000000000000018;000100000000000000000026;000100000000000000000082;000100000000000000000076;000100000000000000000029;00010000000000000000008d;000100000000000000000081;000100000000000000000015;000100000000000000000035;000100000000000000000091;000100000000000000000008;000100000000000000000067;00010000000000000000004e;000100000000000000000012;000100000000000000000043;000100000000000000000095;000100000000000000000013;000100000000000000000074;00010000000000000000007d;000100000000000000000059;00010000000000000000005e;00010000000000000000000a;00010000000000000000005c;000100000000000000000054;000100000000000000000062;000100000000000000000032";43;2;4;
0003000000000000000001c3;PUB-0451;000100000000000000000020;2026-09-09 21:30:00;public;Ce chemin me rappelle un film d'horreur.;"[{""type"": ""image"", ""image_id"": 17, ""variante"": ""principale"", ""description"": ""Chemin trace dans une foret de sapins"", ""url"": ""https://picsum.photos/id/17/640/480.jpg?random=186""}]";sportextreme;;"000100000000000000000001;000100000000000000000059;000100000000000000000034;000100000000000000000080;000100000000000000000014;000100000000000000000086;00010000000000000000006e;000100000000000000000009;000100000000000000000057;000100000000000000000065;000100000000000000000067;00010000000000000000008c;000100000000000000000085;000100000000000000000003;000100000000000000000035";15;1;0;
0003000000000000000001c4;PUB-0452;000100000000000000000086;2026-09-09 22:32:00;public;La nature est le meilleur laboratoire.;"[{""type"": ""image"", ""image_id"": 19, ""variante"": ""principale"", ""description"": ""Arbre couvert de mousse au soleil"", ""url"": ""https://picsum.photos/id/19/640/480.jpg?random=835""}]";tourisme;000200000000000000000004;"000100000000000000000002;000100000000000000000075;000100000000000000000087;000100000000000000000012;000100000000000000000094;000100000000000000000069;00010000000000000000000e;00010000000000000000001f;000100000000000000000022;00010000000000000000000f;000100000000000000000055;000100000000000000000048;00010000000000000000008a;000100000000000000000039;000100000000000000000028;000100000000000000000033;000100000000000000000001;00010000000000000000001c;00010000000000000000003c;000100000000000000000043;000100000000000000000007;000100000000000000000024;00010000000000000000001b;00010000000000000000007b;000100000000000000000008;000100000000000000000061;000100000000000000000015;000100000000000000000046;000100000000000000000017;000100000000000000000049;000100000000000000000023;000100000000000000000021;00010000000000000000002b;000100000000000000000031";34;4;8;
0003000000000000000001c5;PUB-0453;00010000000000000000008e;2026-09-09 23:10:00;public;Je me souviens de ce jardin, mon enfance en pleine fleur.;"[{""type"": ""image"", ""image_id"": 35, ""variante"": ""principale"", ""description"": ""Fleur piquante jaune"", ""url"": ""https://picsum.photos/id/35/640/480.jpg?random=528""}]";tourisme;000200000000000000000018;"000100000000000000000086;00010000000000000000007f;00010000000000000000007b;000100000000000000000011;000100000000000000000043;000100000000000000000007;000100000000000000000042;000100000000000000000096;00010000000000000000006a;00010000000000000000005c;000100000000000000000076;000100000000000000000078;000100000000000000000025;000100000000000000000066;000100000000000000000059;00010000000000000000002e;000100000000000000000037;000100000000000000000018;000100000000000000000027;000100000000000000000003;00010000000000000000007e;00010000000000000000002b;000100000000000000000082;000100000000000000000061;000100000000000000000087;000100000000000000000038;00010000000000000000003e;000100000000000000000049;000100000000000000000052;000100000000000000000004;000100000000000000000006;00010000000000000000000d;000100000000000000000090;000100000000000000000013";34;3;6;
0003000000000000000001c6;PUB-0454;000100000000000000000081;2026-09-10 02:29:00;public;Que la paix soit avec vous.;"[{""type"": ""image"", ""image_id"": 24, ""variante"": ""principale"", ""description"": ""Bible ouverte"", ""url"": ""https://picsum.photos/id/24/640/480.jpg?random=808""}]";"reflexion;foi;priere";;"000100000000000000000054;000100000000000000000012;000100000000000000000018;000100000000000000000009;000100000000000000000094;000100000000000000000001;00010000000000000000000e;000100000000000000000079;00010000000000000000001c;000100000000000000000080;000100000000000000000090;00010000000000000000005d;000100000000000000000008";13;4;1;
0003000000000000000001c7;PUB-0455;000100000000000000000088;2026-09-10 07:50:00;public;Un instant capture au hasard.;"[{""type"": ""image"", ""image_id"": 34, ""variante"": ""principale"", ""description"": ""Fut d'essence rouge dans un champ"", ""url"": ""https://picsum.photos/id/34/640/480.jpg?random=878""}]";"aventure;foret";;"000100000000000000000027;00010000000000000000005a;00010000000000000000004a;000100000000000000000092;00010000000000000000007a;00010000000000000000002a;00010000000000000000003b;00010000000000000000002d;000100000000000000000009;000100000000000000000015;000100000000000000000004";11;0;2;
0003000000000000000001c8;PUB-0456;000100000000000000000058;2026-09-10 11:01:00;public;Tout est en place, on avance.;"[{""type"": ""image"", ""image_id"": 0, ""variante"": ""grayscale"", ""description"": ""Ordinateur portable blanc, tasse de cafe, cahier et telephone"", ""url"": ""https://picsum.photos/id/0/640/480.jpg?grayscale&blur=2&random=126""}]";ingenieur;00020000000000000000000a;"00010000000000000000003f;00010000000000000000007f;000100000000000000000033";3;2;1;
0003000000000000000001c9;PUB-0457;000100000000000000000057;2026-09-10 13:30:00;amis;Un endroit qui raconte la solitude.;"[{""type"": ""image"", ""image_id"": 32, ""variante"": ""principale"", ""description"": ""Mur de prison gris avec un banc"", ""url"": ""https://picsum.photos/id/32/640/480.jpg?random=152""}]";"histoire;reflexion";;"000100000000000000000056;00010000000000000000003b;00010000000000000000006e;000100000000000000000053;000100000000000000000075;000100000000000000000050;000100000000000000000042;00010000000000000000002b;00010000000000000000005a;000100000000000000000027;000100000000000000000064;000100000000000000000043;00010000000000000000008f;00010000000000000000000f;000100000000000000000049;000100000000000000000016;000100000000000000000069;000100000000000000000088;00010000000000000000001d;00010000000000000000005b;000100000000000000000037;000100000000000000000072";22;1;2;
0003000000000000000001ca;PUB-0458;000100000000000000000020;2026-09-10 13:45:00;public;Une histoire personnelle que je garde pres de moi.;"[{""type"": ""image"", ""image_id"": 35, ""variante"": ""principale"", ""description"": ""Fleur piquante jaune"", ""url"": ""https://picsum.photos/id/35/640/480.jpg?random=204""}]";"nature;plage;montagne";00020000000000000000000c;"000100000000000000000053;000100000000000000000026;00010000000000000000003e;00010000000000000000001f;00010000000000000000000e;00010000000000000000007b;000100000000000000000065;00010000000000000000000a;00010000000000000000003d;000100000000000000000019";10;4;1;
0003000000000000000001cb;PUB-0459;00010000000000000000008a;2026-09-11 06:33:00;public;On dirait une scene de film.;"[{""type"": ""image"", ""image_id"": 37, ""variante"": ""principale"", ""description"": ""Fleurs au bord de la plage"", ""url"": ""https://picsum.photos/id/37/640/480.jpg?random=19""}]";voyage;;"000100000000000000000094;000100000000000000000073;000100000000000000000062;000100000000000000000089;00010000000000000000001e;000100000000000000000061;000100000000000000000002;000100000000000000000088;000100000000000000000052;000100000000000000000058;000100000000000000000080;000100000000000000000017;000100000000000000000076;00010000000000000000004e;00010000000000000000000c;00010000000000000000005d;00010000000000000000004d;000100000000000000000065;000100000000000000000083;000100000000000000000015;000100000000000000000047;000100000000000000000046;00010000000000000000004c;00010000000000000000004f";24;0;0;
0003000000000000000001cc;PUB-0460;000100000000000000000020;2026-09-11 08:18:00;public;Avancer seul n'est pas etre perdu.;"[{""type"": ""image"", ""image_id"": 27, ""variante"": ""principale"", ""description"": ""Homme au bord du gouffre regardant l'horizon"", ""url"": ""https://picsum.photos/id/27/640/480.jpg?random=929""}]";"priere;sportextreme;montagne";000200000000000000000005;"00010000000000000000006f;000100000000000000000015;000100000000000000000071;00010000000000000000008c;000100000000000000000049;00010000000000000000001a;000100000000000000000078;000100000000000000000055;000100000000000000000042;000100000000000000000073;00010000000000000000004e;000100000000000000000010;000100000000000000000086;00010000000000000000000f;00010000000000000000008e;000100000000000000000012;00010000000000000000005a;000100000000000000000088;000100000000000000000021;000100000000000000000065;00010000000000000000000e;000100000000000000000014;000100000000000000000075;000100000000000000000001";24;13;3;
0003000000000000000001cd;PUB-0461;000100000000000000000053;2026-09-11 10:23:00;public;Salut la communaute, bien reveilles ?;"[{""type"": ""image"", ""image_id"": 33, ""variante"": ""principale"", ""description"": ""Herbe touffue et deux petites fleurs"", ""url"": ""https://picsum.photos/id/33/640/480.jpg?random=69""}]";tourisme;000200000000000000000002;"000100000000000000000050;00010000000000000000008e;000100000000000000000022;000100000000000000000043;000100000000000000000092;000100000000000000000048;000100000000000000000017;000100000000000000000005;00010000000000000000000a;000100000000000000000045;00010000000000000000005a;000100000000000000000061;000100000000000000000049;00010000000000000000004c;000100000000000000000001;000100000000000000000063;000100000000000000000032;000100000000000000000007";18;4;1;
0003000000000000000001ce;PUB-0462;000100000000000000000042;2026-09-11 11:20:00;public;Equipement du jour.;"[{""type"": ""image"", ""image_id"": 26, ""variante"": ""principale"", ""description"": ""Telephone, montre, casque, sac : effets personnels"", ""url"": ""https://picsum.photos/id/26/640/480.jpg?random=260""}]";;;"00010000000000000000001f;000100000000000000000082;000100000000000000000036;00010000000000000000000e;000100000000000000000076;000100000000000000000033;000100000000000000000048;00010000000000000000008a;000100000000000000000003;00010000000000000000000b;000100000000000000000028;000100000000000000000026;00010000000000000000006d;000100000000000000000045;00010000000000000000008c;00010000000000000000005a;000100000000000000000080;000100000000000000000023;00010000000000000000008e;000100000000000000000057;000100000000000000000056;00010000000000000000004d;000100000000000000000047;00010000000000000000006b;000100000000000000000015;00010000000000000000007f;00010000000000000000004b;000100000000000000000044;000100000000000000000071;000100000000000000000073";30;0;7;
0003000000000000000001cf;PUB-0463;000100000000000000000084;2026-09-11 11:27:00;public;Juste comme ca.;"[{""type"": ""image"", ""image_id"": 38, ""variante"": ""principale"", ""description"": ""Ciel nuageux"", ""url"": ""https://picsum.photos/id/38/640/480.jpg?random=142""}]";tourisme;;"00010000000000000000001b;000100000000000000000025;000100000000000000000011;000100000000000000000049;000100000000000000000079;000100000000000000000042;00010000000000000000008c;000100000000000000000048;000100000000000000000073;00010000000000000000004f;000100000000000000000063;000100000000000000000002;00010000000000000000004c;00010000000000000000002d;000100000000000000000040;000100000000000000000075;000100000000000000000096;00010000000000000000007c;000100000000000000000041;00010000000000000000007a;00010000000000000000002f;000100000000000000000015;000100000000000000000022;000100000000000000000038;00010000000000000000000b;00010000000000000000003b;000100000000000000000018;000100000000000000000088;00010000000000000000002c;000100000000000000000045;000100000000000000000007;000100000000000000000068;000100000000000000000023;000100000000000000000089;000100000000000000000067;000100000000000000000013;000100000000000000000050;00010000000000000000006b;00010000000000000000007b;000100000000000000000037;00010000000000000000003a;00010000000000000000006c;00010000000000000000006e;000100000000000000000071;000100000000000000000083;000100000000000000000043;000100000000000000000054;00010000000000000000006a;000100000000000000000085;00010000000000000000008a;000100000000000000000046;000100000000000000000044;00010000000000000000003c;00010000000000000000003d;00010000000000000000002b;000100000000000000000026;000100000000000000000024;00010000000000000000005f";58;2;8;
0003000000000000000001d0;PUB-0464;000100000000000000000079;2026-09-11 12:04:00;public;Parfois le silence pese plus que les murs.;"[{""type"": ""image"", ""image_id"": 32, ""variante"": ""principale"", ""description"": ""Mur de prison gris avec un banc"", ""url"": ""https://picsum.photos/id/32/640/480.jpg?random=850""}]";;;"00010000000000000000004c;000100000000000000000012;00010000000000000000003d;000100000000000000000048;000100000000000000000002;00010000000000000000001e;000100000000000000000023;000100000000000000000096;000100000000000000000037;00010000000000000000006b;000100000000000000000001;000100000000000000000055;000100000000000000000070;00010000000000000000002f";14;1;3;
0003000000000000000001d1;PUB-0465;000100000000000000000084;2026-09-11 14:13:00;public;Tout est en place, on avance.;"[{""type"": ""image"", ""image_id"": 3, ""variante"": ""principale"", ""description"": ""Le telephone en main"", ""url"": ""https://picsum.photos/id/3/640/480.jpg?random=885""}]";"tech;travail";000200000000000000000007;"000100000000000000000024;000100000000000000000057;000100000000000000000026;000100000000000000000037;000100000000000000000014;000100000000000000000042;00010000000000000000002e;00010000000000000000006a;00010000000000000000000c;00010000000000000000007b;000100000000000000000087;000100000000000000000044;000100000000000000000012;000100000000000000000048;000100000000000000000092;00010000000000000000003d;000100000000000000000091;00010000000000000000005f;000100000000000000000001;00010000000000000000001a;000100000000000000000021;00010000000000000000008f;000100000000000000000058;000100000000000000000033;000100000000000000000028;00010000000000000000001b;000100000000000000000027;00010000000000000000005a;00010000000000000000000e";29;4;2;
0003000000000000000001d2;PUB-0466;000100000000000000000081;2026-09-11 15:15:00;public;Retour sur les bancs, la rentree approche.;"[{""type"": ""image"", ""image_id"": 20, ""variante"": ""principale"", ""description"": ""Table d'etudiant rose"", ""url"": ""https://picsum.photos/id/20/640/480.jpg?random=37""}]";"enspd;innovation;ecole";00020000000000000000001a;"000100000000000000000010;000100000000000000000054;000100000000000000000013;000100000000000000000027;000100000000000000000064;000100000000000000000055;00010000000000000000008f;000100000000000000000003;00010000000000000000001f;00010000000000000000002e;000100000000000000000021;00010000000000000000000a;00010000000000000000005b;00010000000000000000000b;000100000000000000000018;000100000000000000000089;00010000000000000000007f;000100000000000000000022;00010000000000000000005d;000100000000000000000025;000100000000000000000084;00010000000000000000002a;000100000000000000000066;000100000000000000000037;000100000000000000000044;000100000000000000000004;000100000000000000000048;000100000000000000000088;00010000000000000000006f;000100000000000000000024;00010000000000000000001c;000100000000000000000006;000100000000000000000031;00010000000000000000004e;000100000000000000000008;00010000000000000000006a;000100000000000000000052;00010000000000000000007b;00010000000000000000003d;000100000000000000000077;00010000000000000000007e;000100000000000000000059;000100000000000000000091;00010000000000000000003c;000100000000000000000026;000100000000000000000094;000100000000000000000057;000100000000000000000030;000100000000000000000007;00010000000000000000003a;000100000000000000000019;00010000000000000000005c";52;1;8;
0003000000000000000001d3;PUB-0467;000100000000000000000028;2026-09-12 00:14:00;public;Tout est en place, on avance.;"[{""type"": ""image"", ""image_id"": 0, ""variante"": ""principale"", ""description"": ""Ordinateur portable blanc, tasse de cafe, cahier et telephone"", ""url"": ""https://picsum.photos/id/0/640/480.jpg?random=534""}]";;00020000000000000000001b;"000100000000000000000053;000100000000000000000046;000100000000000000000018;000100000000000000000082;000100000000000000000080;000100000000000000000019;000100000000000000000011;000100000000000000000059;000100000000000000000065;00010000000000000000005c;000100000000000000000027;000100000000000000000056;00010000000000000000003c;00010000000000000000003f;00010000000000000000005d;000100000000000000000015;000100000000000000000038;000100000000000000000023;000100000000000000000049";19;0;4;
0003000000000000000001d4;PUB-0468;00010000000000000000004a;2026-09-12 12:46:00;public;Face a l'horizon, on se pose les vraies questions.;"[{""type"": ""image"", ""image_id"": 27, ""variante"": ""principale"", ""description"": ""Homme au bord du gouffre regardant l'horizon"", ""url"": ""https://picsum.photos/id/27/640/480.jpg?random=583""}]";"priere;foret";;"00010000000000000000008f;000100000000000000000087;00010000000000000000002e;000100000000000000000058;000100000000000000000024";5;0;0;
0003000000000000000001d5;PUB-0469;00010000000000000000006b;2026-09-12 12:50:00;public;Destination a mettre sur votre liste.;"[{""type"": ""image"", ""image_id"": 13, ""variante"": ""grayscale"", ""description"": ""Plage de galets, mer tres bleue, arbre mort"", ""url"": ""https://picsum.photos/id/13/640/480.jpg?grayscale&blur=2&random=957""}]";plage;00020000000000000000000a;"000100000000000000000013;000100000000000000000037;000100000000000000000052;00010000000000000000006a;00010000000000000000002b;000100000000000000000054;000100000000000000000058;00010000000000000000000f;00010000000000000000000e;00010000000000000000003a;00010000000000000000006f;00010000000000000000000a;000100000000000000000014;00010000000000000000007e;000100000000000000000027;000100000000000000000061;000100000000000000000033;00010000000000000000005b";18;3;1;
0003000000000000000001d6;PUB-0470;000100000000000000000086;2026-09-12 15:31:00;public;Equipement du jour.;"[{""type"": ""image"", ""image_id"": 26, ""variante"": ""grayscale"", ""description"": ""Telephone, montre, casque, sac : effets personnels"", ""url"": ""https://picsum.photos/id/26/640/480.jpg?grayscale&blur=2&random=44""}]";"cafe;tech";000200000000000000000018;"000100000000000000000059;000100000000000000000013;000100000000000000000096;00010000000000000000007e;000100000000000000000066;000100000000000000000006;000100000000000000000004;00010000000000000000002b;000100000000000000000049;00010000000000000000003e;000100000000000000000025;000100000000000000000027;000100000000000000000061;000100000000000000000007;00010000000000000000002e;000100000000000000000037;000100000000000000000042;000100000000000000000038;000100000000000000000018;000100000000000000000011;00010000000000000000007b;000100000000000000000076;000100000000000000000043;000100000000000000000078;000100000000000000000052;000100000000000000000087;00010000000000000000007f;00010000000000000000000d;00010000000000000000006a;00010000000000000000005c;000100000000000000000090;000100000000000000000003;00010000000000000000008e;000100000000000000000082";34;4;2;
0003000000000000000001d7;PUB-0471;000100000000000000000086;2026-09-13 12:27:00;public;Juste comme ca.;"[{""type"": ""image"", ""image_id"": 40, ""variante"": ""principale"", ""description"": ""Nez d'un felin"", ""url"": ""https://picsum.photos/id/40/640/480.jpg?random=312""}]";"cameroun237;plage";;"000100000000000000000077;000100000000000000000061;000100000000000000000008;00010000000000000000003f;000100000000000000000027;000100000000000000000002;000100000000000000000082;00010000000000000000007c;000100000000000000000073;00010000000000000000003a;000100000000000000000045;000100000000000000000071;000100000000000000000015;000100000000000000000091;000100000000000000000069;00010000000000000000002f;00010000000000000000003b;000100000000000000000039;00010000000000000000008c;000100000000000000000059;00010000000000000000005f;00010000000000000000007b;000100000000000000000020;00010000000000000000002c;00010000000000000000008e;000100000000000000000037;000100000000000000000017;000100000000000000000019;000100000000000000000054;000100000000000000000011;00010000000000000000006e;000100000000000000000067;00010000000000000000006d;00010000000000000000006c;00010000000000000000008d;000100000000000000000040;000100000000000000000053;00010000000000000000005c";38;5;0;
0003000000000000000001d8;PUB-0472;00010000000000000000008e;2026-09-13 13:11:00;public;Je m'absente un instant.;"[{""type"": ""image"", ""image_id"": 8, ""variante"": ""principale"", ""description"": ""Ordinateur laisse ouvert sur le bureau"", ""url"": ""https://picsum.photos/id/8/640/480.jpg?random=752""}]";"travail;ingenieur";00020000000000000000001a;"000100000000000000000020;000100000000000000000044;000100000000000000000026;000100000000000000000024;00010000000000000000006a;00010000000000000000002b;000100000000000000000075;000100000000000000000010;000100000000000000000018;000100000000000000000054;000100000000000000000037";11;2;2;
0003000000000000000001d9;PUB-0473;000100000000000000000042;2026-09-13 13:23:00;amis;Petite pause, je reviens dans cinq minutes.;"[{""type"": ""image"", ""image_id"": 8, ""variante"": ""principale"", ""description"": ""Ordinateur laisse ouvert sur le bureau"", ""url"": ""https://picsum.photos/id/8/640/480.jpg?random=348""}]";"bureau;cafe";;"000100000000000000000021;00010000000000000000002c;00010000000000000000008e;00010000000000000000005a;000100000000000000000074;000100000000000000000006;000100000000000000000051;00010000000000000000002a;000100000000000000000043;00010000000000000000000b;000100000000000000000028;000100000000000000000056;000100000000000000000059;000100000000000000000058;00010000000000000000004c;00010000000000000000006b;00010000000000000000003a;000100000000000000000075;000100000000000000000077;00010000000000000000000a;00010000000000000000004d;00010000000000000000001b;00010000000000000000000e;000100000000000000000036;00010000000000000000003e;000100000000000000000049;000100000000000000000046;00010000000000000000006f;000100000000000000000009;00010000000000000000002f;000100000000000000000066;000100000000000000000088;00010000000000000000007f;000100000000000000000053;000100000000000000000078;000100000000000000000070;000100000000000000000025;000100000000000000000034;000100000000000000000054;00010000000000000000003b;00010000000000000000001e;000100000000000000000045;000100000000000000000033;000100000000000000000092;000100000000000000000095;000100000000000000000031;00010000000000000000004f;000100000000000000000002";48;4;4;
0003000000000000000001da;PUB-0474;000100000000000000000020;2026-09-13 18:13:00;public;Mon kit de travail au quotidien.;"[{""type"": ""image"", ""image_id"": 26, ""variante"": ""principale"", ""description"": ""Telephone, montre, casque, sac : effets personnels"", ""url"": ""https://picsum.photos/id/26/640/480.jpg?random=428""}]";cafe;00020000000000000000001e;"000100000000000000000088;00010000000000000000007e;000100000000000000000092;000100000000000000000089;000100000000000000000085;000100000000000000000086;00010000000000000000000a;00010000000000000000008a;000100000000000000000015;000100000000000000000080;00010000000000000000001a;00010000000000000000004e;000100000000000000000063;00010000000000000000003d;00010000000000000000005b;000100000000000000000073;00010000000000000000000f;000100000000000000000056;000100000000000000000094;000100000000000000000060;000100000000000000000022;000100000000000000000006;000100000000000000000059;00010000000000000000003f";24;5;1;
0003000000000000000001db;PUB-0475;000100000000000000000086;2026-09-13 18:26:00;public;Le genre d'endroit ou l'on se promet des choses.;"[{""type"": ""image"", ""image_id"": 14, ""variante"": ""principale"", ""description"": ""Cailloux dans l'eau, maree haute"", ""url"": ""https://picsum.photos/id/14/640/480.jpg?random=308""}]";tourisme;000200000000000000000003;"00010000000000000000000b;00010000000000000000005a;000100000000000000000046;00010000000000000000001c;00010000000000000000008c;00010000000000000000003c;000100000000000000000001;000100000000000000000026;000100000000000000000075";9;3;2;
0003000000000000000001dc;PUB-0476;000100000000000000000020;2026-09-13 21:41:00;public;Photo du jour.;"[{""type"": ""image"", ""image_id"": 25, ""variante"": ""principale"", ""description"": ""Branches eclairees par un lever de soleil"", ""url"": ""https://picsum.photos/id/25/640/480.jpg?random=544""}]";;;"000100000000000000000036;000100000000000000000010;000100000000000000000016;000100000000000000000022;00010000000000000000000d;00010000000000000000003b;000100000000000000000040;000100000000000000000084;000100000000000000000008;00010000000000000000001f;00010000000000000000003f;000100000000000000000083;000100000000000000000081;000100000000000000000018;000100000000000000000062;000100000000000000000026;000100000000000000000091;000100000000000000000041;00010000000000000000005d;00010000000000000000006e;00010000000000000000000e;000100000000000000000054;000100000000000000000074;000100000000000000000073;000100000000000000000048;000100000000000000000065;00010000000000000000000a;000100000000000000000005;000100000000000000000047;000100000000000000000058;000100000000000000000003;00010000000000000000000f;000100000000000000000030;00010000000000000000006a;00010000000000000000001c;00010000000000000000001b;00010000000000000000003c;000100000000000000000025;00010000000000000000006d;000100000000000000000069;00010000000000000000001a;00010000000000000000002b;000100000000000000000035";43;4;7;
0003000000000000000001dd;PUB-0477;000100000000000000000014;2026-09-14 05:11:00;public;Un coin a visiter absolument.;"[{""type"": ""image"", ""image_id"": 28, ""variante"": ""grayscale"", ""description"": ""Arbre et ruisseau sur des pierres"", ""url"": ""https://picsum.photos/id/28/640/480.jpg?grayscale&blur=2&random=761""}]";foret;;"000100000000000000000075;00010000000000000000007f;00010000000000000000002c;000100000000000000000084;000100000000000000000077;000100000000000000000013;000100000000000000000053;000100000000000000000063;00010000000000000000005f";9;4;2;
0003000000000000000001de;PUB-0478;00010000000000000000007e;2026-09-14 09:06:00;public;Un instant capture au hasard.;"[{""type"": ""image"", ""image_id"": 10, ""variante"": ""principale"", ""description"": ""Foret de sapins, montagne au loin"", ""url"": ""https://picsum.photos/id/10/640/480.jpg?random=243""}]";"cameroun237;nature";000200000000000000000016;"000100000000000000000022;000100000000000000000094;000100000000000000000054;000100000000000000000015;00010000000000000000004a;000100000000000000000058;000100000000000000000032;000100000000000000000056;000100000000000000000014";9;6;2;
0003000000000000000001df;PUB-0479;00010000000000000000006a;2026-09-14 13:44:00;public;Je n'irais pas la seul la nuit.;"[{""type"": ""image"", ""image_id"": 17, ""variante"": ""grayscale"", ""description"": ""Chemin trace dans une foret de sapins"", ""url"": ""https://picsum.photos/id/17/640/480.jpg?grayscale&blur=2&random=167""}]";aventure;000200000000000000000018;"000100000000000000000066;000100000000000000000096";2;0;1;
0003000000000000000001e0;PUB-0480;000100000000000000000026;2026-09-14 18:32:00;amis;Petit coucou du matin.;"[{""type"": ""image"", ""image_id"": 5, ""variante"": ""grayscale"", ""description"": ""Le cafe est bu"", ""url"": ""https://picsum.photos/id/5/640/480.jpg?grayscale&blur=2&random=793""}]";"cafe;focus;ingenieur";;"000100000000000000000065;000100000000000000000023;000100000000000000000092;000100000000000000000016;000100000000000000000073;00010000000000000000001e;00010000000000000000004e";7;3;1;
0003000000000000000001e1;PUB-0481;00010000000000000000002a;2026-09-14 22:37:00;public;Une fleur, un sourire, c'est suffisant.;"[{""type"": ""image"", ""image_id"": 33, ""variante"": ""principale"", ""description"": ""Herbe touffue et deux petites fleurs"", ""url"": ""https://picsum.photos/id/33/640/480.jpg?random=190""}]";cameroun237;000200000000000000000008;"000100000000000000000032;000100000000000000000050;000100000000000000000005;00010000000000000000007b;000100000000000000000087;000100000000000000000075;000100000000000000000054;00010000000000000000002e;000100000000000000000094;000100000000000000000039;000100000000000000000023;000100000000000000000014;000100000000000000000048;000100000000000000000052;000100000000000000000071;000100000000000000000056;00010000000000000000005c;00010000000000000000003b;00010000000000000000000f;000100000000000000000090;000100000000000000000007;00010000000000000000005a;000100000000000000000010;000100000000000000000063";24;2;2;
0003000000000000000001e2;PUB-0482;000100000000000000000042;2026-09-15 02:58:00;public;Un instant capture au hasard.;"[{""type"": ""image"", ""image_id"": 16, ""variante"": ""principale"", ""description"": ""Tronc d'arbre sur une plage de pierres"", ""url"": ""https://picsum.photos/id/16/640/480.jpg?random=248""}]";"cameroun237;voyage";;"00010000000000000000004d;000100000000000000000053;000100000000000000000027;000100000000000000000010;000100000000000000000035;00010000000000000000000b;000100000000000000000023;00010000000000000000007b;000100000000000000000064;000100000000000000000045;000100000000000000000078;000100000000000000000034;000100000000000000000007;000100000000000000000085;000100000000000000000025;00010000000000000000004e;00010000000000000000000f;000100000000000000000031;00010000000000000000005e;00010000000000000000003e;00010000000000000000002d;000100000000000000000018;000100000000000000000066;000100000000000000000016;000100000000000000000060;000100000000000000000088;000100000000000000000072;00010000000000000000007d;000100000000000000000002;00010000000000000000007e;00010000000000000000005b";31;5;2;
0003000000000000000001e3;PUB-0483;000100000000000000000081;2026-09-15 09:38:00;public;Un instant capture au hasard.;"[{""type"": ""image"", ""image_id"": 45, ""variante"": ""principale"", ""description"": ""Plaque d'immatriculation en ecriture etrangere"", ""url"": ""https://picsum.photos/id/45/640/480.jpg?random=140""}]";"cameroun237;voyage;plage";000200000000000000000007;"000100000000000000000009;000100000000000000000049;000100000000000000000048;000100000000000000000007;000100000000000000000024;000100000000000000000026;00010000000000000000000d;000100000000000000000073;000100000000000000000046;000100000000000000000056;00010000000000000000005d;00010000000000000000002b;00010000000000000000002d;00010000000000000000000e;00010000000000000000008f;00010000000000000000004a;000100000000000000000053;00010000000000000000006a;000100000000000000000012;00010000000000000000001d;000100000000000000000084;000100000000000000000065;000100000000000000000021;000100000000000000000001;000100000000000000000045;000100000000000000000080;00010000000000000000001a;000100000000000000000054;00010000000000000000008a;00010000000000000000007b;000100000000000000000057;000100000000000000000050;00010000000000000000005a;000100000000000000000087;000100000000000000000023;000100000000000000000092;000100000000000000000002;00010000000000000000000b;000100000000000000000096;00010000000000000000000c;000100000000000000000061;000100000000000000000093;000100000000000000000058;000100000000000000000017;00010000000000000000003d";45;5;3;
0003000000000000000001e4;PUB-0484;000100000000000000000001;2026-09-15 13:31:00;public;Une session de travail sans interruption.;"[{""type"": ""image"", ""image_id"": 0, ""variante"": ""principale"", ""description"": ""Ordinateur portable blanc, tasse de cafe, cahier et telephone"", ""url"": ""https://picsum.photos/id/0/640/480.jpg?random=424""}]";cafe;;"000100000000000000000070;00010000000000000000002f;000100000000000000000078;00010000000000000000006f;00010000000000000000008d;00010000000000000000006c;000100000000000000000018;000100000000000000000031;000100000000000000000080;00010000000000000000003f;00010000000000000000004c;000100000000000000000022";12;8;0;
0003000000000000000001e5;PUB-0485;000100000000000000000014;2026-09-15 14:19:00;public;Bonjour a tous, belle journee a vous !;"[{""type"": ""image"", ""image_id"": 6, ""variante"": ""principale"", ""description"": ""Un verre d'eau s'ajoute au bureau"", ""url"": ""https://picsum.photos/id/6/640/480.jpg?random=555""}]";ingenieur;000200000000000000000006;"00010000000000000000005b;000100000000000000000012;00010000000000000000001f;000100000000000000000071;000100000000000000000096;000100000000000000000050;000100000000000000000066;000100000000000000000003;000100000000000000000030;000100000000000000000004;00010000000000000000005a;000100000000000000000046;000100000000000000000027;00010000000000000000002d;00010000000000000000003b;000100000000000000000032;000100000000000000000087;000100000000000000000011;000100000000000000000065;000100000000000000000018;00010000000000000000000a;00010000000000000000002a;000100000000000000000026;000100000000000000000073";24;3;2;
0003000000000000000001e6;PUB-0486;000100000000000000000086;2026-09-16 03:55:00;public;Photo du jour.;"[{""type"": ""image"", ""image_id"": 16, ""variante"": ""grayscale"", ""description"": ""Tronc d'arbre sur une plage de pierres"", ""url"": ""https://picsum.photos/id/16/640/480.jpg?grayscale&blur=2&random=347""}]";voyage;000200000000000000000019;"000100000000000000000007;00010000000000000000005b;000100000000000000000003;000100000000000000000048;00010000000000000000001c;00010000000000000000000b;00010000000000000000002b;000100000000000000000043;000100000000000000000092;00010000000000000000003f;00010000000000000000007b;000100000000000000000033;00010000000000000000006f;000100000000000000000087;00010000000000000000007e;000100000000000000000069;00010000000000000000001f;000100000000000000000027;000100000000000000000026;00010000000000000000002a;000100000000000000000059;00010000000000000000005d;00010000000000000000005c;000100000000000000000010;000100000000000000000013;00010000000000000000008c;000100000000000000000065;00010000000000000000008b;000100000000000000000009;000100000000000000000004;00010000000000000000000f;00010000000000000000007f;000100000000000000000051;000100000000000000000050;00010000000000000000008f;000100000000000000000081;000100000000000000000039;000100000000000000000057;000100000000000000000019;00010000000000000000004c;000100000000000000000055;000100000000000000000022;000100000000000000000066;000100000000000000000032;000100000000000000000063;00010000000000000000003d;000100000000000000000046;000100000000000000000006;000100000000000000000002;000100000000000000000096;00010000000000000000000e;00010000000000000000001a;00010000000000000000008e;00010000000000000000002e;000100000000000000000023;00010000000000000000000d;000100000000000000000064;000100000000000000000044;000100000000000000000061";59;6;0;
0003000000000000000001e7;PUB-0487;000100000000000000000012;2026-09-16 04:35:00;public;Avancer seul n'est pas etre perdu.;"[{""type"": ""image"", ""image_id"": 27, ""variante"": ""grayscale"", ""description"": ""Homme au bord du gouffre regardant l'horizon"", ""url"": ""https://picsum.photos/id/27/640/480.jpg?grayscale&blur=2&random=567""}]";"memoire;reflexion";;"000100000000000000000086;00010000000000000000007b";2;1;1;
0003000000000000000001e8;PUB-0488;000100000000000000000042;2026-09-16 15:19:00;public;Une session de travail sans interruption.;"[{""type"": ""image"", ""image_id"": 3, ""variante"": ""grayscale"", ""description"": ""Le telephone en main"", ""url"": ""https://picsum.photos/id/3/640/480.jpg?grayscale&blur=2&random=182""}]";ingenieur;;"000100000000000000000080;000100000000000000000076;00010000000000000000005a;000100000000000000000028;00010000000000000000005d;000100000000000000000077;000100000000000000000027;00010000000000000000003a;000100000000000000000014;000100000000000000000062;000100000000000000000036;00010000000000000000001f;000100000000000000000066;000100000000000000000007;000100000000000000000033;000100000000000000000081;000100000000000000000082;00010000000000000000008e;000100000000000000000018;00010000000000000000000f;000100000000000000000052;000100000000000000000072;00010000000000000000007e;00010000000000000000006e;000100000000000000000096;000100000000000000000004;00010000000000000000007c;000100000000000000000019;000100000000000000000063;00010000000000000000006f";30;1;6;
0003000000000000000001e9;PUB-0489;00010000000000000000007e;2026-09-16 16:25:00;public;Romantique a souhait.;"[{""type"": ""image"", ""image_id"": 14, ""variante"": ""principale"", ""description"": ""Cailloux dans l'eau, maree haute"", ""url"": ""https://picsum.photos/id/14/640/480.jpg?random=354""}]";;000200000000000000000018;"000100000000000000000037;000100000000000000000090;00010000000000000000000d;00010000000000000000007b;00010000000000000000007f;000100000000000000000078;000100000000000000000027;000100000000000000000049;000100000000000000000052;00010000000000000000006a;00010000000000000000003e;000100000000000000000007;000100000000000000000011;000100000000000000000042;000100000000000000000006;000100000000000000000025;000100000000000000000018;000100000000000000000086;00010000000000000000002e;00010000000000000000002b;00010000000000000000005c;000100000000000000000061;000100000000000000000066;000100000000000000000087;000100000000000000000038;000100000000000000000004;000100000000000000000003;000100000000000000000043;000100000000000000000096;000100000000000000000082;000100000000000000000076;00010000000000000000008e;000100000000000000000059;000100000000000000000013";34;6;8;
0003000000000000000001ea;PUB-0490;00010000000000000000002a;2026-09-16 18:27:00;public;Juste comme ca.;"[{""type"": ""image"", ""image_id"": 45, ""variante"": ""principale"", ""description"": ""Plaque d'immatriculation en ecriture etrangere"", ""url"": ""https://picsum.photos/id/45/640/480.jpg?random=326""}]";"montagne;cameroun237;tourisme";;"000100000000000000000030;000100000000000000000039;00010000000000000000004e;000100000000000000000095;000100000000000000000008;000100000000000000000069;000100000000000000000058;00010000000000000000008a;00010000000000000000007f;00010000000000000000004d;00010000000000000000004b;000100000000000000000088;000100000000000000000033;00010000000000000000002d;000100000000000000000040;000100000000000000000079;000100000000000000000057;000100000000000000000002;000100000000000000000080;000100000000000000000031;000100000000000000000025;000100000000000000000055;000100000000000000000076;000100000000000000000047;00010000000000000000006d;00010000000000000000005a;000100000000000000000013;000100000000000000000059;000100000000000000000083;000100000000000000000048;000100000000000000000089;000100000000000000000061;000100000000000000000024;00010000000000000000002f";34;3;5;
0003000000000000000001eb;PUB-0491;000100000000000000000022;2026-09-16 19:51:00;amis;Cette image raconte un moment du passe.;"[{""type"": ""image"", ""image_id"": 44, ""variante"": ""grayscale"", ""description"": ""Plage en noir et blanc, baigneurs"", ""url"": ""https://picsum.photos/id/44/640/480.jpg?grayscale&blur=2&random=286""}]";memoire;;"00010000000000000000001e;000100000000000000000095;00010000000000000000006d;000100000000000000000007;000100000000000000000038;000100000000000000000051;000100000000000000000086;00010000000000000000002c;00010000000000000000003e;00010000000000000000006f;000100000000000000000080;00010000000000000000008c;000100000000000000000091;000100000000000000000036;00010000000000000000008e";15;11;3;
0003000000000000000001ec;PUB-0492;00010000000000000000006b;2026-09-16 23:09:00;public;Un instant capture au hasard.;"[{""type"": ""image"", ""image_id"": 38, ""variante"": ""principale"", ""description"": ""Ciel nuageux"", ""url"": ""https://picsum.photos/id/38/640/480.jpg?random=407""}]";"cameroun237;plage";;"000100000000000000000032;000100000000000000000026;00010000000000000000003e;00010000000000000000008a;000100000000000000000005;000100000000000000000009;000100000000000000000043;00010000000000000000003d;00010000000000000000006a;000100000000000000000042;000100000000000000000072;00010000000000000000005e;000100000000000000000086;000100000000000000000050;00010000000000000000006d;000100000000000000000047;000100000000000000000070;00010000000000000000007c;000100000000000000000045;00010000000000000000001a";20;4;3;
0003000000000000000001ed;PUB-0493;000100000000000000000086;2026-09-17 03:03:00;public;Souvenons-nous de ce qui s'est passe.;"[{""type"": ""image"", ""image_id"": 30, ""variante"": ""principale"", ""description"": ""Tasse avec un billet cubain et Castro"", ""url"": ""https://picsum.photos/id/30/640/480.jpg?random=686""}]";histoire;000200000000000000000005;"000100000000000000000020;000100000000000000000001;00010000000000000000001a;000100000000000000000078;00010000000000000000005a;000100000000000000000065;000100000000000000000075;000100000000000000000049;00010000000000000000006f;000100000000000000000015;00010000000000000000008e;000100000000000000000042;000100000000000000000088;000100000000000000000055;00010000000000000000008c;000100000000000000000010;000100000000000000000014;000100000000000000000071;00010000000000000000004e;00010000000000000000000e;000100000000000000000073;000100000000000000000021";22;3;4;
0003000000000000000001ee;PUB-0494;000100000000000000000086;2026-09-17 04:58:00;public;Un morceau d'histoire a ne pas oublier.;"[{""type"": ""image"", ""image_id"": 30, ""variante"": ""principale"", ""description"": ""Tasse avec un billet cubain et Castro"", ""url"": ""https://picsum.photos/id/30/640/480.jpg?random=92""}]";"retro;cameroun237";;"000100000000000000000045;000100000000000000000041;000100000000000000000015;00010000000000000000005f;000100000000000000000071;00010000000000000000002e;00010000000000000000008d;00010000000000000000001d;000100000000000000000050;000100000000000000000037;000100000000000000000062;000100000000000000000012;000100000000000000000013;00010000000000000000006b";14;9;3;
0003000000000000000001ef;PUB-0495;00010000000000000000008e;2026-09-17 07:13:00;public;Juste comme ca.;"[{""type"": ""image"", ""image_id"": 39, ""variante"": ""grayscale"", ""description"": ""Vieux vinyle qui tourne"", ""url"": ""https://picsum.photos/id/39/640/480.jpg?grayscale&blur=2&random=493""}]";viedevie;;"000100000000000000000063;000100000000000000000008;000100000000000000000033;000100000000000000000061;000100000000000000000014;000100000000000000000017;000100000000000000000085;00010000000000000000002b;000100000000000000000067;000100000000000000000006;000100000000000000000056;000100000000000000000058;000100000000000000000057;000100000000000000000046;000100000000000000000062";15;4;2;
0003000000000000000001f0;PUB-0496;00010000000000000000008e;2026-09-17 09:18:00;public;Un instant capture au hasard.;"[{""type"": ""image"", ""image_id"": 45, ""variante"": ""principale"", ""description"": ""Plaque d'immatriculation en ecriture etrangere"", ""url"": ""https://picsum.photos/id/45/640/480.jpg?random=339""}]";"tourisme;mariage";000200000000000000000009;"000100000000000000000064;00010000000000000000005b;00010000000000000000000d;00010000000000000000006d;00010000000000000000005a;00010000000000000000001d;000100000000000000000063;000100000000000000000065;000100000000000000000085;000100000000000000000042;000100000000000000000018;00010000000000000000007e;000100000000000000000009;000100000000000000000022;000100000000000000000032;000100000000000000000043;000100000000000000000024;00010000000000000000001c;000100000000000000000096;000100000000000000000039;00010000000000000000004a;000100000000000000000076;00010000000000000000003a;00010000000000000000001b";24;3;3;
0003000000000000000001f1;PUB-0497;000100000000000000000059;2026-09-17 10:09:00;public;Tout ce qu'il faut pour une journee productive.;"[{""type"": ""image"", ""image_id"": 26, ""variante"": ""principale"", ""description"": ""Telephone, montre, casque, sac : effets personnels"", ""url"": ""https://picsum.photos/id/26/640/480.jpg?random=85""}]";;;"000100000000000000000003;00010000000000000000003c;000100000000000000000002;000100000000000000000017;000100000000000000000018;00010000000000000000006b;000100000000000000000024;000100000000000000000027;000100000000000000000081;00010000000000000000008f;000100000000000000000039;000100000000000000000087;000100000000000000000062;00010000000000000000007a;000100000000000000000045;000100000000000000000021;00010000000000000000001a;000100000000000000000073;000100000000000000000036;000100000000000000000065;000100000000000000000095;000100000000000000000060;000100000000000000000055;000100000000000000000066;000100000000000000000071;000100000000000000000008;000100000000000000000089;00010000000000000000004b;00010000000000000000002a;00010000000000000000006d;000100000000000000000057;000100000000000000000051;00010000000000000000003a;000100000000000000000096;000100000000000000000067;00010000000000000000007b;000100000000000000000019;000100000000000000000022;000100000000000000000004;000100000000000000000083;00010000000000000000005d;00010000000000000000004e;00010000000000000000004a;00010000000000000000000b;000100000000000000000035;000100000000000000000058;00010000000000000000002f;000100000000000000000005;000100000000000000000046;00010000000000000000000f;000100000000000000000009;000100000000000000000072;00010000000000000000006a;00010000000000000000005a;00010000000000000000007e;000100000000000000000075;00010000000000000000001f;000100000000000000000090";58;3;13;
0003000000000000000001f2;PUB-0498;000100000000000000000084;2026-09-17 10:19:00;public;Je m'absente un instant.;"[{""type"": ""image"", ""image_id"": 8, ""variante"": ""grayscale"", ""description"": ""Ordinateur laisse ouvert sur le bureau"", ""url"": ""https://picsum.photos/id/8/640/480.jpg?grayscale&blur=2&random=760""}]";;000200000000000000000007;"000100000000000000000056;000100000000000000000066;000100000000000000000039;000100000000000000000036;000100000000000000000045;00010000000000000000005d;000100000000000000000031;00010000000000000000003c;000100000000000000000073;00010000000000000000008f;000100000000000000000028;000100000000000000000052;00010000000000000000003a;00010000000000000000001a;00010000000000000000008c;000100000000000000000058;00010000000000000000000e;000100000000000000000026;000100000000000000000012;000100000000000000000079;000100000000000000000091;000100000000000000000088;00010000000000000000002d;000100000000000000000059;000100000000000000000021;00010000000000000000007e;000100000000000000000065;00010000000000000000002b;000100000000000000000037;00010000000000000000005f;000100000000000000000017;00010000000000000000005a;000100000000000000000001;000100000000000000000015;000100000000000000000086;00010000000000000000003d;000100000000000000000008;000100000000000000000092;00010000000000000000001c;000100000000000000000042;000100000000000000000050";41;7;0;
0003000000000000000001f3;PUB-0499;00010000000000000000002a;2026-09-17 12:05:00;prive;Apprenons de nos erreurs.;"[{""type"": ""image"", ""image_id"": 32, ""variante"": ""principale"", ""description"": ""Mur de prison gris avec un banc"", ""url"": ""https://picsum.photos/id/32/640/480.jpg?random=820""}]";"philo;viedevie";;"000100000000000000000012;000100000000000000000074;000100000000000000000036;000100000000000000000047;000100000000000000000050;000100000000000000000078;000100000000000000000096;00010000000000000000004a;000100000000000000000053;000100000000000000000031;00010000000000000000003d;000100000000000000000052;00010000000000000000001f;00010000000000000000006a;000100000000000000000038";15;0;1;
0003000000000000000001f4;PUB-0500;00010000000000000000005d;2026-09-17 13:19:00;public;Juste comme ca.;"[{""type"": ""image"", ""image_id"": 45, ""variante"": ""principale"", ""description"": ""Plaque d'immatriculation en ecriture etrangere"", ""url"": ""https://picsum.photos/id/45/640/480.jpg?random=379""}]";;;"000100000000000000000048;000100000000000000000085;00010000000000000000007e;000100000000000000000018;00010000000000000000000c";5;0;0;
0003000000000000000001f5;PUB-0501;000100000000000000000042;2026-09-17 16:04:00;public;Face a l'horizon, on se pose les vraies questions.;"[{""type"": ""image"", ""image_id"": 27, ""variante"": ""principale"", ""description"": ""Homme au bord du gouffre regardant l'horizon"", ""url"": ""https://picsum.photos/id/27/640/480.jpg?random=206""}]";philo;;"000100000000000000000079;000100000000000000000090;00010000000000000000001b;000100000000000000000021;00010000000000000000004a;000100000000000000000058;000100000000000000000074;000100000000000000000069;000100000000000000000014;00010000000000000000003e;00010000000000000000000b;000100000000000000000047;000100000000000000000092";13;5;2;
0003000000000000000001f6;PUB-0502;000100000000000000000001;2026-09-18 00:51:00;public;Juste comme ca.;"[{""type"": ""image"", ""image_id"": 18, ""variante"": ""principale"", ""description"": ""Hautes herbes dans un champ"", ""url"": ""https://picsum.photos/id/18/640/480.jpg?random=254""}]";montagne;;"00010000000000000000004a;000100000000000000000019;00010000000000000000004b;00010000000000000000002e;000100000000000000000040;000100000000000000000052;00010000000000000000005b;000100000000000000000028;00010000000000000000008c;000100000000000000000035;000100000000000000000038;00010000000000000000007d;00010000000000000000002d;00010000000000000000007a;00010000000000000000005d;000100000000000000000069;00010000000000000000007f;000100000000000000000021;000100000000000000000037;00010000000000000000000e;000100000000000000000025;00010000000000000000006c;000100000000000000000073";23;6;2;
0003000000000000000001f7;PUB-0503;00010000000000000000007f;2026-09-18 03:57:00;public;Tenue du jour en preparation.;"[{""type"": ""image"", ""image_id"": 31, ""variante"": ""grayscale"", ""description"": ""Chaussures et jambes d'une femme"", ""url"": ""https://picsum.photos/id/31/640/480.jpg?grayscale&blur=2&random=812""}]";"style;soiree";;"000100000000000000000075;000100000000000000000079;000100000000000000000019;000100000000000000000016;000100000000000000000058;000100000000000000000086;000100000000000000000022;000100000000000000000011;000100000000000000000088;000100000000000000000078;00010000000000000000000a;000100000000000000000087;000100000000000000000048;000100000000000000000013;000100000000000000000001;00010000000000000000007d;00010000000000000000001f;00010000000000000000001e;00010000000000000000006b;000100000000000000000091;000100000000000000000014;00010000000000000000004d;00010000000000000000008d;000100000000000000000034;000100000000000000000021;00010000000000000000008b;000100000000000000000031;00010000000000000000005c;000100000000000000000054;00010000000000000000000b;00010000000000000000000e;00010000000000000000004b";32;3;8;
0003000000000000000001f8;PUB-0504;000100000000000000000081;2026-09-18 05:41:00;public;Cette fleur m'a pique, mais quelle beaute.;"[{""type"": ""image"", ""image_id"": 35, ""variante"": ""principale"", ""description"": ""Fleur piquante jaune"", ""url"": ""https://picsum.photos/id/35/640/480.jpg?random=467""}]";plage;;"000100000000000000000095;000100000000000000000076;00010000000000000000005d;00010000000000000000004e;00010000000000000000002d;000100000000000000000093;00010000000000000000007e;000100000000000000000037;000100000000000000000086;00010000000000000000008d;000100000000000000000057;000100000000000000000030;00010000000000000000003e;000100000000000000000080;00010000000000000000007c;00010000000000000000004b;00010000000000000000007f;000100000000000000000096;000100000000000000000002;00010000000000000000000f;000100000000000000000079;00010000000000000000001f;000100000000000000000051";23;1;1;
0003000000000000000001f9;PUB-0505;000100000000000000000042;2026-09-18 08:05:00;public;Concentre sur ma tache, ne pas deranger.;"[{""type"": ""image"", ""image_id"": 0, ""variante"": ""grayscale"", ""description"": ""Ordinateur portable blanc, tasse de cafe, cahier et telephone"", ""url"": ""https://picsum.photos/id/0/640/480.jpg?grayscale&blur=2&random=217""}]";"ingenieur;bureau";;"000100000000000000000057;000100000000000000000019;000100000000000000000029;000100000000000000000017;000100000000000000000090;000100000000000000000008;00010000000000000000008e;00010000000000000000002a;00010000000000000000002b;000100000000000000000069;00010000000000000000007d;000100000000000000000010;00010000000000000000006a;00010000000000000000008d;00010000000000000000006b;000100000000000000000005;000100000000000000000026;000100000000000000000070;00010000000000000000005e;000100000000000000000035;000100000000000000000038;000100000000000000000084;00010000000000000000003b;000100000000000000000009;000100000000000000000083;000100000000000000000028;000100000000000000000034;000100000000000000000063;000100000000000000000088";29;0;2;
0003000000000000000001fa;PUB-0506;00010000000000000000007e;2026-09-18 08:14:00;public;Destination a mettre sur votre liste.;"[{""type"": ""image"", ""image_id"": 12, ""variante"": ""principale"", ""description"": ""Sable, mer, ilots et rochers"", ""url"": ""https://picsum.photos/id/12/640/480.jpg?random=541""}]";"cameroun237;voyage";00020000000000000000000d;"000100000000000000000073;000100000000000000000069;000100000000000000000036;000100000000000000000081;00010000000000000000005b;000100000000000000000063;000100000000000000000054;000100000000000000000087;000100000000000000000040";9;5;0;
0003000000000000000001fb;PUB-0507;00010000000000000000007c;2026-09-18 11:34:00;public;Un morceau d'histoire a ne pas oublier.;"[{""type"": ""image"", ""image_id"": 44, ""variante"": ""principale"", ""description"": ""Plage en noir et blanc, baigneurs"", ""url"": ""https://picsum.photos/id/44/640/480.jpg?random=970""}]";viedevie;;"000100000000000000000087;000100000000000000000010;000100000000000000000089";3;0;1;
0003000000000000000001fc;PUB-0508;000100000000000000000048;2026-09-18 12:44:00;public;Photo du jour.;"[{""type"": ""image"", ""image_id"": 25, ""variante"": ""grayscale"", ""description"": ""Branches eclairees par un lever de soleil"", ""url"": ""https://picsum.photos/id/25/640/480.jpg?grayscale&blur=2&random=157""}]";"foret;tourisme";00020000000000000000001b;"00010000000000000000003d;000100000000000000000054;000100000000000000000063;000100000000000000000014;00010000000000000000000b;000100000000000000000025";6;2;0;
0003000000000000000001fd;PUB-0509;000100000000000000000027;2026-09-18 14:09:00;public;Face a l'horizon, on se pose les vraies questions.;"[{""type"": ""image"", ""image_id"": 22, ""variante"": ""principale"", ""description"": ""Homme qui marche dans la rue (noir et blanc)"", ""url"": ""https://picsum.photos/id/22/640/480.jpg?random=995""}]";"reflexion;memoire";00020000000000000000001a;00010000000000000000000e;1;1;1;
0003000000000000000001fe;PUB-0510;000100000000000000000020;2026-09-18 18:38:00;public;Photo du jour.;"[{""type"": ""image"", ""image_id"": 41, ""variante"": ""principale"", ""description"": ""Goutte d'eau sur une surface"", ""url"": ""https://picsum.photos/id/41/640/480.jpg?random=604""}]";"plage;savoir;tourisme";;"000100000000000000000071;00010000000000000000007f;00010000000000000000004f;00010000000000000000008c;000100000000000000000072;00010000000000000000006a;00010000000000000000002f;000100000000000000000091;00010000000000000000005a;000100000000000000000010;00010000000000000000007b;00010000000000000000004b;000100000000000000000046;000100000000000000000059;000100000000000000000067;000100000000000000000053;000100000000000000000073;000100000000000000000024;00010000000000000000006f;00010000000000000000007a;000100000000000000000088;00010000000000000000005e;000100000000000000000058;000100000000000000000025;00010000000000000000000c;000100000000000000000064;00010000000000000000004e;000100000000000000000043;000100000000000000000015;000100000000000000000042;00010000000000000000000e;00010000000000000000003b;00010000000000000000004d;000100000000000000000085;000100000000000000000041;00010000000000000000003f;00010000000000000000008b;00010000000000000000002e;000100000000000000000001;000100000000000000000084;000100000000000000000069;000100000000000000000006;000100000000000000000019;000100000000000000000029;00010000000000000000002c;000100000000000000000063";46;5;2;
0003000000000000000001ff;PUB-0511;000100000000000000000020;2026-09-18 20:22:00;public;L'ingenierie dans le moindre detail.;"[{""type"": ""image"", ""image_id"": 36, ""variante"": ""principale"", ""description"": ""Piece detachee d'un appareil electronique"", ""url"": ""https://picsum.photos/id/36/640/480.jpg?random=530""}]";;;"000100000000000000000031;000100000000000000000071;00010000000000000000002f;000100000000000000000067;00010000000000000000003b;00010000000000000000000f;000100000000000000000039;000100000000000000000022;000100000000000000000065;000100000000000000000043;00010000000000000000005a;00010000000000000000002d;000100000000000000000061;000100000000000000000073;000100000000000000000092;00010000000000000000003f;000100000000000000000003;000100000000000000000009;000100000000000000000078;000100000000000000000044;00010000000000000000000b;000100000000000000000063;00010000000000000000001e;00010000000000000000002c;00010000000000000000000c;000100000000000000000090;00010000000000000000008d;00010000000000000000008b;000100000000000000000013;000100000000000000000054;000100000000000000000014;000100000000000000000024;00010000000000000000003d;000100000000000000000035;00010000000000000000008a;000100000000000000000087;000100000000000000000096;000100000000000000000010;000100000000000000000011;00010000000000000000007b;00010000000000000000005c;000100000000000000000049;00010000000000000000001a;000100000000000000000089;000100000000000000000081;000100000000000000000053;00010000000000000000004b;00010000000000000000004d;000100000000000000000004;000100000000000000000008;00010000000000000000005e;000100000000000000000094;00010000000000000000001b;000100000000000000000075;000100000000000000000064;000100000000000000000036";56;4;9;
000300000000000000000200;PUB-0512;00010000000000000000004d;2026-09-19 00:59:00;public;Un instant capture au hasard.;"[{""type"": ""image"", ""image_id"": 39, ""variante"": ""principale"", ""description"": ""Vieux vinyle qui tourne"", ""url"": ""https://picsum.photos/id/39/640/480.jpg?random=259""}]";"histoire;viedevie;memoire";;"000100000000000000000080;000100000000000000000071;00010000000000000000003c;000100000000000000000038;000100000000000000000043;000100000000000000000022";6;0;0;
000300000000000000000201;PUB-0513;00010000000000000000008e;2026-09-19 01:16:00;public;Cadre de reve pour dire oui.;"[{""type"": ""image"", ""image_id"": 13, ""variante"": ""principale"", ""description"": ""Plage de galets, mer tres bleue, arbre mort"", ""url"": ""https://picsum.photos/id/13/640/480.jpg?random=396""}]";montagne;00020000000000000000001a;"000100000000000000000048;000100000000000000000090;000100000000000000000003;000100000000000000000021;000100000000000000000054;00010000000000000000001a;000100000000000000000037;000100000000000000000094;000100000000000000000059;00010000000000000000008a;000100000000000000000044;000100000000000000000008;00010000000000000000000a;00010000000000000000000b;000100000000000000000066;000100000000000000000089;00010000000000000000002b;000100000000000000000084;000100000000000000000019;000100000000000000000030;00010000000000000000003d;00010000000000000000006f;00010000000000000000001c;000100000000000000000018;00010000000000000000008c;00010000000000000000007f;00010000000000000000006d;00010000000000000000000c;000100000000000000000069;000100000000000000000087;000100000000000000000086;000100000000000000000055;000100000000000000000081;000100000000000000000075;000100000000000000000036;00010000000000000000005b;00010000000000000000003a;00010000000000000000007e;000100000000000000000010;00010000000000000000002e;000100000000000000000071;00010000000000000000004e";42;6;8;
000300000000000000000202;PUB-0514;000100000000000000000053;2026-09-19 06:35:00;public;Juste comme ca.;"[{""type"": ""image"", ""image_id"": 16, ""variante"": ""principale"", ""description"": ""Tronc d'arbre sur une plage de pierres"", ""url"": ""https://picsum.photos/id/16/640/480.jpg?random=365""}]";"montagne;tourisme";000200000000000000000002;"000100000000000000000048;00010000000000000000004c;000100000000000000000010;000100000000000000000022;00010000000000000000000e;00010000000000000000008e;000100000000000000000013;000100000000000000000007;000100000000000000000005;00010000000000000000001e;000100000000000000000050;000100000000000000000081;000100000000000000000043;000100000000000000000049;000100000000000000000032;000100000000000000000001;000100000000000000000091";17;1;3;
000300000000000000000203;PUB-0515;000100000000000000000038;2026-09-19 17:51:00;amis;Souvenons-nous de ce qui s'est passe.;"[{""type"": ""image"", ""image_id"": 44, ""variante"": ""principale"", ""description"": ""Plage en noir et blanc, baigneurs"", ""url"": ""https://picsum.photos/id/44/640/480.jpg?random=322""}]";;;"000100000000000000000064;00010000000000000000008c;000100000000000000000005;00010000000000000000004d;000100000000000000000060";5;0;1;
000300000000000000000204;PUB-0516;00010000000000000000008e;2026-09-19 18:39:00;public;Bonjour a tous, belle journee a vous !;"[{""type"": ""image"", ""image_id"": 5, ""variante"": ""grayscale"", ""description"": ""Le cafe est bu"", ""url"": ""https://picsum.photos/id/5/640/480.jpg?grayscale&blur=2&random=927""}]";focus;;"000100000000000000000025;000100000000000000000019;00010000000000000000005f;00010000000000000000007e;00010000000000000000008b;000100000000000000000039;000100000000000000000077;000100000000000000000029;000100000000000000000070;00010000000000000000004b;000100000000000000000008;000100000000000000000053;000100000000000000000035;000100000000000000000026;000100000000000000000074;000100000000000000000033;00010000000000000000006e;00010000000000000000005d;000100000000000000000089;000100000000000000000044;000100000000000000000022;000100000000000000000037;000100000000000000000052;000100000000000000000067;00010000000000000000004a;000100000000000000000005;00010000000000000000001d";27;8;4;
000300000000000000000205;PUB-0517;00010000000000000000007f;2026-09-20 03:13:00;public;Juste comme ca.;"[{""type"": ""image"", ""image_id"": 38, ""variante"": ""principale"", ""description"": ""Ciel nuageux"", ""url"": ""https://picsum.photos/id/38/640/480.jpg?random=664""}]";"tourisme;montagne";;"000100000000000000000078;000100000000000000000086;000100000000000000000038;000100000000000000000037;000100000000000000000015;000100000000000000000060;000100000000000000000006;00010000000000000000003d;00010000000000000000002b;000100000000000000000019;000100000000000000000084;000100000000000000000091;00010000000000000000006c;000100000000000000000059;00010000000000000000005d;000100000000000000000092;000100000000000000000008;000100000000000000000021;000100000000000000000055;000100000000000000000003;000100000000000000000066;000100000000000000000070;000100000000000000000094;000100000000000000000071;000100000000000000000075;00010000000000000000005f;000100000000000000000054;000100000000000000000044;000100000000000000000034;000100000000000000000052;000100000000000000000056;000100000000000000000063;000100000000000000000005;000100000000000000000079;000100000000000000000053;00010000000000000000003b;00010000000000000000001d";37;2;4;
000300000000000000000206;PUB-0518;000100000000000000000020;2026-09-20 09:59:00;public;Tenue du jour en preparation.;"[{""type"": ""image"", ""image_id"": 31, ""variante"": ""principale"", ""description"": ""Chaussures et jambes d'une femme"", ""url"": ""https://picsum.photos/id/31/640/480.jpg?random=346""}]";mode;;"000100000000000000000018;00010000000000000000004e;000100000000000000000093;00010000000000000000008a;00010000000000000000006f;000100000000000000000041;000100000000000000000026;00010000000000000000005d;000100000000000000000017;000100000000000000000001;00010000000000000000003d;000100000000000000000089;000100000000000000000057;000100000000000000000031;000100000000000000000051;000100000000000000000027;00010000000000000000007a;000100000000000000000063;00010000000000000000002d;000100000000000000000029;00010000000000000000001b;000100000000000000000055;00010000000000000000002f;00010000000000000000004a;000100000000000000000085;000100000000000000000035;00010000000000000000001f;000100000000000000000076;000100000000000000000058;00010000000000000000003a;000100000000000000000087;000100000000000000000082;00010000000000000000004b;000100000000000000000086;000100000000000000000037;00010000000000000000001e;000100000000000000000095;00010000000000000000004f;000100000000000000000022";39;0;9;
000300000000000000000207;PUB-0519;00010000000000000000008e;2026-09-20 21:55:00;public;Un instant capture au hasard.;"[{""type"": ""image"", ""image_id"": 38, ""variante"": ""principale"", ""description"": ""Ciel nuageux"", ""url"": ""https://picsum.photos/id/38/640/480.jpg?random=360""}]";nature;00020000000000000000001a;"000100000000000000000019;000100000000000000000092;00010000000000000000001c;00010000000000000000002a;000100000000000000000071;00010000000000000000006f;000100000000000000000017;000100000000000000000027;000100000000000000000012;000100000000000000000052;000100000000000000000069;000100000000000000000096;00010000000000000000007b;00010000000000000000002b;000100000000000000000010;000100000000000000000086;000100000000000000000007;000100000000000000000020;00010000000000000000000b;000100000000000000000084;000100000000000000000077;00010000000000000000007e;000100000000000000000061;000100000000000000000043;000100000000000000000009;000100000000000000000064;00010000000000000000001f;000100000000000000000026;000100000000000000000048";29;2;7;
000300000000000000000208;PUB-0520;000100000000000000000001;2026-09-21 05:58:00;public;Comment a-t-on construit ca ?;"[{""type"": ""image"", ""image_id"": 43, ""variante"": ""principale"", ""description"": ""Pont de Manhattan (noir et blanc)"", ""url"": ""https://picsum.photos/id/43/640/480.jpg?random=629""}]";"montagne;memoire";;"000100000000000000000063;000100000000000000000062;00010000000000000000003a;00010000000000000000002c;00010000000000000000005b;000100000000000000000065;000100000000000000000078;000100000000000000000036;000100000000000000000031;00010000000000000000002d;00010000000000000000004a;000100000000000000000083";12;3;3;
000300000000000000000209;PUB-0521;000100000000000000000042;2026-09-21 10:13:00;amis;Juste comme ca.;"[{""type"": ""image"", ""image_id"": 34, ""variante"": ""grayscale"", ""description"": ""Fut d'essence rouge dans un champ"", ""url"": ""https://picsum.photos/id/34/640/480.jpg?grayscale&blur=2&random=771""}]";"montagne;sportextreme;foret";;"000100000000000000000011;00010000000000000000006f;000100000000000000000066;000100000000000000000002;000100000000000000000019;000100000000000000000020;000100000000000000000009;000100000000000000000003;00010000000000000000004f;000100000000000000000086;000100000000000000000070;000100000000000000000067;000100000000000000000006;000100000000000000000073;000100000000000000000036;000100000000000000000028;00010000000000000000006b;000100000000000000000051;00010000000000000000008e;000100000000000000000074;000100000000000000000033;00010000000000000000007a;000100000000000000000043;00010000000000000000002e;000100000000000000000050";25;1;2;
00030000000000000000020a;PUB-0522;00010000000000000000006b;2026-09-21 15:56:00;public;Un instant capture au hasard.;"[{""type"": ""image"", ""image_id"": 18, ""variante"": ""grayscale"", ""description"": ""Hautes herbes dans un champ"", ""url"": ""https://picsum.photos/id/18/640/480.jpg?grayscale&blur=2&random=983""}]";tourisme;00020000000000000000000a;"00010000000000000000002b;000100000000000000000037;000100000000000000000048;000100000000000000000011;000100000000000000000058;00010000000000000000000f;000100000000000000000009;000100000000000000000010;00010000000000000000005a;000100000000000000000044;000100000000000000000036;00010000000000000000007f;00010000000000000000005c;000100000000000000000027;000100000000000000000084;000100000000000000000033;00010000000000000000000a;00010000000000000000006a;00010000000000000000005b;000100000000000000000061;00010000000000000000003a;000100000000000000000019;00010000000000000000006f;000100000000000000000026;000100000000000000000013;00010000000000000000003f;000100000000000000000054;000100000000000000000052;000100000000000000000080;000100000000000000000045;000100000000000000000014;00010000000000000000000e;000100000000000000000078;00010000000000000000007e";34;4;5;
00030000000000000000020b;PUB-0523;000100000000000000000013;2026-09-21 21:49:00;public;Une session de travail sans interruption.;"[{""type"": ""image"", ""image_id"": 4, ""variante"": ""principale"", ""description"": ""On ecrit dans le cahier"", ""url"": ""https://picsum.photos/id/4/640/480.jpg?random=963""}]";;;"000100000000000000000008;000100000000000000000056;000100000000000000000065;000100000000000000000071;00010000000000000000005a;000100000000000000000018;00010000000000000000008f;000100000000000000000032;000100000000000000000073;00010000000000000000008c;00010000000000000000004f;000100000000000000000075;000100000000000000000019;000100000000000000000089;000100000000000000000082;00010000000000000000003e";16;0;3;
00030000000000000000020c;PUB-0524;000100000000000000000081;2026-09-21 23:59:00;public;Concentre sur ma tache, ne pas deranger.;"[{""type"": ""image"", ""image_id"": 0, ""variante"": ""grayscale"", ""description"": ""Ordinateur portable blanc, tasse de cafe, cahier et telephone"", ""url"": ""https://picsum.photos/id/0/640/480.jpg?grayscale&blur=2&random=135""}]";"travail;cafe";00020000000000000000000d;"00010000000000000000005b;000100000000000000000087;000100000000000000000073;000100000000000000000069;00010000000000000000007e;000100000000000000000054;000100000000000000000063;000100000000000000000040;000100000000000000000036";9;0;1;
00030000000000000000020d;PUB-0525;000100000000000000000059;2026-09-22 03:02:00;public;Un petit composant, tout un monde derriere.;"[{""type"": ""image"", ""image_id"": 36, ""variante"": ""grayscale"", ""description"": ""Piece detachee d'un appareil electronique"", ""url"": ""https://picsum.photos/id/36/640/480.jpg?grayscale&blur=2&random=617""}]";"ecole;focus";;"00010000000000000000000f;000100000000000000000027;00010000000000000000003e;00010000000000000000000c;000100000000000000000084;000100000000000000000094;000100000000000000000065;000100000000000000000048;000100000000000000000066;00010000000000000000002b;000100000000000000000044;000100000000000000000039;00010000000000000000004d;00010000000000000000003c;00010000000000000000005d;000100000000000000000041;000100000000000000000089;000100000000000000000069";18;1;4;
00030000000000000000020e;PUB-0526;000100000000000000000020;2026-09-22 04:42:00;public;Un paysage qui apaise l'esprit.;"[{""type"": ""image"", ""image_id"": 12, ""variante"": ""principale"", ""description"": ""Sable, mer, ilots et rochers"", ""url"": ""https://picsum.photos/id/12/640/480.jpg?random=654""}]";"mariage;cameroun237";;"000100000000000000000031;00010000000000000000001b;00010000000000000000005d;000100000000000000000065;000100000000000000000009;00010000000000000000003e;000100000000000000000083;000100000000000000000075;000100000000000000000011;000100000000000000000002;000100000000000000000087;00010000000000000000000c;000100000000000000000037;000100000000000000000056;000100000000000000000051;00010000000000000000006d;00010000000000000000004c;000100000000000000000063;00010000000000000000006f;000100000000000000000001;00010000000000000000004e;000100000000000000000010;00010000000000000000001c;00010000000000000000003f;000100000000000000000035;000100000000000000000023;00010000000000000000003a;000100000000000000000025;00010000000000000000003c";29;1;6;
00030000000000000000020f;PUB-0527;000100000000000000000084;2026-09-22 08:53:00;public;Rien que de regarder, j'ai le vertige.;"[{""type"": ""image"", ""image_id"": 29, ""variante"": ""grayscale"", ""description"": ""Sommet de l'Himalaya, deux grimpeurs"", ""url"": ""https://picsum.photos/id/29/640/480.jpg?grayscale&blur=2&random=736""}]";;;"000100000000000000000015;00010000000000000000006e;000100000000000000000096;000100000000000000000030;00010000000000000000002e;00010000000000000000001e;000100000000000000000057;00010000000000000000000c;00010000000000000000003d;000100000000000000000068;000100000000000000000051;00010000000000000000005a;000100000000000000000069;000100000000000000000081;000100000000000000000012;00010000000000000000008f;00010000000000000000000b;00010000000000000000004e;000100000000000000000020;00010000000000000000008c;000100000000000000000039;000100000000000000000038;00010000000000000000001c;000100000000000000000093;000100000000000000000011;00010000000000000000006d;000100000000000000000046;000100000000000000000036;00010000000000000000005c;000100000000000000000079;000100000000000000000055;000100000000000000000034;000100000000000000000001;00010000000000000000000d;00010000000000000000008a;00010000000000000000001d;000100000000000000000042;000100000000000000000029;000100000000000000000070;000100000000000000000060;000100000000000000000075;000100000000000000000063;000100000000000000000004;000100000000000000000016;00010000000000000000004c;00010000000000000000002c;000100000000000000000065;00010000000000000000003e;000100000000000000000019;000100000000000000000043;000100000000000000000002;00010000000000000000000e;00010000000000000000006b;000100000000000000000009;000100000000000000000018";55;4;13;
000300000000000000000210;PUB-0528;000100000000000000000042;2026-09-22 09:13:00;public;Un instant capture au hasard.;"[{""type"": ""image"", ""image_id"": 9, ""variante"": ""grayscale"", ""description"": ""Le telephone est pose sur le cahier"", ""url"": ""https://picsum.photos/id/9/640/480.jpg?grayscale&blur=2&random=751""}]";ingenieur;;"000100000000000000000079;000100000000000000000019;00010000000000000000008c;000100000000000000000018;000100000000000000000061;000100000000000000000091;00010000000000000000000f;000100000000000000000064;000100000000000000000093;00010000000000000000004d;00010000000000000000001e;000100000000000000000031;000100000000000000000068;000100000000000000000092;00010000000000000000000a;00010000000000000000005d;000100000000000000000058;00010000000000000000001f;000100000000000000000095;000100000000000000000039;00010000000000000000006b;000100000000000000000072;00010000000000000000000b;000100000000000000000041;000100000000000000000038;000100000000000000000067";26;8;5;
000300000000000000000211;PUB-0529;000100000000000000000057;2026-09-22 13:34:00;public;Je m'absente un instant.;"[{""type"": ""image"", ""image_id"": 8, ""variante"": ""grayscale"", ""description"": ""Ordinateur laisse ouvert sur le bureau"", ""url"": ""https://picsum.photos/id/8/640/480.jpg?grayscale&blur=2&random=871""}]";cafe;;"000100000000000000000002;00010000000000000000008b";2;1;0;
000300000000000000000212;PUB-0530;00010000000000000000008e;2026-09-22 16:18:00;public;Un instant capture au hasard.;"[{""type"": ""image"", ""image_id"": 10, ""variante"": ""principale"", ""description"": ""Foret de sapins, montagne au loin"", ""url"": ""https://picsum.photos/id/10/640/480.jpg?random=671""}]";"cameroun237;nature";000200000000000000000009;"000100000000000000000043;00010000000000000000004a;00010000000000000000001c;00010000000000000000001d;00010000000000000000002b;000100000000000000000009;000100000000000000000096;000100000000000000000007;000100000000000000000064;000100000000000000000048;000100000000000000000022;00010000000000000000000d;000100000000000000000086;00010000000000000000000b;00010000000000000000005b;00010000000000000000007e;000100000000000000000079;000100000000000000000085;000100000000000000000032;000100000000000000000008;000100000000000000000076;000100000000000000000061;000100000000000000000024;000100000000000000000065;000100000000000000000055;000100000000000000000039;000100000000000000000018;00010000000000000000006d;00010000000000000000003a;000100000000000000000042;00010000000000000000005a;000100000000000000000063;000100000000000000000094;00010000000000000000001b";34;3;7;
000300000000000000000213;PUB-0531;000100000000000000000042;2026-09-22 18:57:00;amis;Photo du jour.;"[{""type"": ""image"", ""image_id"": 18, ""variante"": ""principale"", ""description"": ""Hautes herbes dans un champ"", ""url"": ""https://picsum.photos/id/18/640/480.jpg?random=4""}]";"plage;foret";;"000100000000000000000080;00010000000000000000005e;000100000000000000000087;000100000000000000000090;00010000000000000000005b;000100000000000000000064;000100000000000000000028;000100000000000000000074;000100000000000000000043;00010000000000000000008c;000100000000000000000002;000100000000000000000065;000100000000000000000068;00010000000000000000001c;000100000000000000000012;00010000000000000000002f;00010000000000000000006c;000100000000000000000022;000100000000000000000009;00010000000000000000003b;000100000000000000000010;00010000000000000000008b;00010000000000000000004d;000100000000000000000086;000100000000000000000030;00010000000000000000007a;00010000000000000000000a;000100000000000000000037;000100000000000000000029;00010000000000000000003f;000100000000000000000058;00010000000000000000000c;000100000000000000000016;00010000000000000000000f;000100000000000000000082;000100000000000000000048;000100000000000000000038;000100000000000000000007;00010000000000000000007f;000100000000000000000054;000100000000000000000084;000100000000000000000047;00010000000000000000000b;00010000000000000000008f;000100000000000000000057;00010000000000000000005f;000100000000000000000011;00010000000000000000006a;00010000000000000000005c;00010000000000000000006f;00010000000000000000001e";51;4;10;
000300000000000000000214;PUB-0532;00010000000000000000004a;2026-09-22 21:28:00;public;Je ne monterais jamais la-haut.;"[{""type"": ""image"", ""image_id"": 29, ""variante"": ""grayscale"", ""description"": ""Sommet de l'Himalaya, deux grimpeurs"", ""url"": ""https://picsum.photos/id/29/640/480.jpg?grayscale&blur=2&random=940""}]";"aventure;montagne";000200000000000000000007;"000100000000000000000027;000100000000000000000053;000100000000000000000058;000100000000000000000052;000100000000000000000081;000100000000000000000015;000100000000000000000042;000100000000000000000093;000100000000000000000084;000100000000000000000043;000100000000000000000033;000100000000000000000096;00010000000000000000007b;000100000000000000000071;00010000000000000000000c;000100000000000000000012;00010000000000000000005f;000100000000000000000009;000100000000000000000088";19;3;4;
000300000000000000000215;PUB-0533;00010000000000000000008e;2026-09-22 22:39:00;public;Comment a-t-on construit ca ?;"[{""type"": ""image"", ""image_id"": 43, ""variante"": ""grayscale"", ""description"": ""Pont de Manhattan (noir et blanc)"", ""url"": ""https://picsum.photos/id/43/640/480.jpg?grayscale&blur=2&random=269""}]";retro;;"000100000000000000000006;000100000000000000000064;00010000000000000000001c;000100000000000000000068;00010000000000000000008d;00010000000000000000000d;00010000000000000000004a;00010000000000000000005c;000100000000000000000008;000100000000000000000059;00010000000000000000002a;000100000000000000000017;000100000000000000000011;000100000000000000000025;000100000000000000000091;000100000000000000000038;00010000000000000000006d;000100000000000000000002;000100000000000000000020;000100000000000000000093;000100000000000000000047;00010000000000000000001b;000100000000000000000079;00010000000000000000008c;000100000000000000000072;000100000000000000000048;000100000000000000000063;000100000000000000000084;000100000000000000000021;00010000000000000000007f;000100000000000000000060;000100000000000000000066;000100000000000000000082;000100000000000000000035;00010000000000000000006c;000100000000000000000096;000100000000000000000071;000100000000000000000046;00010000000000000000005a;00010000000000000000000a;00010000000000000000007e;00010000000000000000004f;000100000000000000000040;00010000000000000000000e;000100000000000000000078;000100000000000000000005;000100000000000000000067;000100000000000000000095;000100000000000000000081;00010000000000000000001f;000100000000000000000023;000100000000000000000037;000100000000000000000049;00010000000000000000008b;000100000000000000000022;000100000000000000000024;000100000000000000000061;00010000000000000000002e;000100000000000000000004;000100000000000000000034";60;3;0;
000300000000000000000216;PUB-0534;000100000000000000000092;2026-09-22 22:39:00;public;La nature est le meilleur laboratoire.;"[{""type"": ""image"", ""image_id"": 19, ""variante"": ""grayscale"", ""description"": ""Arbre couvert de mousse au soleil"", ""url"": ""https://picsum.photos/id/19/640/480.jpg?grayscale&blur=2&random=689""}]";etudes;000200000000000000000007;"000100000000000000000052;000100000000000000000088;00010000000000000000005d;000100000000000000000001;000100000000000000000061;000100000000000000000008;00010000000000000000003b;00010000000000000000007f;000100000000000000000090;000100000000000000000096;00010000000000000000003a;000100000000000000000071;00010000000000000000001d;00010000000000000000005f;000100000000000000000065;00010000000000000000005a;000100000000000000000046;000100000000000000000059;000100000000000000000087;00010000000000000000001c;00010000000000000000008c";21;2;1;
000300000000000000000217;PUB-0535;000100000000000000000081;2026-09-23 01:42:00;amis;Juste comme ca.;"[{""type"": ""image"", ""image_id"": 10, ""variante"": ""grayscale"", ""description"": ""Foret de sapins, montagne au loin"", ""url"": ""https://picsum.photos/id/10/640/480.jpg?grayscale&blur=2&random=885""}]";"nature;tourisme";;"000100000000000000000005;00010000000000000000004b;00010000000000000000005c;000100000000000000000075;000100000000000000000072;00010000000000000000006f;00010000000000000000002e;000100000000000000000051;000100000000000000000031;00010000000000000000008a;00010000000000000000004a;000100000000000000000093;000100000000000000000068;000100000000000000000064;000100000000000000000016;000100000000000000000059;000100000000000000000032;00010000000000000000000c;000100000000000000000019;000100000000000000000065;00010000000000000000008c;00010000000000000000007f;000100000000000000000012;000100000000000000000044;00010000000000000000008f;000100000000000000000034;000100000000000000000010;00010000000000000000003d;000100000000000000000026;000100000000000000000057;000100000000000000000094;00010000000000000000008e;000100000000000000000092;000100000000000000000043;000100000000000000000029;000100000000000000000095;000100000000000000000002;000100000000000000000080;000100000000000000000083;000100000000000000000058;000100000000000000000086;000100000000000000000011;00010000000000000000004e;00010000000000000000008d;00010000000000000000003a;00010000000000000000006d;00010000000000000000000b;00010000000000000000007b;000100000000000000000062;00010000000000000000006a";50;2;6;
000300000000000000000218;PUB-0536;00010000000000000000007a;2026-09-23 05:45:00;public;Une histoire personnelle que je garde pres de moi.;"[{""type"": ""image"", ""image_id"": 35, ""variante"": ""principale"", ""description"": ""Fleur piquante jaune"", ""url"": ""https://picsum.photos/id/35/640/480.jpg?random=683""}]";"foret;cameroun237";;"00010000000000000000008c;000100000000000000000067;000100000000000000000070;000100000000000000000003;000100000000000000000031;00010000000000000000004f;000100000000000000000087;000100000000000000000021;000100000000000000000046;000100000000000000000095;00010000000000000000006a;00010000000000000000007d;00010000000000000000000c;000100000000000000000020;000100000000000000000066;00010000000000000000005f;000100000000000000000061;000100000000000000000029;000100000000000000000081;00010000000000000000007f;00010000000000000000004c;00010000000000000000008a;000100000000000000000015;000100000000000000000009";24;2;2;
000300000000000000000219;PUB-0537;00010000000000000000007f;2026-09-23 07:39:00;public;Les petits bonheurs sont les meilleurs.;"[{""type"": ""image"", ""image_id"": 33, ""variante"": ""principale"", ""description"": ""Herbe touffue et deux petites fleurs"", ""url"": ""https://picsum.photos/id/33/640/480.jpg?random=8""}]";"nature;montagne";;"000100000000000000000035;000100000000000000000017;000100000000000000000026;000100000000000000000053;000100000000000000000094;000100000000000000000047;00010000000000000000002e;000100000000000000000034;000100000000000000000058;000100000000000000000027;00010000000000000000008e;000100000000000000000064;000100000000000000000009;000100000000000000000001;000100000000000000000087;000100000000000000000093;000100000000000000000050;00010000000000000000008b;000100000000000000000011;000100000000000000000074;00010000000000000000002f;00010000000000000000001c;000100000000000000000082;00010000000000000000007b;00010000000000000000006d;000100000000000000000008;00010000000000000000002c;000100000000000000000063;000100000000000000000014;000100000000000000000002;000100000000000000000051;000100000000000000000080;000100000000000000000075;00010000000000000000005e;000100000000000000000073;00010000000000000000001e;00010000000000000000002b;00010000000000000000001a;00010000000000000000007a;00010000000000000000000c;000100000000000000000019;00010000000000000000005d;000100000000000000000010;000100000000000000000042;000100000000000000000023;000100000000000000000030;000100000000000000000096;000100000000000000000003;000100000000000000000071;00010000000000000000004f;000100000000000000000086;000100000000000000000072;000100000000000000000025;000100000000000000000055;000100000000000000000079;000100000000000000000020;00010000000000000000005f;000100000000000000000084;00010000000000000000006b;000100000000000000000089";60;4;2;
00030000000000000000021a;PUB-0538;00010000000000000000003f;2026-09-23 11:55:00;public;Juste comme ca.;"[{""type"": ""image"", ""image_id"": 23, ""variante"": ""grayscale"", ""description"": ""Trois fourchettes sur fond noir et blanc"", ""url"": ""https://picsum.photos/id/23/640/480.jpg?grayscale&blur=2&random=584""}]";;000200000000000000000015;"000100000000000000000055;000100000000000000000027;00010000000000000000001b;000100000000000000000015;000100000000000000000045;000100000000000000000079;000100000000000000000010;000100000000000000000075;000100000000000000000049;000100000000000000000096;00010000000000000000001f;000100000000000000000084;000100000000000000000013;00010000000000000000007e;000100000000000000000007;000100000000000000000094;00010000000000000000003c;000100000000000000000039";18;3;2;
00030000000000000000021b;PUB-0539;000100000000000000000076;2026-09-23 20:10:00;public;Tenue du jour en preparation.;"[{""type"": ""image"", ""image_id"": 31, ""variante"": ""grayscale"", ""description"": ""Chaussures et jambes d'une femme"", ""url"": ""https://picsum.photos/id/31/640/480.jpg?grayscale&blur=2&random=852""}]";;;"000100000000000000000019;00010000000000000000001e;00010000000000000000006e;000100000000000000000089;000100000000000000000026;00010000000000000000003b;000100000000000000000018;000100000000000000000038;00010000000000000000007f;000100000000000000000092";10;0;2;
00030000000000000000021c;PUB-0540;00010000000000000000002a;2026-09-23 20:22:00;public;Je m'absente un instant.;"[{""type"": ""image"", ""image_id"": 8, ""variante"": ""principale"", ""description"": ""Ordinateur laisse ouvert sur le bureau"", ""url"": ""https://picsum.photos/id/8/640/480.jpg?random=744""}]";"ingenieur;travail";;"000100000000000000000082;00010000000000000000001c;000100000000000000000004;00010000000000000000000b;000100000000000000000064;000100000000000000000027;000100000000000000000051;00010000000000000000002b;00010000000000000000006a;00010000000000000000005a;000100000000000000000078;000100000000000000000086;000100000000000000000071;000100000000000000000039;000100000000000000000057;00010000000000000000005e;000100000000000000000083;00010000000000000000007b;000100000000000000000075;00010000000000000000004a;00010000000000000000008d;000100000000000000000021;000100000000000000000037;000100000000000000000095;000100000000000000000092;00010000000000000000005b;000100000000000000000091;000100000000000000000042;000100000000000000000044;000100000000000000000046;000100000000000000000013;00010000000000000000001a;000100000000000000000061;000100000000000000000062;000100000000000000000041;00010000000000000000006b;000100000000000000000052;000100000000000000000014;000100000000000000000029;000100000000000000000028;000100000000000000000026;000100000000000000000076;000100000000000000000018;000100000000000000000011;000100000000000000000053;00010000000000000000008f;000100000000000000000077;000100000000000000000069;00010000000000000000000f;000100000000000000000009;00010000000000000000003d;000100000000000000000045;000100000000000000000058;000100000000000000000049;00010000000000000000006c";55;1;8;
00030000000000000000021d;PUB-0541;000100000000000000000088;2026-09-23 21:38:00;public;Je me souviens de ce jardin, mon enfance en pleine fleur.;"[{""type"": ""image"", ""image_id"": 35, ""variante"": ""principale"", ""description"": ""Fleur piquante jaune"", ""url"": ""https://picsum.photos/id/35/640/480.jpg?random=794""}]";;;"000100000000000000000040;000100000000000000000041;000100000000000000000057;00010000000000000000005e;00010000000000000000003b;00010000000000000000008f;000100000000000000000087;000100000000000000000030;000100000000000000000083;000100000000000000000079";10;1;0;
00030000000000000000021e;PUB-0542;00010000000000000000000b;2026-09-23 21:42:00;public;Petit coucou du matin.;"[{""type"": ""image"", ""image_id"": 33, ""variante"": ""grayscale"", ""description"": ""Herbe touffue et deux petites fleurs"", ""url"": ""https://picsum.photos/id/33/640/480.jpg?grayscale&blur=2&random=145""}]";plage;;"000100000000000000000067;00010000000000000000007b;000100000000000000000071;000100000000000000000063;000100000000000000000062;00010000000000000000000d;00010000000000000000008a;000100000000000000000022";8;0;2;
00030000000000000000021f;PUB-0543;000100000000000000000006;2026-09-23 23:43:00;public;Avancer seul n'est pas etre perdu.;"[{""type"": ""image"", ""image_id"": 27, ""variante"": ""grayscale"", ""description"": ""Homme au bord du gouffre regardant l'horizon"", ""url"": ""https://picsum.photos/id/27/640/480.jpg?grayscale&blur=2&random=289""}]";"philo;foret;priere";00020000000000000000000c;"000100000000000000000065;000100000000000000000034;00010000000000000000006f;000100000000000000000094;000100000000000000000024;000100000000000000000003;00010000000000000000000f;00010000000000000000004e;000100000000000000000008;00010000000000000000000e;00010000000000000000007f;000100000000000000000026;000100000000000000000019;000100000000000000000033;000100000000000000000036";15;0;2;
000300000000000000000220;PUB-0544;000100000000000000000014;2026-09-24 04:50:00;public;Un plan que n'importe quel realisateur voudrait.;"[{""type"": ""image"", ""image_id"": 37, ""variante"": ""grayscale"", ""description"": ""Fleurs au bord de la plage"", ""url"": ""https://picsum.photos/id/37/640/480.jpg?grayscale&blur=2&random=387""}]";"mariage;foret";;"000100000000000000000061;000100000000000000000024;000100000000000000000067;000100000000000000000022;00010000000000000000001a;000100000000000000000009;00010000000000000000007d;00010000000000000000004d;000100000000000000000017;000100000000000000000043;000100000000000000000045;00010000000000000000003a;000100000000000000000001;000100000000000000000021;000100000000000000000004;000100000000000000000065;000100000000000000000016;000100000000000000000049;00010000000000000000004b;00010000000000000000005d;000100000000000000000026;000100000000000000000063;000100000000000000000079;000100000000000000000029;00010000000000000000002f;00010000000000000000005c;00010000000000000000003d;00010000000000000000007f;000100000000000000000095;000100000000000000000080;00010000000000000000001c;00010000000000000000001d;000100000000000000000091;00010000000000000000004e;000100000000000000000094;000100000000000000000050;00010000000000000000006e;00010000000000000000003f;00010000000000000000000d;000100000000000000000069;000100000000000000000010;000100000000000000000059;000100000000000000000030;00010000000000000000001f;00010000000000000000006b;000100000000000000000089";46;4;4;
000300000000000000000221;PUB-0545;00010000000000000000005d;2026-09-24 07:06:00;public;La peur du vide, c'est ici.;"[{""type"": ""image"", ""image_id"": 29, ""variante"": ""principale"", ""description"": ""Sommet de l'Himalaya, deux grimpeurs"", ""url"": ""https://picsum.photos/id/29/640/480.jpg?random=917""}]";sportextreme;;"00010000000000000000002b;000100000000000000000070;000100000000000000000079;000100000000000000000008;000100000000000000000018;000100000000000000000007;00010000000000000000000c;000100000000000000000035;00010000000000000000004e;00010000000000000000003a;00010000000000000000004c;000100000000000000000081;00010000000000000000005f;00010000000000000000008c;00010000000000000000005c;00010000000000000000008f;00010000000000000000006b;000100000000000000000012";18;1;4;
000300000000000000000222;PUB-0546;000100000000000000000084;2026-09-24 22:21:00;public;Je decouvre enfin ce pont mythique.;"[{""type"": ""image"", ""image_id"": 43, ""variante"": ""principale"", ""description"": ""Pont de Manhattan (noir et blanc)"", ""url"": ""https://picsum.photos/id/43/640/480.jpg?random=124""}]";;00020000000000000000001a;"00010000000000000000002b;000100000000000000000086;000100000000000000000048;000100000000000000000010;000100000000000000000018;000100000000000000000036;000100000000000000000012;00010000000000000000007e;000100000000000000000063;000100000000000000000077;000100000000000000000094;00010000000000000000008f;000100000000000000000020;000100000000000000000079;000100000000000000000052;000100000000000000000037;000100000000000000000096;00010000000000000000008c;000100000000000000000007;000100000000000000000017;000100000000000000000043;000100000000000000000075;000100000000000000000031;00010000000000000000000a;000100000000000000000026;000100000000000000000057;000100000000000000000004;00010000000000000000007f;00010000000000000000003c;000100000000000000000055;000100000000000000000022;000100000000000000000090;000100000000000000000003;00010000000000000000005a;00010000000000000000006d;000100000000000000000056;000100000000000000000019;00010000000000000000003d;00010000000000000000005b;000100000000000000000054;000100000000000000000044";41;2;1;
000300000000000000000223;PUB-0547;000100000000000000000087;2026-09-25 03:46:00;public;Photo du jour.;"[{""type"": ""image"", ""image_id"": 9, ""variante"": ""grayscale"", ""description"": ""Le telephone est pose sur le cahier"", ""url"": ""https://picsum.photos/id/9/640/480.jpg?grayscale&blur=2&random=346""}]";;00020000000000000000000e;"000100000000000000000065;000100000000000000000061;000100000000000000000046;000100000000000000000081;00010000000000000000005c;000100000000000000000079;00010000000000000000000d;00010000000000000000001f;00010000000000000000005b;000100000000000000000043;000100000000000000000066;00010000000000000000000b;000100000000000000000026;000100000000000000000086;000100000000000000000052;00010000000000000000005a;00010000000000000000008c;000100000000000000000039;000100000000000000000012;000100000000000000000031;000100000000000000000032;000100000000000000000085;000100000000000000000007";23;2;3;
000300000000000000000224;PUB-0548;000100000000000000000028;2026-09-25 03:56:00;public;Tout ce qu'il faut pour une journee productive.;"[{""type"": ""image"", ""image_id"": 26, ""variante"": ""principale"", ""description"": ""Telephone, montre, casque, sac : effets personnels"", ""url"": ""https://picsum.photos/id/26/640/480.jpg?random=745""}]";"bureau;cafe;tech";;"00010000000000000000002b;00010000000000000000008e;000100000000000000000029;00010000000000000000001f;000100000000000000000030;00010000000000000000008b;000100000000000000000021;000100000000000000000093;000100000000000000000038;000100000000000000000082;00010000000000000000006c;000100000000000000000091;00010000000000000000002c;00010000000000000000007d;000100000000000000000044;000100000000000000000072;000100000000000000000023;00010000000000000000006f;000100000000000000000088;000100000000000000000039;000100000000000000000036;000100000000000000000034;00010000000000000000006e;000100000000000000000002;000100000000000000000076;000100000000000000000027;00010000000000000000005e;000100000000000000000065;000100000000000000000092;000100000000000000000054;00010000000000000000004d;00010000000000000000006d";32;2;6;
000300000000000000000225;PUB-0549;000100000000000000000076;2026-09-25 06:37:00;public;Photo du jour.;"[{""type"": ""image"", ""image_id"": 9, ""variante"": ""principale"", ""description"": ""Le telephone est pose sur le cahier"", ""url"": ""https://picsum.photos/id/9/640/480.jpg?random=909""}]";bureau;;"00010000000000000000000a;000100000000000000000067;000100000000000000000095;000100000000000000000066;000100000000000000000009;000100000000000000000046;00010000000000000000008d;00010000000000000000005b;00010000000000000000003c;000100000000000000000019;00010000000000000000002f;000100000000000000000034;000100000000000000000041;000100000000000000000044;000100000000000000000035;000100000000000000000058;000100000000000000000047;000100000000000000000018;00010000000000000000001d;000100000000000000000050;00010000000000000000006f;00010000000000000000005a;00010000000000000000000d;000100000000000000000014;00010000000000000000007d;000100000000000000000022;000100000000000000000085;000100000000000000000010;000100000000000000000004;000100000000000000000070;000100000000000000000032;000100000000000000000060;00010000000000000000001f;00010000000000000000008e;000100000000000000000048;000100000000000000000087;00010000000000000000000c;00010000000000000000003d;000100000000000000000061;00010000000000000000008f;000100000000000000000003;000100000000000000000028;000100000000000000000073;00010000000000000000006e";44;3;11;
000300000000000000000226;PUB-0550;00010000000000000000007f;2026-09-25 08:38:00;public;Un instant capture au hasard.;"[{""type"": ""image"", ""image_id"": 39, ""variante"": ""principale"", ""description"": ""Vieux vinyle qui tourne"", ""url"": ""https://picsum.photos/id/39/640/480.jpg?random=798""}]";"histoire;memoire";;"000100000000000000000041;000100000000000000000089;000100000000000000000019;000100000000000000000016;00010000000000000000006a;000100000000000000000057;00010000000000000000005a;00010000000000000000005d;000100000000000000000060;000100000000000000000043;00010000000000000000002b;000100000000000000000013;000100000000000000000040;000100000000000000000081;000100000000000000000033;00010000000000000000001b;000100000000000000000036;000100000000000000000069;000100000000000000000032;000100000000000000000065;000100000000000000000091;000100000000000000000095";22;4;1;
000300000000000000000227;PUB-0551;000100000000000000000089;2026-09-25 10:24:00;amis;Elegance avant tout.;"[{""type"": ""image"", ""image_id"": 21, ""variante"": ""principale"", ""description"": ""Chaussure blanche a talon pour soiree"", ""url"": ""https://picsum.photos/id/21/640/480.jpg?random=217""}]";;;"00010000000000000000006e;000100000000000000000086;00010000000000000000007f;00010000000000000000007a;00010000000000000000007d;00010000000000000000005e;000100000000000000000093;000100000000000000000036;00010000000000000000005d;000100000000000000000091;00010000000000000000006d;000100000000000000000013";12;2;1;
000300000000000000000228;PUB-0552;000100000000000000000042;2026-09-25 10:30:00;public;Destination a mettre sur votre liste.;"[{""type"": ""image"", ""image_id"": 13, ""variante"": ""principale"", ""description"": ""Plage de galets, mer tres bleue, arbre mort"", ""url"": ""https://picsum.photos/id/13/640/480.jpg?random=591""}]";;00020000000000000000000b;"000100000000000000000004;000100000000000000000073;00010000000000000000000f;000100000000000000000075;000100000000000000000052;00010000000000000000003c;00010000000000000000005c;000100000000000000000094;000100000000000000000002;000100000000000000000010;000100000000000000000022;000100000000000000000039;000100000000000000000015;000100000000000000000017;000100000000000000000026;000100000000000000000077;000100000000000000000034;000100000000000000000088;000100000000000000000023;000100000000000000000054;00010000000000000000002b;000100000000000000000043;00010000000000000000007f;000100000000000000000092;000100000000000000000049;000100000000000000000079;000100000000000000000081;00010000000000000000008c;00010000000000000000003b;000100000000000000000066;000100000000000000000050;000100000000000000000059;000100000000000000000007;000100000000000000000008";34;2;1;
000300000000000000000229;PUB-0553;000100000000000000000022;2026-09-25 11:57:00;public;Destination a mettre sur votre liste.;"[{""type"": ""image"", ""image_id"": 13, ""variante"": ""principale"", ""description"": ""Plage de galets, mer tres bleue, arbre mort"", ""url"": ""https://picsum.photos/id/13/640/480.jpg?random=872""}]";"plage;mariage";000200000000000000000004;"000100000000000000000015;00010000000000000000001f;000100000000000000000075;000100000000000000000039;000100000000000000000031;000100000000000000000046;000100000000000000000055;00010000000000000000002b;00010000000000000000008a;000100000000000000000043;000100000000000000000087;000100000000000000000028;000100000000000000000069;00010000000000000000003c;000100000000000000000002;00010000000000000000001c;000100000000000000000007;00010000000000000000007b;000100000000000000000049;000100000000000000000008;000100000000000000000021;000100000000000000000061;000100000000000000000033;000100000000000000000001;000100000000000000000024;000100000000000000000023;00010000000000000000001b;000100000000000000000012;000100000000000000000048";29;1;1;
00030000000000000000022a;PUB-0554;000100000000000000000042;2026-09-25 13:21:00;public;Photo du jour.;"[{""type"": ""image"", ""image_id"": 23, ""variante"": ""principale"", ""description"": ""Trois fourchettes sur fond noir et blanc"", ""url"": ""https://picsum.photos/id/23/640/480.jpg?random=912""}]";;000200000000000000000005;"000100000000000000000015;000100000000000000000014;000100000000000000000010;000100000000000000000071;000100000000000000000055;000100000000000000000088;00010000000000000000004e;000100000000000000000086;00010000000000000000005a;00010000000000000000008c;000100000000000000000012;000100000000000000000020;00010000000000000000000e;000100000000000000000049;00010000000000000000008e;00010000000000000000001a;000100000000000000000078;00010000000000000000006f;000100000000000000000021;000100000000000000000073;000100000000000000000065;000100000000000000000075;000100000000000000000001;00010000000000000000000f";24;4;1;
00030000000000000000022b;PUB-0555;000100000000000000000062;2026-09-26 00:54:00;public;Juste comme ca.;"[{""type"": ""image"", ""image_id"": 34, ""variante"": ""grayscale"", ""description"": ""Fut d'essence rouge dans un champ"", ""url"": ""https://picsum.photos/id/34/640/480.jpg?grayscale&blur=2&random=190""}]";"montagne;sportextreme";;"00010000000000000000005e;000100000000000000000084;000100000000000000000065;000100000000000000000093;000100000000000000000092";5;0;1;
00030000000000000000022c;PUB-0556;000100000000000000000076;2026-09-26 01:02:00;amis;Photo du jour.;"[{""type"": ""image"", ""image_id"": 38, ""variante"": ""grayscale"", ""description"": ""Ciel nuageux"", ""url"": ""https://picsum.photos/id/38/640/480.jpg?grayscale&blur=2&random=303""}]";"tourisme;montagne;nature";;"00010000000000000000007a;00010000000000000000001b;00010000000000000000005e;00010000000000000000005d;000100000000000000000072;000100000000000000000033;000100000000000000000029;00010000000000000000007f;000100000000000000000079;000100000000000000000002;00010000000000000000001f;00010000000000000000001e;000100000000000000000056;00010000000000000000004f;000100000000000000000019;000100000000000000000081;000100000000000000000035;00010000000000000000002f";18;3;3;
00030000000000000000022d;PUB-0557;000100000000000000000084;2026-09-26 06:20:00;public;Bonjour a tous, belle journee a vous !;"[{""type"": ""image"", ""image_id"": 5, ""variante"": ""principale"", ""description"": ""Le cafe est bu"", ""url"": ""https://picsum.photos/id/5/640/480.jpg?random=977""}]";focus;;"000100000000000000000083;000100000000000000000058;000100000000000000000069;00010000000000000000008f;00010000000000000000008b;00010000000000000000008e;00010000000000000000006c;000100000000000000000011";8;7;0;
00030000000000000000022e;PUB-0558;00010000000000000000007f;2026-09-26 09:47:00;amis;Photo du jour.;"[{""type"": ""image"", ""image_id"": 34, ""variante"": ""principale"", ""description"": ""Fut d'essence rouge dans un champ"", ""url"": ""https://picsum.photos/id/34/640/480.jpg?random=201""}]";"foret;aventure";;"00010000000000000000007a;000100000000000000000034;000100000000000000000059;000100000000000000000082;000100000000000000000061;00010000000000000000007b;00010000000000000000004c;000100000000000000000037;000100000000000000000032;00010000000000000000006a;000100000000000000000047;000100000000000000000046;000100000000000000000081;00010000000000000000000e;00010000000000000000002c;000100000000000000000062;000100000000000000000095;000100000000000000000027;00010000000000000000007e;000100000000000000000066;000100000000000000000080;00010000000000000000006d;000100000000000000000072;000100000000000000000067;000100000000000000000087;000100000000000000000070;00010000000000000000002d;00010000000000000000004d;000100000000000000000033;000100000000000000000068;00010000000000000000007c;000100000000000000000084;000100000000000000000022;00010000000000000000005f;00010000000000000000002b;000100000000000000000043;000100000000000000000039;000100000000000000000054;000100000000000000000074;00010000000000000000008e;00010000000000000000006e;000100000000000000000050;000100000000000000000075;000100000000000000000069;00010000000000000000004b;000100000000000000000052;00010000000000000000006b;000100000000000000000071;000100000000000000000060;00010000000000000000000b;000100000000000000000091;00010000000000000000002e;000100000000000000000051;00010000000000000000006f;00010000000000000000001f;000100000000000000000024";56;7;13;
00030000000000000000022f;PUB-0559;00010000000000000000001b;2026-09-26 13:56:00;public;Photo du jour.;"[{""type"": ""image"", ""image_id"": 45, ""variante"": ""principale"", ""description"": ""Plaque d'immatriculation en ecriture etrangere"", ""url"": ""https://picsum.photos/id/45/640/480.jpg?random=947""}]";;000200000000000000000007;"00010000000000000000004a;000100000000000000000033;00010000000000000000005d;000100000000000000000061;000100000000000000000026;00010000000000000000006a;000100000000000000000081;000100000000000000000017";8;2;1;
000300000000000000000230;PUB-0560;000100000000000000000014;2026-09-26 22:02:00;public;La deadline est dans 5 minutes, tout va bien.;"[{""type"": ""image"", ""image_id"": 3, ""variante"": ""principale"", ""description"": ""Le telephone en main"", ""url"": ""https://picsum.photos/id/3/640/480.jpg?random=23""}]";"innovation;cafe";000200000000000000000008;"00010000000000000000000f;000100000000000000000007;000100000000000000000071;00010000000000000000002a;000100000000000000000010;000100000000000000000005;000100000000000000000090;000100000000000000000032;000100000000000000000039;00010000000000000000007b;000100000000000000000023;00010000000000000000003b;000100000000000000000050;000100000000000000000063;000100000000000000000075;00010000000000000000005c;000100000000000000000052;00010000000000000000005a;00010000000000000000002e;000100000000000000000048;000100000000000000000087;000100000000000000000094;000100000000000000000054;000100000000000000000056";24;1;1;
000300000000000000000231;PUB-0561;000100000000000000000045;2026-09-26 22:49:00;public;Retour sur les bancs, la rentree approche.;"[{""type"": ""image"", ""image_id"": 20, ""variante"": ""grayscale"", ""description"": ""Table d'etudiant rose"", ""url"": ""https://picsum.photos/id/20/640/480.jpg?grayscale&blur=2&random=430""}]";focus;000200000000000000000015;"000100000000000000000008;00010000000000000000003c;000100000000000000000027;00010000000000000000003a;000100000000000000000079;000100000000000000000096;000100000000000000000055;000100000000000000000081;00010000000000000000003f;000100000000000000000039;000100000000000000000084;000100000000000000000094;000100000000000000000010;000100000000000000000075;000100000000000000000058;00010000000000000000000f;000100000000000000000015";17;0;3;
000300000000000000000232;PUB-0562;000100000000000000000022;2026-09-26 23:12:00;public;Un instant capture au hasard.;"[{""type"": ""image"", ""image_id"": 41, ""variante"": ""principale"", ""description"": ""Goutte d'eau sur une surface"", ""url"": ""https://picsum.photos/id/41/640/480.jpg?random=516""}]";"innovation;savoir";;"000100000000000000000048;000100000000000000000017;00010000000000000000005c;000100000000000000000001;000100000000000000000064;000100000000000000000039;00010000000000000000002f;000100000000000000000043;000100000000000000000008;000100000000000000000052;00010000000000000000001b;00010000000000000000000c;000100000000000000000026;00010000000000000000006a;00010000000000000000005e;000100000000000000000086;00010000000000000000003c;00010000000000000000008a;000100000000000000000075;000100000000000000000096;000100000000000000000070";21;1;1;
000300000000000000000233;PUB-0563;00010000000000000000002a;2026-09-27 08:57:00;public;Un instant capture au hasard.;"[{""type"": ""image"", ""image_id"": 41, ""variante"": ""grayscale"", ""description"": ""Goutte d'eau sur une surface"", ""url"": ""https://picsum.photos/id/41/640/480.jpg?grayscale&blur=2&random=975""}]";savoir;;"000100000000000000000079;000100000000000000000049;00010000000000000000006f;000100000000000000000046;000100000000000000000066;000100000000000000000070;00010000000000000000000a;000100000000000000000041;000100000000000000000039;000100000000000000000023;00010000000000000000007e;000100000000000000000034;000100000000000000000094;00010000000000000000007b;000100000000000000000045;00010000000000000000001d;000100000000000000000057;000100000000000000000026;00010000000000000000000e;000100000000000000000095";20;7;2;
000300000000000000000234;PUB-0564;00010000000000000000008e;2026-09-27 09:44:00;public;Juste comme ca.;"[{""type"": ""image"", ""image_id"": 9, ""variante"": ""principale"", ""description"": ""Le telephone est pose sur le cahier"", ""url"": ""https://picsum.photos/id/9/640/480.jpg?random=628""}]";"ingenieur;travail;cafe";00020000000000000000001a;"00010000000000000000003c;00010000000000000000006d;000100000000000000000059;000100000000000000000066;000100000000000000000007;000100000000000000000052;000100000000000000000043;00010000000000000000000c;000100000000000000000056;000100000000000000000036;00010000000000000000006f;00010000000000000000006a;00010000000000000000003a;000100000000000000000022;000100000000000000000003;00010000000000000000000e;000100000000000000000054;00010000000000000000002b;000100000000000000000089;000100000000000000000092;000100000000000000000006;000100000000000000000050;000100000000000000000055;000100000000000000000027;000100000000000000000009;000100000000000000000020;000100000000000000000087;000100000000000000000018;000100000000000000000088;00010000000000000000000a;000100000000000000000090;000100000000000000000037;00010000000000000000007e;00010000000000000000008a;00010000000000000000001a;000100000000000000000024;00010000000000000000005d;000100000000000000000063;000100000000000000000049;000100000000000000000061;000100000000000000000028;000100000000000000000026;00010000000000000000001f;000100000000000000000075;000100000000000000000008;000100000000000000000096;00010000000000000000002e;000100000000000000000021;000100000000000000000064;000100000000000000000094;000100000000000000000012;000100000000000000000069;000100000000000000000044;000100000000000000000071;00010000000000000000004a;00010000000000000000008c;00010000000000000000005a;00010000000000000000005c;000100000000000000000031;000100000000000000000086";60;1;3;
000300000000000000000235;PUB-0565;000100000000000000000042;2026-09-27 11:56:00;public;Un morceau d'histoire a ne pas oublier.;"[{""type"": ""image"", ""image_id"": 44, ""variante"": ""grayscale"", ""description"": ""Plage en noir et blanc, baigneurs"", ""url"": ""https://picsum.photos/id/44/640/480.jpg?grayscale&blur=2&random=763""}]";"histoire;cameroun237";;"00010000000000000000003e;000100000000000000000068;000100000000000000000019;000100000000000000000038;000100000000000000000093;00010000000000000000001d;000100000000000000000021;000100000000000000000031;00010000000000000000007f;000100000000000000000078;000100000000000000000041;00010000000000000000005f;000100000000000000000087;00010000000000000000004e;00010000000000000000001b;000100000000000000000036;000100000000000000000040;000100000000000000000081";18;1;3;
000300000000000000000236;PUB-0566;000100000000000000000042;2026-09-27 14:04:00;public;Rappel : j'attends vos rapports avant vendredi.;"[{""type"": ""image"", ""image_id"": 7, ""variante"": ""principale"", ""description"": ""Affaires rangees, discussion sur tablette"", ""url"": ""https://picsum.photos/id/7/640/480.jpg?random=819""}]";"bureau;enspd";;"000100000000000000000057;000100000000000000000083;000100000000000000000003;00010000000000000000007f;000100000000000000000011;00010000000000000000000c;000100000000000000000069;00010000000000000000005f;00010000000000000000001f;000100000000000000000008;00010000000000000000006f;000100000000000000000046;00010000000000000000000b;000100000000000000000080;00010000000000000000000a;000100000000000000000076;000100000000000000000035;00010000000000000000004f;000100000000000000000072;00010000000000000000008b;000100000000000000000033;000100000000000000000094;00010000000000000000001e;000100000000000000000021;000100000000000000000044;00010000000000000000006d;000100000000000000000064;00010000000000000000002d;00010000000000000000003c;00010000000000000000001c;000100000000000000000038;000100000000000000000070;00010000000000000000002b;000100000000000000000056;000100000000000000000025;00010000000000000000005a;000100000000000000000058;000100000000000000000001;000100000000000000000026;000100000000000000000022";40;5;9;
000300000000000000000237;PUB-0567;000100000000000000000042;2026-09-27 17:31:00;public;Photo du jour.;"[{""type"": ""image"", ""image_id"": 34, ""variante"": ""principale"", ""description"": ""Fut d'essence rouge dans un champ"", ""url"": ""https://picsum.photos/id/34/640/480.jpg?random=973""}]";"aventure;sportextreme";;"000100000000000000000085;00010000000000000000000f;000100000000000000000003;000100000000000000000031;00010000000000000000001f;000100000000000000000075;00010000000000000000008f;000100000000000000000083;00010000000000000000003f;000100000000000000000065;000100000000000000000043;000100000000000000000016;00010000000000000000006f;000100000000000000000080;000100000000000000000086;000100000000000000000055";16;5;4;
000300000000000000000238;PUB-0568;00010000000000000000002a;2026-09-27 21:22:00;amis;Je reserve une table pour samedi, vous venez ?;"[{""type"": ""image"", ""image_id"": 7, ""variante"": ""principale"", ""description"": ""Affaires rangees, discussion sur tablette"", ""url"": ""https://picsum.photos/id/7/640/480.jpg?random=773""}]";ingenieur;;"000100000000000000000046;00010000000000000000000b;00010000000000000000008f;000100000000000000000091;000100000000000000000052;000100000000000000000039;000100000000000000000007;000100000000000000000035;000100000000000000000031;000100000000000000000009;000100000000000000000078;000100000000000000000061;000100000000000000000071;000100000000000000000002;000100000000000000000059;000100000000000000000028;00010000000000000000006e;00010000000000000000000e;000100000000000000000020;00010000000000000000005e;000100000000000000000029;000100000000000000000036;00010000000000000000006c;000100000000000000000076;000100000000000000000055;000100000000000000000005;000100000000000000000075;000100000000000000000011;00010000000000000000004f;00010000000000000000004e;000100000000000000000056;000100000000000000000051;000100000000000000000094;000100000000000000000032;00010000000000000000001a;00010000000000000000001d;000100000000000000000003;000100000000000000000079;00010000000000000000006b;000100000000000000000016";40;3;3;
000300000000000000000239;PUB-0569;000100000000000000000084;2026-09-28 11:07:00;public;Bonjour a tous, belle journee a vous !;"[{""type"": ""image"", ""image_id"": 6, ""variante"": ""principale"", ""description"": ""Un verre d'eau s'ajoute au bureau"", ""url"": ""https://picsum.photos/id/6/640/480.jpg?random=919""}]";travail;;"000100000000000000000044;000100000000000000000001;00010000000000000000003f;000100000000000000000008;000100000000000000000071;00010000000000000000001f;00010000000000000000005b;000100000000000000000047;000100000000000000000010;00010000000000000000002f;000100000000000000000077;000100000000000000000036;00010000000000000000002a;000100000000000000000007;000100000000000000000091;000100000000000000000026;00010000000000000000005c;000100000000000000000038;000100000000000000000018;000100000000000000000054;000100000000000000000002;000100000000000000000006;000100000000000000000087;000100000000000000000011;00010000000000000000001a;00010000000000000000000b;000100000000000000000056;00010000000000000000007a;000100000000000000000045;000100000000000000000012";30;1;0;
00030000000000000000023a;PUB-0570;000100000000000000000084;2026-09-28 13:36:00;public;On dirait une scene de film.;"[{""type"": ""image"", ""image_id"": 37, ""variante"": ""grayscale"", ""description"": ""Fleurs au bord de la plage"", ""url"": ""https://picsum.photos/id/37/640/480.jpg?grayscale&blur=2&random=683""}]";;00020000000000000000000a;"000100000000000000000011;00010000000000000000000e;000100000000000000000048;000100000000000000000027;000100000000000000000033;00010000000000000000005a;000100000000000000000014;000100000000000000000058;00010000000000000000003f;000100000000000000000045;00010000000000000000000f;000100000000000000000019;00010000000000000000006b;00010000000000000000003a;00010000000000000000007f;00010000000000000000002b;00010000000000000000005b;000100000000000000000036;000100000000000000000044;000100000000000000000013;000100000000000000000080;000100000000000000000061;000100000000000000000037;000100000000000000000009;00010000000000000000006f;000100000000000000000054;00010000000000000000006a;000100000000000000000026;00010000000000000000007e;00010000000000000000000a;000100000000000000000052;000100000000000000000078;00010000000000000000005c;000100000000000000000010";34;2;3;
00030000000000000000023b;PUB-0571;000100000000000000000020;2026-09-28 20:11:00;public;Juste comme ca.;"[{""type"": ""image"", ""image_id"": 34, ""variante"": ""principale"", ""description"": ""Fut d'essence rouge dans un champ"", ""url"": ""https://picsum.photos/id/34/640/480.jpg?random=40""}]";sportextreme;;"000100000000000000000016;00010000000000000000008b;00010000000000000000002a;00010000000000000000007e;000100000000000000000027;000100000000000000000032;000100000000000000000085;000100000000000000000025;000100000000000000000071;000100000000000000000048;000100000000000000000023;00010000000000000000005c;00010000000000000000001a;000100000000000000000083;000100000000000000000059;000100000000000000000031;00010000000000000000005e;00010000000000000000005f;000100000000000000000079;00010000000000000000006d;000100000000000000000015;000100000000000000000058;000100000000000000000075;00010000000000000000002d;00010000000000000000004d;000100000000000000000006;000100000000000000000021;000100000000000000000007;000100000000000000000084;000100000000000000000043;000100000000000000000010;00010000000000000000004b;000100000000000000000038;000100000000000000000090;000100000000000000000080;00010000000000000000006f;00010000000000000000006c;000100000000000000000051;00010000000000000000002c;00010000000000000000006e;000100000000000000000028";41;1;4;
00030000000000000000023c;PUB-0572;00010000000000000000002b;2026-09-29 01:36:00;public;Oui oui, je travaille, tres intensement.;"[{""type"": ""image"", ""image_id"": 2, ""variante"": ""principale"", ""description"": ""Le cahier est ouvert"", ""url"": ""https://picsum.photos/id/2/640/480.jpg?random=326""}]";"etudes;travail;enspd";;"000100000000000000000065;00010000000000000000001b;000100000000000000000058;000100000000000000000004;00010000000000000000004d;000100000000000000000085;00010000000000000000008f;00010000000000000000004a;00010000000000000000001e;000100000000000000000055;000100000000000000000008;000100000000000000000084;000100000000000000000094;000100000000000000000023;000100000000000000000043;00010000000000000000004b";16;0;3;
00030000000000000000023d;PUB-0573;00010000000000000000002a;2026-09-29 14:08:00;public;Oui oui, je travaille, tres intensement.;"[{""type"": ""image"", ""image_id"": 2, ""variante"": ""principale"", ""description"": ""Le cahier est ouvert"", ""url"": ""https://picsum.photos/id/2/640/480.jpg?random=418""}]";"innovation;bureau";;"00010000000000000000003e;000100000000000000000057;000100000000000000000007;000100000000000000000073;00010000000000000000006b;00010000000000000000005e;00010000000000000000005a;00010000000000000000005c;000100000000000000000037;000100000000000000000060;000100000000000000000095;000100000000000000000084;00010000000000000000008b;000100000000000000000014;000100000000000000000010;000100000000000000000083;000100000000000000000023;000100000000000000000028;000100000000000000000074;000100000000000000000072;000100000000000000000056;00010000000000000000004e;00010000000000000000003b;000100000000000000000064;00010000000000000000006d;000100000000000000000080;000100000000000000000052;000100000000000000000041;000100000000000000000079;00010000000000000000007b;000100000000000000000086;000100000000000000000031;00010000000000000000004b;000100000000000000000071;000100000000000000000018;000100000000000000000077;000100000000000000000025;00010000000000000000008f;000100000000000000000088;000100000000000000000011;00010000000000000000001c;000100000000000000000043;00010000000000000000007d;000100000000000000000013;000100000000000000000087;00010000000000000000008d;00010000000000000000004d;000100000000000000000020;00010000000000000000003f;000100000000000000000081;000100000000000000000096;000100000000000000000050;000100000000000000000005";53;1;0;
00030000000000000000023e;PUB-0574;000100000000000000000086;2026-09-29 15:35:00;public;Juste comme ca.;"[{""type"": ""image"", ""image_id"": 34, ""variante"": ""principale"", ""description"": ""Fut d'essence rouge dans un champ"", ""url"": ""https://picsum.photos/id/34/640/480.jpg?random=996""}]";"montagne;sportextreme;aventure";000200000000000000000004;"000100000000000000000094;00010000000000000000007b;000100000000000000000031;000100000000000000000075;00010000000000000000002b;000100000000000000000023;000100000000000000000069;000100000000000000000048;00010000000000000000001c;000100000000000000000007;00010000000000000000003c;000100000000000000000049;000100000000000000000055;000100000000000000000001;000100000000000000000028;000100000000000000000002;000100000000000000000021;00010000000000000000000f;000100000000000000000039;000100000000000000000024;000100000000000000000012;000100000000000000000033;000100000000000000000017;000100000000000000000043;000100000000000000000046;000100000000000000000008;000100000000000000000022;000100000000000000000061;00010000000000000000000e;00010000000000000000008a;00010000000000000000001f;000100000000000000000087;000100000000000000000015;00010000000000000000001b";34;2;7;
00030000000000000000023f;PUB-0575;000100000000000000000084;2026-09-29 16:07:00;public;Petite pause, je reviens dans cinq minutes.;"[{""type"": ""image"", ""image_id"": 8, ""variante"": ""principale"", ""description"": ""Ordinateur laisse ouvert sur le bureau"", ""url"": ""https://picsum.photos/id/8/640/480.jpg?random=830""}]";"focus;ingenieur";;"000100000000000000000006;000100000000000000000061;00010000000000000000004e;000100000000000000000020;000100000000000000000028;000100000000000000000092;00010000000000000000007e;000100000000000000000026;00010000000000000000007c;000100000000000000000066;00010000000000000000005d;000100000000000000000033;000100000000000000000011;000100000000000000000049;00010000000000000000005f;00010000000000000000001d;000100000000000000000034;000100000000000000000047;00010000000000000000001b;000100000000000000000080;00010000000000000000000d;00010000000000000000000f;00010000000000000000002c;000100000000000000000025;00010000000000000000007b;00010000000000000000002f;00010000000000000000007f;000100000000000000000048;00010000000000000000001f;00010000000000000000008d;00010000000000000000008f;00010000000000000000002e;000100000000000000000076;000100000000000000000050;00010000000000000000007d";35;0;5;
000300000000000000000240;PUB-0576;000100000000000000000076;2026-09-29 16:09:00;public;Photo du jour.;"[{""type"": ""image"", ""image_id"": 39, ""variante"": ""principale"", ""description"": ""Vieux vinyle qui tourne"", ""url"": ""https://picsum.photos/id/39/640/480.jpg?random=595""}]";"cameroun237;viedevie";000200000000000000000018;"000100000000000000000006;000100000000000000000037;000100000000000000000003;000100000000000000000086;000100000000000000000078;000100000000000000000090;000100000000000000000096;00010000000000000000005c;000100000000000000000011;000100000000000000000007;00010000000000000000002b;000100000000000000000042;000100000000000000000043;000100000000000000000066;000100000000000000000061;00010000000000000000000d;00010000000000000000007b;00010000000000000000008e;000100000000000000000013;000100000000000000000027;000100000000000000000052;00010000000000000000007f;000100000000000000000082;00010000000000000000002e;000100000000000000000025;00010000000000000000007e;000100000000000000000018;000100000000000000000059;000100000000000000000087;00010000000000000000003e;000100000000000000000004;00010000000000000000006a;000100000000000000000049;000100000000000000000038";34;7;2;
000300000000000000000241;PUB-0577;000100000000000000000081;2026-09-29 21:08:00;public;Un instant capture au hasard.;"[{""type"": ""image"", ""image_id"": 25, ""variante"": ""principale"", ""description"": ""Branches eclairees par un lever de soleil"", ""url"": ""https://picsum.photos/id/25/640/480.jpg?random=110""}]";;00020000000000000000000d;"000100000000000000000063;00010000000000000000007e;000100000000000000000036;000100000000000000000069;00010000000000000000005b;000100000000000000000087;000100000000000000000073;000100000000000000000054;000100000000000000000040";9;5;2;
000300000000000000000242;PUB-0578;000100000000000000000093;2026-09-29 23:58:00;public;Un instant capture au hasard.;"[{""type"": ""image"", ""image_id"": 25, ""variante"": ""principale"", ""description"": ""Branches eclairees par un lever de soleil"", ""url"": ""https://picsum.photos/id/25/640/480.jpg?random=395""}]";cameroun237;;"000100000000000000000087;000100000000000000000095;000100000000000000000085;000100000000000000000082;00010000000000000000008c;00010000000000000000005a;000100000000000000000007;000100000000000000000017;000100000000000000000009;00010000000000000000005f;000100000000000000000060;00010000000000000000008e;000100000000000000000033";13;3;0;
000300000000000000000243;PUB-0579;00010000000000000000007f;2026-09-30 05:02:00;prive;L'ingenierie dans le moindre detail.;"[{""type"": ""image"", ""image_id"": 36, ""variante"": ""principale"", ""description"": ""Piece detachee d'un appareil electronique"", ""url"": ""https://picsum.photos/id/36/640/480.jpg?random=555""}]";"ingenieur;enspd";;"000100000000000000000035;00010000000000000000002d;00010000000000000000000c;00010000000000000000002a;000100000000000000000068;000100000000000000000049;00010000000000000000000d;000100000000000000000009;000100000000000000000031;00010000000000000000003d;000100000000000000000038;000100000000000000000094;00010000000000000000006f";13;0;1;
000300000000000000000244;PUB-0580;000100000000000000000043;2026-09-30 08:19:00;public;Une ambiance pour deux.;"[{""type"": ""image"", ""image_id"": 14, ""variante"": ""principale"", ""description"": ""Cailloux dans l'eau, maree haute"", ""url"": ""https://picsum.photos/id/14/640/480.jpg?random=224""}]";mariage;000200000000000000000012;"000100000000000000000094;000100000000000000000012;000100000000000000000063;000100000000000000000092;000100000000000000000028;000100000000000000000079;000100000000000000000037;000100000000000000000007;000100000000000000000003;000100000000000000000082;00010000000000000000005d;000100000000000000000009;00010000000000000000003d;000100000000000000000024;00010000000000000000004c;000100000000000000000010;00010000000000000000006a;00010000000000000000000e";18;0;3;
000300000000000000000245;PUB-0581;000100000000000000000084;2026-09-30 12:40:00;public;Photo du jour.;"[{""type"": ""image"", ""image_id"": 9, ""variante"": ""grayscale"", ""description"": ""Le telephone est pose sur le cahier"", ""url"": ""https://picsum.photos/id/9/640/480.jpg?grayscale&blur=2&random=790""}]";cafe;000200000000000000000007;"000100000000000000000001;000100000000000000000011;000100000000000000000096;00010000000000000000001b;000100000000000000000014;000100000000000000000066;000100000000000000000043;000100000000000000000031;00010000000000000000003f;000100000000000000000049;000100000000000000000023;000100000000000000000088;00010000000000000000000d;000100000000000000000058;000100000000000000000048;00010000000000000000001d;000100000000000000000025;000100000000000000000013;000100000000000000000015;000100000000000000000092;000100000000000000000087;000100000000000000000054;000100000000000000000081;000100000000000000000076;000100000000000000000057;00010000000000000000007b;00010000000000000000002e;000100000000000000000091;00010000000000000000007e;000100000000000000000061;000100000000000000000024;000100000000000000000080;00010000000000000000005a;00010000000000000000005c;000100000000000000000079;00010000000000000000007f;00010000000000000000001c;00010000000000000000003d;000100000000000000000028;000100000000000000000086;000100000000000000000045";41;2;3;
000300000000000000000246;PUB-0582;000100000000000000000020;2026-09-30 21:45:00;public;Ca m'etonne a chaque fois.;"[{""type"": ""image"", ""image_id"": 43, ""variante"": ""principale"", ""description"": ""Pont de Manhattan (noir et blanc)"", ""url"": ""https://picsum.photos/id/43/640/480.jpg?random=303""}]";"voyage;mariage";;"000100000000000000000055;000100000000000000000086;000100000000000000000018;00010000000000000000008e;00010000000000000000007b;000100000000000000000073;00010000000000000000004f;000100000000000000000047;00010000000000000000002d;000100000000000000000051;000100000000000000000065;000100000000000000000088;000100000000000000000074;000100000000000000000017;000100000000000000000050;000100000000000000000043;000100000000000000000064;000100000000000000000039;000100000000000000000057;000100000000000000000041;000100000000000000000094;000100000000000000000096;00010000000000000000002c;000100000000000000000069;000100000000000000000085;000100000000000000000035;000100000000000000000029;000100000000000000000081;000100000000000000000013;00010000000000000000001a;00010000000000000000008b;000100000000000000000025;000100000000000000000002;000100000000000000000014;000100000000000000000052;000100000000000000000032";36;4;9;
000300000000000000000247;PUB-0583;000100000000000000000092;2026-09-30 21:49:00;public;Une session de travail sans interruption.;"[{""type"": ""image"", ""image_id"": 0, ""variante"": ""principale"", ""description"": ""Ordinateur portable blanc, tasse de cafe, cahier et telephone"", ""url"": ""https://picsum.photos/id/0/640/480.jpg?random=509""}]";focus;00020000000000000000001b;;0;0;1;
000300000000000000000248;PUB-0584;00010000000000000000007e;2026-10-01 02:46:00;public;La deadline est dans 5 minutes, tout va bien.;"[{""type"": ""image"", ""image_id"": 1, ""variante"": ""principale"", ""description"": ""Quelqu'un travaille sur l'ordinateur"", ""url"": ""https://picsum.photos/id/1/640/480.jpg?random=413""}]";tech;;"000100000000000000000064;000100000000000000000096;00010000000000000000006c;000100000000000000000086;000100000000000000000011;000100000000000000000020;00010000000000000000008b;00010000000000000000002f;000100000000000000000024;000100000000000000000026;00010000000000000000003f;000100000000000000000023;000100000000000000000045;000100000000000000000063;00010000000000000000007f;00010000000000000000008e;000100000000000000000030;00010000000000000000000e;00010000000000000000003a;000100000000000000000078;000100000000000000000036;00010000000000000000003b;00010000000000000000008c;00010000000000000000005b;000100000000000000000048";25;5;6;
000300000000000000000249;PUB-0585;000100000000000000000059;2026-10-01 04:55:00;public;La parole nourrit l'ame chaque matin.;"[{""type"": ""image"", ""image_id"": 24, ""variante"": ""principale"", ""description"": ""Bible ouverte"", ""url"": ""https://picsum.photos/id/24/640/480.jpg?random=678""}]";;000200000000000000000018;"00010000000000000000007e;00010000000000000000006a;000100000000000000000090;00010000000000000000002e;00010000000000000000000d;000100000000000000000052;000100000000000000000096;00010000000000000000005c;00010000000000000000008e;00010000000000000000007f;00010000000000000000002b;000100000000000000000086;000100000000000000000066;000100000000000000000006;000100000000000000000007;000100000000000000000082;000100000000000000000078;000100000000000000000061;000100000000000000000003;000100000000000000000011;000100000000000000000038;000100000000000000000042;000100000000000000000043;000100000000000000000025;00010000000000000000003e";25;5;4;
00030000000000000000024a;PUB-0586;00010000000000000000008e;2026-10-01 05:50:00;public;Un plan que n'importe quel realisateur voudrait.;"[{""type"": ""image"", ""image_id"": 37, ""variante"": ""grayscale"", ""description"": ""Fleurs au bord de la plage"", ""url"": ""https://picsum.photos/id/37/640/480.jpg?grayscale&blur=2&random=667""}]";cameroun237;;"000100000000000000000001;00010000000000000000000e;00010000000000000000005b;000100000000000000000057;000100000000000000000012;000100000000000000000022;000100000000000000000066;00010000000000000000007b;00010000000000000000006d;000100000000000000000043;000100000000000000000042;000100000000000000000044;000100000000000000000037;00010000000000000000006b;00010000000000000000003a;00010000000000000000002b;000100000000000000000078;00010000000000000000000a;00010000000000000000005f;00010000000000000000006a;00010000000000000000001c;00010000000000000000008b;00010000000000000000007c;000100000000000000000038;00010000000000000000002e;000100000000000000000019;000100000000000000000071;000100000000000000000021;000100000000000000000067;00010000000000000000007a;000100000000000000000017;000100000000000000000006";32;3;0;
00030000000000000000024b;PUB-0587;000100000000000000000076;2026-10-01 19:23:00;amis;Petit coucou du matin.;"[{""type"": ""image"", ""image_id"": 33, ""variante"": ""principale"", ""description"": ""Herbe touffue et deux petites fleurs"", ""url"": ""https://picsum.photos/id/33/640/480.jpg?random=776""}]";"plage;foret";;"000100000000000000000084;00010000000000000000006f;000100000000000000000072;000100000000000000000041;000100000000000000000075;00010000000000000000001a;00010000000000000000005f;000100000000000000000024;00010000000000000000000d;000100000000000000000040;000100000000000000000054;000100000000000000000016;000100000000000000000018;000100000000000000000089;000100000000000000000059;000100000000000000000006;000100000000000000000058;000100000000000000000069;000100000000000000000060;000100000000000000000091;00010000000000000000003d;00010000000000000000003a;000100000000000000000029;000100000000000000000071;00010000000000000000006e;000100000000000000000047";26;9;2;
00030000000000000000024c;PUB-0588;000100000000000000000075;2026-10-01 19:45:00;public;Bonjour a tous, belle journee a vous !;"[{""type"": ""image"", ""image_id"": 33, ""variante"": ""grayscale"", ""description"": ""Herbe touffue et deux petites fleurs"", ""url"": ""https://picsum.photos/id/33/640/480.jpg?grayscale&blur=2&random=434""}]";"foret;montagne";000200000000000000000015;"000100000000000000000013;000100000000000000000055;00010000000000000000003a;000100000000000000000039;00010000000000000000003f;00010000000000000000003c;000100000000000000000058;000100000000000000000007;000100000000000000000008;000100000000000000000049;00010000000000000000001f;00010000000000000000001b;000100000000000000000045;000100000000000000000027;000100000000000000000094;000100000000000000000010;000100000000000000000096";17;0;1;
00030000000000000000024d;PUB-0589;00010000000000000000008a;2026-10-01 21:49:00;public;Je ne monterais jamais la-haut.;"[{""type"": ""image"", ""image_id"": 29, ""variante"": ""principale"", ""description"": ""Sommet de l'Himalaya, deux grimpeurs"", ""url"": ""https://picsum.photos/id/29/640/480.jpg?random=237""}]";foret;00020000000000000000001b;"000100000000000000000036;000100000000000000000079;000100000000000000000018;000100000000000000000078;000100000000000000000025;00010000000000000000007c";6;1;0;
00030000000000000000024e;PUB-0590;00010000000000000000004c;2026-10-02 02:15:00;amis;Un plan que n'importe quel realisateur voudrait.;"[{""type"": ""image"", ""image_id"": 15, ""variante"": ""principale"", ""description"": ""Chute d'eau, rochers verdoyants et glissants"", ""url"": ""https://picsum.photos/id/15/640/480.jpg?random=966""}]";;;"00010000000000000000000a;00010000000000000000005f;000100000000000000000027;000100000000000000000021;000100000000000000000015;000100000000000000000089;000100000000000000000045;00010000000000000000005b;000100000000000000000077;00010000000000000000004d;000100000000000000000096;00010000000000000000006a;00010000000000000000005e;000100000000000000000006;000100000000000000000057";15;0;1;
00030000000000000000024f;PUB-0591;000100000000000000000042;2026-10-02 13:28:00;public;Le genre d'endroit ou l'on se promet des choses.;"[{""type"": ""image"", ""image_id"": 28, ""variante"": ""principale"", ""description"": ""Arbre et ruisseau sur des pierres"", ""url"": ""https://picsum.photos/id/28/640/480.jpg?random=792""}]";"cameroun237;foret";;"00010000000000000000002f;00010000000000000000005b;00010000000000000000006f;000100000000000000000019;00010000000000000000001d;00010000000000000000004c;000100000000000000000038;000100000000000000000053;000100000000000000000082;000100000000000000000032;00010000000000000000000c;000100000000000000000051;000100000000000000000002;00010000000000000000007d;00010000000000000000007c;00010000000000000000005f;000100000000000000000020;000100000000000000000039;00010000000000000000000b;000100000000000000000094;000100000000000000000014;000100000000000000000003;00010000000000000000004e;000100000000000000000062;00010000000000000000008e;000100000000000000000074;000100000000000000000073;000100000000000000000012;00010000000000000000000e;000100000000000000000034;000100000000000000000048;00010000000000000000004d;00010000000000000000003b;000100000000000000000025;00010000000000000000002c;000100000000000000000068;00010000000000000000001a;00010000000000000000006b";38;1;7;
000300000000000000000250;PUB-0592;000100000000000000000020;2026-10-02 14:11:00;amis;Photo du jour.;"[{""type"": ""image"", ""image_id"": 42, ""variante"": ""principale"", ""description"": ""Table de snack, deux cafes et un telephone"", ""url"": ""https://picsum.photos/id/42/640/480.jpg?random=911""}]";cafe;;"00010000000000000000003f;000100000000000000000029;00010000000000000000000c;00010000000000000000004a;000100000000000000000040;000100000000000000000016;000100000000000000000022;000100000000000000000073;000100000000000000000041;000100000000000000000017;00010000000000000000002f;00010000000000000000006b;00010000000000000000006e;00010000000000000000005b;000100000000000000000067";15;3;0;
000300000000000000000251;PUB-0593;000100000000000000000014;2026-10-02 14:41:00;public;Ce chemin me rappelle un film d'horreur.;"[{""type"": ""image"", ""image_id"": 17, ""variante"": ""principale"", ""description"": ""Chemin trace dans une foret de sapins"", ""url"": ""https://picsum.photos/id/17/640/480.jpg?random=127""}]";foret;;"000100000000000000000068;000100000000000000000018;00010000000000000000006b;00010000000000000000005d;000100000000000000000058;000100000000000000000084;000100000000000000000006;00010000000000000000006d;000100000000000000000027;000100000000000000000042;000100000000000000000076;000100000000000000000055;000100000000000000000056;000100000000000000000028;000100000000000000000025;00010000000000000000000e;00010000000000000000003f;000100000000000000000069;00010000000000000000007b";19;0;0;
000300000000000000000252;PUB-0594;000100000000000000000022;2026-10-02 14:44:00;public;Apprenons de nos erreurs.;"[{""type"": ""image"", ""image_id"": 32, ""variante"": ""grayscale"", ""description"": ""Mur de prison gris avec un banc"", ""url"": ""https://picsum.photos/id/32/640/480.jpg?grayscale&blur=2&random=700""}]";;;"000100000000000000000052;00010000000000000000001d;000100000000000000000002;00010000000000000000005d;000100000000000000000071;00010000000000000000008e;00010000000000000000007e;00010000000000000000000b;00010000000000000000006f;000100000000000000000096;000100000000000000000001;000100000000000000000053;000100000000000000000078;000100000000000000000014;000100000000000000000013;00010000000000000000002f;000100000000000000000016";17;1;4;
000300000000000000000253;PUB-0595;00010000000000000000001b;2026-10-02 23:14:00;public;Les examens arrivent, courage a tous.;"[{""type"": ""image"", ""image_id"": 20, ""variante"": ""grayscale"", ""description"": ""Table d'etudiant rose"", ""url"": ""https://picsum.photos/id/20/640/480.jpg?grayscale&blur=2&random=269""}]";"savoir;ingenieur";000200000000000000000004;"000100000000000000000049;00010000000000000000000e;00010000000000000000008a;000100000000000000000043;000100000000000000000021;000100000000000000000048;000100000000000000000039;000100000000000000000075;000100000000000000000061;000100000000000000000046;000100000000000000000007;000100000000000000000002";12;3;0;
000300000000000000000254;PUB-0596;000100000000000000000022;2026-10-03 09:40:00;public;Une session de travail sans interruption.;"[{""type"": ""image"", ""image_id"": 24, ""variante"": ""principale"", ""description"": ""Bible ouverte"", ""url"": ""https://picsum.photos/id/24/640/480.jpg?random=986""}]";"priere;reflexion";00020000000000000000001a;"000100000000000000000026;00010000000000000000005a;00010000000000000000006a;00010000000000000000002e;00010000000000000000007b;000100000000000000000027;000100000000000000000064;00010000000000000000002b;000100000000000000000010;000100000000000000000088;000100000000000000000017;00010000000000000000008a;00010000000000000000001a;000100000000000000000081;000100000000000000000075;000100000000000000000037;00010000000000000000000b;00010000000000000000001c;00010000000000000000000e;000100000000000000000028;00010000000000000000003a;000100000000000000000044;000100000000000000000050;000100000000000000000092;000100000000000000000069;00010000000000000000008f;000100000000000000000094;000100000000000000000090;000100000000000000000066;000100000000000000000007;00010000000000000000001f;000100000000000000000054;000100000000000000000063;000100000000000000000096;000100000000000000000009;00010000000000000000008e;000100000000000000000012;00010000000000000000006d;00010000000000000000003d;000100000000000000000089;00010000000000000000006f;000100000000000000000071;000100000000000000000077;000100000000000000000024;000100000000000000000086;000100000000000000000025;00010000000000000000005c;000100000000000000000061";48;2;1;
000300000000000000000255;PUB-0597;000100000000000000000014;2026-10-03 13:11:00;public;Voila pourquoi il faut voyager.;"[{""type"": ""image"", ""image_id"": 37, ""variante"": ""principale"", ""description"": ""Fleurs au bord de la plage"", ""url"": ""https://picsum.photos/id/37/640/480.jpg?random=903""}]";;00020000000000000000001c;"000100000000000000000019;000100000000000000000094;00010000000000000000000d;000100000000000000000022;000100000000000000000064;00010000000000000000003f;000100000000000000000096;00010000000000000000006d;000100000000000000000055";9;0;0;
000300000000000000000256;PUB-0598;000100000000000000000028;2026-10-03 17:53:00;public;Cette image raconte un moment du passe.;"[{""type"": ""image"", ""image_id"": 30, ""variante"": ""principale"", ""description"": ""Tasse avec un billet cubain et Castro"", ""url"": ""https://picsum.photos/id/30/640/480.jpg?random=632""}]";;000200000000000000000007;"00010000000000000000002b;000100000000000000000023;000100000000000000000039;000100000000000000000045;000100000000000000000094;000100000000000000000050;000100000000000000000024;00010000000000000000003f;000100000000000000000012;00010000000000000000001a;00010000000000000000001b;00010000000000000000003b;000100000000000000000049;000100000000000000000011;00010000000000000000001d;00010000000000000000005d;000100000000000000000059;00010000000000000000005c;000100000000000000000025;000100000000000000000031;000100000000000000000066;000100000000000000000071;00010000000000000000006a;000100000000000000000053;000100000000000000000001;00010000000000000000000d;00010000000000000000002d;00010000000000000000000e";28;6;2;
000300000000000000000257;PUB-0599;000100000000000000000081;2026-10-04 09:27:00;public;Le chemin compte plus que l'arrivee.;"[{""type"": ""image"", ""image_id"": 22, ""variante"": ""grayscale"", ""description"": ""Homme qui marche dans la rue (noir et blanc)"", ""url"": ""https://picsum.photos/id/22/640/480.jpg?grayscale&blur=2&random=855""}]";"viedevie;reflexion;priere";;"00010000000000000000003a;000100000000000000000037;000100000000000000000092;000100000000000000000079;000100000000000000000018;000100000000000000000073;00010000000000000000008c;000100000000000000000060;000100000000000000000062;000100000000000000000089;00010000000000000000001c;000100000000000000000075;000100000000000000000061;000100000000000000000072;00010000000000000000008f;00010000000000000000000a;00010000000000000000005b;000100000000000000000019;00010000000000000000007f;00010000000000000000003d;00010000000000000000003e;000100000000000000000008;00010000000000000000008e;00010000000000000000005a;000100000000000000000009;000100000000000000000080;000100000000000000000058;00010000000000000000002d;00010000000000000000005d;00010000000000000000002f;000100000000000000000091;00010000000000000000006a;00010000000000000000004c;00010000000000000000000b;000100000000000000000064;000100000000000000000031;00010000000000000000004e;000100000000000000000063;000100000000000000000047;000100000000000000000085;000100000000000000000020;00010000000000000000005c;000100000000000000000054";43;4;1;
000300000000000000000258;PUB-0600;000100000000000000000036;2026-10-04 18:23:00;public;Juste comme ca.;"[{""type"": ""image"", ""image_id"": 41, ""variante"": ""principale"", ""description"": ""Goutte d'eau sur une surface"", ""url"": ""https://picsum.photos/id/41/640/480.jpg?random=103""}]";cameroun237;;"000100000000000000000062;00010000000000000000004b;000100000000000000000081;000100000000000000000008;000100000000000000000086;000100000000000000000043;00010000000000000000004e;00010000000000000000000c;000100000000000000000064;00010000000000000000005b;00010000000000000000004d;00010000000000000000005c;000100000000000000000027;000100000000000000000057;000100000000000000000094;000100000000000000000034;000100000000000000000060;000100000000000000000079";18;0;0;
