_id;code;pseudo;mot_de_passe_demo;nom;prenom;photo;bio;ville;region;date_inscription;infos.age;infos.sexe;infos.fonction;categorie_activite;preferences;amis;groupes_ids;confidentialite.messages_inconnus;confidentialite.ajout_groupe_inconnus;role;historique_profil
000100000000000000000001;USR-0001;valdez_237;1234;Fotso;Valdez;;Enseignant de la matiere Du SQL au NoSQL.;Douala;Littoral;2023-09-03 16:32:00;38;M;employe;normal;"productivite;education";"[{""ami_id"": {""$oid"": ""00010000000000000000001d""}, ""depuis"": {""$date"": ""2023-11-30T20:38:00Z""}, ""nb_messages"": 16}, {""ami_id"": {""$oid"": ""000100000000000000000033""}, ""depuis"": {""$date"": ""2024-01-11T03:17:00Z""}, ""nb_messages"": 8}, {""ami_id"": {""$oid"": ""00010000000000000000003f""}, ""depuis"": {""$date"": ""2024-07-17T08:06:00Z""}, ""nb_messages"": 9}, {""ami_id"": {""$oid"": ""000100000000000000000089""}, ""depuis"": {""$date"": ""2024-07-28T16:39:00Z""}, ""nb_messages"": 11}, {""ami_id"": {""$oid"": ""00010000000000000000007d""}, ""depuis"": {""$date"": ""2024-08-03T02:27:00Z""}, ""nb_messages"": 9}, {""ami_id"": {""$oid"": ""000100000000000000000048""}, ""depuis"": {""$date"": ""2024-08-28T20:52:00Z""}, ""nb_messages"": 16}, {""ami_id"": {""$oid"": ""00010000000000000000008f""}, ""depuis"": {""$date"": ""2025-03-06T18:02:00Z""}, ""nb_messages"": 12}, {""ami_id"": {""$oid"": ""000100000000000000000093""}, ""depuis"": {""$date"": ""2025-05-01T16:52:00Z""}, ""nb_messages"": 11}, {""ami_id"": {""$oid"": ""00010000000000000000006b""}, ""depuis"": {""$date"": ""2025-05-18T23:56:00Z""}, ""nb_messages"": 12}, {""ami_id"": {""$oid"": ""000100000000000000000006""}, ""depuis"": {""$date"": ""2025-05-27T10:19:00Z""}, ""nb_messages"": 9}, {""ami_id"": {""$oid"": ""00010000000000000000008d""}, ""depuis"": {""$date"": ""2025-09-02T20:10:00Z""}, ""nb_messages"": 11}, {""ami_id"": {""$oid"": ""000100000000000000000086""}, ""depuis"": {""$date"": ""2025-10-05T02:17:00Z""}, ""nb_messages"": 13}, {""ami_id"": {""$oid"": ""000100000000000000000051""}, ""depuis"": {""$date"": ""2025-10-20T04:36:00Z""}, ""nb_messages"": 18}, {""ami_id"": {""$oid"": ""00010000000000000000004b""}, ""depuis"": {""$date"": ""2025-11-19T22:25:00Z""}, ""nb_messages"": 15}, {""ami_id"": {""$oid"": ""000100000000000000000003""}, ""depuis"": {""$date"": ""2025-12-22T00:05:00Z""}, ""nb_messages"": 9}, {""ami_id"": {""$oid"": ""000100000000000000000011""}, ""depuis"": {""$date"": ""2025-12-30T09:41:00Z""}, ""nb_messages"": 14}, {""ami_id"": {""$oid"": ""000100000000000000000070""}, ""depuis"": {""$date"": ""2026-01-25T08:01:00Z""}, ""nb_messages"": 16}, {""ami_id"": {""$oid"": ""00010000000000000000001a""}, ""depuis"": {""$date"": ""2026-01-25T16:24:00Z""}, ""nb_messages"": 10}, {""ami_id"": {""$oid"": ""000100000000000000000045""}, ""depuis"": {""$date"": ""2026-02-04T18:51:00Z""}, ""nb_messages"": 14}, {""ami_id"": {""$oid"": ""00010000000000000000008a""}, ""depuis"": {""$date"": ""2026-03-10T04:05:00Z""}, ""nb_messages"": 9}, {""ami_id"": {""$oid"": ""000100000000000000000028""}, ""depuis"": {""$date"": ""2026-04-09T04:04:00Z""}, ""nb_messages"": 9}, {""ami_id"": {""$oid"": ""000100000000000000000005""}, ""depuis"": {""$date"": ""2026-04-27T21:00:00Z""}, ""nb_messages"": 9}, {""ami_id"": {""$oid"": ""000100000000000000000024""}, ""depuis"": {""$date"": ""2026-05-05T21:16:00Z""}, ""nb_messages"": 12}, {""ami_id"": {""$oid"": ""000100000000000000000082""}, ""depuis"": {""$date"": ""2026-05-10T12:56:00Z""}, ""nb_messages"": 15}, {""ami_id"": {""$oid"": ""000100000000000000000022""}, ""depuis"": {""$date"": ""2026-06-02T12:25:00Z""}, ""nb_messages"": 14}, {""ami_id"": {""$oid"": ""00010000000000000000007e""}, ""depuis"": {""$date"": ""2026-06-28T22:41:00Z""}, ""nb_messages"": 10}, {""ami_id"": {""$oid"": ""00010000000000000000006a""}, ""depuis"": {""$date"": ""2026-08-02T08:16:00Z""}, ""nb_messages"": 8}, {""ami_id"": {""$oid"": ""00010000000000000000002f""}, ""depuis"": {""$date"": ""2026-09-06T15:10:00Z""}, ""nb_messages"": 15}]";"000200000000000000000002;000200000000000000000003;000200000000000000000004;000200000000000000000005;000200000000000000000007";True;False;superviseur;
000100000000000000000002;USR-0002;tagne_dla;;Tagne;Prisca;;La vie est un voyage, profitez du trajet.;Douala;Littoral;2025-08-04 00:03:00;78;F;retraite;timide_reseau;voyage;"[{""ami_id"": {""$oid"": ""000100000000000000000009""}, ""depuis"": {""$date"": ""2026-02-01T23:26:00Z""}, ""nb_messages"": 0}, {""ami_id"": {""$oid"": ""000100000000000000000090""}, ""depuis"": {""$date"": ""2026-05-24T06:19:00Z""}, ""nb_messages"": 0}, {""ami_id"": {""$oid"": ""000100000000000000000066""}, ""depuis"": {""$date"": ""2026-06-18T02:22:00Z""}, ""nb_messages"": 0}, {""ami_id"": {""$oid"": ""000100000000000000000035""}, ""depuis"": {""$date"": ""2026-07-05T10:12:00Z""}, ""nb_messages"": 0}, {""ami_id"": {""$oid"": ""00010000000000000000003b""}, ""depuis"": {""$date"": ""2026-07-22T02:55:00Z""}, ""nb_messages"": 0}, {""ami_id"": {""$oid"": ""00010000000000000000006c""}, ""depuis"": {""$date"": ""2026-09-06T07:21:00Z""}, ""nb_messages"": 0}]";"000200000000000000000004;000200000000000000000007;00020000000000000000000b;000200000000000000000019";True;True;membre;
000100000000000000000003;USR-0003;lembe_enspd;;Lembe;Clarisse;;Etudiant le jour, reveur la nuit.;Douala;Littoral;2024-01-07 23:25:00;14;F;ecolier / etudiant;normal;aventure;"[{""ami_id"": {""$oid"": ""00010000000000000000008d""}, ""depuis"": {""$date"": ""2024-03-21T06:41:00Z""}, ""nb_messages"": 0}, {""ami_id"": {""$oid"": ""00010000000000000000002a""}, ""depuis"": {""$date"": ""2024-04-15T15:03:00Z""}, ""nb_messages"": 0}, {""ami_id"": {""$oid"": ""000100000000000000000085""}, ""depuis"": {""$date"": ""2024-05-29T04:14:00Z""}, ""nb_messages"": 0}, {""ami_id"": {""$oid"": ""000100000000000000000023""}, ""depuis"": {""$date"": ""2024-09-17T15:41:00Z""}, ""nb_messages"": 0}, {""ami_id"": {""$oid"": ""00010000000000000000006c""}, ""depuis"": {""$date"": ""2024-11-17T07:36:00Z""}, ""nb_messages"": 0}, {""ami_id"": {""$oid"": ""000100000000000000000084""}, ""depuis"": {""$date"": ""2024-12-07T15:35:00Z""}, ""nb_messages"": 8}, {""ami_id"": {""$oid"": ""000100000000000000000012""}, ""depuis"": {""$date"": ""2025-06-19T03:45:00Z""}, ""nb_messages"": 0}, {""ami_id"": {""$oid"": ""00010000000000000000004a""}, ""depuis"": {""$date"": ""2025-08-12T15:11:00Z""}, ""nb_messages"": 0}, {""ami_id"": {""$oid"": ""000100000000000000000001""}, ""depuis"": {""$date"": ""2025-12-22T00:05:00Z""}, ""nb_messages"": 9}, {""ami_id"": {""$oid"": ""00010000000000000000007a""}, ""depuis"": {""$date"": ""2026-01-17T00:06:00Z""}, ""nb_messages"": 0}, {""ami_id"": {""$oid"": ""00010000000000000000008b""}, ""depuis"": {""$date"": ""2026-01-17T06:34:00Z""}, ""nb_messages"": 0}, {""ami_id"": {""$oid"": ""000100000000000000000040""}, ""depuis"": {""$date"": ""2026-03-15T18:56:00Z""}, ""nb_messages"": 0}, {""ami_id"": {""$oid"": ""00010000000000000000003f""}, ""depuis"": {""$date"": ""2026-04-11T20:49:00Z""}, ""nb_messages"": 0}, {""ami_id"": {""$oid"": ""000100000000000000000077""}, ""depuis"": {""$date"": ""2026-05-06T16:56:00Z""}, ""nb_messages"": 0}, {""ami_id"": {""$oid"": ""00010000000000000000004b""}, ""depuis"": {""$date"": ""2026-05-23T03:15:00Z""}, ""nb_messages"": 0}, {""ami_id"": {""$oid"": ""000100000000000000000081""}, ""depuis"": {""$date"": ""2026-05-25T11:07:00Z""}, ""nb_messages"": 0}, {""ami_id"": {""$oid"": ""00010000000000000000002b""}, ""depuis"": {""$date"": ""2026-06-14T13:17:00Z""}, ""nb_messages"": 12}, {""ami_id"": {""$oid"": ""000100000000000000000043""}, ""depuis"": {""$date"": ""2026-07-18T16:16:00Z""}, ""nb_messages"": 0}]";"000200000000000000000006;00020000000000000000000c;000200000000000000000012;000200000000000000000018;000200000000000000000019;00020000000000000000001a;00020000000000000000001b";False;False;membre;
000100000000000000000004;USR-0004;bagneki_237;;Bagneki;Vanessa;;Ici pour partager de bons moments.;Bamenda;Nord-Ouest;2025-10-21 21:17:00;26;F;employe;normal;"histoire;voyage";"[{""ami_id"": {""$oid"": ""000100000000000000000073""}, ""depuis"": {""$date"": ""2025-11-03T22:09:00Z""}, ""nb_messages"": 0}, {""ami_id"": {""$oid"": ""00010000000000000000000d""}, ""depuis"": {""$date"": ""2025-11-30T04:21:00Z""}, ""nb_messages"": 0}, {""ami_id"": {""$oid"": ""000100000000000000000035""}, ""depuis"": {""$date"": ""2025-12-10T10:44:00Z""}, ""nb_messages"": 0}, {""ami_id"": {""$oid"": ""000100000000000000000086""}, ""depuis"": {""$date"": ""2025-12-11T17:53:00Z""}, ""nb_messages"": 0}, {""ami_id"": {""$oid"": ""000100000000000000000010""}, ""depuis"": {""$date"": ""2025-12-28T17:59:00Z""}, ""nb_messages"": 12}, {""ami_id"": {""$oid"": ""000100000000000000000072""}, ""depuis"": {""$date"": ""2026-02-01T06:58:00Z""}, ""nb_messages"": 0}, {""ami_id"": {""$oid"": ""000100000000000000000069""}, ""depuis"": {""$date"": ""2026-03-01T23:52:00Z""}, ""nb_messages"": 0}, {""ami_id"": {""$oid"": ""000100000000000000000053""}, ""depuis"": {""$date"": ""2026-03-05T02:53:00Z""}, ""nb_messages"": 0}, {""ami_id"": {""$oid"": ""000100000000000000000066""}, ""depuis"": {""$date"": ""2026-04-16T19:40:00Z""}, ""nb_messages"": 0}, {""ami_id"": {""$oid"": ""000100000000000000000041""}, ""depuis"": {""$date"": ""2026-04-19T05:34:00Z""}, ""nb_messages"": 0}, {""ami_id"": {""$oid"": ""000100000000000000000028""}, ""depuis"": {""$date"": ""2026-05-27T09:33:00Z""}, ""nb_messages"": 0}, {""ami_id"": {""$oid"": ""00010000000000000000008a""}, ""depuis"": {""$date"": ""2026-05-29T18:27:00Z""}, ""nb_messages"": 0}, {""ami_id"": {""$oid"": ""000100000000000000000043""}, ""depuis"": {""$date"": ""2026-05-30T15:06:00Z""}, ""nb_messages"": 0}, {""ami_id"": {""$oid"": ""000100000000000000000096""}, ""depuis"": {""$date"": ""2026-07-09T14:04:00Z""}, ""nb_messages"": 8}, {""ami_id"": {""$oid"": ""000100000000000000000089""}, ""depuis"": {""$date"": ""2026-08-18T02:48:00Z""}, ""nb_messages"": 0}, {""ami_id"": {""$oid"": ""000100000000000000000055""}, ""depuis"": {""$date"": ""2026-09-29T01:34:00Z""}, ""nb_messages"": 0}]";"000200000000000000000006;00020000000000000000000b;00020000000000000000000c;000200000000000000000012;000200000000000000000018;000200000000000000000019;00020000000000000000001a";True;False;membre;
000100000000000000000005;USR-0005;mato_enspd;;Matoukam;Herve;;Un cafe, un ordinateur, des projets.;Douala;Littoral;2024-11-11 13:33:00;80;M;retraite;normal;"foi;nature;aventure";"[{""ami_id"": {""$oid"": ""000100000000000000000025""}, ""depuis"": {""$date"": ""2025-03-09T00:26:00Z""}, ""nb_messages"": 5}, {""ami_id"": {""$oid"": ""000100000000000000000036""}, ""depuis"": {""$date"": ""2025-03-21T17:00:00Z""}, ""nb_messages"": 0}, {""ami_id"": {""$oid"": ""00010000000000000000008e""}, ""depuis"": {""$date"": ""2025-04-01T07:38:00Z""}, ""nb_messages"": 0}, {""ami_id"": {""$oid"": ""000100000000000000000032""}, ""depuis"": {""$date"": ""2025-05-10T14:01:00Z""}, ""nb_messages"": 0}, {""ami_id"": {""$oid"": ""00010000000000000000008c""}, ""depuis"": {""$date"": ""2025-07-09T00:23:00Z""}, ""nb_messages"": 0}, {""ami_id"": {""$oid"": ""000100000000000000000013""}, ""depuis"": {""$date"": ""2025-09-09T11:18:00Z""}, ""nb_messages"": 0}, {""ami_id"": {""$oid"": ""000100000000000000000068""}, ""depuis"": {""$date"": ""2025-09-10T11:55:00Z""}, ""nb_messages"": 0}, {""ami_id"": {""$oid"": ""000100000000000000000014""}, ""depuis"": {""$date"": ""2026-02-13T14:13:00Z""}, ""nb_messages"": 0}, {""ami_id"": {""$oid"": ""00010000000000000000002a""}, ""depuis"": {""$date"": ""2026-03-19T10:00:00Z""}, ""nb_messages"": 0}, {""ami_id"": {""$oid"": ""000100000000000000000089""}, ""depuis"": {""$date"": ""2026-04-22T05:02:00Z""}, ""nb_messages"": 0}, {""ami_id"": {""$oid"": ""000100000000000000000001""}, ""depuis"": {""$date"": ""2026-04-27T21:00:00Z""}, ""nb_messages"": 9}, {""ami_id"": {""$oid"": ""000100000000000000000021""}, ""depuis"": {""$date"": ""2026-05-09T13:49:00Z""}, ""nb_messages"": 13}, {""ami_id"": {""$oid"": ""000100000000000000000073""}, ""depuis"": {""$date"": ""2026-06-05T15:29:00Z""}, ""nb_messages"": 0}, {""ami_id"": {""$oid"": ""000100000000000000000043""}, ""depuis"": {""$date"": ""2026-08-08T10:08:00Z""}, ""nb_messages"": 0}]";"000200000000000000000002;000200000000000000000008";True;True;membre;
000100000000000000000006;USR-0006;kotto_237;;Kotto;Danielle;;Amoureux de la nature et de la musique.;Garoua;Nord;2023-04-15 16:51:00;15;F;ecolier / etudiant;normal;mode;"[{""ami_id"": {""$oid"": ""000100000000000000000024""}, ""depuis"": {""$date"": ""2024-05-16T09:51:00Z""}, ""nb_messages"": 0}, {""ami_id"": {""$oid"": ""000100000000000000000044""}, ""depuis"": {""$date"": ""2024-05-16T15:52:00Z""}, ""nb_messages"": 0}, {""ami_id"": {""$oid"": ""00010000000000000000006e""}, ""depuis"": {""$date"": ""2024-09-27T18:37:00Z""}, ""nb_messages"": 0}, {""ami_id"": {""$oid"": ""00010000000000000000007a""}, ""depuis"": {""$date"": ""2025-01-29T01:13:00Z""}, ""nb_messages"": 0}, {""ami_id"": {""$oid"": ""000100000000000000000022""}, ""depuis"": {""$date"": ""2025-05-03T17:05:00Z""}, ""nb_messages"": 0}, {""ami_id"": {""$oid"": ""000100000000000000000001""}, ""depuis"": {""$date"": ""2025-05-27T10:19:00Z""}, ""nb_messages"": 9}, {""ami_id"": {""$oid"": ""000100000000000000000091""}, ""depuis"": {""$date"": ""2025-09-10T11:15:00Z""}, ""nb_messages"": 0}, {""ami_id"": {""$oid"": ""000100000000000000000062""}, ""depuis"": {""$date"": ""2025-09-19T04:27:00Z""}, ""nb_messages"": 0}, {""ami_id"": {""$oid"": ""000100000000000000000065""}, ""depuis"": {""$date"": ""2025-09-22T05:27:00Z""}, ""nb_messages"": 8}, {""ami_id"": {""$oid"": ""000100000000000000000060""}, ""depuis"": {""$date"": ""2025-09-30T09:34:00Z""}, ""nb_messages"": 14}, {""ami_id"": {""$oid"": ""000100000000000000000047""}, ""depuis"": {""$date"": ""2026-02-25T14:30:00Z""}, ""nb_messages"": 0}, {""ami_id"": {""$oid"": ""00010000000000000000004f""}, ""depuis"": {""$date"": ""2026-03-28T23:52:00Z""}, ""nb_messages"": 0}, {""ami_id"": {""$oid"": ""000100000000000000000020""}, ""depuis"": {""$date"": ""2026-04-03T07:00:00Z""}, ""nb_messages"": 0}, {""ami_id"": {""$oid"": ""000100000000000000000007""}, ""depuis"": {""$date"": ""2026-04-17T11:40:00Z""}, ""nb_messages"": 0}, {""ami_id"": {""$oid"": ""000100000000000000000042""}, ""depuis"": {""$date"": ""2026-04-19T13:33:00Z""}, ""nb_messages"": 0}, {""ami_id"": {""$oid"": ""00010000000000000000007e""}, ""depuis"": {""$date"": ""2026-07-13T23:29:00Z""}, ""nb_messages"": 0}, {""ami_id"": {""$oid"": ""000100000000000000000050""}, ""depuis"": {""$date"": ""2026-09-07T12:12:00Z""}, ""nb_messages"": 0}]";"00020000000000000000000c;000200000000000000000010;000200000000000000000018;000200000000000000000019;00020000000000000000001a;00020000000000000000001e";True;True;membre;
000100000000000000000007;USR-0007;ngu_enspd;;Nguemo;Herve;;Fier d'etre camerounais.;Bafoussam;Ouest;2023-10-23 18:59:00;58;M;employe;timide_reseau;nature;"[{""ami_id"": {""$oid"": ""000100000000000000000071""}, ""depuis"": {""$date"": ""2025-03-11T11:36:00Z""}, ""nb_messages"": 0}, {""ami_id"": {""$oid"": ""000100000000000000000031""}, ""depuis"": {""$date"": ""2025-04-09T17:51:00Z""}, ""nb_messages"": 9}, {""ami_id"": {""$oid"": ""000100000000000000000049""}, ""depuis"": {""$date"": ""2025-05-02T15:56:00Z""}, ""nb_messages"": 0}, {""ami_id"": {""$oid"": ""000100000000000000000060""}, ""depuis"": {""$date"": ""2026-03-09T04:30:00Z""}, ""nb_messages"": 0}, {""ami_id"": {""$oid"": ""000100000000000000000044""}, ""depuis"": {""$date"": ""2026-04-12T14:17:00Z""}, ""nb_messages"": 0}, {""ami_id"": {""$oid"": ""000100000000000000000006""}, ""depuis"": {""$date"": ""2026-04-17T11:40:00Z""}, ""nb_messages"": 0}, {""ami_id"": {""$oid"": ""000100000000000000000092""}, ""depuis"": {""$date"": ""2026-05-25T11:47:00Z""}, ""nb_messages"": 0}, {""ami_id"": {""$oid"": ""00010000000000000000007e""}, ""depuis"": {""$date"": ""2026-07-18T11:44:00Z""}, ""nb_messages"": 0}]";"000200000000000000000002;000200000000000000000004;000200000000000000000007;000200000000000000000008;000200000000000000000009;00020000000000000000000b;00020000000000000000000e;000200000000000000000012;000200000000000000000015;000200000000000000000018;000200000000000000000019;00020000000000000000001a;00020000000000000000001b";False;True;membre;
000100000000000000000008;USR-0008;tchoumi_237;;Tchoumi;Guy;;Passionne par la vie et les belles rencontres.;Dschang;Ouest;2024-09-17 10:48:00;25;M;employe;timide_reseau;"mode;nature;aventure";"[{""ami_id"": {""$oid"": ""00010000000000000000000c""}, ""depuis"": {""$date"": ""2025-07-15T05:11:00Z""}, ""nb_messages"": 0}, {""ami_id"": {""$oid"": ""000100000000000000000065""}, ""depuis"": {""$date"": ""2026-02-04T10:35:00Z""}, ""nb_messages"": 0}, {""ami_id"": {""$oid"": ""000100000000000000000074""}, ""depuis"": {""$date"": ""2026-06-16T14:19:00Z""}, ""nb_messages"": 0}, {""ami_id"": {""$oid"": ""00010000000000000000003e""}, ""depuis"": {""$date"": ""2026-07-11T06:03:00Z""}, ""nb_messages"": 0}, {""ami_id"": {""$oid"": ""000100000000000000000010""}, ""depuis"": {""$date"": ""2026-07-18T12:43:00Z""}, ""nb_messages"": 0}]";"000200000000000000000004;000200000000000000000007;000200000000000000000009;00020000000000000000000b;00020000000000000000000c;000200000000000000000011;000200000000000000000013;000200000000000000000015;000200000000000000000019;00020000000000000000001a;00020000000000000000001b";True;False;membre;
000100000000000000000009;USR-0009;kamga_237;;Kamga;Ornella;;Curieux de tout, expert en rien.;Douala;Littoral;2025-05-04 21:36:00;21;F;ecolier / etudiant;timide_reseau;productivite;"[{""ami_id"": {""$oid"": ""00010000000000000000000d""}, ""depuis"": {""$date"": ""2025-08-31T00:18:00Z""}, ""nb_messages"": 0}, {""ami_id"": {""$oid"": ""000100000000000000000086""}, ""depuis"": {""$date"": ""2025-10-24T04:34:00Z""}, ""nb_messages"": 0}, {""ami_id"": {""$oid"": ""000100000000000000000002""}, ""depuis"": {""$date"": ""2026-02-01T23:26:00Z""}, ""nb_messages"": 0}, {""ami_id"": {""$oid"": ""000100000000000000000044""}, ""depuis"": {""$date"": ""2026-03-27T23:32:00Z""}, ""nb_messages"": 0}, {""ami_id"": {""$oid"": ""000100000000000000000066""}, ""depuis"": {""$date"": ""2026-05-17T00:42:00Z""}, ""nb_messages"": 2}, {""ami_id"": {""$oid"": ""000100000000000000000067""}, ""depuis"": {""$date"": ""2026-06-12T20:43:00Z""}, ""nb_messages"": 0}, {""ami_id"": {""$oid"": ""00010000000000000000006b""}, ""depuis"": {""$date"": ""2026-08-25T21:22:00Z""}, ""nb_messages"": 0}]";"000200000000000000000007;000200000000000000000009;00020000000000000000000a;000200000000000000000012;000200000000000000000019;00020000000000000000001a;00020000000000000000001b";False;False;membre;
00010000000000000000000a;USR-0010;ngas_enspd;;Ngassa;Sandra;;Amoureux de la nature et de la musique.;Douala;Littoral;2024-09-14 23:51:00;65;F;retraite;timide_reseau;voyage;"[{""ami_id"": {""$oid"": ""000100000000000000000058""}, ""depuis"": {""$date"": ""2025-08-31T07:28:00Z""}, ""nb_messages"": 0}, {""ami_id"": {""$oid"": ""000100000000000000000096""}, ""depuis"": {""$date"": ""2026-03-29T05:21:00Z""}, ""nb_messages"": 12}, {""ami_id"": {""$oid"": ""00010000000000000000008b""}, ""depuis"": {""$date"": ""2026-08-15T14:12:00Z""}, ""nb_messages"": 0}]";"000200000000000000000002;000200000000000000000006;00020000000000000000000a;00020000000000000000000c;000200000000000000000010;00020000000000000000001a;00020000000000000000001b;00020000000000000000001e";True;False;membre;
00010000000000000000000b;USR-0011;nkeng_dla;;Nkeng;Steve;;La vie est un voyage, profitez du trajet.;Douala;Littoral;2025-10-25 04:21:00;51;M;employe;normal;"foi;voyage;aventure";"[{""ami_id"": {""$oid"": ""00010000000000000000002a""}, ""depuis"": {""$date"": ""2025-11-11T19:21:00Z""}, ""nb_messages"": 0}, {""ami_id"": {""$oid"": ""000100000000000000000060""}, ""depuis"": {""$date"": ""2025-11-22T12:55:00Z""}, ""nb_messages"": 0}, {""ami_id"": {""$oid"": ""000100000000000000000072""}, ""depuis"": {""$date"": ""2025-12-29T18:45:00Z""}, ""nb_messages"": 0}, {""ami_id"": {""$oid"": ""000100000000000000000076""}, ""depuis"": {""$date"": ""2026-01-28T13:43:00Z""}, ""nb_messages"": 0}, {""ami_id"": {""$oid"": ""00010000000000000000007f""}, ""depuis"": {""$date"": ""2026-02-02T09:22:00Z""}, ""nb_messages"": 0}, {""ami_id"": {""$oid"": ""000100000000000000000092""}, ""depuis"": {""$date"": ""2026-02-18T23:47:00Z""}, ""nb_messages"": 0}, {""ami_id"": {""$oid"": ""000100000000000000000025""}, ""depuis"": {""$date"": ""2026-02-19T20:36:00Z""}, ""nb_messages"": 0}, {""ami_id"": {""$oid"": ""00010000000000000000003c""}, ""depuis"": {""$date"": ""2026-02-22T08:08:00Z""}, ""nb_messages"": 10}, {""ami_id"": {""$oid"": ""000100000000000000000052""}, ""depuis"": {""$date"": ""2026-02-24T09:15:00Z""}, ""nb_messages"": 0}, {""ami_id"": {""$oid"": ""000100000000000000000088""}, ""depuis"": {""$date"": ""2026-03-11T07:04:00Z""}, ""nb_messages"": 0}, {""ami_id"": {""$oid"": ""00010000000000000000007e""}, ""depuis"": {""$date"": ""2026-03-23T12:02:00Z""}, ""nb_messages"": 0}, {""ami_id"": {""$oid"": ""000100000000000000000081""}, ""depuis"": {""$date"": ""2026-04-06T04:41:00Z""}, ""nb_messages"": 0}, {""ami_id"": {""$oid"": ""000100000000000000000041""}, ""depuis"": {""$date"": ""2026-05-05T20:50:00Z""}, ""nb_messages"": 0}, {""ami_id"": {""$oid"": ""000100000000000000000036""}, ""depuis"": {""$date"": ""2026-05-18T12:48:00Z""}, ""nb_messages"": 0}, {""ami_id"": {""$oid"": ""000100000000000000000074""}, ""depuis"": {""$date"": ""2026-07-16T11:48:00Z""}, ""nb_messages"": 0}, {""ami_id"": {""$oid"": ""000100000000000000000028""}, ""depuis"": {""$date"": ""2026-07-22T10:33:00Z""}, ""nb_messages"": 0}, {""ami_id"": {""$oid"": ""00010000000000000000004a""}, ""depuis"": {""$date"": ""2026-08-04T04:27:00Z""}, ""nb_messages"": 0}, {""ami_id"": {""$oid"": ""000100000000000000000026""}, ""depuis"": {""$date"": ""2026-08-22T01:15:00Z""}, ""nb_messages"": 9}, {""ami_id"": {""$oid"": ""00010000000000000000003e""}, ""depuis"": {""$date"": ""2026-08-25T05:21:00Z""}, ""nb_messages"": 0}, {""ami_id"": {""$oid"": ""00010000000000000000008e""}, ""depuis"": {""$date"": ""2026-09-13T15:58:00Z""}, ""nb_messages"": 0}]";"000200000000000000000003;000200000000000000000007;000200000000000000000009;00020000000000000000000e;000200000000000000000019;00020000000000000000001a;00020000000000000000001b;00020000000000000000001d";True;False;membre;
00010000000000000000000c;USR-0012;mbarga_dla;;Mbarga;Vanessa;;Ici pour partager de bons moments.;Bafoussam;Ouest;2023-03-30 08:37:00;14;F;ecolier / etudiant;timide_reseau;"nature;voyage;technologie";"[{""ami_id"": {""$oid"": ""00010000000000000000006c""}, ""depuis"": {""$date"": ""2024-04-12T17:52:00Z""}, ""nb_messages"": 0}, {""ami_id"": {""$oid"": ""00010000000000000000005c""}, ""depuis"": {""$date"": ""2024-12-15T13:41:00Z""}, ""nb_messages"": 0}, {""ami_id"": {""$oid"": ""000100000000000000000057""}, ""depuis"": {""$date"": ""2025-07-05T16:11:00Z""}, ""nb_messages"": 4}, {""ami_id"": {""$oid"": ""000100000000000000000008""}, ""depuis"": {""$date"": ""2025-07-15T05:11:00Z""}, ""nb_messages"": 0}, {""ami_id"": {""$oid"": ""00010000000000000000004d""}, ""depuis"": {""$date"": ""2026-08-24T14:22:00Z""}, ""nb_messages"": 0}]";"000200000000000000000007;00020000000000000000001a";True;False;membre;
00010000000000000000000d;USR-0013;atangana_237;;Atangana;Sylvie;;Photographe amateur et marcheur invetere.;Douala;Littoral;2023-05-08 08:33:00;23;F;ecolier / etudiant;timide_reseau;"technologie;histoire";"[{""ami_id"": {""$oid"": ""000100000000000000000030""}, ""depuis"": {""$date"": ""2024-05-11T09:02:00Z""}, ""nb_messages"": 0}, {""ami_id"": {""$oid"": ""000100000000000000000047""}, ""depuis"": {""$date"": ""2024-12-17T14:18:00Z""}, ""nb_messages"": 0}, {""ami_id"": {""$oid"": ""000100000000000000000031""}, ""depuis"": {""$date"": ""2025-02-14T07:38:00Z""}, ""nb_messages"": 0}, {""ami_id"": {""$oid"": ""000100000000000000000009""}, ""depuis"": {""$date"": ""2025-08-31T00:18:00Z""}, ""nb_messages"": 0}, {""ami_id"": {""$oid"": ""000100000000000000000004""}, ""depuis"": {""$date"": ""2025-11-30T04:21:00Z""}, ""nb_messages"": 0}, {""ami_id"": {""$oid"": ""000100000000000000000027""}, ""depuis"": {""$date"": ""2026-03-23T10:22:00Z""}, ""nb_messages"": 0}, {""ami_id"": {""$oid"": ""00010000000000000000008d""}, ""depuis"": {""$date"": ""2026-06-09T02:23:00Z""}, ""nb_messages"": 0}, {""ami_id"": {""$oid"": ""000100000000000000000040""}, ""depuis"": {""$date"": ""2026-09-27T01:55:00Z""}, ""nb_messages"": 13}]";"000200000000000000000007;000200000000000000000009;00020000000000000000000e;000200000000000000000011;000200000000000000000018;000200000000000000000019;00020000000000000000001b;00020000000000000000001c";True;True;membre;
00010000000000000000000e;USR-0014;ekane_enspd;;Ekane;Arnaud;;Curieux de tout, expert en rien.;Dschang;Ouest;2024-05-06 03:56:00;16;M;ecolier / etudiant;timide_reseau;productivite;"[{""ami_id"": {""$oid"": ""00010000000000000000006f""}, ""depuis"": {""$date"": ""2026-01-13T13:54:00Z""}, ""nb_messages"": 0}, {""ami_id"": {""$oid"": ""00010000000000000000005a""}, ""depuis"": {""$date"": ""2026-02-18T13:58:00Z""}, ""nb_messages"": 0}, {""ami_id"": {""$oid"": ""000100000000000000000078""}, ""depuis"": {""$date"": ""2026-03-14T12:34:00Z""}, ""nb_messages"": 0}, {""ami_id"": {""$oid"": ""000100000000000000000083""}, ""depuis"": {""$date"": ""2026-07-11T03:34:00Z""}, ""nb_messages"": 0}, {""ami_id"": {""$oid"": ""00010000000000000000002f""}, ""depuis"": {""$date"": ""2026-07-17T06:51:00Z""}, ""nb_messages"": 0}, {""ami_id"": {""$oid"": ""000100000000000000000035""}, ""depuis"": {""$date"": ""2026-08-21T02:14:00Z""}, ""nb_messages"": 0}]";"000200000000000000000002;000200000000000000000004;000200000000000000000005;000200000000000000000007;00020000000000000000000a;00020000000000000000000c;00020000000000000000000f;000200000000000000000012;000200000000000000000014;000200000000000000000019;00020000000000000000001a";True;False;membre;
00010000000000000000000f;USR-0015;njoya_enspd;;Njoya;Sandra;;Toujours en train d'apprendre quelque chose.;Douala;Littoral;2024-01-15 11:34:00;54;F;employe;timide_reseau;"education;voyage";"[{""ami_id"": {""$oid"": ""000100000000000000000058""}, ""depuis"": {""$date"": ""2025-04-15T01:46:00Z""}, ""nb_messages"": 0}, {""ami_id"": {""$oid"": ""000100000000000000000015""}, ""depuis"": {""$date"": ""2025-08-31T05:11:00Z""}, ""nb_messages"": 10}, {""ami_id"": {""$oid"": ""00010000000000000000008a""}, ""depuis"": {""$date"": ""2026-05-17T10:25:00Z""}, ""nb_messages"": 12}, {""ami_id"": {""$oid"": ""00010000000000000000002b""}, ""depuis"": {""$date"": ""2026-07-11T19:52:00Z""}, ""nb_messages"": 5}]";"000200000000000000000004;000200000000000000000005;000200000000000000000008;00020000000000000000000a;00020000000000000000000b;00020000000000000000000c;000200000000000000000015;000200000000000000000019;00020000000000000000001e";True;False;membre;
000100000000000000000010;USR-0016;tchoupo_dla;;Tchoupo;Patrice;;Etudiant le jour, reveur la nuit.;Bafoussam;Ouest;2025-10-27 12:55:00;78;M;retraite;normal;voyage;"[{""ami_id"": {""$oid"": ""00010000000000000000002e""}, ""depuis"": {""$date"": ""2025-11-29T15:27:00Z""}, ""nb_messages"": 0}, {""ami_id"": {""$oid"": ""000100000000000000000004""}, ""depuis"": {""$date"": ""2025-12-28T17:59:00Z""}, ""nb_messages"": 12}, {""ami_id"": {""$oid"": ""00010000000000000000008b""}, ""depuis"": {""$date"": ""2025-12-30T02:44:00Z""}, ""nb_messages"": 0}, {""ami_id"": {""$oid"": ""00010000000000000000004e""}, ""depuis"": {""$date"": ""2026-01-14T02:01:00Z""}, ""nb_messages"": 0}, {""ami_id"": {""$oid"": ""000100000000000000000014""}, ""depuis"": {""$date"": ""2026-02-07T15:47:00Z""}, ""nb_messages"": 11}, {""ami_id"": {""$oid"": ""000100000000000000000065""}, ""depuis"": {""$date"": ""2026-02-25T15:42:00Z""}, ""nb_messages"": 0}, {""ami_id"": {""$oid"": ""00010000000000000000002a""}, ""depuis"": {""$date"": ""2026-03-16T10:55:00Z""}, ""nb_messages"": 0}, {""ami_id"": {""$oid"": ""00010000000000000000007e""}, ""depuis"": {""$date"": ""2026-04-08T19:38:00Z""}, ""nb_messages"": 2}, {""ami_id"": {""$oid"": ""000100000000000000000062""}, ""depuis"": {""$date"": ""2026-04-29T22:19:00Z""}, ""nb_messages"": 0}, {""ami_id"": {""$oid"": ""000100000000000000000055""}, ""depuis"": {""$date"": ""2026-05-13T22:58:00Z""}, ""nb_messages"": 0}, {""ami_id"": {""$oid"": ""000100000000000000000047""}, ""depuis"": {""$date"": ""2026-06-30T14:34:00Z""}, ""nb_messages"": 0}, {""ami_id"": {""$oid"": ""000100000000000000000008""}, ""depuis"": {""$date"": ""2026-07-18T12:43:00Z""}, ""nb_messages"": 0}, {""ami_id"": {""$oid"": ""000100000000000000000096""}, ""depuis"": {""$date"": ""2026-08-17T19:27:00Z""}, ""nb_messages"": 0}, {""ami_id"": {""$oid"": ""000100000000000000000027""}, ""depuis"": {""$date"": ""2026-08-18T23:41:00Z""}, ""nb_messages"": 0}, {""ami_id"": {""$oid"": ""00010000000000000000006b""}, ""depuis"": {""$date"": ""2026-08-28T22:28:00Z""}, ""nb_messages"": 0}, {""ami_id"": {""$oid"": ""000100000000000000000064""}, ""depuis"": {""$date"": ""2026-09-10T16:04:00Z""}, ""nb_messages"": 0}]";"000200000000000000000002;000200000000000000000005;000200000000000000000008;00020000000000000000000a;00020000000000000000000b;000200000000000000000012;000200000000000000000015;000200000000000000000019;00020000000000000000001a;00020000000000000000001b";True;False;membre;
000100000000000000000011;USR-0017;bello_237;;Bello;Nadege;;Etudiant le jour, reveur la nuit.;Garoua;Nord;2025-02-24 03:00:00;17;F;ecolier / etudiant;timide_reseau;"education;productivite";"[{""ami_id"": {""$oid"": ""00010000000000000000006f""}, ""depuis"": {""$date"": ""2025-09-01T20:07:00Z""}, ""nb_messages"": 0}, {""ami_id"": {""$oid"": ""000100000000000000000001""}, ""depuis"": {""$date"": ""2025-12-30T09:41:00Z""}, ""nb_messages"": 14}, {""ami_id"": {""$oid"": ""00010000000000000000006c""}, ""depuis"": {""$date"": ""2026-03-25T14:54:00Z""}, ""nb_messages"": 0}]";"000200000000000000000006;000200000000000000000007;00020000000000000000000a;00020000000000000000000f;000200000000000000000018;00020000000000000000001b";True;True;membre;
000100000000000000000012;USR-0018;esso_237;;Essomba;Kevin;;Curieux de tout, expert en rien.;Douala;Littoral;2025-05-07 00:08:00;26;M;ecolier / etudiant;normal;"philosophie;histoire;productivite";"[{""ami_id"": {""$oid"": ""000100000000000000000075""}, ""depuis"": {""$date"": ""2025-05-27T23:52:00Z""}, ""nb_messages"": 0}, {""ami_id"": {""$oid"": ""00010000000000000000008e""}, ""depuis"": {""$date"": ""2025-06-05T13:29:00Z""}, ""nb_messages"": 0}, {""ami_id"": {""$oid"": ""000100000000000000000003""}, ""depuis"": {""$date"": ""2025-06-19T03:45:00Z""}, ""nb_messages"": 0}, {""ami_id"": {""$oid"": ""000100000000000000000084""}, ""depuis"": {""$date"": ""2025-07-04T15:19:00Z""}, ""nb_messages"": 0}, {""ami_id"": {""$oid"": ""000100000000000000000014""}, ""depuis"": {""$date"": ""2025-09-21T03:25:00Z""}, ""nb_messages"": 0}, {""ami_id"": {""$oid"": ""000100000000000000000022""}, ""depuis"": {""$date"": ""2025-11-19T16:02:00Z""}, ""nb_messages"": 0}, {""ami_id"": {""$oid"": ""00010000000000000000006b""}, ""depuis"": {""$date"": ""2025-12-20T07:24:00Z""}, ""nb_messages"": 0}, {""ami_id"": {""$oid"": ""000100000000000000000096""}, ""depuis"": {""$date"": ""2026-01-06T21:44:00Z""}, ""nb_messages"": 0}, {""ami_id"": {""$oid"": ""000100000000000000000087""}, ""depuis"": {""$date"": ""2026-01-23T16:46:00Z""}, ""nb_messages"": 0}, {""ami_id"": {""$oid"": ""00010000000000000000007a""}, ""depuis"": {""$date"": ""2026-03-15T03:31:00Z""}, ""nb_messages"": 0}, {""ami_id"": {""$oid"": ""000100000000000000000089""}, ""depuis"": {""$date"": ""2026-03-25T14:00:00Z""}, ""nb_messages"": 9}, {""ami_id"": {""$oid"": ""000100000000000000000037""}, ""depuis"": {""$date"": ""2026-03-25T22:25:00Z""}, ""nb_messages"": 0}, {""ami_id"": {""$oid"": ""00010000000000000000006c""}, ""depuis"": {""$date"": ""2026-05-15T01:44:00Z""}, ""nb_messages"": 0}, {""ami_id"": {""$oid"": ""000100000000000000000077""}, ""depuis"": {""$date"": ""2026-07-30T10:40:00Z""}, ""nb_messages"": 12}, {""ami_id"": {""$oid"": ""000100000000000000000092""}, ""depuis"": {""$date"": ""2026-09-27T11:53:00Z""}, ""nb_messages"": 0}]";"000200000000000000000004;000200000000000000000005;000200000000000000000006;000200000000000000000007;00020000000000000000000e;00020000000000000000000f;000200000000000000000012;00020000000000000000001a;00020000000000000000001b";True;False;membre;
000100000000000000000013;USR-0019;onana_237;;Onana;Larissa;;Fier d'etre camerounais.;Bafoussam;Ouest;2023-07-17 23:30:00;19;F;ecolier / etudiant;normal;education;"[{""ami_id"": {""$oid"": ""00010000000000000000003e""}, ""depuis"": {""$date"": ""2023-12-26T08:00:00Z""}, ""nb_messages"": 0}, {""ami_id"": {""$oid"": ""000100000000000000000026""}, ""depuis"": {""$date"": ""2024-11-05T08:25:00Z""}, ""nb_messages"": 0}, {""ami_id"": {""$oid"": ""000100000000000000000069""}, ""depuis"": {""$date"": ""2025-03-25T03:54:00Z""}, ""nb_messages"": 0}, {""ami_id"": {""$oid"": ""000100000000000000000092""}, ""depuis"": {""$date"": ""2025-03-29T11:14:00Z""}, ""nb_messages"": 0}, {""ami_id"": {""$oid"": ""00010000000000000000006c""}, ""depuis"": {""$date"": ""2025-04-14T00:48:00Z""}, ""nb_messages"": 0}, {""ami_id"": {""$oid"": ""000100000000000000000057""}, ""depuis"": {""$date"": ""2025-05-06T12:23:00Z""}, ""nb_messages"": 10}, {""ami_id"": {""$oid"": ""00010000000000000000003c""}, ""depuis"": {""$date"": ""2025-05-24T16:50:00Z""}, ""nb_messages"": 0}, {""ami_id"": {""$oid"": ""000100000000000000000005""}, ""depuis"": {""$date"": ""2025-09-09T11:18:00Z""}, ""nb_messages"": 0}, {""ami_id"": {""$oid"": ""000100000000000000000075""}, ""depuis"": {""$date"": ""2025-10-23T07:24:00Z""}, ""nb_messages"": 0}, {""ami_id"": {""$oid"": ""000100000000000000000037""}, ""depuis"": {""$date"": ""2025-11-26T21:43:00Z""}, ""nb_messages"": 3}, {""ami_id"": {""$oid"": ""000100000000000000000065""}, ""depuis"": {""$date"": ""2025-12-11T05:58:00Z""}, ""nb_messages"": 0}, {""ami_id"": {""$oid"": ""00010000000000000000008a""}, ""depuis"": {""$date"": ""2026-04-23T11:41:00Z""}, ""nb_messages"": 0}, {""ami_id"": {""$oid"": ""00010000000000000000005a""}, ""depuis"": {""$date"": ""2026-05-29T10:03:00Z""}, ""nb_messages"": 0}, {""ami_id"": {""$oid"": ""000100000000000000000043""}, ""depuis"": {""$date"": ""2026-07-14T10:02:00Z""}, ""nb_messages"": 0}, {""ami_id"": {""$oid"": ""000100000000000000000066""}, ""depuis"": {""$date"": ""2026-10-01T02:38:00Z""}, ""nb_messages"": 0}]";"000200000000000000000002;000200000000000000000007;00020000000000000000000a;00020000000000000000000e;000200000000000000000015;000200000000000000000018;000200000000000000000019;00020000000000000000001a;00020000000000000000001b;00020000000000000000001d";True;False;membre;
000100000000000000000014;USR-0020;mvo_enspd;;Mvondo;Michelle;;La vie est un voyage, profitez du trajet.;Douala;Littoral;2024-09-23 06:50:00;24;F;ecolier / etudiant;influenceur;"voyage;aventure;technologie";"[{""ami_id"": {""$oid"": ""000100000000000000000054""}, ""depuis"": {""$date"": ""2024-10-07T05:56:00Z""}, ""nb_messages"": 0}, {""ami_id"": {""$oid"": ""000100000000000000000037""}, ""depuis"": {""$date"": ""2024-11-05T13:11:00Z""}, ""nb_messages"": 0}, {""ami_id"": {""$oid"": ""00010000000000000000008e""}, ""depuis"": {""$date"": ""2025-02-11T09:40:00Z""}, ""nb_messages"": 0}, {""ami_id"": {""$oid"": ""000100000000000000000042""}, ""depuis"": {""$date"": ""2025-02-25T04:18:00Z""}, ""nb_messages"": 0}, {""ami_id"": {""$oid"": ""000100000000000000000022""}, ""depuis"": {""$date"": ""2025-02-25T23:48:00Z""}, ""nb_messages"": 0}, {""ami_id"": {""$oid"": ""000100000000000000000026""}, ""depuis"": {""$date"": ""2025-03-21T22:10:00Z""}, ""nb_messages"": 0}, {""ami_id"": {""$oid"": ""00010000000000000000006b""}, ""depuis"": {""$date"": ""2025-06-27T16:49:00Z""}, ""nb_messages"": 0}, {""ami_id"": {""$oid"": ""000100000000000000000033""}, ""depuis"": {""$date"": ""2025-07-18T12:22:00Z""}, ""nb_messages"": 0}, {""ami_id"": {""$oid"": ""000100000000000000000036""}, ""depuis"": {""$date"": ""2025-08-03T07:26:00Z""}, ""nb_messages"": 0}, {""ami_id"": {""$oid"": ""00010000000000000000002a""}, ""depuis"": {""$date"": ""2025-08-22T09:02:00Z""}, ""nb_messages"": 14}, {""ami_id"": {""$oid"": ""000100000000000000000059""}, ""depuis"": {""$date"": ""2025-09-10T01:26:00Z""}, ""nb_messages"": 3}, {""ami_id"": {""$oid"": ""000100000000000000000012""}, ""depuis"": {""$date"": ""2025-09-21T03:25:00Z""}, ""nb_messages"": 0}, {""ami_id"": {""$oid"": ""000100000000000000000086""}, ""depuis"": {""$date"": ""2025-10-16T17:40:00Z""}, ""nb_messages"": 0}, {""ami_id"": {""$oid"": ""000100000000000000000084""}, ""depuis"": {""$date"": ""2025-10-28T22:34:00Z""}, ""nb_messages"": 0}, {""ami_id"": {""$oid"": ""00010000000000000000005a""}, ""depuis"": {""$date"": ""2025-11-03T17:20:00Z""}, ""nb_messages"": 0}, {""ami_id"": {""$oid"": ""000100000000000000000080""}, ""depuis"": {""$date"": ""2025-12-15T14:00:00Z""}, ""nb_messages"": 4}, {""ami_id"": {""$oid"": ""00010000000000000000003e""}, ""depuis"": {""$date"": ""2026-01-21T05:10:00Z""}, ""nb_messages"": 0}, {""ami_id"": {""$oid"": ""000100000000000000000010""}, ""depuis"": {""$date"": ""2026-02-07T15:47:00Z""}, ""nb_messages"": 11}, {""ami_id"": {""$oid"": ""000100000000000000000005""}, ""depuis"": {""$date"": ""2026-02-13T14:13:00Z""}, ""nb_messages"": 0}, {""ami_id"": {""$oid"": ""000100000000000000000081""}, ""depuis"": {""$date"": ""2026-03-26T07:42:00Z""}, ""nb_messages"": 0}, {""ami_id"": {""$oid"": ""00010000000000000000002b""}, ""depuis"": {""$date"": ""2026-03-31T20:24:00Z""}, ""nb_messages"": 0}, {""ami_id"": {""$oid"": ""000100000000000000000028""}, ""depuis"": {""$date"": ""2026-05-08T19:00:00Z""}, ""nb_messages"": 0}, {""ami_id"": {""$oid"": ""000100000000000000000020""}, ""depuis"": {""$date"": ""2026-05-12T18:15:00Z""}, ""nb_messages"": 0}, {""ami_id"": {""$oid"": ""00010000000000000000008b""}, ""depuis"": {""$date"": ""2026-05-25T07:44:00Z""}, ""nb_messages"": 0}, {""ami_id"": {""$oid"": ""000100000000000000000065""}, ""depuis"": {""$date"": ""2026-06-12T06:45:00Z""}, ""nb_messages"": 3}, {""ami_id"": {""$oid"": ""00010000000000000000007e""}, ""depuis"": {""$date"": ""2026-06-15T23:28:00Z""}, ""nb_messages"": 0}, {""ami_id"": {""$oid"": ""000100000000000000000027""}, ""depuis"": {""$date"": ""2026-07-31T08:21:00Z""}, ""nb_messages"": 0}, {""ami_id"": {""$oid"": ""000100000000000000000043""}, ""depuis"": {""$date"": ""2026-08-05T01:35:00Z""}, ""nb_messages"": 14}, {""ami_id"": {""$oid"": ""00010000000000000000007f""}, ""depuis"": {""$date"": ""2026-08-07T01:50:00Z""}, ""nb_messages"": 0}, {""ami_id"": {""$oid"": ""000100000000000000000018""}, ""depuis"": {""$date"": ""2026-09-15T01:04:00Z""}, ""nb_messages"": 0}, {""ami_id"": {""$oid"": ""000100000000000000000053""}, ""depuis"": {""$date"": ""2026-09-21T18:36:00Z""}, ""nb_messages"": 0}, {""ami_id"": {""$oid"": ""00010000000000000000004d""}, ""depuis"": {""$date"": ""2026-09-26T06:09:00Z""}, ""nb_messages"": 6}]";"000200000000000000000005;000200000000000000000006;000200000000000000000007;000200000000000000000008;00020000000000000000000a;00020000000000000000000f;000200000000000000000013;000200000000000000000016;00020000000000000000001b;00020000000000000000001c";False;False;membre;
000100000000000000000015;USR-0021;biyo_dla;;Biyong;Paul;;Amoureux de la nature et de la musique.;Buea;Sud-Ouest;2024-02-19 11:14:00;19;M;ecolier / etudiant;timide_reseau;nature;"[{""ami_id"": {""$oid"": ""000100000000000000000031""}, ""depuis"": {""$date"": ""2024-03-10T01:01:00Z""}, ""nb_messages"": 0}, {""ami_id"": {""$oid"": ""00010000000000000000000f""}, ""depuis"": {""$date"": ""2025-08-31T05:11:00Z""}, ""nb_messages"": 10}, {""ami_id"": {""$oid"": ""000100000000000000000085""}, ""depuis"": {""$date"": ""2025-09-06T19:50:00Z""}, ""nb_messages"": 0}, {""ami_id"": {""$oid"": ""00010000000000000000003f""}, ""depuis"": {""$date"": ""2025-11-23T04:59:00Z""}, ""nb_messages"": 0}, {""ami_id"": {""$oid"": ""000100000000000000000058""}, ""depuis"": {""$date"": ""2026-01-18T00:38:00Z""}, ""nb_messages"": 0}, {""ami_id"": {""$oid"": ""000100000000000000000027""}, ""depuis"": {""$date"": ""2026-04-24T21:51:00Z""}, ""nb_messages"": 0}, {""ami_id"": {""$oid"": ""00010000000000000000004d""}, ""depuis"": {""$date"": ""2026-05-20T13:25:00Z""}, ""nb_messages"": 0}, {""ami_id"": {""$oid"": ""000100000000000000000018""}, ""depuis"": {""$date"": ""2026-08-21T01:57:00Z""}, ""nb_messages"": 0}]";"000200000000000000000004;000200000000000000000005;000200000000000000000007;00020000000000000000000b;00020000000000000000000e;000200000000000000000012;000200000000000000000013;000200000000000000000015;000200000000000000000016;000200000000000000000019;00020000000000000000001b;00020000000000000000001e";True;True;membre;
000100000000000000000016;USR-0022;abena_237;;Abena;Arnaud;;Amoureux de la nature et de la musique.;Yaounde;Centre;2023-02-06 18:16:00;21;M;ecolier / etudiant;timide_reseau;"aventure;philosophie;mode";"[{""ami_id"": {""$oid"": ""00010000000000000000008b""}, ""depuis"": {""$date"": ""2025-04-02T23:57:00Z""}, ""nb_messages"": 0}, {""ami_id"": {""$oid"": ""000100000000000000000026""}, ""depuis"": {""$date"": ""2025-07-16T02:00:00Z""}, ""nb_messages"": 0}, {""ami_id"": {""$oid"": ""00010000000000000000003a""}, ""depuis"": {""$date"": ""2026-02-15T16:44:00Z""}, ""nb_messages"": 0}, {""ami_id"": {""$oid"": ""000100000000000000000087""}, ""depuis"": {""$date"": ""2026-03-01T18:14:00Z""}, ""nb_messages"": 0}, {""ami_id"": {""$oid"": ""000100000000000000000029""}, ""depuis"": {""$date"": ""2026-05-09T04:04:00Z""}, ""nb_messages"": 0}, {""ami_id"": {""$oid"": ""000100000000000000000025""}, ""depuis"": {""$date"": ""2026-05-26T00:56:00Z""}, ""nb_messages"": 0}, {""ami_id"": {""$oid"": ""000100000000000000000034""}, ""depuis"": {""$date"": ""2026-06-03T08:04:00Z""}, ""nb_messages"": 0}, {""ami_id"": {""$oid"": ""000100000000000000000081""}, ""depuis"": {""$date"": ""2026-06-29T00:47:00Z""}, ""nb_messages"": 0}]";;True;True;membre;
000100000000000000000017;USR-0023;owona_dla;;Owona;Franck;;Un cafe, un ordinateur, des projets.;Dschang;Ouest;2023-02-12 21:01:00;47;M;employe;normal;education;"[{""ami_id"": {""$oid"": ""00010000000000000000005d""}, ""depuis"": {""$date"": ""2024-03-28T16:52:00Z""}, ""nb_messages"": 0}, {""ami_id"": {""$oid"": ""00010000000000000000007d""}, ""depuis"": {""$date"": ""2024-10-27T10:20:00Z""}, ""nb_messages"": 5}, {""ami_id"": {""$oid"": ""00010000000000000000008f""}, ""depuis"": {""$date"": ""2024-12-15T00:07:00Z""}, ""nb_messages"": 0}, {""ami_id"": {""$oid"": ""000100000000000000000084""}, ""depuis"": {""$date"": ""2025-07-02T12:30:00Z""}, ""nb_messages"": 0}, {""ami_id"": {""$oid"": ""000100000000000000000062""}, ""depuis"": {""$date"": ""2025-10-30T05:55:00Z""}, ""nb_messages"": 0}, {""ami_id"": {""$oid"": ""00010000000000000000003a""}, ""depuis"": {""$date"": ""2025-11-25T23:27:00Z""}, ""nb_messages"": 0}, {""ami_id"": {""$oid"": ""00010000000000000000005c""}, ""depuis"": {""$date"": ""2026-06-16T03:56:00Z""}, ""nb_messages"": 0}, {""ami_id"": {""$oid"": ""000100000000000000000030""}, ""depuis"": {""$date"": ""2026-08-19T23:03:00Z""}, ""nb_messages"": 14}]";"000200000000000000000002;000200000000000000000004;000200000000000000000007;00020000000000000000000b;00020000000000000000000f;000200000000000000000019;00020000000000000000001a";True;False;membre;
000100000000000000000018;USR-0024;manga_enspd;;Manga;Kevin;;Fier d'etre camerounais.;Yaounde;Centre;2025-07-30 17:06:00;20;M;ecolier / etudiant;timide_reseau;"nature;philosophie;aventure";"[{""ami_id"": {""$oid"": ""000100000000000000000080""}, ""depuis"": {""$date"": ""2025-10-29T20:47:00Z""}, ""nb_messages"": 0}, {""ami_id"": {""$oid"": ""000100000000000000000044""}, ""depuis"": {""$date"": ""2026-01-10T08:16:00Z""}, ""nb_messages"": 0}, {""ami_id"": {""$oid"": ""00010000000000000000002a""}, ""depuis"": {""$date"": ""2026-03-29T10:10:00Z""}, ""nb_messages"": 5}, {""ami_id"": {""$oid"": ""00010000000000000000007a""}, ""depuis"": {""$date"": ""2026-05-04T20:48:00Z""}, ""nb_messages"": 0}, {""ami_id"": {""$oid"": ""00010000000000000000003c""}, ""depuis"": {""$date"": ""2026-07-07T17:57:00Z""}, ""nb_messages"": 0}, {""ami_id"": {""$oid"": ""000100000000000000000015""}, ""depuis"": {""$date"": ""2026-08-21T01:57:00Z""}, ""nb_messages"": 0}, {""ami_id"": {""$oid"": ""000100000000000000000041""}, ""depuis"": {""$date"": ""2026-09-05T11:55:00Z""}, ""nb_messages"": 0}, {""ami_id"": {""$oid"": ""000100000000000000000014""}, ""depuis"": {""$date"": ""2026-09-15T01:04:00Z""}, ""nb_messages"": 0}]";"000200000000000000000006;000200000000000000000009;000200000000000000000018;000200000000000000000019;00020000000000000000001a;00020000000000000000001b";True;False;membre;
000100000000000000000019;USR-0025;eyenga_dla;;Eyenga;Prisca;;Amoureux de la nature et de la musique.;Garoua;Nord;2024-07-19 19:09:00;75;F;retraite;timide_reseau;"nature;mode";"[{""ami_id"": {""$oid"": ""00010000000000000000007c""}, ""depuis"": {""$date"": ""2024-09-20T14:32:00Z""}, ""nb_messages"": 5}, {""ami_id"": {""$oid"": ""000100000000000000000054""}, ""depuis"": {""$date"": ""2024-10-11T23:51:00Z""}, ""nb_messages"": 0}, {""ami_id"": {""$oid"": ""00010000000000000000002a""}, ""depuis"": {""$date"": ""2024-11-14T07:26:00Z""}, ""nb_messages"": 0}, {""ami_id"": {""$oid"": ""000100000000000000000064""}, ""depuis"": {""$date"": ""2024-12-21T03:13:00Z""}, ""nb_messages"": 2}, {""ami_id"": {""$oid"": ""00010000000000000000004f""}, ""depuis"": {""$date"": ""2025-02-16T23:11:00Z""}, ""nb_messages"": 0}, {""ami_id"": {""$oid"": ""000100000000000000000073""}, ""depuis"": {""$date"": ""2025-08-19T19:12:00Z""}, ""nb_messages"": 0}, {""ami_id"": {""$oid"": ""00010000000000000000001e""}, ""depuis"": {""$date"": ""2026-04-13T14:05:00Z""}, ""nb_messages"": 0}, {""ami_id"": {""$oid"": ""000100000000000000000096""}, ""depuis"": {""$date"": ""2026-07-19T22:54:00Z""}, ""nb_messages"": 0}]";"000200000000000000000001;00020000000000000000000a;00020000000000000000000c;00020000000000000000000f;000200000000000000000019;00020000000000000000001a;00020000000000000000001b;00020000000000000000001c";False;False;membre;
00010000000000000000001a;USR-0026;nanga_enspd;;Nanga;Vanessa;;Un cafe, un ordinateur, des projets.;Yaounde;Centre;2024-09-17 02:34:00;74;F;retraite;timide_reseau;"education;histoire;voyage";"[{""ami_id"": {""$oid"": ""00010000000000000000003f""}, ""depuis"": {""$date"": ""2025-08-24T10:34:00Z""}, ""nb_messages"": 0}, {""ami_id"": {""$oid"": ""000100000000000000000067""}, ""depuis"": {""$date"": ""2026-01-02T12:49:00Z""}, ""nb_messages"": 0}, {""ami_id"": {""$oid"": ""000100000000000000000001""}, ""depuis"": {""$date"": ""2026-01-25T16:24:00Z""}, ""nb_messages"": 10}, {""ami_id"": {""$oid"": ""000100000000000000000022""}, ""depuis"": {""$date"": ""2026-05-13T13:23:00Z""}, ""nb_messages"": 9}, {""ami_id"": {""$oid"": ""000100000000000000000053""}, ""depuis"": {""$date"": ""2026-07-15T07:01:00Z""}, ""nb_messages"": 0}]";"000200000000000000000001;000200000000000000000005;000200000000000000000007;000200000000000000000011;000200000000000000000014;000200000000000000000019;00020000000000000000001a;00020000000000000000001e";True;False;membre;
00010000000000000000001b;USR-0027;ndon_enspd;;Ndongo;Hans;;La vie est un voyage, profitez du trajet.;Bafoussam;Ouest;2023-01-01 15:08:00;33;M;employe;normal;"education;aventure";"[{""ami_id"": {""$oid"": ""000100000000000000000088""}, ""depuis"": {""$date"": ""2024-07-22T10:51:00Z""}, ""nb_messages"": 13}, {""ami_id"": {""$oid"": ""000100000000000000000075""}, ""depuis"": {""$date"": ""2025-03-11T08:46:00Z""}, ""nb_messages"": 0}, {""ami_id"": {""$oid"": ""000100000000000000000035""}, ""depuis"": {""$date"": ""2025-12-14T00:26:00Z""}, ""nb_messages"": 4}, {""ami_id"": {""$oid"": ""000100000000000000000062""}, ""depuis"": {""$date"": ""2026-02-18T02:02:00Z""}, ""nb_messages"": 0}, {""ami_id"": {""$oid"": ""00010000000000000000002c""}, ""depuis"": {""$date"": ""2026-03-13T12:32:00Z""}, ""nb_messages"": 0}, {""ami_id"": {""$oid"": ""000100000000000000000069""}, ""depuis"": {""$date"": ""2026-05-13T08:24:00Z""}, ""nb_messages"": 0}, {""ami_id"": {""$oid"": ""000100000000000000000067""}, ""depuis"": {""$date"": ""2026-07-24T04:53:00Z""}, ""nb_messages"": 0}, {""ami_id"": {""$oid"": ""000100000000000000000033""}, ""depuis"": {""$date"": ""2026-08-28T06:28:00Z""}, ""nb_messages"": 0}, {""ami_id"": {""$oid"": ""000100000000000000000066""}, ""depuis"": {""$date"": ""2026-10-01T06:23:00Z""}, ""nb_messages"": 0}]";"000200000000000000000004;000200000000000000000007;000200000000000000000009;000200000000000000000011;000200000000000000000015";True;False;membre;
00010000000000000000001c;USR-0028;ateba_dla;;Ateba;Guy;;Ici pour partager de bons moments.;Yaounde;Centre;2025-10-20 11:44:00;35;M;employe;timide_reseau;education;"[{""ami_id"": {""$oid"": ""000100000000000000000053""}, ""depuis"": {""$date"": ""2025-12-06T06:17:00Z""}, ""nb_messages"": 8}, {""ami_id"": {""$oid"": ""000100000000000000000022""}, ""depuis"": {""$date"": ""2025-12-09T11:52:00Z""}, ""nb_messages"": 0}, {""ami_id"": {""$oid"": ""000100000000000000000045""}, ""depuis"": {""$date"": ""2026-04-19T15:50:00Z""}, ""nb_messages"": 0}, {""ami_id"": {""$oid"": ""00010000000000000000004d""}, ""depuis"": {""$date"": ""2026-07-06T01:27:00Z""}, ""nb_messages"": 0}, {""ami_id"": {""$oid"": ""000100000000000000000040""}, ""depuis"": {""$date"": ""2026-08-03T07:38:00Z""}, ""nb_messages"": 2}, {""ami_id"": {""$oid"": ""00010000000000000000007b""}, ""depuis"": {""$date"": ""2026-08-27T23:38:00Z""}, ""nb_messages"": 0}, {""ami_id"": {""$oid"": ""000100000000000000000096""}, ""depuis"": {""$date"": ""2026-09-29T20:46:00Z""}, ""nb_messages"": 0}]";"000200000000000000000003;000200000000000000000004;000200000000000000000007;000200000000000000000009;00020000000000000000000e;000200000000000000000011;000200000000000000000019;00020000000000000000001a;00020000000000000000001b";True;False;membre;
00010000000000000000001d;USR-0029;bikoe_237;;Bikoe;Ibrahim;;Amoureux de la nature et de la musique.;Dschang;Ouest;2023-08-17 21:45:00;37;M;employe;timide_reseau;productivite;"[{""ami_id"": {""$oid"": ""000100000000000000000001""}, ""depuis"": {""$date"": ""2023-11-30T20:38:00Z""}, ""nb_messages"": 16}, {""ami_id"": {""$oid"": ""00010000000000000000006e""}, ""depuis"": {""$date"": ""2024-08-31T05:41:00Z""}, ""nb_messages"": 8}, {""ami_id"": {""$oid"": ""000100000000000000000046""}, ""depuis"": {""$date"": ""2025-06-10T01:07:00Z""}, ""nb_messages"": 0}, {""ami_id"": {""$oid"": ""000100000000000000000040""}, ""depuis"": {""$date"": ""2026-02-23T23:18:00Z""}, ""nb_messages"": 0}, {""ami_id"": {""$oid"": ""000100000000000000000076""}, ""depuis"": {""$date"": ""2026-08-01T04:10:00Z""}, ""nb_messages"": 0}, {""ami_id"": {""$oid"": ""00010000000000000000008a""}, ""depuis"": {""$date"": ""2026-08-05T12:26:00Z""}, ""nb_messages"": 0}]";"000200000000000000000007;000200000000000000000009;000200000000000000000019";True;True;membre;
00010000000000000000001e;USR-0030;zang_dla;;Zang;Sorelle;;Fier d'etre camerounais.;Douala;Littoral;2025-02-06 23:43:00;58;F;employe;timide_reseau;"aventure;voyage";"[{""ami_id"": {""$oid"": ""000100000000000000000092""}, ""depuis"": {""$date"": ""2025-08-07T22:45:00Z""}, ""nb_messages"": 0}, {""ami_id"": {""$oid"": ""000100000000000000000041""}, ""depuis"": {""$date"": ""2026-02-17T07:32:00Z""}, ""nb_messages"": 0}, {""ami_id"": {""$oid"": ""000100000000000000000019""}, ""depuis"": {""$date"": ""2026-04-13T14:05:00Z""}, ""nb_messages"": 0}, {""ami_id"": {""$oid"": ""00010000000000000000002f""}, ""depuis"": {""$date"": ""2026-06-29T06:27:00Z""}, ""nb_messages"": 13}, {""ami_id"": {""$oid"": ""000100000000000000000035""}, ""depuis"": {""$date"": ""2026-08-11T20:43:00Z""}, ""nb_messages"": 0}, {""ami_id"": {""$oid"": ""000100000000000000000076""}, ""depuis"": {""$date"": ""2026-08-29T09:07:00Z""}, ""nb_messages"": 0}, {""ami_id"": {""$oid"": ""000100000000000000000085""}, ""depuis"": {""$date"": ""2026-09-11T02:03:00Z""}, ""nb_messages"": 0}, {""ami_id"": {""$oid"": ""000100000000000000000059""}, ""depuis"": {""$date"": ""2026-09-20T18:27:00Z""}, ""nb_messages"": 6}, {""ami_id"": {""$oid"": ""00010000000000000000004a""}, ""depuis"": {""$date"": ""2026-09-30T22:32:00Z""}, ""nb_messages"": 8}]";"000200000000000000000002;00020000000000000000001b";False;True;membre;
00010000000000000000001f;USR-0031;mebenga_dla;;Mebenga;Grace;;Curieux de tout, expert en rien.;Buea;Sud-Ouest;2023-03-20 00:16:00;33;F;employe;timide_reseau;"aventure;nature;foi";"[{""ami_id"": {""$oid"": ""000100000000000000000024""}, ""depuis"": {""$date"": ""2024-09-18T05:00:00Z""}, ""nb_messages"": 0}, {""ami_id"": {""$oid"": ""00010000000000000000008f""}, ""depuis"": {""$date"": ""2025-05-02T10:42:00Z""}, ""nb_messages"": 6}, {""ami_id"": {""$oid"": ""000100000000000000000069""}, ""depuis"": {""$date"": ""2025-08-27T21:04:00Z""}, ""nb_messages"": 2}, {""ami_id"": {""$oid"": ""00010000000000000000002e""}, ""depuis"": {""$date"": ""2026-09-28T08:29:00Z""}, ""nb_messages"": 0}]";"000200000000000000000004;000200000000000000000006;00020000000000000000000c;00020000000000000000000e;000200000000000000000011;000200000000000000000013;000200000000000000000015;000200000000000000000019;00020000000000000000001a;00020000000000000000001b";True;True;membre;
000100000000000000000020;USR-0032;ebogo_dla;;Ebogo;Eric;;Fier d'etre camerounais.;Buea;Sud-Ouest;2025-05-01 02:08:00;77;M;retraite;influenceur;"voyage;foi";"[{""ami_id"": {""$oid"": ""000100000000000000000055""}, ""depuis"": {""$date"": ""2025-05-11T16:32:00Z""}, ""nb_messages"": 0}, {""ami_id"": {""$oid"": ""000100000000000000000037""}, ""depuis"": {""$date"": ""2025-05-26T05:32:00Z""}, ""nb_messages"": 6}, {""ami_id"": {""$oid"": ""000100000000000000000068""}, ""depuis"": {""$date"": ""2025-07-23T12:38:00Z""}, ""nb_messages"": 0}, {""ami_id"": {""$oid"": ""00010000000000000000005a""}, ""depuis"": {""$date"": ""2025-07-27T12:30:00Z""}, ""nb_messages"": 2}, {""ami_id"": {""$oid"": ""00010000000000000000003e""}, ""depuis"": {""$date"": ""2025-07-28T19:16:00Z""}, ""nb_messages"": 0}, {""ami_id"": {""$oid"": ""000100000000000000000084""}, ""depuis"": {""$date"": ""2025-07-29T23:49:00Z""}, ""nb_messages"": 5}, {""ami_id"": {""$oid"": ""00010000000000000000007b""}, ""depuis"": {""$date"": ""2025-09-15T06:55:00Z""}, ""nb_messages"": 0}, {""ami_id"": {""$oid"": ""00010000000000000000007f""}, ""depuis"": {""$date"": ""2025-10-03T23:29:00Z""}, ""nb_messages"": 14}, {""ami_id"": {""$oid"": ""000100000000000000000064""}, ""depuis"": {""$date"": ""2025-10-04T15:55:00Z""}, ""nb_messages"": 7}, {""ami_id"": {""$oid"": ""00010000000000000000002a""}, ""depuis"": {""$date"": ""2025-12-01T05:39:00Z""}, ""nb_messages"": 0}, {""ami_id"": {""$oid"": ""000100000000000000000086""}, ""depuis"": {""$date"": ""2026-01-30T17:55:00Z""}, ""nb_messages"": 0}, {""ami_id"": {""$oid"": ""000100000000000000000033""}, ""depuis"": {""$date"": ""2026-02-13T00:54:00Z""}, ""nb_messages"": 0}, {""ami_id"": {""$oid"": ""000100000000000000000071""}, ""depuis"": {""$date"": ""2026-03-05T08:19:00Z""}, ""nb_messages"": 0}, {""ami_id"": {""$oid"": ""000100000000000000000006""}, ""depuis"": {""$date"": ""2026-04-03T07:00:00Z""}, ""nb_messages"": 0}, {""ami_id"": {""$oid"": ""000100000000000000000022""}, ""depuis"": {""$date"": ""2026-04-20T01:52:00Z""}, ""nb_messages"": 0}, {""ami_id"": {""$oid"": ""000100000000000000000014""}, ""depuis"": {""$date"": ""2026-05-12T18:15:00Z""}, ""nb_messages"": 0}, {""ami_id"": {""$oid"": ""00010000000000000000006b""}, ""depuis"": {""$date"": ""2026-06-23T22:42:00Z""}, ""nb_messages"": 0}, {""ami_id"": {""$oid"": ""000100000000000000000028""}, ""depuis"": {""$date"": ""2026-07-01T18:06:00Z""}, ""nb_messages"": 0}, {""ami_id"": {""$oid"": ""000100000000000000000042""}, ""depuis"": {""$date"": ""2026-07-02T23:02:00Z""}, ""nb_messages"": 0}, {""ami_id"": {""$oid"": ""00010000000000000000008e""}, ""depuis"": {""$date"": ""2026-08-15T10:53:00Z""}, ""nb_messages"": 0}, {""ami_id"": {""$oid"": ""000100000000000000000076""}, ""depuis"": {""$date"": ""2026-08-24T08:57:00Z""}, ""nb_messages"": 0}, {""ami_id"": {""$oid"": ""00010000000000000000007e""}, ""depuis"": {""$date"": ""2026-09-05T12:10:00Z""}, ""nb_messages"": 0}, {""ami_id"": {""$oid"": ""000100000000000000000081""}, ""depuis"": {""$date"": ""2026-09-09T20:56:00Z""}, ""nb_messages"": 4}, {""ami_id"": {""$oid"": ""00010000000000000000004a""}, ""depuis"": {""$date"": ""2026-09-19T03:18:00Z""}, ""nb_messages"": 0}, {""ami_id"": {""$oid"": ""000100000000000000000035""}, ""depuis"": {""$date"": ""2026-09-27T06:44:00Z""}, ""nb_messages"": 12}, {""ami_id"": {""$oid"": ""000100000000000000000059""}, ""depuis"": {""$date"": ""2026-09-27T09:51:00Z""}, ""nb_messages"": 0}]";"000200000000000000000005;00020000000000000000000c;000200000000000000000013;00020000000000000000001a;00020000000000000000001e";True;False;membre;
000100000000000000000021;USR-0033;nkou_enspd;;Nkoulou;Eric;;Toujours en train d'apprendre quelque chose.;Dschang;Ouest;2026-01-13 10:52:00;53;M;employe;normal;"aventure;education";"[{""ami_id"": {""$oid"": ""000100000000000000000096""}, ""depuis"": {""$date"": ""2026-03-09T23:56:00Z""}, ""nb_messages"": 0}, {""ami_id"": {""$oid"": ""000100000000000000000072""}, ""depuis"": {""$date"": ""2026-03-15T19:23:00Z""}, ""nb_messages"": 0}, {""ami_id"": {""$oid"": ""00010000000000000000003d""}, ""depuis"": {""$date"": ""2026-03-29T05:38:00Z""}, ""nb_messages"": 0}, {""ami_id"": {""$oid"": ""000100000000000000000059""}, ""depuis"": {""$date"": ""2026-04-20T20:50:00Z""}, ""nb_messages"": 0}, {""ami_id"": {""$oid"": ""000100000000000000000005""}, ""depuis"": {""$date"": ""2026-05-09T13:49:00Z""}, ""nb_messages"": 13}, {""ami_id"": {""$oid"": ""000100000000000000000079""}, ""depuis"": {""$date"": ""2026-05-28T20:05:00Z""}, ""nb_messages"": 0}, {""ami_id"": {""$oid"": ""000100000000000000000081""}, ""depuis"": {""$date"": ""2026-06-04T01:05:00Z""}, ""nb_messages"": 0}, {""ami_id"": {""$oid"": ""00010000000000000000008e""}, ""depuis"": {""$date"": ""2026-07-01T21:21:00Z""}, ""nb_messages"": 0}, {""ami_id"": {""$oid"": ""000100000000000000000028""}, ""depuis"": {""$date"": ""2026-07-15T12:38:00Z""}, ""nb_messages"": 0}, {""ami_id"": {""$oid"": ""000100000000000000000076""}, ""depuis"": {""$date"": ""2026-08-25T04:08:00Z""}, ""nb_messages"": 0}, {""ami_id"": {""$oid"": ""000100000000000000000068""}, ""depuis"": {""$date"": ""2026-09-09T19:02:00Z""}, ""nb_messages"": 0}]";"000200000000000000000004;000200000000000000000005;000200000000000000000007;00020000000000000000000c;000200000000000000000010;000200000000000000000011;000200000000000000000019;00020000000000000000001a";True;False;membre;
000100000000000000000022;USR-0034;ewane_dla;;Ewane;Carine;;Amoureux de la nature et de la musique.;Garoua;Nord;2023-04-10 18:37:00;20;F;ecolier / etudiant;influenceur;"philosophie;mode";"[{""ami_id"": {""$oid"": ""00010000000000000000003e""}, ""depuis"": {""$date"": ""2023-09-02T06:40:00Z""}, ""nb_messages"": 0}, {""ami_id"": {""$oid"": ""00010000000000000000007f""}, ""depuis"": {""$date"": ""2023-10-30T06:40:00Z""}, ""nb_messages"": 0}, {""ami_id"": {""$oid"": ""00010000000000000000003c""}, ""depuis"": {""$date"": ""2023-12-27T10:58:00Z""}, ""nb_messages"": 0}, {""ami_id"": {""$oid"": ""000100000000000000000042""}, ""depuis"": {""$date"": ""2024-01-02T21:52:00Z""}, ""nb_messages"": 0}, {""ami_id"": {""$oid"": ""00010000000000000000008d""}, ""depuis"": {""$date"": ""2024-03-08T06:39:00Z""}, ""nb_messages"": 0}, {""ami_id"": {""$oid"": ""000100000000000000000085""}, ""depuis"": {""$date"": ""2024-07-11T09:34:00Z""}, ""nb_messages"": 0}, {""ami_id"": {""$oid"": ""000100000000000000000024""}, ""depuis"": {""$date"": ""2024-08-23T23:43:00Z""}, ""nb_messages"": 0}, {""ami_id"": {""$oid"": ""000100000000000000000086""}, ""depuis"": {""$date"": ""2024-12-23T21:26:00Z""}, ""nb_messages"": 0}, {""ami_id"": {""$oid"": ""00010000000000000000004f""}, ""depuis"": {""$date"": ""2025-01-01T02:31:00Z""}, ""nb_messages"": 4}, {""ami_id"": {""$oid"": ""000100000000000000000014""}, ""depuis"": {""$date"": ""2025-02-25T23:48:00Z""}, ""nb_messages"": 0}, {""ami_id"": {""$oid"": ""000100000000000000000006""}, ""depuis"": {""$date"": ""2025-05-03T17:05:00Z""}, ""nb_messages"": 0}, {""ami_id"": {""$oid"": ""000100000000000000000046""}, ""depuis"": {""$date"": ""2025-06-20T18:32:00Z""}, ""nb_messages"": 14}, {""ami_id"": {""$oid"": ""00010000000000000000008e""}, ""depuis"": {""$date"": ""2025-07-31T15:51:00Z""}, ""nb_messages"": 0}, {""ami_id"": {""$oid"": ""00010000000000000000006b""}, ""depuis"": {""$date"": ""2025-11-06T09:37:00Z""}, ""nb_messages"": 0}, {""ami_id"": {""$oid"": ""000100000000000000000053""}, ""depuis"": {""$date"": ""2025-11-14T06:29:00Z""}, ""nb_messages"": 0}, {""ami_id"": {""$oid"": ""000100000000000000000012""}, ""depuis"": {""$date"": ""2025-11-19T16:02:00Z""}, ""nb_messages"": 0}, {""ami_id"": {""$oid"": ""000100000000000000000076""}, ""depuis"": {""$date"": ""2025-11-22T01:32:00Z""}, ""nb_messages"": 0}, {""ami_id"": {""$oid"": ""00010000000000000000001c""}, ""depuis"": {""$date"": ""2025-12-09T11:52:00Z""}, ""nb_messages"": 0}, {""ami_id"": {""$oid"": ""00010000000000000000002a""}, ""depuis"": {""$date"": ""2025-12-11T19:57:00Z""}, ""nb_messages"": 0}, {""ami_id"": {""$oid"": ""000100000000000000000084""}, ""depuis"": {""$date"": ""2026-01-20T22:59:00Z""}, ""nb_messages"": 0}, {""ami_id"": {""$oid"": ""000100000000000000000041""}, ""depuis"": {""$date"": ""2026-04-08T05:05:00Z""}, ""nb_messages"": 0}, {""ami_id"": {""$oid"": ""000100000000000000000020""}, ""depuis"": {""$date"": ""2026-04-20T01:52:00Z""}, ""nb_messages"": 0}, {""ami_id"": {""$oid"": ""000100000000000000000096""}, ""depuis"": {""$date"": ""2026-05-05T06:06:00Z""}, ""nb_messages"": 0}, {""ami_id"": {""$oid"": ""000100000000000000000087""}, ""depuis"": {""$date"": ""2026-05-11T09:34:00Z""}, ""nb_messages"": 0}, {""ami_id"": {""$oid"": ""00010000000000000000001a""}, ""depuis"": {""$date"": ""2026-05-13T13:23:00Z""}, ""nb_messages"": 9}, {""ami_id"": {""$oid"": ""000100000000000000000035""}, ""depuis"": {""$date"": ""2026-05-25T00:07:00Z""}, ""nb_messages"": 4}, {""ami_id"": {""$oid"": ""000100000000000000000001""}, ""depuis"": {""$date"": ""2026-06-02T12:25:00Z""}, ""nb_messages"": 14}, {""ami_id"": {""$oid"": ""000100000000000000000055""}, ""depuis"": {""$date"": ""2026-06-14T01:37:00Z""}, ""nb_messages"": 0}, {""ami_id"": {""$oid"": ""000100000000000000000059""}, ""depuis"": {""$date"": ""2026-07-19T16:00:00Z""}, ""nb_messages"": 0}, {""ami_id"": {""$oid"": ""00010000000000000000008b""}, ""depuis"": {""$date"": ""2026-07-30T16:26:00Z""}, ""nb_messages"": 0}, {""ami_id"": {""$oid"": ""000100000000000000000081""}, ""depuis"": {""$date"": ""2026-08-07T07:26:00Z""}, ""nb_messages"": 0}, {""ami_id"": {""$oid"": ""00010000000000000000007e""}, ""depuis"": {""$date"": ""2026-08-19T01:40:00Z""}, ""nb_messages"": 0}, {""ami_id"": {""$oid"": ""000100000000000000000028""}, ""depuis"": {""$date"": ""2026-09-17T13:41:00Z""}, ""nb_messages"": 0}]";"000200000000000000000002;000200000000000000000004;000200000000000000000009;00020000000000000000000b;00020000000000000000000c;000200000000000000000016;000200000000000000000019;00020000000000000000001a;00020000000000000000001b;00020000000000000000001c;00020000000000000000001e";True;True;membre;
000100000000000000000023;USR-0035;mbella_enspd;;Mbella;Cynthia;;Curieux de tout, expert en rien.;Limbe;Sud-Ouest;2023-01-10 03:49:00;23;F;employe;timide_reseau;"education;philosophie";"[{""ami_id"": {""$oid"": ""000100000000000000000003""}, ""depuis"": {""$date"": ""2024-09-17T15:41:00Z""}, ""nb_messages"": 0}, {""ami_id"": {""$oid"": ""00010000000000000000008d""}, ""depuis"": {""$date"": ""2025-01-02T02:29:00Z""}, ""nb_messages"": 0}, {""ami_id"": {""$oid"": ""00010000000000000000005a""}, ""depuis"": {""$date"": ""2025-02-17T11:10:00Z""}, ""nb_messages"": 0}, {""ami_id"": {""$oid"": ""000100000000000000000088""}, ""depuis"": {""$date"": ""2025-11-22T03:26:00Z""}, ""nb_messages"": 0}, {""ami_id"": {""$oid"": ""000100000000000000000049""}, ""depuis"": {""$date"": ""2026-01-05T22:31:00Z""}, ""nb_messages"": 0}, {""ami_id"": {""$oid"": ""000100000000000000000037""}, ""depuis"": {""$date"": ""2026-01-27T19:50:00Z""}, ""nb_messages"": 0}]";"000200000000000000000004;000200000000000000000007;000200000000000000000008;00020000000000000000000b;000200000000000000000014;000200000000000000000019;00020000000000000000001b";False;False;membre;
000100000000000000000024;USR-0036;epee_237;;Epee;Serge;;Curieux de tout, expert en rien.;Buea;Sud-Ouest;2023-12-07 20:37:00;56;M;employe;normal;"philosophie;foi";"[{""ami_id"": {""$oid"": ""000100000000000000000006""}, ""depuis"": {""$date"": ""2024-05-16T09:51:00Z""}, ""nb_messages"": 0}, {""ami_id"": {""$oid"": ""000100000000000000000055""}, ""depuis"": {""$date"": ""2024-08-14T13:25:00Z""}, ""nb_messages"": 0}, {""ami_id"": {""$oid"": ""000100000000000000000022""}, ""depuis"": {""$date"": ""2024-08-23T23:43:00Z""}, ""nb_messages"": 0}, {""ami_id"": {""$oid"": ""00010000000000000000001f""}, ""depuis"": {""$date"": ""2024-09-18T05:00:00Z""}, ""nb_messages"": 0}, {""ami_id"": {""$oid"": ""00010000000000000000003b""}, ""depuis"": {""$date"": ""2025-01-29T01:20:00Z""}, ""nb_messages"": 10}, {""ami_id"": {""$oid"": ""000100000000000000000051""}, ""depuis"": {""$date"": ""2025-01-29T08:52:00Z""}, ""nb_messages"": 0}, {""ami_id"": {""$oid"": ""00010000000000000000003f""}, ""depuis"": {""$date"": ""2025-03-09T05:40:00Z""}, ""nb_messages"": 0}, {""ami_id"": {""$oid"": ""000100000000000000000084""}, ""depuis"": {""$date"": ""2025-06-26T06:38:00Z""}, ""nb_messages"": 0}, {""ami_id"": {""$oid"": ""00010000000000000000008c""}, ""depuis"": {""$date"": ""2025-07-20T12:08:00Z""}, ""nb_messages"": 14}, {""ami_id"": {""$oid"": ""00010000000000000000004a""}, ""depuis"": {""$date"": ""2025-07-21T07:25:00Z""}, ""nb_messages"": 0}, {""ami_id"": {""$oid"": ""00010000000000000000008b""}, ""depuis"": {""$date"": ""2025-07-29T14:19:00Z""}, ""nb_messages"": 0}, {""ami_id"": {""$oid"": ""000100000000000000000032""}, ""depuis"": {""$date"": ""2025-09-23T09:23:00Z""}, ""nb_messages"": 0}, {""ami_id"": {""$oid"": ""00010000000000000000006a""}, ""depuis"": {""$date"": ""2026-01-06T16:30:00Z""}, ""nb_messages"": 0}, {""ami_id"": {""$oid"": ""000100000000000000000076""}, ""depuis"": {""$date"": ""2026-03-19T20:10:00Z""}, ""nb_messages"": 0}, {""ami_id"": {""$oid"": ""000100000000000000000030""}, ""depuis"": {""$date"": ""2026-03-23T05:32:00Z""}, ""nb_messages"": 0}, {""ami_id"": {""$oid"": ""00010000000000000000002c""}, ""depuis"": {""$date"": ""2026-04-03T20:57:00Z""}, ""nb_messages"": 0}, {""ami_id"": {""$oid"": ""00010000000000000000002b""}, ""depuis"": {""$date"": ""2026-04-06T13:16:00Z""}, ""nb_messages"": 5}, {""ami_id"": {""$oid"": ""000100000000000000000001""}, ""depuis"": {""$date"": ""2026-05-05T21:16:00Z""}, ""nb_messages"": 12}, {""ami_id"": {""$oid"": ""000100000000000000000086""}, ""depuis"": {""$date"": ""2026-05-28T16:38:00Z""}, ""nb_messages"": 0}, {""ami_id"": {""$oid"": ""000100000000000000000035""}, ""depuis"": {""$date"": ""2026-06-06T22:38:00Z""}, ""nb_messages"": 0}, {""ami_id"": {""$oid"": ""000100000000000000000043""}, ""depuis"": {""$date"": ""2026-07-12T06:41:00Z""}, ""nb_messages"": 0}, {""ami_id"": {""$oid"": ""000100000000000000000090""}, ""depuis"": {""$date"": ""2026-08-27T22:58:00Z""}, ""nb_messages"": 0}, {""ami_id"": {""$oid"": ""00010000000000000000003e""}, ""depuis"": {""$date"": ""2026-09-01T13:58:00Z""}, ""nb_messages"": 2}, {""ami_id"": {""$oid"": ""00010000000000000000008e""}, ""depuis"": {""$date"": ""2026-09-30T20:34:00Z""}, ""nb_messages"": 0}]";"000200000000000000000004;000200000000000000000007;000200000000000000000009;00020000000000000000000c;00020000000000000000000f;000200000000000000000011;000200000000000000000012;00020000000000000000001a;00020000000000000000001b";True;True;membre;
000100000000000000000025;USR-0037;dikobo_dla;;Dikobo;Ange;;Passionne par la vie et les belles rencontres.;Bertoua;Est;2024-09-04 02:08:00;21;M;ecolier / etudiant;timide_reseau;"technologie;productivite;nature";"[{""ami_id"": {""$oid"": ""000100000000000000000045""}, ""depuis"": {""$date"": ""2025-02-03T15:35:00Z""}, ""nb_messages"": 0}, {""ami_id"": {""$oid"": ""000100000000000000000005""}, ""depuis"": {""$date"": ""2025-03-09T00:26:00Z""}, ""nb_messages"": 5}, {""ami_id"": {""$oid"": ""000100000000000000000069""}, ""depuis"": {""$date"": ""2026-01-27T06:31:00Z""}, ""nb_messages"": 0}, {""ami_id"": {""$oid"": ""00010000000000000000000b""}, ""depuis"": {""$date"": ""2026-02-19T20:36:00Z""}, ""nb_messages"": 0}, {""ami_id"": {""$oid"": ""00010000000000000000003c""}, ""depuis"": {""$date"": ""2026-02-25T18:22:00Z""}, ""nb_messages"": 0}, {""ami_id"": {""$oid"": ""00010000000000000000003b""}, ""depuis"": {""$date"": ""2026-05-25T17:27:00Z""}, ""nb_messages"": 0}, {""ami_id"": {""$oid"": ""000100000000000000000016""}, ""depuis"": {""$date"": ""2026-05-26T00:56:00Z""}, ""nb_messages"": 0}, {""ami_id"": {""$oid"": ""00010000000000000000007a""}, ""depuis"": {""$date"": ""2026-09-07T12:27:00Z""}, ""nb_messages"": 0}, {""ami_id"": {""$oid"": ""000100000000000000000028""}, ""depuis"": {""$date"": ""2026-09-14T01:27:00Z""}, ""nb_messages"": 5}]";"000200000000000000000007;000200000000000000000018;000200000000000000000019;00020000000000000000001a;00020000000000000000001b";False;True;membre;
000100000000000000000026;USR-0038;njie_enspd;;Njie;Landry;;Un cafe, un ordinateur, des projets.;Yaounde;Centre;2024-06-08 06:55:00;20;M;ecolier / etudiant;normal;"education;philosophie";"[{""ami_id"": {""$oid"": ""000100000000000000000048""}, ""depuis"": {""$date"": ""2024-06-26T23:46:00Z""}, ""nb_messages"": 5}, {""ami_id"": {""$oid"": ""000100000000000000000044""}, ""depuis"": {""$date"": ""2024-10-08T04:54:00Z""}, ""nb_messages"": 0}, {""ami_id"": {""$oid"": ""000100000000000000000013""}, ""depuis"": {""$date"": ""2024-11-05T08:25:00Z""}, ""nb_messages"": 0}, {""ami_id"": {""$oid"": ""000100000000000000000014""}, ""depuis"": {""$date"": ""2025-03-21T22:10:00Z""}, ""nb_messages"": 0}, {""ami_id"": {""$oid"": ""000100000000000000000078""}, ""depuis"": {""$date"": ""2025-04-26T06:15:00Z""}, ""nb_messages"": 0}, {""ami_id"": {""$oid"": ""00010000000000000000003c""}, ""depuis"": {""$date"": ""2025-05-03T08:39:00Z""}, ""nb_messages"": 10}, {""ami_id"": {""$oid"": ""000100000000000000000032""}, ""depuis"": {""$date"": ""2025-05-24T22:53:00Z""}, ""nb_messages"": 0}, {""ami_id"": {""$oid"": ""000100000000000000000016""}, ""depuis"": {""$date"": ""2025-07-16T02:00:00Z""}, ""nb_messages"": 0}, {""ami_id"": {""$oid"": ""00010000000000000000004a""}, ""depuis"": {""$date"": ""2025-10-20T13:25:00Z""}, ""nb_messages"": 0}, {""ami_id"": {""$oid"": ""000100000000000000000080""}, ""depuis"": {""$date"": ""2025-11-24T09:06:00Z""}, ""nb_messages"": 0}, {""ami_id"": {""$oid"": ""000100000000000000000070""}, ""depuis"": {""$date"": ""2026-02-11T12:04:00Z""}, ""nb_messages"": 0}, {""ami_id"": {""$oid"": ""000100000000000000000060""}, ""depuis"": {""$date"": ""2026-04-07T00:57:00Z""}, ""nb_messages"": 8}, {""ami_id"": {""$oid"": ""000100000000000000000082""}, ""depuis"": {""$date"": ""2026-04-29T08:07:00Z""}, ""nb_messages"": 0}, {""ami_id"": {""$oid"": ""00010000000000000000002b""}, ""depuis"": {""$date"": ""2026-05-04T13:58:00Z""}, ""nb_messages"": 13}, {""ami_id"": {""$oid"": ""000100000000000000000027""}, ""depuis"": {""$date"": ""2026-05-30T07:44:00Z""}, ""nb_messages"": 0}, {""ami_id"": {""$oid"": ""000100000000000000000079""}, ""depuis"": {""$date"": ""2026-08-07T18:49:00Z""}, ""nb_messages"": 0}, {""ami_id"": {""$oid"": ""00010000000000000000003f""}, ""depuis"": {""$date"": ""2026-08-15T22:04:00Z""}, ""nb_messages"": 0}, {""ami_id"": {""$oid"": ""00010000000000000000000b""}, ""depuis"": {""$date"": ""2026-08-22T01:15:00Z""}, ""nb_messages"": 9}]";"000200000000000000000003;000200000000000000000006;000200000000000000000007;00020000000000000000000a;00020000000000000000000b;00020000000000000000000c;00020000000000000000000e;00020000000000000000000f;000200000000000000000010;000200000000000000000019;00020000000000000000001a;00020000000000000000001b";True;True;membre;
000100000000000000000027;USR-0039;fon_dla;;Fonkou;Vanessa;;Passionne par la vie et les belles rencontres.;Douala;Littoral;2026-03-17 15:51:00;44;F;employe;timide_reseau;aventure;"[{""ami_id"": {""$oid"": ""00010000000000000000000d""}, ""depuis"": {""$date"": ""2026-03-23T10:22:00Z""}, ""nb_messages"": 0}, {""ami_id"": {""$oid"": ""000100000000000000000015""}, ""depuis"": {""$date"": ""2026-04-24T21:51:00Z""}, ""nb_messages"": 0}, {""ami_id"": {""$oid"": ""00010000000000000000003e""}, ""depuis"": {""$date"": ""2026-04-29T14:48:00Z""}, ""nb_messages"": 0}, {""ami_id"": {""$oid"": ""000100000000000000000026""}, ""depuis"": {""$date"": ""2026-05-30T07:44:00Z""}, ""nb_messages"": 0}, {""ami_id"": {""$oid"": ""000100000000000000000068""}, ""depuis"": {""$date"": ""2026-07-01T00:28:00Z""}, ""nb_messages"": 0}, {""ami_id"": {""$oid"": ""000100000000000000000014""}, ""depuis"": {""$date"": ""2026-07-31T08:21:00Z""}, ""nb_messages"": 0}, {""ami_id"": {""$oid"": ""000100000000000000000010""}, ""depuis"": {""$date"": ""2026-08-18T23:41:00Z""}, ""nb_messages"": 0}, {""ami_id"": {""$oid"": ""000100000000000000000047""}, ""depuis"": {""$date"": ""2026-09-15T21:47:00Z""}, ""nb_messages"": 0}]";"000200000000000000000001;000200000000000000000006;000200000000000000000007;00020000000000000000000a;000200000000000000000010;000200000000000000000013;000200000000000000000015;000200000000000000000018;000200000000000000000019;00020000000000000000001a;00020000000000000000001b;00020000000000000000001d";True;True;membre;
000100000000000000000028;USR-0040;ken_enspd;;Kenfack;Mireille;;Etudiant le jour, reveur la nuit.;Douala;Littoral;2026-04-06 08:02:00;24;F;ecolier / etudiant;influenceur;"voyage;nature";"[{""ami_id"": {""$oid"": ""000100000000000000000001""}, ""depuis"": {""$date"": ""2026-04-09T04:04:00Z""}, ""nb_messages"": 9}, {""ami_id"": {""$oid"": ""000100000000000000000033""}, ""depuis"": {""$date"": ""2026-04-21T20:55:00Z""}, ""nb_messages"": 0}, {""ami_id"": {""$oid"": ""000100000000000000000014""}, ""depuis"": {""$date"": ""2026-05-08T19:00:00Z""}, ""nb_messages"": 0}, {""ami_id"": {""$oid"": ""000100000000000000000084""}, ""depuis"": {""$date"": ""2026-05-11T17:16:00Z""}, ""nb_messages"": 0}, {""ami_id"": {""$oid"": ""000100000000000000000047""}, ""depuis"": {""$date"": ""2026-05-14T15:42:00Z""}, ""nb_messages"": 0}, {""ami_id"": {""$oid"": ""000100000000000000000088""}, ""depuis"": {""$date"": ""2026-05-23T07:28:00Z""}, ""nb_messages"": 0}, {""ami_id"": {""$oid"": ""000100000000000000000004""}, ""depuis"": {""$date"": ""2026-05-27T09:33:00Z""}, ""nb_messages"": 0}, {""ami_id"": {""$oid"": ""00010000000000000000007f""}, ""depuis"": {""$date"": ""2026-06-01T23:32:00Z""}, ""nb_messages"": 0}, {""ami_id"": {""$oid"": ""000100000000000000000056""}, ""depuis"": {""$date"": ""2026-06-09T21:21:00Z""}, ""nb_messages"": 0}, {""ami_id"": {""$oid"": ""00010000000000000000007e""}, ""depuis"": {""$date"": ""2026-06-18T10:52:00Z""}, ""nb_messages"": 0}, {""ami_id"": {""$oid"": ""000100000000000000000081""}, ""depuis"": {""$date"": ""2026-06-29T06:14:00Z""}, ""nb_messages"": 9}, {""ami_id"": {""$oid"": ""000100000000000000000020""}, ""depuis"": {""$date"": ""2026-07-01T18:06:00Z""}, ""nb_messages"": 0}, {""ami_id"": {""$oid"": ""000100000000000000000059""}, ""depuis"": {""$date"": ""2026-07-04T07:02:00Z""}, ""nb_messages"": 0}, {""ami_id"": {""$oid"": ""00010000000000000000003a""}, ""depuis"": {""$date"": ""2026-07-11T09:37:00Z""}, ""nb_messages"": 0}, {""ami_id"": {""$oid"": ""000100000000000000000021""}, ""depuis"": {""$date"": ""2026-07-15T12:38:00Z""}, ""nb_messages"": 0}, {""ami_id"": {""$oid"": ""000100000000000000000080""}, ""depuis"": {""$date"": ""2026-07-18T19:21:00Z""}, ""nb_messages"": 0}, {""ami_id"": {""$oid"": ""00010000000000000000000b""}, ""depuis"": {""$date"": ""2026-07-22T10:33:00Z""}, ""nb_messages"": 0}, {""ami_id"": {""$oid"": ""00010000000000000000005a""}, ""depuis"": {""$date"": ""2026-08-07T13:54:00Z""}, ""nb_messages"": 0}, {""ami_id"": {""$oid"": ""000100000000000000000089""}, ""depuis"": {""$date"": ""2026-08-09T01:40:00Z""}, ""nb_messages"": 0}, {""ami_id"": {""$oid"": ""00010000000000000000006c""}, ""depuis"": {""$date"": ""2026-08-11T00:28:00Z""}, ""nb_messages"": 0}, {""ami_id"": {""$oid"": ""00010000000000000000005f""}, ""depuis"": {""$date"": ""2026-08-13T14:38:00Z""}, ""nb_messages"": 0}, {""ami_id"": {""$oid"": ""000100000000000000000073""}, ""depuis"": {""$date"": ""2026-08-16T18:40:00Z""}, ""nb_messages"": 0}, {""ami_id"": {""$oid"": ""000100000000000000000043""}, ""depuis"": {""$date"": ""2026-08-18T17:53:00Z""}, ""nb_messages"": 7}, {""ami_id"": {""$oid"": ""00010000000000000000008e""}, ""depuis"": {""$date"": ""2026-08-18T21:42:00Z""}, ""nb_messages"": 0}, {""ami_id"": {""$oid"": ""000100000000000000000035""}, ""depuis"": {""$date"": ""2026-08-19T22:28:00Z""}, ""nb_messages"": 0}, {""ami_id"": {""$oid"": ""000100000000000000000050""}, ""depuis"": {""$date"": ""2026-08-20T03:12:00Z""}, ""nb_messages"": 0}, {""ami_id"": {""$oid"": ""00010000000000000000002a""}, ""depuis"": {""$date"": ""2026-08-28T22:44:00Z""}, ""nb_messages"": 0}, {""ami_id"": {""$oid"": ""000100000000000000000086""}, ""depuis"": {""$date"": ""2026-09-04T09:28:00Z""}, ""nb_messages"": 0}, {""ami_id"": {""$oid"": ""000100000000000000000093""}, ""depuis"": {""$date"": ""2026-09-05T14:09:00Z""}, ""nb_messages"": 0}, {""ami_id"": {""$oid"": ""00010000000000000000006b""}, ""depuis"": {""$date"": ""2026-09-13T21:03:00Z""}, ""nb_messages"": 0}, {""ami_id"": {""$oid"": ""000100000000000000000025""}, ""depuis"": {""$date"": ""2026-09-14T01:27:00Z""}, ""nb_messages"": 5}, {""ami_id"": {""$oid"": ""000100000000000000000042""}, ""depuis"": {""$date"": ""2026-09-14T22:10:00Z""}, ""nb_messages"": 13}, {""ami_id"": {""$oid"": ""000100000000000000000022""}, ""depuis"": {""$date"": ""2026-09-17T13:41:00Z""}, ""nb_messages"": 0}]";"000200000000000000000004;000200000000000000000007;000200000000000000000012;00020000000000000000001a;00020000000000000000001b";False;True;membre;
000100000000000000000029;USR-0041;djou_enspd;;Djoumessi;Moussa;;Amoureux de la nature et de la musique.;Bafoussam;Ouest;2023-04-29 01:21:00;41;M;employe;normal;"aventure;nature;education";"[{""ami_id"": {""$oid"": ""000100000000000000000085""}, ""depuis"": {""$date"": ""2023-12-29T01:01:00Z""}, ""nb_messages"": 0}, {""ami_id"": {""$oid"": ""000100000000000000000058""}, ""depuis"": {""$date"": ""2024-01-09T14:01:00Z""}, ""nb_messages"": 3}, {""ami_id"": {""$oid"": ""000100000000000000000038""}, ""depuis"": {""$date"": ""2024-08-13T21:59:00Z""}, ""nb_messages"": 0}, {""ami_id"": {""$oid"": ""000100000000000000000089""}, ""depuis"": {""$date"": ""2024-11-21T20:40:00Z""}, ""nb_messages"": 0}, {""ami_id"": {""$oid"": ""000100000000000000000075""}, ""depuis"": {""$date"": ""2024-12-30T17:16:00Z""}, ""nb_messages"": 0}, {""ami_id"": {""$oid"": ""00010000000000000000007c""}, ""depuis"": {""$date"": ""2025-08-01T04:30:00Z""}, ""nb_messages"": 0}, {""ami_id"": {""$oid"": ""000100000000000000000068""}, ""depuis"": {""$date"": ""2025-08-04T11:01:00Z""}, ""nb_messages"": 0}, {""ami_id"": {""$oid"": ""00010000000000000000004a""}, ""depuis"": {""$date"": ""2025-09-01T21:52:00Z""}, ""nb_messages"": 0}, {""ami_id"": {""$oid"": ""00010000000000000000008c""}, ""depuis"": {""$date"": ""2025-10-15T17:03:00Z""}, ""nb_messages"": 0}, {""ami_id"": {""$oid"": ""000100000000000000000037""}, ""depuis"": {""$date"": ""2025-12-17T01:04:00Z""}, ""nb_messages"": 0}, {""ami_id"": {""$oid"": ""00010000000000000000003e""}, ""depuis"": {""$date"": ""2026-02-04T13:10:00Z""}, ""nb_messages"": 0}, {""ami_id"": {""$oid"": ""000100000000000000000016""}, ""depuis"": {""$date"": ""2026-05-09T04:04:00Z""}, ""nb_messages"": 0}, {""ami_id"": {""$oid"": ""000100000000000000000076""}, ""depuis"": {""$date"": ""2026-05-30T07:54:00Z""}, ""nb_messages"": 0}, {""ami_id"": {""$oid"": ""000100000000000000000096""}, ""depuis"": {""$date"": ""2026-06-18T03:35:00Z""}, ""nb_messages"": 0}, {""ami_id"": {""$oid"": ""00010000000000000000005f""}, ""depuis"": {""$date"": ""2026-08-11T21:57:00Z""}, ""nb_messages"": 0}, {""ami_id"": {""$oid"": ""000100000000000000000043""}, ""depuis"": {""$date"": ""2026-09-03T23:31:00Z""}, ""nb_messages"": 0}, {""ami_id"": {""$oid"": ""000100000000000000000073""}, ""depuis"": {""$date"": ""2026-09-27T06:55:00Z""}, ""nb_messages"": 0}]";;False;False;membre;
00010000000000000000002a;USR-0042;talla_enspd;;Talla;Esther;;Un cafe, un ordinateur, des projets.;Yaounde;Centre;2023-04-18 02:53:00;59;F;retraite;influenceur;"mode;productivite;philosophie";"[{""ami_id"": {""$oid"": ""00010000000000000000007f""}, ""depuis"": {""$date"": ""2023-07-29T12:57:00Z""}, ""nb_messages"": 0}, {""ami_id"": {""$oid"": ""000100000000000000000042""}, ""depuis"": {""$date"": ""2023-11-04T22:42:00Z""}, ""nb_messages"": 0}, {""ami_id"": {""$oid"": ""000100000000000000000003""}, ""depuis"": {""$date"": ""2024-04-15T15:03:00Z""}, ""nb_messages"": 0}, {""ami_id"": {""$oid"": ""000100000000000000000086""}, ""depuis"": {""$date"": ""2024-06-12T19:44:00Z""}, ""nb_messages"": 0}, {""ami_id"": {""$oid"": ""000100000000000000000059""}, ""depuis"": {""$date"": ""2024-09-28T05:43:00Z""}, ""nb_messages"": 0}, {""ami_id"": {""$oid"": ""000100000000000000000019""}, ""depuis"": {""$date"": ""2024-11-14T07:26:00Z""}, ""nb_messages"": 0}, {""ami_id"": {""$oid"": ""000100000000000000000055""}, ""depuis"": {""$date"": ""2025-05-09T08:09:00Z""}, ""nb_messages"": 0}, {""ami_id"": {""$oid"": ""000100000000000000000072""}, ""depuis"": {""$date"": ""2025-07-06T21:28:00Z""}, ""nb_messages"": 0}, {""ami_id"": {""$oid"": ""000100000000000000000014""}, ""depuis"": {""$date"": ""2025-08-22T09:02:00Z""}, ""nb_messages"": 14}, {""ami_id"": {""$oid"": ""000100000000000000000076""}, ""depuis"": {""$date"": ""2025-09-11T21:28:00Z""}, ""nb_messages"": 0}, {""ami_id"": {""$oid"": ""00010000000000000000000b""}, ""depuis"": {""$date"": ""2025-11-11T19:21:00Z""}, ""nb_messages"": 0}, {""ami_id"": {""$oid"": ""000100000000000000000020""}, ""depuis"": {""$date"": ""2025-12-01T05:39:00Z""}, ""nb_messages"": 0}, {""ami_id"": {""$oid"": ""000100000000000000000040""}, ""depuis"": {""$date"": ""2025-12-11T15:24:00Z""}, ""nb_messages"": 9}, {""ami_id"": {""$oid"": ""000100000000000000000022""}, ""depuis"": {""$date"": ""2025-12-11T19:57:00Z""}, ""nb_messages"": 0}, {""ami_id"": {""$oid"": ""000100000000000000000041""}, ""depuis"": {""$date"": ""2026-02-23T04:45:00Z""}, ""nb_messages"": 0}, {""ami_id"": {""$oid"": ""00010000000000000000006b""}, ""depuis"": {""$date"": ""2026-03-04T17:13:00Z""}, ""nb_messages"": 0}, {""ami_id"": {""$oid"": ""000100000000000000000010""}, ""depuis"": {""$date"": ""2026-03-16T10:55:00Z""}, ""nb_messages"": 0}, {""ami_id"": {""$oid"": ""000100000000000000000005""}, ""depuis"": {""$date"": ""2026-03-19T10:00:00Z""}, ""nb_messages"": 0}, {""ami_id"": {""$oid"": ""000100000000000000000018""}, ""depuis"": {""$date"": ""2026-03-29T10:10:00Z""}, ""nb_messages"": 5}, {""ami_id"": {""$oid"": ""00010000000000000000008e""}, ""depuis"": {""$date"": ""2026-03-29T10:35:00Z""}, ""nb_messages"": 0}, {""ami_id"": {""$oid"": ""000100000000000000000081""}, ""depuis"": {""$date"": ""2026-04-17T04:16:00Z""}, ""nb_messages"": 10}, {""ami_id"": {""$oid"": ""000100000000000000000039""}, ""depuis"": {""$date"": ""2026-04-29T19:01:00Z""}, ""nb_messages"": 11}, {""ami_id"": {""$oid"": ""000100000000000000000073""}, ""depuis"": {""$date"": ""2026-06-11T08:14:00Z""}, ""nb_messages"": 0}, {""ami_id"": {""$oid"": ""00010000000000000000002c""}, ""depuis"": {""$date"": ""2026-07-10T02:01:00Z""}, ""nb_messages"": 0}, {""ami_id"": {""$oid"": ""000100000000000000000084""}, ""depuis"": {""$date"": ""2026-08-01T07:45:00Z""}, ""nb_messages"": 0}, {""ami_id"": {""$oid"": ""000100000000000000000028""}, ""depuis"": {""$date"": ""2026-08-28T22:44:00Z""}, ""nb_messages"": 0}, {""ami_id"": {""$oid"": ""000100000000000000000050""}, ""depuis"": {""$date"": ""2026-09-15T00:47:00Z""}, ""nb_messages"": 0}, {""ami_id"": {""$oid"": ""00010000000000000000007e""}, ""depuis"": {""$date"": ""2026-09-28T03:55:00Z""}, ""nb_messages"": 0}]";"000200000000000000000001;000200000000000000000006;000200000000000000000008;000200000000000000000019;00020000000000000000001a";False;True;membre;
00010000000000000000002b;USR-0043;tcha_237;;Tchatchouang;Wilfried;;La vie est un voyage, profitez du trajet.;Garoua;Nord;2025-10-07 10:48:00;72;M;retraite;normal;"technologie;histoire";"[{""ami_id"": {""$oid"": ""000100000000000000000072""}, ""depuis"": {""$date"": ""2025-10-13T18:48:00Z""}, ""nb_messages"": 0}, {""ami_id"": {""$oid"": ""000100000000000000000063""}, ""depuis"": {""$date"": ""2025-10-16T05:56:00Z""}, ""nb_messages"": 0}, {""ami_id"": {""$oid"": ""000100000000000000000085""}, ""depuis"": {""$date"": ""2026-01-27T16:53:00Z""}, ""nb_messages"": 10}, {""ami_id"": {""$oid"": ""000100000000000000000073""}, ""depuis"": {""$date"": ""2026-02-06T10:54:00Z""}, ""nb_messages"": 0}, {""ami_id"": {""$oid"": ""000100000000000000000036""}, ""depuis"": {""$date"": ""2026-02-18T05:39:00Z""}, ""nb_messages"": 0}, {""ami_id"": {""$oid"": ""000100000000000000000068""}, ""depuis"": {""$date"": ""2026-02-23T08:56:00Z""}, ""nb_messages"": 0}, {""ami_id"": {""$oid"": ""000100000000000000000014""}, ""depuis"": {""$date"": ""2026-03-31T20:24:00Z""}, ""nb_messages"": 0}, {""ami_id"": {""$oid"": ""000100000000000000000024""}, ""depuis"": {""$date"": ""2026-04-06T13:16:00Z""}, ""nb_messages"": 5}, {""ami_id"": {""$oid"": ""000100000000000000000089""}, ""depuis"": {""$date"": ""2026-04-29T09:37:00Z""}, ""nb_messages"": 0}, {""ami_id"": {""$oid"": ""000100000000000000000042""}, ""depuis"": {""$date"": ""2026-05-02T22:14:00Z""}, ""nb_messages"": 0}, {""ami_id"": {""$oid"": ""000100000000000000000026""}, ""depuis"": {""$date"": ""2026-05-04T13:58:00Z""}, ""nb_messages"": 13}, {""ami_id"": {""$oid"": ""00010000000000000000005a""}, ""depuis"": {""$date"": ""2026-05-13T07:41:00Z""}, ""nb_messages"": 0}, {""ami_id"": {""$oid"": ""00010000000000000000003e""}, ""depuis"": {""$date"": ""2026-05-15T03:41:00Z""}, ""nb_messages"": 0}, {""ami_id"": {""$oid"": ""000100000000000000000084""}, ""depuis"": {""$date"": ""2026-05-24T09:17:00Z""}, ""nb_messages"": 3}, {""ami_id"": {""$oid"": ""000100000000000000000003""}, ""depuis"": {""$date"": ""2026-06-14T13:17:00Z""}, ""nb_messages"": 12}, {""ami_id"": {""$oid"": ""00010000000000000000000f""}, ""depuis"": {""$date"": ""2026-07-11T19:52:00Z""}, ""nb_messages"": 5}, {""ami_id"": {""$oid"": ""00010000000000000000002c""}, ""depuis"": {""$date"": ""2026-07-17T17:19:00Z""}, ""nb_messages"": 0}, {""ami_id"": {""$oid"": ""00010000000000000000004a""}, ""depuis"": {""$date"": ""2026-07-21T13:38:00Z""}, ""nb_messages"": 0}, {""ami_id"": {""$oid"": ""00010000000000000000007f""}, ""depuis"": {""$date"": ""2026-07-26T20:37:00Z""}, ""nb_messages"": 10}, {""ami_id"": {""$oid"": ""000100000000000000000043""}, ""depuis"": {""$date"": ""2026-08-05T05:45:00Z""}, ""nb_messages"": 3}, {""ami_id"": {""$oid"": ""000100000000000000000059""}, ""depuis"": {""$date"": ""2026-09-25T18:54:00Z""}, ""nb_messages"": 0}]";"000200000000000000000004;000200000000000000000007;000200000000000000000009;00020000000000000000000a;00020000000000000000000b;00020000000000000000000c;000200000000000000000018;000200000000000000000019;00020000000000000000001a";False;True;membre;
00010000000000000000002c;USR-0044;nana_enspd;;Nana;Rodrigue;;Amoureux de la nature et de la musique.;Douala;Littoral;2026-03-11 19:47:00;27;M;employe;normal;"technologie;philosophie";"[{""ami_id"": {""$oid"": ""00010000000000000000001b""}, ""depuis"": {""$date"": ""2026-03-13T12:32:00Z""}, ""nb_messages"": 0}, {""ami_id"": {""$oid"": ""000100000000000000000041""}, ""depuis"": {""$date"": ""2026-03-30T00:39:00Z""}, ""nb_messages"": 14}, {""ami_id"": {""$oid"": ""000100000000000000000024""}, ""depuis"": {""$date"": ""2026-04-03T20:57:00Z""}, ""nb_messages"": 0}, {""ami_id"": {""$oid"": ""000100000000000000000049""}, ""depuis"": {""$date"": ""2026-05-15T20:36:00Z""}, ""nb_messages"": 0}, {""ami_id"": {""$oid"": ""00010000000000000000003d""}, ""depuis"": {""$date"": ""2026-06-21T20:42:00Z""}, ""nb_messages"": 0}, {""ami_id"": {""$oid"": ""000100000000000000000045""}, ""depuis"": {""$date"": ""2026-06-28T13:58:00Z""}, ""nb_messages"": 0}, {""ami_id"": {""$oid"": ""00010000000000000000002a""}, ""depuis"": {""$date"": ""2026-07-10T02:01:00Z""}, ""nb_messages"": 0}, {""ami_id"": {""$oid"": ""00010000000000000000002b""}, ""depuis"": {""$date"": ""2026-07-17T17:19:00Z""}, ""nb_messages"": 0}, {""ami_id"": {""$oid"": ""000100000000000000000087""}, ""depuis"": {""$date"": ""2026-07-30T01:13:00Z""}, ""nb_messages"": 0}, {""ami_id"": {""$oid"": ""000100000000000000000076""}, ""depuis"": {""$date"": ""2026-08-05T02:49:00Z""}, ""nb_messages"": 0}]";;True;True;membre;
00010000000000000000002d;USR-0045;wamba_enspd;;Wamba;Landry;;Etudiant le jour, reveur la nuit.;Buea;Sud-Ouest;2025-07-15 02:16:00;44;M;employe;timide_reseau;"education;histoire;productivite";"[{""ami_id"": {""$oid"": ""00010000000000000000004d""}, ""depuis"": {""$date"": ""2025-12-17T15:00:00Z""}, ""nb_messages"": 0}, {""ami_id"": {""$oid"": ""000100000000000000000069""}, ""depuis"": {""$date"": ""2026-03-30T15:40:00Z""}, ""nb_messages"": 0}, {""ami_id"": {""$oid"": ""000100000000000000000062""}, ""depuis"": {""$date"": ""2026-08-05T16:04:00Z""}, ""nb_messages"": 0}, {""ami_id"": {""$oid"": ""00010000000000000000003b""}, ""depuis"": {""$date"": ""2026-08-31T14:43:00Z""}, ""nb_messages"": 0}]";"000200000000000000000006;000200000000000000000007";True;True;membre;
00010000000000000000002e;USR-0046;sop_dla;;Sop;Vanessa;;Curieux de tout, expert en rien.;Kribi;Sud;2025-09-30 09:00:00;57;F;employe;timide_reseau;"foi;technologie;productivite";"[{""ami_id"": {""$oid"": ""000100000000000000000010""}, ""depuis"": {""$date"": ""2025-11-29T15:27:00Z""}, ""nb_messages"": 0}, {""ami_id"": {""$oid"": ""00010000000000000000004b""}, ""depuis"": {""$date"": ""2026-05-03T17:10:00Z""}, ""nb_messages"": 0}, {""ami_id"": {""$oid"": ""00010000000000000000008b""}, ""depuis"": {""$date"": ""2026-08-13T09:35:00Z""}, ""nb_messages"": 0}, {""ami_id"": {""$oid"": ""00010000000000000000001f""}, ""depuis"": {""$date"": ""2026-09-28T08:29:00Z""}, ""nb_messages"": 0}]";"000200000000000000000007;000200000000000000000008;000200000000000000000011;000200000000000000000018;000200000000000000000019;00020000000000000000001a";True;True;membre;
00010000000000000000002f;USR-0047;feudjio_enspd;;Feudjio;Flore;;Fier d'etre camerounais.;Yaounde;Centre;2026-03-04 18:29:00;45;F;employe;timide_reseau;"mode;technologie;foi";"[{""ami_id"": {""$oid"": ""000100000000000000000075""}, ""depuis"": {""$date"": ""2026-05-31T23:07:00Z""}, ""nb_messages"": 0}, {""ami_id"": {""$oid"": ""00010000000000000000001e""}, ""depuis"": {""$date"": ""2026-06-29T06:27:00Z""}, ""nb_messages"": 13}, {""ami_id"": {""$oid"": ""000100000000000000000060""}, ""depuis"": {""$date"": ""2026-07-10T08:52:00Z""}, ""nb_messages"": 0}, {""ami_id"": {""$oid"": ""00010000000000000000000e""}, ""depuis"": {""$date"": ""2026-07-17T06:51:00Z""}, ""nb_messages"": 0}, {""ami_id"": {""$oid"": ""00010000000000000000007e""}, ""depuis"": {""$date"": ""2026-08-30T09:01:00Z""}, ""nb_messages"": 0}, {""ami_id"": {""$oid"": ""000100000000000000000001""}, ""depuis"": {""$date"": ""2026-09-06T15:10:00Z""}, ""nb_messages"": 15}]";;True;True;membre;
000100000000000000000030;USR-0048;kouam_dla;;Kouam;Vanessa;;Ici pour partager de bons moments.;Kribi;Sud;2023-10-25 13:09:00;15;F;ecolier / etudiant;timide_reseau;foi;"[{""ami_id"": {""$oid"": ""00010000000000000000000d""}, ""depuis"": {""$date"": ""2024-05-11T09:02:00Z""}, ""nb_messages"": 0}, {""ami_id"": {""$oid"": ""00010000000000000000004b""}, ""depuis"": {""$date"": ""2024-06-29T08:23:00Z""}, ""nb_messages"": 0}, {""ami_id"": {""$oid"": ""00010000000000000000005d""}, ""depuis"": {""$date"": ""2024-10-03T16:43:00Z""}, ""nb_messages"": 13}, {""ami_id"": {""$oid"": ""000100000000000000000044""}, ""depuis"": {""$date"": ""2024-10-23T18:09:00Z""}, ""nb_messages"": 0}, {""ami_id"": {""$oid"": ""000100000000000000000054""}, ""depuis"": {""$date"": ""2025-09-26T03:41:00Z""}, ""nb_messages"": 0}, {""ami_id"": {""$oid"": ""000100000000000000000075""}, ""depuis"": {""$date"": ""2025-10-25T10:02:00Z""}, ""nb_messages"": 0}, {""ami_id"": {""$oid"": ""000100000000000000000024""}, ""depuis"": {""$date"": ""2026-03-23T05:32:00Z""}, ""nb_messages"": 0}, {""ami_id"": {""$oid"": ""000100000000000000000086""}, ""depuis"": {""$date"": ""2026-08-17T00:16:00Z""}, ""nb_messages"": 0}, {""ami_id"": {""$oid"": ""000100000000000000000017""}, ""depuis"": {""$date"": ""2026-08-19T23:03:00Z""}, ""nb_messages"": 14}]";"000200000000000000000006;00020000000000000000001a;00020000000000000000001b";True;False;membre;
000100000000000000000031;USR-0049;nguefack_11;;Nguefack;Moussa;;La vie est un voyage, profitez du trajet.;Douala;Littoral;2023-07-16 15:21:00;40;M;employe;timide_reseau;"productivite;technologie";"[{""ami_id"": {""$oid"": ""000100000000000000000015""}, ""depuis"": {""$date"": ""2024-03-10T01:01:00Z""}, ""nb_messages"": 0}, {""ami_id"": {""$oid"": ""00010000000000000000007c""}, ""depuis"": {""$date"": ""2024-11-25T09:43:00Z""}, ""nb_messages"": 0}, {""ami_id"": {""$oid"": ""00010000000000000000000d""}, ""depuis"": {""$date"": ""2025-02-14T07:38:00Z""}, ""nb_messages"": 0}, {""ami_id"": {""$oid"": ""000100000000000000000007""}, ""depuis"": {""$date"": ""2025-04-09T17:51:00Z""}, ""nb_messages"": 9}, {""ami_id"": {""$oid"": ""00010000000000000000007d""}, ""depuis"": {""$date"": ""2026-04-04T01:05:00Z""}, ""nb_messages"": 0}]";"000200000000000000000004;000200000000000000000007;00020000000000000000000e;00020000000000000000001a";True;False;membre;
000100000000000000000032;USR-0050;tsa_dla;;Tsafack;Laure;;Etudiant le jour, reveur la nuit.;Douala;Littoral;2024-12-30 04:23:00;53;F;employe;timide_reseau;"foi;mode";"[{""ami_id"": {""$oid"": ""000100000000000000000042""}, ""depuis"": {""$date"": ""2025-05-09T09:09:00Z""}, ""nb_messages"": 0}, {""ami_id"": {""$oid"": ""000100000000000000000005""}, ""depuis"": {""$date"": ""2025-05-10T14:01:00Z""}, ""nb_messages"": 0}, {""ami_id"": {""$oid"": ""000100000000000000000026""}, ""depuis"": {""$date"": ""2025-05-24T22:53:00Z""}, ""nb_messages"": 0}, {""ami_id"": {""$oid"": ""00010000000000000000003f""}, ""depuis"": {""$date"": ""2025-07-22T00:09:00Z""}, ""nb_messages"": 0}, {""ami_id"": {""$oid"": ""000100000000000000000024""}, ""depuis"": {""$date"": ""2025-09-23T09:23:00Z""}, ""nb_messages"": 0}, {""ami_id"": {""$oid"": ""00010000000000000000008a""}, ""depuis"": {""$date"": ""2025-10-30T12:13:00Z""}, ""nb_messages"": 0}, {""ami_id"": {""$oid"": ""00010000000000000000007d""}, ""depuis"": {""$date"": ""2026-03-28T10:11:00Z""}, ""nb_messages"": 14}, {""ami_id"": {""$oid"": ""000100000000000000000081""}, ""depuis"": {""$date"": ""2026-08-25T20:01:00Z""}, ""nb_messages"": 0}]";"000200000000000000000002;000200000000000000000006;000200000000000000000008;000200000000000000000009;00020000000000000000000e;00020000000000000000000f;000200000000000000000012;000200000000000000000014;000200000000000000000016;000200000000000000000019;00020000000000000000001b";True;True;membre;
000100000000000000000033;USR-0051;pouokam_dla;;Pouokam;Moussa;;Passionne par la vie et les belles rencontres.;Yaounde;Centre;2023-08-24 16:47:00;47;M;employe;normal;technologie;"[{""ami_id"": {""$oid"": ""000100000000000000000001""}, ""depuis"": {""$date"": ""2024-01-11T03:17:00Z""}, ""nb_messages"": 8}, {""ami_id"": {""$oid"": ""000100000000000000000070""}, ""depuis"": {""$date"": ""2025-01-14T13:47:00Z""}, ""nb_messages"": 0}, {""ami_id"": {""$oid"": ""000100000000000000000065""}, ""depuis"": {""$date"": ""2025-05-01T08:53:00Z""}, ""nb_messages"": 0}, {""ami_id"": {""$oid"": ""000100000000000000000059""}, ""depuis"": {""$date"": ""2025-05-19T03:51:00Z""}, ""nb_messages"": 0}, {""ami_id"": {""$oid"": ""000100000000000000000014""}, ""depuis"": {""$date"": ""2025-07-18T12:22:00Z""}, ""nb_messages"": 0}, {""ami_id"": {""$oid"": ""000100000000000000000037""}, ""depuis"": {""$date"": ""2025-10-07T08:04:00Z""}, ""nb_messages"": 0}, {""ami_id"": {""$oid"": ""000100000000000000000085""}, ""depuis"": {""$date"": ""2025-11-04T20:31:00Z""}, ""nb_messages"": 0}, {""ami_id"": {""$oid"": ""000100000000000000000020""}, ""depuis"": {""$date"": ""2026-02-13T00:54:00Z""}, ""nb_messages"": 0}, {""ami_id"": {""$oid"": ""000100000000000000000047""}, ""depuis"": {""$date"": ""2026-02-14T14:31:00Z""}, ""nb_messages"": 5}, {""ami_id"": {""$oid"": ""00010000000000000000004e""}, ""depuis"": {""$date"": ""2026-02-23T14:44:00Z""}, ""nb_messages"": 0}, {""ami_id"": {""$oid"": ""000100000000000000000042""}, ""depuis"": {""$date"": ""2026-03-28T17:42:00Z""}, ""nb_messages"": 0}, {""ami_id"": {""$oid"": ""00010000000000000000004d""}, ""depuis"": {""$date"": ""2026-04-18T07:59:00Z""}, ""nb_messages"": 0}, {""ami_id"": {""$oid"": ""000100000000000000000028""}, ""depuis"": {""$date"": ""2026-04-21T20:55:00Z""}, ""nb_messages"": 0}, {""ami_id"": {""$oid"": ""00010000000000000000001b""}, ""depuis"": {""$date"": ""2026-08-28T06:28:00Z""}, ""nb_messages"": 0}, {""ami_id"": {""$oid"": ""000100000000000000000089""}, ""depuis"": {""$date"": ""2026-09-23T21:47:00Z""}, ""nb_messages"": 0}]";"000200000000000000000004;000200000000000000000007;00020000000000000000000a;00020000000000000000000c;000200000000000000000019;00020000000000000000001b";False;True;membre;
000100000000000000000034;USR-0052;nono_dla;;Nono;Rose;;Amoureux de la nature et de la musique.;Bafoussam;Ouest;2026-04-19 23:57:00;48;F;employe;timide_reseau;"philosophie;foi;histoire";"[{""ami_id"": {""$oid"": ""000100000000000000000060""}, ""depuis"": {""$date"": ""2026-04-27T20:45:00Z""}, ""nb_messages"": 0}, {""ami_id"": {""$oid"": ""000100000000000000000016""}, ""depuis"": {""$date"": ""2026-06-03T08:04:00Z""}, ""nb_messages"": 0}, {""ami_id"": {""$oid"": ""000100000000000000000082""}, ""depuis"": {""$date"": ""2026-06-16T02:01:00Z""}, ""nb_messages"": 0}, {""ami_id"": {""$oid"": ""000100000000000000000054""}, ""depuis"": {""$date"": ""2026-07-17T07:07:00Z""}, ""nb_messages"": 0}, {""ami_id"": {""$oid"": ""000100000000000000000086""}, ""depuis"": {""$date"": ""2026-09-13T05:24:00Z""}, ""nb_messages"": 0}]";"00020000000000000000000b;00020000000000000000000c;000200000000000000000017;00020000000000000000001b;00020000000000000000001d";True;False;membre;
000100000000000000000035;USR-0053;domche_237;;Domche;Yannick;;Amoureux de la nature et de la musique.;Bafoussam;Ouest;2025-08-29 16:53:00;25;M;employe;normal;education;"[{""ami_id"": {""$oid"": ""000100000000000000000055""}, ""depuis"": {""$date"": ""2025-09-27T17:06:00Z""}, ""nb_messages"": 0}, {""ami_id"": {""$oid"": ""000100000000000000000068""}, ""depuis"": {""$date"": ""2025-10-05T18:32:00Z""}, ""nb_messages"": 0}, {""ami_id"": {""$oid"": ""000100000000000000000004""}, ""depuis"": {""$date"": ""2025-12-10T10:44:00Z""}, ""nb_messages"": 0}, {""ami_id"": {""$oid"": ""00010000000000000000001b""}, ""depuis"": {""$date"": ""2025-12-14T00:26:00Z""}, ""nb_messages"": 4}, {""ami_id"": {""$oid"": ""000100000000000000000047""}, ""depuis"": {""$date"": ""2026-01-12T17:40:00Z""}, ""nb_messages"": 0}, {""ami_id"": {""$oid"": ""000100000000000000000084""}, ""depuis"": {""$date"": ""2026-02-16T08:59:00Z""}, ""nb_messages"": 0}, {""ami_id"": {""$oid"": ""00010000000000000000005a""}, ""depuis"": {""$date"": ""2026-02-22T11:20:00Z""}, ""nb_messages"": 0}, {""ami_id"": {""$oid"": ""000100000000000000000041""}, ""depuis"": {""$date"": ""2026-04-21T18:28:00Z""}, ""nb_messages"": 0}, {""ami_id"": {""$oid"": ""000100000000000000000086""}, ""depuis"": {""$date"": ""2026-05-06T17:55:00Z""}, ""nb_messages"": 0}, {""ami_id"": {""$oid"": ""000100000000000000000022""}, ""depuis"": {""$date"": ""2026-05-25T00:07:00Z""}, ""nb_messages"": 4}, {""ami_id"": {""$oid"": ""000100000000000000000024""}, ""depuis"": {""$date"": ""2026-06-06T22:38:00Z""}, ""nb_messages"": 0}, {""ami_id"": {""$oid"": ""000100000000000000000002""}, ""depuis"": {""$date"": ""2026-07-05T10:12:00Z""}, ""nb_messages"": 0}, {""ami_id"": {""$oid"": ""000100000000000000000054""}, ""depuis"": {""$date"": ""2026-08-05T15:45:00Z""}, ""nb_messages"": 0}, {""ami_id"": {""$oid"": ""000100000000000000000076""}, ""depuis"": {""$date"": ""2026-08-11T06:23:00Z""}, ""nb_messages"": 11}, {""ami_id"": {""$oid"": ""00010000000000000000001e""}, ""depuis"": {""$date"": ""2026-08-11T20:43:00Z""}, ""nb_messages"": 0}, {""ami_id"": {""$oid"": ""000100000000000000000079""}, ""depuis"": {""$date"": ""2026-08-13T00:06:00Z""}, ""nb_messages"": 0}, {""ami_id"": {""$oid"": ""000100000000000000000028""}, ""depuis"": {""$date"": ""2026-08-19T22:28:00Z""}, ""nb_messages"": 0}, {""ami_id"": {""$oid"": ""00010000000000000000000e""}, ""depuis"": {""$date"": ""2026-08-21T02:14:00Z""}, ""nb_messages"": 0}, {""ami_id"": {""$oid"": ""000100000000000000000037""}, ""depuis"": {""$date"": ""2026-09-06T18:16:00Z""}, ""nb_messages"": 0}, {""ami_id"": {""$oid"": ""000100000000000000000020""}, ""depuis"": {""$date"": ""2026-09-27T06:44:00Z""}, ""nb_messages"": 12}]";;False;True;membre;
000100000000000000000036;USR-0054;simo_dla;;Simo;Larissa;;Photographe amateur et marcheur invetere.;Yaounde;Centre;2024-12-30 23:36:00;14;F;ecolier / etudiant;normal;"productivite;aventure";"[{""ami_id"": {""$oid"": ""00010000000000000000008f""}, ""depuis"": {""$date"": ""2025-01-21T21:21:00Z""}, ""nb_messages"": 0}, {""ami_id"": {""$oid"": ""000100000000000000000084""}, ""depuis"": {""$date"": ""2025-02-13T12:13:00Z""}, ""nb_messages"": 12}, {""ami_id"": {""$oid"": ""000100000000000000000005""}, ""depuis"": {""$date"": ""2025-03-21T17:00:00Z""}, ""nb_messages"": 0}, {""ami_id"": {""$oid"": ""000100000000000000000049""}, ""depuis"": {""$date"": ""2025-05-13T02:35:00Z""}, ""nb_messages"": 0}, {""ami_id"": {""$oid"": ""00010000000000000000007f""}, ""depuis"": {""$date"": ""2025-06-10T14:08:00Z""}, ""nb_messages"": 0}, {""ami_id"": {""$oid"": ""000100000000000000000047""}, ""depuis"": {""$date"": ""2025-07-22T08:46:00Z""}, ""nb_messages"": 0}, {""ami_id"": {""$oid"": ""000100000000000000000014""}, ""depuis"": {""$date"": ""2025-08-03T07:26:00Z""}, ""nb_messages"": 0}, {""ami_id"": {""$oid"": ""000100000000000000000056""}, ""depuis"": {""$date"": ""2025-08-05T04:19:00Z""}, ""nb_messages"": 0}, {""ami_id"": {""$oid"": ""000100000000000000000053""}, ""depuis"": {""$date"": ""2025-11-08T21:54:00Z""}, ""nb_messages"": 0}, {""ami_id"": {""$oid"": ""000100000000000000000062""}, ""depuis"": {""$date"": ""2025-12-16T17:35:00Z""}, ""nb_messages"": 0}, {""ami_id"": {""$oid"": ""00010000000000000000008e""}, ""depuis"": {""$date"": ""2026-02-07T03:01:00Z""}, ""nb_messages"": 0}, {""ami_id"": {""$oid"": ""00010000000000000000002b""}, ""depuis"": {""$date"": ""2026-02-18T05:39:00Z""}, ""nb_messages"": 0}, {""ami_id"": {""$oid"": ""000100000000000000000086""}, ""depuis"": {""$date"": ""2026-04-04T20:44:00Z""}, ""nb_messages"": 0}, {""ami_id"": {""$oid"": ""00010000000000000000004a""}, ""depuis"": {""$date"": ""2026-04-10T11:46:00Z""}, ""nb_messages"": 0}, {""ami_id"": {""$oid"": ""00010000000000000000000b""}, ""depuis"": {""$date"": ""2026-05-18T12:48:00Z""}, ""nb_messages"": 0}, {""ami_id"": {""$oid"": ""000100000000000000000043""}, ""depuis"": {""$date"": ""2026-07-19T13:36:00Z""}, ""nb_messages"": 0}, {""ami_id"": {""$oid"": ""000100000000000000000081""}, ""depuis"": {""$date"": ""2026-09-11T20:32:00Z""}, ""nb_messages"": 0}]";"000200000000000000000007;00020000000000000000000a;00020000000000000000000c;00020000000000000000000d;000200000000000000000019;00020000000000000000001a;00020000000000000000001b";True;True;membre;
000100000000000000000037;USR-0055;kemajou_dla;;Kemajou;Ibrahim;;Amoureux de la nature et de la musique.;Buea;Sud-Ouest;2024-10-22 10:19:00;38;M;employe;normal;histoire;"[{""ami_id"": {""$oid"": ""000100000000000000000014""}, ""depuis"": {""$date"": ""2024-11-05T13:11:00Z""}, ""nb_messages"": 0}, {""ami_id"": {""$oid"": ""000100000000000000000070""}, ""depuis"": {""$date"": ""2025-01-25T01:28:00Z""}, ""nb_messages"": 0}, {""ami_id"": {""$oid"": ""000100000000000000000085""}, ""depuis"": {""$date"": ""2025-05-14T06:26:00Z""}, ""nb_messages"": 0}, {""ami_id"": {""$oid"": ""000100000000000000000020""}, ""depuis"": {""$date"": ""2025-05-26T05:32:00Z""}, ""nb_messages"": 6}, {""ami_id"": {""$oid"": ""000100000000000000000033""}, ""depuis"": {""$date"": ""2025-10-07T08:04:00Z""}, ""nb_messages"": 0}, {""ami_id"": {""$oid"": ""000100000000000000000047""}, ""depuis"": {""$date"": ""2025-10-12T13:23:00Z""}, ""nb_messages"": 14}, {""ami_id"": {""$oid"": ""000100000000000000000059""}, ""depuis"": {""$date"": ""2025-10-23T05:40:00Z""}, ""nb_messages"": 0}, {""ami_id"": {""$oid"": ""000100000000000000000013""}, ""depuis"": {""$date"": ""2025-11-26T21:43:00Z""}, ""nb_messages"": 3}, {""ami_id"": {""$oid"": ""000100000000000000000029""}, ""depuis"": {""$date"": ""2025-12-17T01:04:00Z""}, ""nb_messages"": 0}, {""ami_id"": {""$oid"": ""000100000000000000000076""}, ""depuis"": {""$date"": ""2025-12-21T12:56:00Z""}, ""nb_messages"": 0}, {""ami_id"": {""$oid"": ""000100000000000000000023""}, ""depuis"": {""$date"": ""2026-01-27T19:50:00Z""}, ""nb_messages"": 0}, {""ami_id"": {""$oid"": ""00010000000000000000003e""}, ""depuis"": {""$date"": ""2026-02-13T06:17:00Z""}, ""nb_messages"": 0}, {""ami_id"": {""$oid"": ""000100000000000000000012""}, ""depuis"": {""$date"": ""2026-03-25T22:25:00Z""}, ""nb_messages"": 0}, {""ami_id"": {""$oid"": ""000100000000000000000066""}, ""depuis"": {""$date"": ""2026-06-21T02:12:00Z""}, ""nb_messages"": 0}, {""ami_id"": {""$oid"": ""000100000000000000000090""}, ""depuis"": {""$date"": ""2026-07-13T15:34:00Z""}, ""nb_messages"": 0}, {""ami_id"": {""$oid"": ""000100000000000000000065""}, ""depuis"": {""$date"": ""2026-08-26T16:55:00Z""}, ""nb_messages"": 0}, {""ami_id"": {""$oid"": ""000100000000000000000035""}, ""depuis"": {""$date"": ""2026-09-06T18:16:00Z""}, ""nb_messages"": 0}]";"000200000000000000000007;00020000000000000000000a;00020000000000000000000c;000200000000000000000012;000200000000000000000014;000200000000000000000018;000200000000000000000019;00020000000000000000001a";True;True;membre;
000100000000000000000038;USR-0056;tchi_dla;;Tchinda;Daniel;;Photographe amateur et marcheur invetere.;Douala;Littoral;2024-03-24 08:10:00;14;M;ecolier / etudiant;timide_reseau;"nature;foi";"[{""ami_id"": {""$oid"": ""000100000000000000000029""}, ""depuis"": {""$date"": ""2024-08-13T21:59:00Z""}, ""nb_messages"": 0}, {""ami_id"": {""$oid"": ""000100000000000000000045""}, ""depuis"": {""$date"": ""2025-03-12T14:20:00Z""}, ""nb_messages"": 0}, {""ami_id"": {""$oid"": ""00010000000000000000008c""}, ""depuis"": {""$date"": ""2026-04-11T04:04:00Z""}, ""nb_messages"": 0}, {""ami_id"": {""$oid"": ""000100000000000000000095""}, ""depuis"": {""$date"": ""2026-07-22T09:22:00Z""}, ""nb_messages"": 0}]";"00020000000000000000000f;000200000000000000000013;000200000000000000000018;00020000000000000000001b";False;False;membre;
000100000000000000000039;USR-0057;kam_enspd;;Kamdem;Alain;;Un cafe, un ordinateur, des projets.;Douala;Littoral;2025-07-26 20:04:00;50;M;employe;timide_reseau;"productivite;nature";"[{""ami_id"": {""$oid"": ""000100000000000000000076""}, ""depuis"": {""$date"": ""2025-09-11T22:34:00Z""}, ""nb_messages"": 0}, {""ami_id"": {""$oid"": ""00010000000000000000002a""}, ""depuis"": {""$date"": ""2026-04-29T19:01:00Z""}, ""nb_messages"": 11}, {""ami_id"": {""$oid"": ""000100000000000000000053""}, ""depuis"": {""$date"": ""2026-05-25T16:49:00Z""}, ""nb_messages"": 0}, {""ami_id"": {""$oid"": ""000100000000000000000080""}, ""depuis"": {""$date"": ""2026-08-28T13:43:00Z""}, ""nb_messages"": 0}, {""ami_id"": {""$oid"": ""000100000000000000000086""}, ""depuis"": {""$date"": ""2026-09-05T05:27:00Z""}, ""nb_messages"": 0}, {""ami_id"": {""$oid"": ""000100000000000000000096""}, ""depuis"": {""$date"": ""2026-09-16T02:32:00Z""}, ""nb_messages"": 0}]";"000200000000000000000004;000200000000000000000007;000200000000000000000008;000200000000000000000009;00020000000000000000000b;00020000000000000000000e;000200000000000000000010;000200000000000000000015;000200000000000000000019;00020000000000000000001b";True;False;membre;
00010000000000000000003a;USR-0058;nou_enspd;;Noubissi;Grace;;La vie est un voyage, profitez du trajet.;Bafoussam;Ouest;2025-10-09 02:02:00;39;F;employe;timide_reseau;"education;voyage";"[{""ami_id"": {""$oid"": ""000100000000000000000017""}, ""depuis"": {""$date"": ""2025-11-25T23:27:00Z""}, ""nb_messages"": 0}, {""ami_id"": {""$oid"": ""000100000000000000000061""}, ""depuis"": {""$date"": ""2026-01-05T04:51:00Z""}, ""nb_messages"": 0}, {""ami_id"": {""$oid"": ""00010000000000000000005d""}, ""depuis"": {""$date"": ""2026-02-10T14:32:00Z""}, ""nb_messages"": 0}, {""ami_id"": {""$oid"": ""000100000000000000000016""}, ""depuis"": {""$date"": ""2026-02-15T16:44:00Z""}, ""nb_messages"": 0}, {""ami_id"": {""$oid"": ""00010000000000000000005c""}, ""depuis"": {""$date"": ""2026-04-13T00:11:00Z""}, ""nb_messages"": 0}, {""ami_id"": {""$oid"": ""000100000000000000000079""}, ""depuis"": {""$date"": ""2026-06-03T20:39:00Z""}, ""nb_messages"": 0}, {""ami_id"": {""$oid"": ""00010000000000000000004e""}, ""depuis"": {""$date"": ""2026-07-03T14:40:00Z""}, ""nb_messages"": 9}, {""ami_id"": {""$oid"": ""000100000000000000000028""}, ""depuis"": {""$date"": ""2026-07-11T09:37:00Z""}, ""nb_messages"": 0}]";"000200000000000000000007;000200000000000000000009;00020000000000000000000a;00020000000000000000000e;000200000000000000000014;000200000000000000000015;00020000000000000000001a";False;True;membre;
00010000000000000000003b;USR-0059;yimga_dla;;Yimga;Ibrahim;;Toujours en train d'apprendre quelque chose.;Yaounde;Centre;2023-09-07 19:59:00;48;M;employe;timide_reseau;"philosophie;foi";"[{""ami_id"": {""$oid"": ""000100000000000000000024""}, ""depuis"": {""$date"": ""2025-01-29T01:20:00Z""}, ""nb_messages"": 10}, {""ami_id"": {""$oid"": ""000100000000000000000057""}, ""depuis"": {""$date"": ""2025-04-08T03:42:00Z""}, ""nb_messages"": 0}, {""ami_id"": {""$oid"": ""00010000000000000000004a""}, ""depuis"": {""$date"": ""2025-09-12T07:16:00Z""}, ""nb_messages"": 0}, {""ami_id"": {""$oid"": ""000100000000000000000044""}, ""depuis"": {""$date"": ""2025-10-23T03:46:00Z""}, ""nb_messages"": 13}, {""ami_id"": {""$oid"": ""00010000000000000000005f""}, ""depuis"": {""$date"": ""2025-12-26T15:05:00Z""}, ""nb_messages"": 0}, {""ami_id"": {""$oid"": ""000100000000000000000025""}, ""depuis"": {""$date"": ""2026-05-25T17:27:00Z""}, ""nb_messages"": 0}, {""ami_id"": {""$oid"": ""000100000000000000000055""}, ""depuis"": {""$date"": ""2026-07-06T05:18:00Z""}, ""nb_messages"": 0}, {""ami_id"": {""$oid"": ""000100000000000000000002""}, ""depuis"": {""$date"": ""2026-07-22T02:55:00Z""}, ""nb_messages"": 0}, {""ami_id"": {""$oid"": ""00010000000000000000002d""}, ""depuis"": {""$date"": ""2026-08-31T14:43:00Z""}, ""nb_messages"": 0}]";"000200000000000000000006;000200000000000000000007;000200000000000000000008;00020000000000000000000b;000200000000000000000011;00020000000000000000001b";True;False;membre;
00010000000000000000003c;USR-0060;fokam_enspd;;Fokam;Sorelle;;La vie est un voyage, profitez du trajet.;Yaounde;Centre;2023-01-02 18:54:00;18;F;ecolier / etudiant;timide_reseau;"histoire;foi;philosophie";"[{""ami_id"": {""$oid"": ""000100000000000000000022""}, ""depuis"": {""$date"": ""2023-12-27T10:58:00Z""}, ""nb_messages"": 0}, {""ami_id"": {""$oid"": ""000100000000000000000044""}, ""depuis"": {""$date"": ""2024-06-07T06:23:00Z""}, ""nb_messages"": 0}, {""ami_id"": {""$oid"": ""000100000000000000000026""}, ""depuis"": {""$date"": ""2025-05-03T08:39:00Z""}, ""nb_messages"": 10}, {""ami_id"": {""$oid"": ""000100000000000000000013""}, ""depuis"": {""$date"": ""2025-05-24T16:50:00Z""}, ""nb_messages"": 0}, {""ami_id"": {""$oid"": ""000100000000000000000061""}, ""depuis"": {""$date"": ""2026-01-08T06:35:00Z""}, ""nb_messages"": 12}, {""ami_id"": {""$oid"": ""00010000000000000000000b""}, ""depuis"": {""$date"": ""2026-02-22T08:08:00Z""}, ""nb_messages"": 10}, {""ami_id"": {""$oid"": ""000100000000000000000025""}, ""depuis"": {""$date"": ""2026-02-25T18:22:00Z""}, ""nb_messages"": 0}, {""ami_id"": {""$oid"": ""000100000000000000000018""}, ""depuis"": {""$date"": ""2026-07-07T17:57:00Z""}, ""nb_messages"": 0}, {""ami_id"": {""$oid"": ""00010000000000000000006b""}, ""depuis"": {""$date"": ""2026-09-05T10:38:00Z""}, ""nb_messages"": 0}]";"000200000000000000000003;000200000000000000000004;000200000000000000000007;00020000000000000000000b;00020000000000000000000e;000200000000000000000011;000200000000000000000015;000200000000000000000019;00020000000000000000001a;00020000000000000000001b";True;False;membre;
00010000000000000000003d;USR-0061;teguia_237;;Teguia;Wilfried;;Etudiant le jour, reveur la nuit.;Douala;Littoral;2024-11-11 14:09:00;25;M;employe;timide_reseau;"foi;nature;productivite";"[{""ami_id"": {""$oid"": ""00010000000000000000004b""}, ""depuis"": {""$date"": ""2025-02-26T07:27:00Z""}, ""nb_messages"": 0}, {""ami_id"": {""$oid"": ""000100000000000000000048""}, ""depuis"": {""$date"": ""2025-04-06T12:18:00Z""}, ""nb_messages"": 0}, {""ami_id"": {""$oid"": ""000100000000000000000041""}, ""depuis"": {""$date"": ""2025-04-24T14:33:00Z""}, ""nb_messages"": 0}, {""ami_id"": {""$oid"": ""000100000000000000000021""}, ""depuis"": {""$date"": ""2026-03-29T05:38:00Z""}, ""nb_messages"": 0}, {""ami_id"": {""$oid"": ""00010000000000000000007e""}, ""depuis"": {""$date"": ""2026-05-31T02:32:00Z""}, ""nb_messages"": 0}, {""ami_id"": {""$oid"": ""000100000000000000000050""}, ""depuis"": {""$date"": ""2026-06-02T19:41:00Z""}, ""nb_messages"": 0}, {""ami_id"": {""$oid"": ""00010000000000000000002c""}, ""depuis"": {""$date"": ""2026-06-21T20:42:00Z""}, ""nb_messages"": 0}]";"000200000000000000000007;00020000000000000000000c;00020000000000000000000e;00020000000000000000000f;000200000000000000000012;000200000000000000000019;00020000000000000000001a;00020000000000000000001b;00020000000000000000001e";False;False;membre;
00010000000000000000003e;USR-0062;tchu_237;;Tchuente;Gaelle;;Amoureux de la nature et de la musique.;Douala;Littoral;2023-06-26 06:08:00;22;F;ecolier / etudiant;normal;"nature;voyage";"[{""ami_id"": {""$oid"": ""000100000000000000000022""}, ""depuis"": {""$date"": ""2023-09-02T06:40:00Z""}, ""nb_messages"": 0}, {""ami_id"": {""$oid"": ""00010000000000000000003f""}, ""depuis"": {""$date"": ""2023-10-28T12:22:00Z""}, ""nb_messages"": 0}, {""ami_id"": {""$oid"": ""000100000000000000000013""}, ""depuis"": {""$date"": ""2023-12-26T08:00:00Z""}, ""nb_messages"": 0}, {""ami_id"": {""$oid"": ""000100000000000000000047""}, ""depuis"": {""$date"": ""2024-11-02T00:33:00Z""}, ""nb_messages"": 0}, {""ami_id"": {""$oid"": ""000100000000000000000042""}, ""depuis"": {""$date"": ""2025-03-20T09:48:00Z""}, ""nb_messages"": 0}, {""ami_id"": {""$oid"": ""000100000000000000000020""}, ""depuis"": {""$date"": ""2025-07-28T19:16:00Z""}, ""nb_messages"": 0}, {""ami_id"": {""$oid"": ""00010000000000000000006b""}, ""depuis"": {""$date"": ""2025-09-16T05:20:00Z""}, ""nb_messages"": 0}, {""ami_id"": {""$oid"": ""000100000000000000000014""}, ""depuis"": {""$date"": ""2026-01-21T05:10:00Z""}, ""nb_messages"": 0}, {""ami_id"": {""$oid"": ""000100000000000000000029""}, ""depuis"": {""$date"": ""2026-02-04T13:10:00Z""}, ""nb_messages"": 0}, {""ami_id"": {""$oid"": ""000100000000000000000082""}, ""depuis"": {""$date"": ""2026-02-07T02:42:00Z""}, ""nb_messages"": 0}, {""ami_id"": {""$oid"": ""000100000000000000000037""}, ""depuis"": {""$date"": ""2026-02-13T06:17:00Z""}, ""nb_messages"": 0}, {""ami_id"": {""$oid"": ""00010000000000000000005a""}, ""depuis"": {""$date"": ""2026-04-16T04:51:00Z""}, ""nb_messages"": 8}, {""ami_id"": {""$oid"": ""00010000000000000000007e""}, ""depuis"": {""$date"": ""2026-04-26T05:42:00Z""}, ""nb_messages"": 0}, {""ami_id"": {""$oid"": ""000100000000000000000072""}, ""depuis"": {""$date"": ""2026-04-28T20:10:00Z""}, ""nb_messages"": 0}, {""ami_id"": {""$oid"": ""000100000000000000000027""}, ""depuis"": {""$date"": ""2026-04-29T14:48:00Z""}, ""nb_messages"": 0}, {""ami_id"": {""$oid"": ""00010000000000000000002b""}, ""depuis"": {""$date"": ""2026-05-15T03:41:00Z""}, ""nb_messages"": 0}, {""ami_id"": {""$oid"": ""000100000000000000000065""}, ""depuis"": {""$date"": ""2026-07-08T20:17:00Z""}, ""nb_messages"": 0}, {""ami_id"": {""$oid"": ""000100000000000000000008""}, ""depuis"": {""$date"": ""2026-07-11T06:03:00Z""}, ""nb_messages"": 0}, {""ami_id"": {""$oid"": ""000100000000000000000086""}, ""depuis"": {""$date"": ""2026-07-15T19:00:00Z""}, ""nb_messages"": 0}, {""ami_id"": {""$oid"": ""000100000000000000000081""}, ""depuis"": {""$date"": ""2026-08-10T09:37:00Z""}, ""nb_messages"": 6}, {""ami_id"": {""$oid"": ""000100000000000000000059""}, ""depuis"": {""$date"": ""2026-08-16T02:33:00Z""}, ""nb_messages"": 0}, {""ami_id"": {""$oid"": ""00010000000000000000000b""}, ""depuis"": {""$date"": ""2026-08-25T05:21:00Z""}, ""nb_messages"": 0}, {""ami_id"": {""$oid"": ""000100000000000000000024""}, ""depuis"": {""$date"": ""2026-09-01T13:58:00Z""}, ""nb_messages"": 2}, {""ami_id"": {""$oid"": ""000100000000000000000066""}, ""depuis"": {""$date"": ""2026-09-16T09:07:00Z""}, ""nb_messages"": 0}]";"00020000000000000000000c;000200000000000000000018";True;False;membre;
00010000000000000000003f;USR-0063;mekontso_237;;Mekontso;Thierry;;Fier d'etre camerounais.;Douala;Littoral;2023-10-24 02:28:00;52;M;employe;normal;"histoire;voyage;nature";"[{""ami_id"": {""$oid"": ""00010000000000000000003e""}, ""depuis"": {""$date"": ""2023-10-28T12:22:00Z""}, ""nb_messages"": 0}, {""ami_id"": {""$oid"": ""000100000000000000000001""}, ""depuis"": {""$date"": ""2024-07-17T08:06:00Z""}, ""nb_messages"": 9}, {""ami_id"": {""$oid"": ""000100000000000000000024""}, ""depuis"": {""$date"": ""2025-03-09T05:40:00Z""}, ""nb_messages"": 0}, {""ami_id"": {""$oid"": ""000100000000000000000032""}, ""depuis"": {""$date"": ""2025-07-22T00:09:00Z""}, ""nb_messages"": 0}, {""ami_id"": {""$oid"": ""00010000000000000000001a""}, ""depuis"": {""$date"": ""2025-08-24T10:34:00Z""}, ""nb_messages"": 0}, {""ami_id"": {""$oid"": ""000100000000000000000015""}, ""depuis"": {""$date"": ""2025-11-23T04:59:00Z""}, ""nb_messages"": 0}, {""ami_id"": {""$oid"": ""000100000000000000000003""}, ""depuis"": {""$date"": ""2026-04-11T20:49:00Z""}, ""nb_messages"": 0}, {""ami_id"": {""$oid"": ""00010000000000000000007f""}, ""depuis"": {""$date"": ""2026-06-02T06:32:00Z""}, ""nb_messages"": 0}, {""ami_id"": {""$oid"": ""00010000000000000000004c""}, ""depuis"": {""$date"": ""2026-07-23T20:03:00Z""}, ""nb_messages"": 0}, {""ami_id"": {""$oid"": ""000100000000000000000026""}, ""depuis"": {""$date"": ""2026-08-15T22:04:00Z""}, ""nb_messages"": 0}]";"000200000000000000000007;00020000000000000000000a;000200000000000000000015;000200000000000000000019;00020000000000000000001b;00020000000000000000001c;00020000000000000000001e";True;False;membre;
000100000000000000000040;USR-0064;don_enspd;;Dongmo;Rodrigue;;Etudiant le jour, reveur la nuit.;Douala;Littoral;2025-06-30 18:37:00;74;M;retraite;timide_reseau;"foi;voyage;technologie";"[{""ami_id"": {""$oid"": ""000100000000000000000042""}, ""depuis"": {""$date"": ""2025-11-22T09:03:00Z""}, ""nb_messages"": 0}, {""ami_id"": {""$oid"": ""00010000000000000000002a""}, ""depuis"": {""$date"": ""2025-12-11T15:24:00Z""}, ""nb_messages"": 9}, {""ami_id"": {""$oid"": ""00010000000000000000001d""}, ""depuis"": {""$date"": ""2026-02-23T23:18:00Z""}, ""nb_messages"": 0}, {""ami_id"": {""$oid"": ""000100000000000000000048""}, ""depuis"": {""$date"": ""2026-03-11T21:34:00Z""}, ""nb_messages"": 13}, {""ami_id"": {""$oid"": ""000100000000000000000003""}, ""depuis"": {""$date"": ""2026-03-15T18:56:00Z""}, ""nb_messages"": 0}, {""ami_id"": {""$oid"": ""00010000000000000000005b""}, ""depuis"": {""$date"": ""2026-05-31T00:13:00Z""}, ""nb_messages"": 0}, {""ami_id"": {""$oid"": ""00010000000000000000001c""}, ""depuis"": {""$date"": ""2026-08-03T07:38:00Z""}, ""nb_messages"": 2}, {""ami_id"": {""$oid"": ""000100000000000000000066""}, ""depuis"": {""$date"": ""2026-09-04T05:05:00Z""}, ""nb_messages"": 0}, {""ami_id"": {""$oid"": ""00010000000000000000000d""}, ""depuis"": {""$date"": ""2026-09-27T01:55:00Z""}, ""nb_messages"": 13}]";00020000000000000000000d;True;True;membre;
000100000000000000000041;USR-0065;you_dla;;Youmbi;Guy;;Fier d'etre camerounais.;Bamenda;Nord-Ouest;2023-12-29 19:50:00;64;M;retraite;normal;"productivite;mode";"[{""ami_id"": {""$oid"": ""000100000000000000000042""}, ""depuis"": {""$date"": ""2024-10-05T12:07:00Z""}, ""nb_messages"": 0}, {""ami_id"": {""$oid"": ""00010000000000000000003d""}, ""depuis"": {""$date"": ""2025-04-24T14:33:00Z""}, ""nb_messages"": 0}, {""ami_id"": {""$oid"": ""000100000000000000000055""}, ""depuis"": {""$date"": ""2025-07-04T11:15:00Z""}, ""nb_messages"": 6}, {""ami_id"": {""$oid"": ""000100000000000000000086""}, ""depuis"": {""$date"": ""2025-12-06T22:20:00Z""}, ""nb_messages"": 0}, {""ami_id"": {""$oid"": ""000100000000000000000048""}, ""depuis"": {""$date"": ""2026-01-01T06:41:00Z""}, ""nb_messages"": 0}, {""ami_id"": {""$oid"": ""00010000000000000000005a""}, ""depuis"": {""$date"": ""2026-01-10T20:19:00Z""}, ""nb_messages"": 0}, {""ami_id"": {""$oid"": ""00010000000000000000001e""}, ""depuis"": {""$date"": ""2026-02-17T07:32:00Z""}, ""nb_messages"": 0}, {""ami_id"": {""$oid"": ""00010000000000000000002a""}, ""depuis"": {""$date"": ""2026-02-23T04:45:00Z""}, ""nb_messages"": 0}, {""ami_id"": {""$oid"": ""000100000000000000000091""}, ""depuis"": {""$date"": ""2026-03-09T23:55:00Z""}, ""nb_messages"": 0}, {""ami_id"": {""$oid"": ""000100000000000000000084""}, ""depuis"": {""$date"": ""2026-03-11T02:45:00Z""}, ""nb_messages"": 0}, {""ami_id"": {""$oid"": ""00010000000000000000002c""}, ""depuis"": {""$date"": ""2026-03-30T00:39:00Z""}, ""nb_messages"": 14}, {""ami_id"": {""$oid"": ""000100000000000000000022""}, ""depuis"": {""$date"": ""2026-04-08T05:05:00Z""}, ""nb_messages"": 0}, {""ami_id"": {""$oid"": ""000100000000000000000094""}, ""depuis"": {""$date"": ""2026-04-19T00:14:00Z""}, ""nb_messages"": 0}, {""ami_id"": {""$oid"": ""000100000000000000000004""}, ""depuis"": {""$date"": ""2026-04-19T05:34:00Z""}, ""nb_messages"": 0}, {""ami_id"": {""$oid"": ""000100000000000000000035""}, ""depuis"": {""$date"": ""2026-04-21T18:28:00Z""}, ""nb_messages"": 0}, {""ami_id"": {""$oid"": ""00010000000000000000000b""}, ""depuis"": {""$date"": ""2026-05-05T20:50:00Z""}, ""nb_messages"": 0}, {""ami_id"": {""$oid"": ""000100000000000000000050""}, ""depuis"": {""$date"": ""2026-06-16T09:23:00Z""}, ""nb_messages"": 6}, {""ami_id"": {""$oid"": ""000100000000000000000061""}, ""depuis"": {""$date"": ""2026-07-03T12:02:00Z""}, ""nb_messages"": 0}, {""ami_id"": {""$oid"": ""000100000000000000000076""}, ""depuis"": {""$date"": ""2026-07-04T13:09:00Z""}, ""nb_messages"": 0}, {""ami_id"": {""$oid"": ""000100000000000000000043""}, ""depuis"": {""$date"": ""2026-07-30T20:53:00Z""}, ""nb_messages"": 0}, {""ami_id"": {""$oid"": ""000100000000000000000073""}, ""depuis"": {""$date"": ""2026-08-13T05:37:00Z""}, ""nb_messages"": 0}, {""ami_id"": {""$oid"": ""000100000000000000000079""}, ""depuis"": {""$date"": ""2026-08-25T16:53:00Z""}, ""nb_messages"": 0}, {""ami_id"": {""$oid"": ""000100000000000000000018""}, ""depuis"": {""$date"": ""2026-09-05T11:55:00Z""}, ""nb_messages"": 0}, {""ami_id"": {""$oid"": ""000100000000000000000089""}, ""depuis"": {""$date"": ""2026-09-26T12:42:00Z""}, ""nb_messages"": 0}]";;False;False;membre;
000100000000000000000042;USR-0066;kuete_enspd;;Kuete;Boris;;Passionne par la vie et les belles rencontres.;Bamenda;Nord-Ouest;2023-07-16 02:48:00;78;M;retraite;influenceur;"technologie;mode;nature";"[{""ami_id"": {""$oid"": ""00010000000000000000002a""}, ""depuis"": {""$date"": ""2023-11-04T22:42:00Z""}, ""nb_messages"": 0}, {""ami_id"": {""$oid"": ""00010000000000000000007f""}, ""depuis"": {""$date"": ""2023-11-16T13:49:00Z""}, ""nb_messages"": 0}, {""ami_id"": {""$oid"": ""000100000000000000000022""}, ""depuis"": {""$date"": ""2024-01-02T21:52:00Z""}, ""nb_messages"": 0}, {""ami_id"": {""$oid"": ""00010000000000000000008e""}, ""depuis"": {""$date"": ""2024-06-16T00:33:00Z""}, ""nb_messages"": 0}, {""ami_id"": {""$oid"": ""000100000000000000000041""}, ""depuis"": {""$date"": ""2024-10-05T12:07:00Z""}, ""nb_messages"": 0}, {""ami_id"": {""$oid"": ""00010000000000000000006b""}, ""depuis"": {""$date"": ""2025-01-18T12:11:00Z""}, ""nb_messages"": 0}, {""ami_id"": {""$oid"": ""000100000000000000000073""}, ""depuis"": {""$date"": ""2025-01-22T15:44:00Z""}, ""nb_messages"": 0}, {""ami_id"": {""$oid"": ""000100000000000000000076""}, ""depuis"": {""$date"": ""2025-02-01T23:07:00Z""}, ""nb_messages"": 0}, {""ami_id"": {""$oid"": ""000100000000000000000014""}, ""depuis"": {""$date"": ""2025-02-25T04:18:00Z""}, ""nb_messages"": 0}, {""ami_id"": {""$oid"": ""000100000000000000000044""}, ""depuis"": {""$date"": ""2025-03-06T04:54:00Z""}, ""nb_messages"": 0}, {""ami_id"": {""$oid"": ""00010000000000000000003e""}, ""depuis"": {""$date"": ""2025-03-20T09:48:00Z""}, ""nb_messages"": 0}, {""ami_id"": {""$oid"": ""000100000000000000000032""}, ""depuis"": {""$date"": ""2025-05-09T09:09:00Z""}, ""nb_messages"": 0}, {""ami_id"": {""$oid"": ""000100000000000000000084""}, ""depuis"": {""$date"": ""2025-05-16T00:17:00Z""}, ""nb_messages"": 0}, {""ami_id"": {""$oid"": ""00010000000000000000006c""}, ""depuis"": {""$date"": ""2025-09-21T22:39:00Z""}, ""nb_messages"": 0}, {""ami_id"": {""$oid"": ""000100000000000000000059""}, ""depuis"": {""$date"": ""2025-10-20T23:28:00Z""}, ""nb_messages"": 0}, {""ami_id"": {""$oid"": ""000100000000000000000040""}, ""depuis"": {""$date"": ""2025-11-22T09:03:00Z""}, ""nb_messages"": 0}, {""ami_id"": {""$oid"": ""00010000000000000000004a""}, ""depuis"": {""$date"": ""2026-03-27T04:40:00Z""}, ""nb_messages"": 0}, {""ami_id"": {""$oid"": ""000100000000000000000033""}, ""depuis"": {""$date"": ""2026-03-28T17:42:00Z""}, ""nb_messages"": 0}, {""ami_id"": {""$oid"": ""000100000000000000000086""}, ""depuis"": {""$date"": ""2026-04-07T15:08:00Z""}, ""nb_messages"": 0}, {""ami_id"": {""$oid"": ""00010000000000000000004e""}, ""depuis"": {""$date"": ""2026-04-08T20:01:00Z""}, ""nb_messages"": 0}, {""ami_id"": {""$oid"": ""000100000000000000000006""}, ""depuis"": {""$date"": ""2026-04-19T13:33:00Z""}, ""nb_messages"": 0}, {""ami_id"": {""$oid"": ""00010000000000000000002b""}, ""depuis"": {""$date"": ""2026-05-02T22:14:00Z""}, ""nb_messages"": 0}, {""ami_id"": {""$oid"": ""00010000000000000000005a""}, ""depuis"": {""$date"": ""2026-06-18T09:06:00Z""}, ""nb_messages"": 0}, {""ami_id"": {""$oid"": ""000100000000000000000020""}, ""depuis"": {""$date"": ""2026-07-02T23:02:00Z""}, ""nb_messages"": 0}, {""ami_id"": {""$oid"": ""00010000000000000000007e""}, ""depuis"": {""$date"": ""2026-07-22T05:41:00Z""}, ""nb_messages"": 13}, {""ami_id"": {""$oid"": ""000100000000000000000061""}, ""depuis"": {""$date"": ""2026-08-10T02:43:00Z""}, ""nb_messages"": 14}, {""ami_id"": {""$oid"": ""000100000000000000000081""}, ""depuis"": {""$date"": ""2026-08-14T12:33:00Z""}, ""nb_messages"": 13}, {""ami_id"": {""$oid"": ""000100000000000000000057""}, ""depuis"": {""$date"": ""2026-08-29T18:57:00Z""}, ""nb_messages"": 0}, {""ami_id"": {""$oid"": ""000100000000000000000028""}, ""depuis"": {""$date"": ""2026-09-14T22:10:00Z""}, ""nb_messages"": 13}]";"000200000000000000000005;000200000000000000000007;000200000000000000000009;00020000000000000000000b;00020000000000000000000f;000200000000000000000018;000200000000000000000019;00020000000000000000001b";False;True;membre;
000100000000000000000043;USR-0067;nga_237;;Ngamaleu;Paul;;Curieux de tout, expert en rien.;Limbe;Sud-Ouest;2026-04-29 01:22:00;48;M;employe;normal;"mode;philosophie";"[{""ami_id"": {""$oid"": ""000100000000000000000086""}, ""depuis"": {""$date"": ""2026-05-11T07:13:00Z""}, ""nb_messages"": 0}, {""ami_id"": {""$oid"": ""000100000000000000000049""}, ""depuis"": {""$date"": ""2026-05-16T19:08:00Z""}, ""nb_messages"": 0}, {""ami_id"": {""$oid"": ""000100000000000000000004""}, ""depuis"": {""$date"": ""2026-05-30T15:06:00Z""}, ""nb_messages"": 0}, {""ami_id"": {""$oid"": ""000100000000000000000093""}, ""depuis"": {""$date"": ""2026-06-01T11:00:00Z""}, ""nb_messages"": 0}, {""ami_id"": {""$oid"": ""00010000000000000000008b""}, ""depuis"": {""$date"": ""2026-06-01T13:07:00Z""}, ""nb_messages"": 0}, {""ami_id"": {""$oid"": ""000100000000000000000084""}, ""depuis"": {""$date"": ""2026-06-13T08:56:00Z""}, ""nb_messages"": 14}, {""ami_id"": {""$oid"": ""000100000000000000000024""}, ""depuis"": {""$date"": ""2026-07-12T06:41:00Z""}, ""nb_messages"": 0}, {""ami_id"": {""$oid"": ""000100000000000000000013""}, ""depuis"": {""$date"": ""2026-07-14T10:02:00Z""}, ""nb_messages"": 0}, {""ami_id"": {""$oid"": ""000100000000000000000003""}, ""depuis"": {""$date"": ""2026-07-18T16:16:00Z""}, ""nb_messages"": 0}, {""ami_id"": {""$oid"": ""000100000000000000000036""}, ""depuis"": {""$date"": ""2026-07-19T13:36:00Z""}, ""nb_messages"": 0}, {""ami_id"": {""$oid"": ""000100000000000000000047""}, ""depuis"": {""$date"": ""2026-07-20T23:10:00Z""}, ""nb_messages"": 0}, {""ami_id"": {""$oid"": ""000100000000000000000088""}, ""depuis"": {""$date"": ""2026-07-25T07:26:00Z""}, ""nb_messages"": 0}, {""ami_id"": {""$oid"": ""000100000000000000000041""}, ""depuis"": {""$date"": ""2026-07-30T20:53:00Z""}, ""nb_messages"": 0}, {""ami_id"": {""$oid"": ""000100000000000000000072""}, ""depuis"": {""$date"": ""2026-08-02T14:02:00Z""}, ""nb_messages"": 0}, {""ami_id"": {""$oid"": ""000100000000000000000014""}, ""depuis"": {""$date"": ""2026-08-05T01:35:00Z""}, ""nb_messages"": 14}, {""ami_id"": {""$oid"": ""00010000000000000000002b""}, ""depuis"": {""$date"": ""2026-08-05T05:45:00Z""}, ""nb_messages"": 3}, {""ami_id"": {""$oid"": ""000100000000000000000005""}, ""depuis"": {""$date"": ""2026-08-08T10:08:00Z""}, ""nb_messages"": 0}, {""ami_id"": {""$oid"": ""000100000000000000000028""}, ""depuis"": {""$date"": ""2026-08-18T17:53:00Z""}, ""nb_messages"": 7}, {""ami_id"": {""$oid"": ""000100000000000000000029""}, ""depuis"": {""$date"": ""2026-09-03T23:31:00Z""}, ""nb_messages"": 0}, {""ami_id"": {""$oid"": ""00010000000000000000008e""}, ""depuis"": {""$date"": ""2026-09-07T18:40:00Z""}, ""nb_messages"": 0}, {""ami_id"": {""$oid"": ""000100000000000000000075""}, ""depuis"": {""$date"": ""2026-09-07T19:09:00Z""}, ""nb_messages"": 0}, {""ami_id"": {""$oid"": ""00010000000000000000007f""}, ""depuis"": {""$date"": ""2026-09-19T07:27:00Z""}, ""nb_messages"": 10}, {""ami_id"": {""$oid"": ""000100000000000000000059""}, ""depuis"": {""$date"": ""2026-09-25T10:43:00Z""}, ""nb_messages"": 0}, {""ami_id"": {""$oid"": ""000100000000000000000055""}, ""depuis"": {""$date"": ""2026-09-27T16:10:00Z""}, ""nb_messages"": 0}]";"000200000000000000000002;000200000000000000000004;000200000000000000000007;000200000000000000000009;00020000000000000000000b;00020000000000000000000e;000200000000000000000011;000200000000000000000012;000200000000000000000018;000200000000000000000019;00020000000000000000001a;00020000000000000000001b";False;False;membre;
000100000000000000000044;USR-0068;lon_dla;;Lontsi;Rodrigue;;Toujours en train d'apprendre quelque chose.;Limbe;Sud-Ouest;2023-12-31 16:52:00;53;M;employe;normal;"education;aventure;nature";"[{""ami_id"": {""$oid"": ""000100000000000000000006""}, ""depuis"": {""$date"": ""2024-05-16T15:52:00Z""}, ""nb_messages"": 0}, {""ami_id"": {""$oid"": ""00010000000000000000003c""}, ""depuis"": {""$date"": ""2024-06-07T06:23:00Z""}, ""nb_messages"": 0}, {""ami_id"": {""$oid"": ""000100000000000000000026""}, ""depuis"": {""$date"": ""2024-10-08T04:54:00Z""}, ""nb_messages"": 0}, {""ami_id"": {""$oid"": ""000100000000000000000091""}, ""depuis"": {""$date"": ""2024-10-14T04:08:00Z""}, ""nb_messages"": 0}, {""ami_id"": {""$oid"": ""000100000000000000000030""}, ""depuis"": {""$date"": ""2024-10-23T18:09:00Z""}, ""nb_messages"": 0}, {""ami_id"": {""$oid"": ""000100000000000000000059""}, ""depuis"": {""$date"": ""2025-02-06T18:23:00Z""}, ""nb_messages"": 4}, {""ami_id"": {""$oid"": ""000100000000000000000042""}, ""depuis"": {""$date"": ""2025-03-06T04:54:00Z""}, ""nb_messages"": 0}, {""ami_id"": {""$oid"": ""00010000000000000000008e""}, ""depuis"": {""$date"": ""2025-06-26T09:41:00Z""}, ""nb_messages"": 0}, {""ami_id"": {""$oid"": ""000100000000000000000073""}, ""depuis"": {""$date"": ""2025-08-22T06:48:00Z""}, ""nb_messages"": 0}, {""ami_id"": {""$oid"": ""000100000000000000000093""}, ""depuis"": {""$date"": ""2025-10-17T07:45:00Z""}, ""nb_messages"": 0}, {""ami_id"": {""$oid"": ""00010000000000000000003b""}, ""depuis"": {""$date"": ""2025-10-23T03:46:00Z""}, ""nb_messages"": 13}, {""ami_id"": {""$oid"": ""000100000000000000000018""}, ""depuis"": {""$date"": ""2026-01-10T08:16:00Z""}, ""nb_messages"": 0}, {""ami_id"": {""$oid"": ""000100000000000000000009""}, ""depuis"": {""$date"": ""2026-03-27T23:32:00Z""}, ""nb_messages"": 0}, {""ami_id"": {""$oid"": ""000100000000000000000007""}, ""depuis"": {""$date"": ""2026-04-12T14:17:00Z""}, ""nb_messages"": 0}]";"000200000000000000000007;00020000000000000000000a;00020000000000000000000e;00020000000000000000000f;000200000000000000000019;00020000000000000000001a;00020000000000000000001b";True;True;membre;
000100000000000000000045;USR-0069;wou_enspd;;Wouapi;Sorelle;;Passionne par la vie et les belles rencontres.;Bertoua;Est;2024-03-31 17:32:00;18;F;ecolier / etudiant;normal;"mode;philosophie";"[{""ami_id"": {""$oid"": ""00010000000000000000004b""}, ""depuis"": {""$date"": ""2024-08-15T20:33:00Z""}, ""nb_messages"": 0}, {""ami_id"": {""$oid"": ""00010000000000000000005c""}, ""depuis"": {""$date"": ""2024-12-25T20:30:00Z""}, ""nb_messages"": 0}, {""ami_id"": {""$oid"": ""000100000000000000000025""}, ""depuis"": {""$date"": ""2025-02-03T15:35:00Z""}, ""nb_messages"": 0}, {""ami_id"": {""$oid"": ""000100000000000000000038""}, ""depuis"": {""$date"": ""2025-03-12T14:20:00Z""}, ""nb_messages"": 0}, {""ami_id"": {""$oid"": ""00010000000000000000005d""}, ""depuis"": {""$date"": ""2025-03-21T03:49:00Z""}, ""nb_messages"": 0}, {""ami_id"": {""$oid"": ""00010000000000000000008a""}, ""depuis"": {""$date"": ""2025-10-17T07:49:00Z""}, ""nb_messages"": 0}, {""ami_id"": {""$oid"": ""000100000000000000000001""}, ""depuis"": {""$date"": ""2026-02-04T18:51:00Z""}, ""nb_messages"": 14}, {""ami_id"": {""$oid"": ""00010000000000000000004c""}, ""depuis"": {""$date"": ""2026-04-04T20:39:00Z""}, ""nb_messages"": 0}, {""ami_id"": {""$oid"": ""00010000000000000000001c""}, ""depuis"": {""$date"": ""2026-04-19T15:50:00Z""}, ""nb_messages"": 0}, {""ami_id"": {""$oid"": ""00010000000000000000002c""}, ""depuis"": {""$date"": ""2026-06-28T13:58:00Z""}, ""nb_messages"": 0}]";"000200000000000000000002;000200000000000000000007;00020000000000000000000a;00020000000000000000000f;000200000000000000000015;00020000000000000000001b";True;False;membre;
000100000000000000000046;USR-0070;zeufack_dla;;Zeufack;Estelle;;Amoureux de la nature et de la musique.;Limbe;Sud-Ouest;2025-02-12 02:22:00;23;F;ecolier / etudiant;timide_reseau;"voyage;aventure;foi";"[{""ami_id"": {""$oid"": ""00010000000000000000005d""}, ""depuis"": {""$date"": ""2025-05-03T06:03:00Z""}, ""nb_messages"": 3}, {""ami_id"": {""$oid"": ""000100000000000000000059""}, ""depuis"": {""$date"": ""2025-05-04T00:39:00Z""}, ""nb_messages"": 0}, {""ami_id"": {""$oid"": ""00010000000000000000001d""}, ""depuis"": {""$date"": ""2025-06-10T01:07:00Z""}, ""nb_messages"": 0}, {""ami_id"": {""$oid"": ""000100000000000000000022""}, ""depuis"": {""$date"": ""2025-06-20T18:32:00Z""}, ""nb_messages"": 14}, {""ami_id"": {""$oid"": ""000100000000000000000068""}, ""depuis"": {""$date"": ""2025-10-18T23:31:00Z""}, ""nb_messages"": 0}, {""ami_id"": {""$oid"": ""000100000000000000000065""}, ""depuis"": {""$date"": ""2026-09-20T23:57:00Z""}, ""nb_messages"": 0}]";"000200000000000000000003;000200000000000000000004;000200000000000000000006;000200000000000000000007;00020000000000000000000e;000200000000000000000011;000200000000000000000017;000200000000000000000019;00020000000000000000001b;00020000000000000000001d";False;True;membre;
000100000000000000000047;USR-0071;nze_237;;Nzeukou;Michelle;;Curieux de tout, expert en rien.;Dschang;Ouest;2024-06-20 19:37:00;40;F;employe;normal;"education;philosophie;technologie";"[{""ami_id"": {""$oid"": ""00010000000000000000006d""}, ""depuis"": {""$date"": ""2024-10-02T12:33:00Z""}, ""nb_messages"": 0}, {""ami_id"": {""$oid"": ""00010000000000000000003e""}, ""depuis"": {""$date"": ""2024-11-02T00:33:00Z""}, ""nb_messages"": 0}, {""ami_id"": {""$oid"": ""00010000000000000000008e""}, ""depuis"": {""$date"": ""2024-11-02T03:00:00Z""}, ""nb_messages"": 0}, {""ami_id"": {""$oid"": ""00010000000000000000005f""}, ""depuis"": {""$date"": ""2024-11-30T13:07:00Z""}, ""nb_messages"": 0}, {""ami_id"": {""$oid"": ""00010000000000000000000d""}, ""depuis"": {""$date"": ""2024-12-17T14:18:00Z""}, ""nb_messages"": 0}, {""ami_id"": {""$oid"": ""000100000000000000000062""}, ""depuis"": {""$date"": ""2025-06-10T22:22:00Z""}, ""nb_messages"": 0}, {""ami_id"": {""$oid"": ""000100000000000000000087""}, ""depuis"": {""$date"": ""2025-06-13T09:46:00Z""}, ""nb_messages"": 0}, {""ami_id"": {""$oid"": ""000100000000000000000055""}, ""depuis"": {""$date"": ""2025-07-21T12:44:00Z""}, ""nb_messages"": 0}, {""ami_id"": {""$oid"": ""000100000000000000000036""}, ""depuis"": {""$date"": ""2025-07-22T08:46:00Z""}, ""nb_messages"": 0}, {""ami_id"": {""$oid"": ""000100000000000000000073""}, ""depuis"": {""$date"": ""2025-08-17T14:01:00Z""}, ""nb_messages"": 0}, {""ami_id"": {""$oid"": ""000100000000000000000072""}, ""depuis"": {""$date"": ""2025-10-06T14:33:00Z""}, ""nb_messages"": 0}, {""ami_id"": {""$oid"": ""000100000000000000000037""}, ""depuis"": {""$date"": ""2025-10-12T13:23:00Z""}, ""nb_messages"": 14}, {""ami_id"": {""$oid"": ""00010000000000000000006b""}, ""depuis"": {""$date"": ""2025-12-08T02:20:00Z""}, ""nb_messages"": 0}, {""ami_id"": {""$oid"": ""000100000000000000000075""}, ""depuis"": {""$date"": ""2025-12-15T07:30:00Z""}, ""nb_messages"": 0}, {""ami_id"": {""$oid"": ""000100000000000000000035""}, ""depuis"": {""$date"": ""2026-01-12T17:40:00Z""}, ""nb_messages"": 0}, {""ami_id"": {""$oid"": ""000100000000000000000033""}, ""depuis"": {""$date"": ""2026-02-14T14:31:00Z""}, ""nb_messages"": 5}, {""ami_id"": {""$oid"": ""000100000000000000000006""}, ""depuis"": {""$date"": ""2026-02-25T14:30:00Z""}, ""nb_messages"": 0}, {""ami_id"": {""$oid"": ""00010000000000000000007f""}, ""depuis"": {""$date"": ""2026-02-26T03:15:00Z""}, ""nb_messages"": 0}, {""ami_id"": {""$oid"": ""000100000000000000000028""}, ""depuis"": {""$date"": ""2026-05-14T15:42:00Z""}, ""nb_messages"": 0}, {""ami_id"": {""$oid"": ""000100000000000000000081""}, ""depuis"": {""$date"": ""2026-05-23T07:24:00Z""}, ""nb_messages"": 0}, {""ami_id"": {""$oid"": ""000100000000000000000010""}, ""depuis"": {""$date"": ""2026-06-30T14:34:00Z""}, ""nb_messages"": 0}, {""ami_id"": {""$oid"": ""000100000000000000000043""}, ""depuis"": {""$date"": ""2026-07-20T23:10:00Z""}, ""nb_messages"": 0}, {""ami_id"": {""$oid"": ""000100000000000000000076""}, ""depuis"": {""$date"": ""2026-09-04T12:46:00Z""}, ""nb_messages"": 0}, {""ami_id"": {""$oid"": ""000100000000000000000027""}, ""depuis"": {""$date"": ""2026-09-15T21:47:00Z""}, ""nb_messages"": 0}]";;True;True;membre;
000100000000000000000048;USR-0072;tamo_enspd;;Tamo;Joseph;;Photographe amateur et marcheur invetere.;Yaounde;Centre;2024-04-04 14:55:00;37;M;employe;timide_reseau;"education;productivite;philosophie";"[{""ami_id"": {""$oid"": ""000100000000000000000026""}, ""depuis"": {""$date"": ""2024-06-26T23:46:00Z""}, ""nb_messages"": 5}, {""ami_id"": {""$oid"": ""000100000000000000000001""}, ""depuis"": {""$date"": ""2024-08-28T20:52:00Z""}, ""nb_messages"": 16}, {""ami_id"": {""$oid"": ""00010000000000000000003d""}, ""depuis"": {""$date"": ""2025-04-06T12:18:00Z""}, ""nb_messages"": 0}, {""ami_id"": {""$oid"": ""000100000000000000000041""}, ""depuis"": {""$date"": ""2026-01-01T06:41:00Z""}, ""nb_messages"": 0}, {""ami_id"": {""$oid"": ""000100000000000000000040""}, ""depuis"": {""$date"": ""2026-03-11T21:34:00Z""}, ""nb_messages"": 13}, {""ami_id"": {""$oid"": ""00010000000000000000006b""}, ""depuis"": {""$date"": ""2026-07-28T14:45:00Z""}, ""nb_messages"": 0}, {""ami_id"": {""$oid"": ""00010000000000000000006f""}, ""depuis"": {""$date"": ""2026-08-21T08:20:00Z""}, ""nb_messages"": 0}]";"000200000000000000000002;000200000000000000000004;000200000000000000000007;000200000000000000000008;000200000000000000000009;00020000000000000000000a;00020000000000000000000c;00020000000000000000000f;000200000000000000000011;000200000000000000000017;000200000000000000000019;00020000000000000000001a;00020000000000000000001b";True;False;membre;
000100000000000000000049;USR-0073;ketc_237;;Ketcha;Armelle;;Photographe amateur et marcheur invetere.;Limbe;Sud-Ouest;2024-07-01 07:28:00;53;F;employe;timide_reseau;aventure;"[{""ami_id"": {""$oid"": ""000100000000000000000076""}, ""depuis"": {""$date"": ""2025-03-31T17:57:00Z""}, ""nb_messages"": 11}, {""ami_id"": {""$oid"": ""000100000000000000000007""}, ""depuis"": {""$date"": ""2025-05-02T15:56:00Z""}, ""nb_messages"": 0}, {""ami_id"": {""$oid"": ""000100000000000000000036""}, ""depuis"": {""$date"": ""2025-05-13T02:35:00Z""}, ""nb_messages"": 0}, {""ami_id"": {""$oid"": ""000100000000000000000091""}, ""depuis"": {""$date"": ""2025-10-26T04:14:00Z""}, ""nb_messages"": 13}, {""ami_id"": {""$oid"": ""000100000000000000000023""}, ""depuis"": {""$date"": ""2026-01-05T22:31:00Z""}, ""nb_messages"": 0}, {""ami_id"": {""$oid"": ""000100000000000000000059""}, ""depuis"": {""$date"": ""2026-05-05T15:48:00Z""}, ""nb_messages"": 0}, {""ami_id"": {""$oid"": ""00010000000000000000002c""}, ""depuis"": {""$date"": ""2026-05-15T20:36:00Z""}, ""nb_messages"": 0}, {""ami_id"": {""$oid"": ""000100000000000000000043""}, ""depuis"": {""$date"": ""2026-05-16T19:08:00Z""}, ""nb_messages"": 0}]";"000200000000000000000002;000200000000000000000004;000200000000000000000005;000200000000000000000007;00020000000000000000000b;00020000000000000000000c;000200000000000000000011;000200000000000000000013;000200000000000000000015;000200000000000000000018;00020000000000000000001a;00020000000000000000001b";False;False;membre;
00010000000000000000004a;USR-0074;moua_enspd;;Mouafo;Laure;;Passionne par la vie et les belles rencontres.;Dschang;Ouest;2025-06-19 08:04:00;24;F;ecolier / etudiant;normal;"voyage;nature";"[{""ami_id"": {""$oid"": ""000100000000000000000024""}, ""depuis"": {""$date"": ""2025-07-21T07:25:00Z""}, ""nb_messages"": 0}, {""ami_id"": {""$oid"": ""000100000000000000000003""}, ""depuis"": {""$date"": ""2025-08-12T15:11:00Z""}, ""nb_messages"": 0}, {""ami_id"": {""$oid"": ""000100000000000000000029""}, ""depuis"": {""$date"": ""2025-09-01T21:52:00Z""}, ""nb_messages"": 0}, {""ami_id"": {""$oid"": ""00010000000000000000003b""}, ""depuis"": {""$date"": ""2025-09-12T07:16:00Z""}, ""nb_messages"": 0}, {""ami_id"": {""$oid"": ""00010000000000000000007c""}, ""depuis"": {""$date"": ""2025-09-26T21:26:00Z""}, ""nb_messages"": 0}, {""ami_id"": {""$oid"": ""000100000000000000000026""}, ""depuis"": {""$date"": ""2025-10-20T13:25:00Z""}, ""nb_messages"": 0}, {""ami_id"": {""$oid"": ""000100000000000000000042""}, ""depuis"": {""$date"": ""2026-03-27T04:40:00Z""}, ""nb_messages"": 0}, {""ami_id"": {""$oid"": ""000100000000000000000075""}, ""depuis"": {""$date"": ""2026-04-10T08:09:00Z""}, ""nb_messages"": 0}, {""ami_id"": {""$oid"": ""000100000000000000000036""}, ""depuis"": {""$date"": ""2026-04-10T11:46:00Z""}, ""nb_messages"": 0}, {""ami_id"": {""$oid"": ""00010000000000000000008e""}, ""depuis"": {""$date"": ""2026-04-17T00:14:00Z""}, ""nb_messages"": 0}, {""ami_id"": {""$oid"": ""000100000000000000000055""}, ""depuis"": {""$date"": ""2026-05-26T03:23:00Z""}, ""nb_messages"": 0}, {""ami_id"": {""$oid"": ""000100000000000000000081""}, ""depuis"": {""$date"": ""2026-06-11T05:25:00Z""}, ""nb_messages"": 0}, {""ami_id"": {""$oid"": ""000100000000000000000073""}, ""depuis"": {""$date"": ""2026-06-29T02:50:00Z""}, ""nb_messages"": 0}, {""ami_id"": {""$oid"": ""000100000000000000000076""}, ""depuis"": {""$date"": ""2026-07-04T22:05:00Z""}, ""nb_messages"": 0}, {""ami_id"": {""$oid"": ""00010000000000000000002b""}, ""depuis"": {""$date"": ""2026-07-21T13:38:00Z""}, ""nb_messages"": 0}, {""ami_id"": {""$oid"": ""00010000000000000000000b""}, ""depuis"": {""$date"": ""2026-08-04T04:27:00Z""}, ""nb_messages"": 0}, {""ami_id"": {""$oid"": ""000100000000000000000068""}, ""depuis"": {""$date"": ""2026-08-12T03:18:00Z""}, ""nb_messages"": 0}, {""ami_id"": {""$oid"": ""000100000000000000000020""}, ""depuis"": {""$date"": ""2026-09-19T03:18:00Z""}, ""nb_messages"": 0}, {""ami_id"": {""$oid"": ""000100000000000000000084""}, ""depuis"": {""$date"": ""2026-09-21T01:42:00Z""}, ""nb_messages"": 0}, {""ami_id"": {""$oid"": ""00010000000000000000001e""}, ""depuis"": {""$date"": ""2026-09-30T22:32:00Z""}, ""nb_messages"": 8}]";"000200000000000000000007;000200000000000000000009;00020000000000000000000f;000200000000000000000016;00020000000000000000001a";False;True;membre;
00010000000000000000004b;USR-0075;nzou_dla;;Nzouakeu;Landry;;La vie est un voyage, profitez du trajet.;Bafoussam;Ouest;2024-02-28 08:33:00;26;M;ecolier / etudiant;timide_reseau;education;"[{""ami_id"": {""$oid"": ""000100000000000000000030""}, ""depuis"": {""$date"": ""2024-06-29T08:23:00Z""}, ""nb_messages"": 0}, {""ami_id"": {""$oid"": ""000100000000000000000045""}, ""depuis"": {""$date"": ""2024-08-15T20:33:00Z""}, ""nb_messages"": 0}, {""ami_id"": {""$oid"": ""000100000000000000000052""}, ""depuis"": {""$date"": ""2024-09-02T15:15:00Z""}, ""nb_messages"": 0}, {""ami_id"": {""$oid"": ""00010000000000000000003d""}, ""depuis"": {""$date"": ""2025-02-26T07:27:00Z""}, ""nb_messages"": 0}, {""ami_id"": {""$oid"": ""000100000000000000000001""}, ""depuis"": {""$date"": ""2025-11-19T22:25:00Z""}, ""nb_messages"": 15}, {""ami_id"": {""$oid"": ""00010000000000000000002e""}, ""depuis"": {""$date"": ""2026-05-03T17:10:00Z""}, ""nb_messages"": 0}, {""ami_id"": {""$oid"": ""000100000000000000000003""}, ""depuis"": {""$date"": ""2026-05-23T03:15:00Z""}, ""nb_messages"": 0}]";;False;False;membre;
00010000000000000000004c;USR-0076;defo_237;;Defo;Ange;;Ici pour partager de bons moments.;Yaounde;Centre;2026-03-17 12:48:00;29;M;employe;normal;philosophie;"[{""ami_id"": {""$oid"": ""000100000000000000000045""}, ""depuis"": {""$date"": ""2026-04-04T20:39:00Z""}, ""nb_messages"": 0}, {""ami_id"": {""$oid"": ""000100000000000000000084""}, ""depuis"": {""$date"": ""2026-04-13T13:23:00Z""}, ""nb_messages"": 5}, {""ami_id"": {""$oid"": ""00010000000000000000005c""}, ""depuis"": {""$date"": ""2026-05-22T22:11:00Z""}, ""nb_messages"": 0}, {""ami_id"": {""$oid"": ""000100000000000000000055""}, ""depuis"": {""$date"": ""2026-05-31T13:06:00Z""}, ""nb_messages"": 0}, {""ami_id"": {""$oid"": ""000100000000000000000067""}, ""depuis"": {""$date"": ""2026-06-13T20:29:00Z""}, ""nb_messages"": 0}, {""ami_id"": {""$oid"": ""000100000000000000000092""}, ""depuis"": {""$date"": ""2026-07-15T09:59:00Z""}, ""nb_messages"": 0}, {""ami_id"": {""$oid"": ""00010000000000000000003f""}, ""depuis"": {""$date"": ""2026-07-23T20:03:00Z""}, ""nb_messages"": 0}, {""ami_id"": {""$oid"": ""000100000000000000000082""}, ""depuis"": {""$date"": ""2026-08-26T22:45:00Z""}, ""nb_messages"": 8}, {""ami_id"": {""$oid"": ""000100000000000000000059""}, ""depuis"": {""$date"": ""2026-09-24T11:30:00Z""}, ""nb_messages"": 0}]";"000200000000000000000002;000200000000000000000012;000200000000000000000019";False;False;membre;
00010000000000000000004d;USR-0077;tio_enspd;;Tiomela;Ibrahim;;Un cafe, un ordinateur, des projets.;Douala;Littoral;2025-11-11 04:51:00;22;M;employe;normal;"education;philosophie;mode";"[{""ami_id"": {""$oid"": ""00010000000000000000002d""}, ""depuis"": {""$date"": ""2025-12-17T15:00:00Z""}, ""nb_messages"": 0}, {""ami_id"": {""$oid"": ""000100000000000000000060""}, ""depuis"": {""$date"": ""2026-02-22T11:55:00Z""}, ""nb_messages"": 0}, {""ami_id"": {""$oid"": ""000100000000000000000092""}, ""depuis"": {""$date"": ""2026-03-08T06:21:00Z""}, ""nb_messages"": 0}, {""ami_id"": {""$oid"": ""000100000000000000000033""}, ""depuis"": {""$date"": ""2026-04-18T07:59:00Z""}, ""nb_messages"": 0}, {""ami_id"": {""$oid"": ""000100000000000000000083""}, ""depuis"": {""$date"": ""2026-05-16T21:40:00Z""}, ""nb_messages"": 0}, {""ami_id"": {""$oid"": ""000100000000000000000015""}, ""depuis"": {""$date"": ""2026-05-20T13:25:00Z""}, ""nb_messages"": 0}, {""ami_id"": {""$oid"": ""00010000000000000000001c""}, ""depuis"": {""$date"": ""2026-07-06T01:27:00Z""}, ""nb_messages"": 0}, {""ami_id"": {""$oid"": ""00010000000000000000000c""}, ""depuis"": {""$date"": ""2026-08-24T14:22:00Z""}, ""nb_messages"": 0}, {""ami_id"": {""$oid"": ""000100000000000000000014""}, ""depuis"": {""$date"": ""2026-09-26T06:09:00Z""}, ""nb_messages"": 6}, {""ami_id"": {""$oid"": ""00010000000000000000008e""}, ""depuis"": {""$date"": ""2026-10-01T00:57:00Z""}, ""nb_messages"": 0}]";;True;True;membre;
00010000000000000000004e;USR-0078;chendjou_237;;Chendjou;Clarisse;;Toujours en train d'apprendre quelque chose.;Yaounde;Centre;2025-09-14 01:34:00;75;F;retraite;normal;"education;philosophie";"[{""ami_id"": {""$oid"": ""000100000000000000000050""}, ""depuis"": {""$date"": ""2025-12-28T20:49:00Z""}, ""nb_messages"": 0}, {""ami_id"": {""$oid"": ""000100000000000000000010""}, ""depuis"": {""$date"": ""2026-01-14T02:01:00Z""}, ""nb_messages"": 0}, {""ami_id"": {""$oid"": ""000100000000000000000033""}, ""depuis"": {""$date"": ""2026-02-23T14:44:00Z""}, ""nb_messages"": 0}, {""ami_id"": {""$oid"": ""000100000000000000000067""}, ""depuis"": {""$date"": ""2026-03-13T21:37:00Z""}, ""nb_messages"": 7}, {""ami_id"": {""$oid"": ""000100000000000000000088""}, ""depuis"": {""$date"": ""2026-03-24T17:32:00Z""}, ""nb_messages"": 0}, {""ami_id"": {""$oid"": ""000100000000000000000042""}, ""depuis"": {""$date"": ""2026-04-08T20:01:00Z""}, ""nb_messages"": 0}, {""ami_id"": {""$oid"": ""000100000000000000000062""}, ""depuis"": {""$date"": ""2026-04-25T11:50:00Z""}, ""nb_messages"": 0}, {""ami_id"": {""$oid"": ""00010000000000000000007c""}, ""depuis"": {""$date"": ""2026-06-18T05:26:00Z""}, ""nb_messages"": 0}, {""ami_id"": {""$oid"": ""00010000000000000000003a""}, ""depuis"": {""$date"": ""2026-07-03T14:40:00Z""}, ""nb_messages"": 9}, {""ami_id"": {""$oid"": ""000100000000000000000066""}, ""depuis"": {""$date"": ""2026-09-17T20:07:00Z""}, ""nb_messages"": 0}]";"000200000000000000000001;000200000000000000000005;00020000000000000000000c;000200000000000000000010;00020000000000000000001a;00020000000000000000001b;00020000000000000000001e";True;True;membre;
00010000000000000000004f;USR-0079;fomekong_237;;Fomekong;Flore;;Fier d'etre camerounais.;Douala;Littoral;2024-12-05 17:03:00;61;F;retraite;timide_reseau;"histoire;philosophie";"[{""ami_id"": {""$oid"": ""00010000000000000000005b""}, ""depuis"": {""$date"": ""2024-12-25T18:55:00Z""}, ""nb_messages"": 6}, {""ami_id"": {""$oid"": ""000100000000000000000022""}, ""depuis"": {""$date"": ""2025-01-01T02:31:00Z""}, ""nb_messages"": 4}, {""ami_id"": {""$oid"": ""000100000000000000000019""}, ""depuis"": {""$date"": ""2025-02-16T23:11:00Z""}, ""nb_messages"": 0}, {""ami_id"": {""$oid"": ""000100000000000000000064""}, ""depuis"": {""$date"": ""2025-06-12T16:39:00Z""}, ""nb_messages"": 0}, {""ami_id"": {""$oid"": ""000100000000000000000006""}, ""depuis"": {""$date"": ""2026-03-28T23:52:00Z""}, ""nb_messages"": 0}, {""ami_id"": {""$oid"": ""000100000000000000000060""}, ""depuis"": {""$date"": ""2026-06-11T16:46:00Z""}, ""nb_messages"": 0}]";;True;False;membre;
000100000000000000000050;USR-0080;nzali_enspd;;Nzali;Wilfried;;Passionne par la vie et les belles rencontres.;Bafoussam;Ouest;2025-12-08 07:31:00;21;M;ecolier / etudiant;normal;"aventure;foi";"[{""ami_id"": {""$oid"": ""00010000000000000000004e""}, ""depuis"": {""$date"": ""2025-12-28T20:49:00Z""}, ""nb_messages"": 0}, {""ami_id"": {""$oid"": ""00010000000000000000007a""}, ""depuis"": {""$date"": ""2026-01-12T11:55:00Z""}, ""nb_messages"": 0}, {""ami_id"": {""$oid"": ""00010000000000000000005f""}, ""depuis"": {""$date"": ""2026-01-12T18:30:00Z""}, ""nb_messages"": 12}, {""ami_id"": {""$oid"": ""000100000000000000000054""}, ""depuis"": {""$date"": ""2026-03-17T04:18:00Z""}, ""nb_messages"": 10}, {""ami_id"": {""$oid"": ""00010000000000000000007b""}, ""depuis"": {""$date"": ""2026-04-12T10:16:00Z""}, ""nb_messages"": 10}, {""ami_id"": {""$oid"": ""00010000000000000000003d""}, ""depuis"": {""$date"": ""2026-06-02T19:41:00Z""}, ""nb_messages"": 0}, {""ami_id"": {""$oid"": ""000100000000000000000041""}, ""depuis"": {""$date"": ""2026-06-16T09:23:00Z""}, ""nb_messages"": 6}, {""ami_id"": {""$oid"": ""000100000000000000000059""}, ""depuis"": {""$date"": ""2026-07-15T07:32:00Z""}, ""nb_messages"": 0}, {""ami_id"": {""$oid"": ""00010000000000000000006a""}, ""depuis"": {""$date"": ""2026-08-10T21:18:00Z""}, ""nb_messages"": 0}, {""ami_id"": {""$oid"": ""000100000000000000000028""}, ""depuis"": {""$date"": ""2026-08-20T03:12:00Z""}, ""nb_messages"": 0}, {""ami_id"": {""$oid"": ""000100000000000000000006""}, ""depuis"": {""$date"": ""2026-09-07T12:12:00Z""}, ""nb_messages"": 0}, {""ami_id"": {""$oid"": ""00010000000000000000002a""}, ""depuis"": {""$date"": ""2026-09-15T00:47:00Z""}, ""nb_messages"": 0}]";"000200000000000000000002;000200000000000000000006;000200000000000000000007;000200000000000000000008;00020000000000000000000b;000200000000000000000012;000200000000000000000017;000200000000000000000019;00020000000000000000001a;00020000000000000000001b";True;True;membre;
000100000000000000000051;USR-0081;ndam_dla;;Ndam;Moussa;;Un cafe, un ordinateur, des projets.;Bafoussam;Ouest;2023-04-05 01:28:00;69;M;retraite;timide_reseau;"education;aventure";"[{""ami_id"": {""$oid"": ""000100000000000000000024""}, ""depuis"": {""$date"": ""2025-01-29T08:52:00Z""}, ""nb_messages"": 0}, {""ami_id"": {""$oid"": ""000100000000000000000093""}, ""depuis"": {""$date"": ""2025-08-02T06:36:00Z""}, ""nb_messages"": 0}, {""ami_id"": {""$oid"": ""000100000000000000000077""}, ""depuis"": {""$date"": ""2025-08-28T21:42:00Z""}, ""nb_messages"": 0}, {""ami_id"": {""$oid"": ""00010000000000000000007b""}, ""depuis"": {""$date"": ""2025-09-20T00:56:00Z""}, ""nb_messages"": 0}, {""ami_id"": {""$oid"": ""000100000000000000000001""}, ""depuis"": {""$date"": ""2025-10-20T04:36:00Z""}, ""nb_messages"": 18}, {""ami_id"": {""$oid"": ""000100000000000000000066""}, ""depuis"": {""$date"": ""2026-07-28T00:13:00Z""}, ""nb_messages"": 0}]";"000200000000000000000019;00020000000000000000001b";False;False;membre;
000100000000000000000052;USR-0082;njoh_enspd;;Njoh;Ibrahim;;Amoureux de la nature et de la musique.;Douala;Littoral;2023-07-15 14:46:00;23;M;employe;timide_reseau;"aventure;nature;technologie";"[{""ami_id"": {""$oid"": ""00010000000000000000007a""}, ""depuis"": {""$date"": ""2024-05-01T10:27:00Z""}, ""nb_messages"": 0}, {""ami_id"": {""$oid"": ""000100000000000000000077""}, ""depuis"": {""$date"": ""2024-06-01T23:20:00Z""}, ""nb_messages"": 0}, {""ami_id"": {""$oid"": ""00010000000000000000004b""}, ""depuis"": {""$date"": ""2024-09-02T15:15:00Z""}, ""nb_messages"": 0}, {""ami_id"": {""$oid"": ""000100000000000000000064""}, ""depuis"": {""$date"": ""2024-11-23T15:41:00Z""}, ""nb_messages"": 0}, {""ami_id"": {""$oid"": ""000100000000000000000089""}, ""depuis"": {""$date"": ""2024-12-05T21:51:00Z""}, ""nb_messages"": 0}, {""ami_id"": {""$oid"": ""00010000000000000000000b""}, ""depuis"": {""$date"": ""2026-02-24T09:15:00Z""}, ""nb_messages"": 0}]";"000200000000000000000007;000200000000000000000008;00020000000000000000000a;00020000000000000000000b;00020000000000000000000e;000200000000000000000012;000200000000000000000018;000200000000000000000019;00020000000000000000001a;00020000000000000000001b";True;False;membre;
000100000000000000000053;USR-0083;bouba_237;;Bouba;Brenda;;Ici pour partager de bons moments.;Douala;Littoral;2025-04-19 04:41:00;22;F;employe;normal;"voyage;nature";"[{""ami_id"": {""$oid"": ""000100000000000000000072""}, ""depuis"": {""$date"": ""2025-08-03T00:45:00Z""}, ""nb_messages"": 0}, {""ami_id"": {""$oid"": ""000100000000000000000036""}, ""depuis"": {""$date"": ""2025-11-08T21:54:00Z""}, ""nb_messages"": 0}, {""ami_id"": {""$oid"": ""000100000000000000000022""}, ""depuis"": {""$date"": ""2025-11-14T06:29:00Z""}, ""nb_messages"": 0}, {""ami_id"": {""$oid"": ""000100000000000000000073""}, ""depuis"": {""$date"": ""2025-12-04T14:11:00Z""}, ""nb_messages"": 0}, {""ami_id"": {""$oid"": ""00010000000000000000001c""}, ""depuis"": {""$date"": ""2025-12-06T06:17:00Z""}, ""nb_messages"": 8}, {""ami_id"": {""$oid"": ""000100000000000000000063""}, ""depuis"": {""$date"": ""2026-01-05T23:30:00Z""}, ""nb_messages"": 0}, {""ami_id"": {""$oid"": ""000100000000000000000060""}, ""depuis"": {""$date"": ""2026-02-12T23:18:00Z""}, ""nb_messages"": 0}, {""ami_id"": {""$oid"": ""000100000000000000000004""}, ""depuis"": {""$date"": ""2026-03-05T02:53:00Z""}, ""nb_messages"": 0}, {""ami_id"": {""$oid"": ""000100000000000000000039""}, ""depuis"": {""$date"": ""2026-05-25T16:49:00Z""}, ""nb_messages"": 0}, {""ami_id"": {""$oid"": ""00010000000000000000008b""}, ""depuis"": {""$date"": ""2026-07-07T20:59:00Z""}, ""nb_messages"": 0}, {""ami_id"": {""$oid"": ""00010000000000000000001a""}, ""depuis"": {""$date"": ""2026-07-15T07:01:00Z""}, ""nb_messages"": 0}, {""ami_id"": {""$oid"": ""000100000000000000000014""}, ""depuis"": {""$date"": ""2026-09-21T18:36:00Z""}, ""nb_messages"": 0}]";"000200000000000000000002;000200000000000000000007;00020000000000000000000c;000200000000000000000019;00020000000000000000001b";False;True;membre;
000100000000000000000054;USR-0084;ham_237;;Hamadou;Joelle;;Etudiant le jour, reveur la nuit.;Bafoussam;Ouest;2023-03-23 09:34:00;37;F;employe;normal;philosophie;"[{""ami_id"": {""$oid"": ""000100000000000000000014""}, ""depuis"": {""$date"": ""2024-10-07T05:56:00Z""}, ""nb_messages"": 0}, {""ami_id"": {""$oid"": ""000100000000000000000019""}, ""depuis"": {""$date"": ""2024-10-11T23:51:00Z""}, ""nb_messages"": 0}, {""ami_id"": {""$oid"": ""000100000000000000000075""}, ""depuis"": {""$date"": ""2024-11-04T20:07:00Z""}, ""nb_messages"": 0}, {""ami_id"": {""$oid"": ""00010000000000000000005a""}, ""depuis"": {""$date"": ""2024-11-28T11:47:00Z""}, ""nb_messages"": 0}, {""ami_id"": {""$oid"": ""000100000000000000000030""}, ""depuis"": {""$date"": ""2025-09-26T03:41:00Z""}, ""nb_messages"": 0}, {""ami_id"": {""$oid"": ""000100000000000000000085""}, ""depuis"": {""$date"": ""2026-01-18T22:32:00Z""}, ""nb_messages"": 0}, {""ami_id"": {""$oid"": ""000100000000000000000076""}, ""depuis"": {""$date"": ""2026-01-24T15:12:00Z""}, ""nb_messages"": 0}, {""ami_id"": {""$oid"": ""000100000000000000000050""}, ""depuis"": {""$date"": ""2026-03-17T04:18:00Z""}, ""nb_messages"": 10}, {""ami_id"": {""$oid"": ""00010000000000000000006c""}, ""depuis"": {""$date"": ""2026-04-16T22:54:00Z""}, ""nb_messages"": 0}, {""ami_id"": {""$oid"": ""000100000000000000000034""}, ""depuis"": {""$date"": ""2026-07-17T07:07:00Z""}, ""nb_messages"": 0}, {""ami_id"": {""$oid"": ""000100000000000000000035""}, ""depuis"": {""$date"": ""2026-08-05T15:45:00Z""}, ""nb_messages"": 0}]";"000200000000000000000007;000200000000000000000008;00020000000000000000000a;00020000000000000000000b;00020000000000000000000d;00020000000000000000000f;000200000000000000000011;000200000000000000000016;000200000000000000000017;000200000000000000000019;00020000000000000000001a;00020000000000000000001b";True;False;membre;
000100000000000000000055;USR-0085;abba_enspd;;Abba;Guy;;La vie est un voyage, profitez du trajet.;Bafoussam;Ouest;2023-12-11 03:58:00;54;M;employe;normal;"productivite;histoire;education";"[{""ami_id"": {""$oid"": ""000100000000000000000078""}, ""depuis"": {""$date"": ""2024-07-16T07:49:00Z""}, ""nb_messages"": 0}, {""ami_id"": {""$oid"": ""000100000000000000000024""}, ""depuis"": {""$date"": ""2024-08-14T13:25:00Z""}, ""nb_messages"": 0}, {""ami_id"": {""$oid"": ""000100000000000000000086""}, ""depuis"": {""$date"": ""2024-09-10T02:34:00Z""}, ""nb_messages"": 3}, {""ami_id"": {""$oid"": ""00010000000000000000005c""}, ""depuis"": {""$date"": ""2024-11-09T12:52:00Z""}, ""nb_messages"": 0}, {""ami_id"": {""$oid"": ""000100000000000000000089""}, ""depuis"": {""$date"": ""2025-02-03T07:45:00Z""}, ""nb_messages"": 0}, {""ami_id"": {""$oid"": ""00010000000000000000002a""}, ""depuis"": {""$date"": ""2025-05-09T08:09:00Z""}, ""nb_messages"": 0}, {""ami_id"": {""$oid"": ""000100000000000000000020""}, ""depuis"": {""$date"": ""2025-05-11T16:32:00Z""}, ""nb_messages"": 0}, {""ami_id"": {""$oid"": ""000100000000000000000041""}, ""depuis"": {""$date"": ""2025-07-04T11:15:00Z""}, ""nb_messages"": 6}, {""ami_id"": {""$oid"": ""000100000000000000000047""}, ""depuis"": {""$date"": ""2025-07-21T12:44:00Z""}, ""nb_messages"": 0}, {""ami_id"": {""$oid"": ""000100000000000000000035""}, ""depuis"": {""$date"": ""2025-09-27T17:06:00Z""}, ""nb_messages"": 0}, {""ami_id"": {""$oid"": ""00010000000000000000006b""}, ""depuis"": {""$date"": ""2026-02-01T14:17:00Z""}, ""nb_messages"": 0}, {""ami_id"": {""$oid"": ""000100000000000000000072""}, ""depuis"": {""$date"": ""2026-03-21T16:23:00Z""}, ""nb_messages"": 0}, {""ami_id"": {""$oid"": ""000100000000000000000010""}, ""depuis"": {""$date"": ""2026-05-13T22:58:00Z""}, ""nb_messages"": 0}, {""ami_id"": {""$oid"": ""00010000000000000000004a""}, ""depuis"": {""$date"": ""2026-05-26T03:23:00Z""}, ""nb_messages"": 0}, {""ami_id"": {""$oid"": ""00010000000000000000004c""}, ""depuis"": {""$date"": ""2026-05-31T13:06:00Z""}, ""nb_messages"": 0}, {""ami_id"": {""$oid"": ""000100000000000000000073""}, ""depuis"": {""$date"": ""2026-06-01T11:45:00Z""}, ""nb_messages"": 0}, {""ami_id"": {""$oid"": ""000100000000000000000022""}, ""depuis"": {""$date"": ""2026-06-14T01:37:00Z""}, ""nb_messages"": 0}, {""ami_id"": {""$oid"": ""00010000000000000000003b""}, ""depuis"": {""$date"": ""2026-07-06T05:18:00Z""}, ""nb_messages"": 0}, {""ami_id"": {""$oid"": ""000100000000000000000043""}, ""depuis"": {""$date"": ""2026-09-27T16:10:00Z""}, ""nb_messages"": 0}, {""ami_id"": {""$oid"": ""000100000000000000000004""}, ""depuis"": {""$date"": ""2026-09-29T01:34:00Z""}, ""nb_messages"": 0}]";"000200000000000000000004;000200000000000000000005;000200000000000000000009;000200000000000000000015;000200000000000000000019;00020000000000000000001a;00020000000000000000001b;00020000000000000000001c";True;False;membre;
000100000000000000000056;USR-0086;ouma_dla;;Oumarou;Fatima;;Curieux de tout, expert en rien.;Garoua;Nord;2023-04-25 03:55:00;49;F;employe;timide_reseau;mode;"[{""ami_id"": {""$oid"": ""00010000000000000000007a""}, ""depuis"": {""$date"": ""2024-01-07T23:10:00Z""}, ""nb_messages"": 9}, {""ami_id"": {""$oid"": ""00010000000000000000006c""}, ""depuis"": {""$date"": ""2024-01-15T05:30:00Z""}, ""nb_messages"": 0}, {""ami_id"": {""$oid"": ""000100000000000000000084""}, ""depuis"": {""$date"": ""2024-01-30T13:23:00Z""}, ""nb_messages"": 0}, {""ami_id"": {""$oid"": ""000100000000000000000036""}, ""depuis"": {""$date"": ""2025-08-05T04:19:00Z""}, ""nb_messages"": 0}, {""ami_id"": {""$oid"": ""000100000000000000000087""}, ""depuis"": {""$date"": ""2025-09-25T02:59:00Z""}, ""nb_messages"": 0}, {""ami_id"": {""$oid"": ""00010000000000000000005b""}, ""depuis"": {""$date"": ""2025-10-12T19:24:00Z""}, ""nb_messages"": 0}, {""ami_id"": {""$oid"": ""000100000000000000000067""}, ""depuis"": {""$date"": ""2025-12-04T02:08:00Z""}, ""nb_messages"": 0}, {""ami_id"": {""$oid"": ""000100000000000000000028""}, ""depuis"": {""$date"": ""2026-06-09T21:21:00Z""}, ""nb_messages"": 0}, {""ami_id"": {""$oid"": ""00010000000000000000005a""}, ""depuis"": {""$date"": ""2026-07-18T23:49:00Z""}, ""nb_messages"": 0}]";"000200000000000000000007;000200000000000000000008;00020000000000000000000f;000200000000000000000011;000200000000000000000016;000200000000000000000017;000200000000000000000019;00020000000000000000001a;00020000000000000000001b;00020000000000000000001e";False;True;membre;
000100000000000000000057;USR-0087;issa_enspd;;Issa;Patrice;;Photographe amateur et marcheur invetere.;Garoua;Nord;2025-04-04 04:35:00;57;M;employe;normal;"foi;histoire";"[{""ami_id"": {""$oid"": ""00010000000000000000003b""}, ""depuis"": {""$date"": ""2025-04-08T03:42:00Z""}, ""nb_messages"": 0}, {""ami_id"": {""$oid"": ""000100000000000000000013""}, ""depuis"": {""$date"": ""2025-05-06T12:23:00Z""}, ""nb_messages"": 10}, {""ami_id"": {""$oid"": ""000100000000000000000059""}, ""depuis"": {""$date"": ""2025-05-24T18:35:00Z""}, ""nb_messages"": 0}, {""ami_id"": {""$oid"": ""00010000000000000000000c""}, ""depuis"": {""$date"": ""2025-07-05T16:11:00Z""}, ""nb_messages"": 4}, {""ami_id"": {""$oid"": ""000100000000000000000075""}, ""depuis"": {""$date"": ""2025-09-24T20:20:00Z""}, ""nb_messages"": 3}, {""ami_id"": {""$oid"": ""000100000000000000000078""}, ""depuis"": {""$date"": ""2026-03-31T01:59:00Z""}, ""nb_messages"": 0}, {""ami_id"": {""$oid"": ""000100000000000000000042""}, ""depuis"": {""$date"": ""2026-08-29T18:57:00Z""}, ""nb_messages"": 0}, {""ami_id"": {""$oid"": ""000100000000000000000085""}, ""depuis"": {""$date"": ""2026-09-28T11:19:00Z""}, ""nb_messages"": 0}]";"000200000000000000000007;000200000000000000000012;000200000000000000000017;000200000000000000000019;00020000000000000000001a";False;True;membre;
000100000000000000000058;USR-0088;ada_enspd;;Adamou;Rachel;;Curieux de tout, expert en rien.;Garoua;Nord;2023-12-21 22:51:00;57;F;employe;timide_reseau;"mode;foi";"[{""ami_id"": {""$oid"": ""000100000000000000000029""}, ""depuis"": {""$date"": ""2024-01-09T14:01:00Z""}, ""nb_messages"": 3}, {""ami_id"": {""$oid"": ""000100000000000000000089""}, ""depuis"": {""$date"": ""2024-07-19T00:24:00Z""}, ""nb_messages"": 0}, {""ami_id"": {""$oid"": ""00010000000000000000000f""}, ""depuis"": {""$date"": ""2025-04-15T01:46:00Z""}, ""nb_messages"": 0}, {""ami_id"": {""$oid"": ""00010000000000000000005b""}, ""depuis"": {""$date"": ""2025-04-30T06:50:00Z""}, ""nb_messages"": 0}, {""ami_id"": {""$oid"": ""00010000000000000000000a""}, ""depuis"": {""$date"": ""2025-08-31T07:28:00Z""}, ""nb_messages"": 0}, {""ami_id"": {""$oid"": ""000100000000000000000015""}, ""depuis"": {""$date"": ""2026-01-18T00:38:00Z""}, ""nb_messages"": 0}, {""ami_id"": {""$oid"": ""000100000000000000000068""}, ""depuis"": {""$date"": ""2026-08-17T18:02:00Z""}, ""nb_messages"": 6}]";"000200000000000000000007;00020000000000000000000a;00020000000000000000000f;000200000000000000000012;000200000000000000000015;000200000000000000000016";True;False;membre;
000100000000000000000059;USR-0089;sali_237;;Sali;Thierry;;Curieux de tout, expert en rien.;Yaounde;Centre;2023-04-15 06:54:00;18;M;ecolier / etudiant;influenceur;nature;"[{""ami_id"": {""$oid"": ""00010000000000000000007f""}, ""depuis"": {""$date"": ""2024-02-18T23:51:00Z""}, ""nb_messages"": 0}, {""ami_id"": {""$oid"": ""00010000000000000000008e""}, ""depuis"": {""$date"": ""2024-04-15T00:33:00Z""}, ""nb_messages"": 0}, {""ami_id"": {""$oid"": ""000100000000000000000084""}, ""depuis"": {""$date"": ""2024-05-25T10:28:00Z""}, ""nb_messages"": 0}, {""ami_id"": {""$oid"": ""00010000000000000000002a""}, ""depuis"": {""$date"": ""2024-09-28T05:43:00Z""}, ""nb_messages"": 0}, {""ami_id"": {""$oid"": ""000100000000000000000044""}, ""depuis"": {""$date"": ""2025-02-06T18:23:00Z""}, ""nb_messages"": 4}, {""ami_id"": {""$oid"": ""00010000000000000000006c""}, ""depuis"": {""$date"": ""2025-03-06T18:44:00Z""}, ""nb_messages"": 0}, {""ami_id"": {""$oid"": ""000100000000000000000086""}, ""depuis"": {""$date"": ""2025-03-16T00:53:00Z""}, ""nb_messages"": 0}, {""ami_id"": {""$oid"": ""000100000000000000000046""}, ""depuis"": {""$date"": ""2025-05-04T00:39:00Z""}, ""nb_messages"": 0}, {""ami_id"": {""$oid"": ""000100000000000000000033""}, ""depuis"": {""$date"": ""2025-05-19T03:51:00Z""}, ""nb_messages"": 0}, {""ami_id"": {""$oid"": ""000100000000000000000057""}, ""depuis"": {""$date"": ""2025-05-24T18:35:00Z""}, ""nb_messages"": 0}, {""ami_id"": {""$oid"": ""000100000000000000000068""}, ""depuis"": {""$date"": ""2025-08-07T03:36:00Z""}, ""nb_messages"": 0}, {""ami_id"": {""$oid"": ""000100000000000000000014""}, ""depuis"": {""$date"": ""2025-09-10T01:26:00Z""}, ""nb_messages"": 3}, {""ami_id"": {""$oid"": ""000100000000000000000042""}, ""depuis"": {""$date"": ""2025-10-20T23:28:00Z""}, ""nb_messages"": 0}, {""ami_id"": {""$oid"": ""000100000000000000000037""}, ""depuis"": {""$date"": ""2025-10-23T05:40:00Z""}, ""nb_messages"": 0}, {""ami_id"": {""$oid"": ""00010000000000000000006b""}, ""depuis"": {""$date"": ""2025-11-09T12:07:00Z""}, ""nb_messages"": 0}, {""ami_id"": {""$oid"": ""000100000000000000000076""}, ""depuis"": {""$date"": ""2026-03-09T21:29:00Z""}, ""nb_messages"": 0}, {""ami_id"": {""$oid"": ""000100000000000000000021""}, ""depuis"": {""$date"": ""2026-04-20T20:50:00Z""}, ""nb_messages"": 0}, {""ami_id"": {""$oid"": ""000100000000000000000049""}, ""depuis"": {""$date"": ""2026-05-05T15:48:00Z""}, ""nb_messages"": 0}, {""ami_id"": {""$oid"": ""00010000000000000000007e""}, ""depuis"": {""$date"": ""2026-06-05T06:40:00Z""}, ""nb_messages"": 0}, {""ami_id"": {""$oid"": ""000100000000000000000028""}, ""depuis"": {""$date"": ""2026-07-04T07:02:00Z""}, ""nb_messages"": 0}, {""ami_id"": {""$oid"": ""000100000000000000000050""}, ""depuis"": {""$date"": ""2026-07-15T07:32:00Z""}, ""nb_messages"": 0}, {""ami_id"": {""$oid"": ""000100000000000000000022""}, ""depuis"": {""$date"": ""2026-07-19T16:00:00Z""}, ""nb_messages"": 0}, {""ami_id"": {""$oid"": ""000100000000000000000081""}, ""depuis"": {""$date"": ""2026-07-20T10:31:00Z""}, ""nb_messages"": 0}, {""ami_id"": {""$oid"": ""00010000000000000000003e""}, ""depuis"": {""$date"": ""2026-08-16T02:33:00Z""}, ""nb_messages"": 0}, {""ami_id"": {""$oid"": ""00010000000000000000008c""}, ""depuis"": {""$date"": ""2026-08-27T17:28:00Z""}, ""nb_messages"": 0}, {""ami_id"": {""$oid"": ""00010000000000000000001e""}, ""depuis"": {""$date"": ""2026-09-20T18:27:00Z""}, ""nb_messages"": 6}, {""ami_id"": {""$oid"": ""00010000000000000000004c""}, ""depuis"": {""$date"": ""2026-09-24T11:30:00Z""}, ""nb_messages"": 0}, {""ami_id"": {""$oid"": ""000100000000000000000043""}, ""depuis"": {""$date"": ""2026-09-25T10:43:00Z""}, ""nb_messages"": 0}, {""ami_id"": {""$oid"": ""00010000000000000000002b""}, ""depuis"": {""$date"": ""2026-09-25T18:54:00Z""}, ""nb_messages"": 0}, {""ami_id"": {""$oid"": ""000100000000000000000020""}, ""depuis"": {""$date"": ""2026-09-27T09:51:00Z""}, ""nb_messages"": 0}]";"000200000000000000000007;00020000000000000000000b;00020000000000000000000c;00020000000000000000000f;000200000000000000000011;000200000000000000000017;000200000000000000000018;000200000000000000000019;00020000000000000000001a;00020000000000000000001b;00020000000000000000001e";True;True;membre;
00010000000000000000005a;USR-0090;yaya_dla;;Yaya;Samuel;;La vie est un voyage, profitez du trajet.;Bafoussam;Ouest;2024-05-27 02:05:00;14;M;ecolier / etudiant;normal;"nature;philosophie;mode";"[{""ami_id"": {""$oid"": ""00010000000000000000005b""}, ""depuis"": {""$date"": ""2024-08-19T11:18:00Z""}, ""nb_messages"": 0}, {""ami_id"": {""$oid"": ""000100000000000000000054""}, ""depuis"": {""$date"": ""2024-11-28T11:47:00Z""}, ""nb_messages"": 0}, {""ami_id"": {""$oid"": ""000100000000000000000023""}, ""depuis"": {""$date"": ""2025-02-17T11:10:00Z""}, ""nb_messages"": 0}, {""ami_id"": {""$oid"": ""000100000000000000000020""}, ""depuis"": {""$date"": ""2025-07-27T12:30:00Z""}, ""nb_messages"": 2}, {""ami_id"": {""$oid"": ""000100000000000000000068""}, ""depuis"": {""$date"": ""2025-10-14T22:43:00Z""}, ""nb_messages"": 12}, {""ami_id"": {""$oid"": ""000100000000000000000014""}, ""depuis"": {""$date"": ""2025-11-03T17:20:00Z""}, ""nb_messages"": 0}, {""ami_id"": {""$oid"": ""000100000000000000000084""}, ""depuis"": {""$date"": ""2025-12-13T05:50:00Z""}, ""nb_messages"": 0}, {""ami_id"": {""$oid"": ""000100000000000000000075""}, ""depuis"": {""$date"": ""2025-12-27T17:35:00Z""}, ""nb_messages"": 0}, {""ami_id"": {""$oid"": ""000100000000000000000041""}, ""depuis"": {""$date"": ""2026-01-10T20:19:00Z""}, ""nb_messages"": 0}, {""ami_id"": {""$oid"": ""000100000000000000000092""}, ""depuis"": {""$date"": ""2026-02-12T22:13:00Z""}, ""nb_messages"": 0}, {""ami_id"": {""$oid"": ""00010000000000000000000e""}, ""depuis"": {""$date"": ""2026-02-18T13:58:00Z""}, ""nb_messages"": 0}, {""ami_id"": {""$oid"": ""000100000000000000000035""}, ""depuis"": {""$date"": ""2026-02-22T11:20:00Z""}, ""nb_messages"": 0}, {""ami_id"": {""$oid"": ""00010000000000000000003e""}, ""depuis"": {""$date"": ""2026-04-16T04:51:00Z""}, ""nb_messages"": 8}, {""ami_id"": {""$oid"": ""00010000000000000000002b""}, ""depuis"": {""$date"": ""2026-05-13T07:41:00Z""}, ""nb_messages"": 0}, {""ami_id"": {""$oid"": ""000100000000000000000013""}, ""depuis"": {""$date"": ""2026-05-29T10:03:00Z""}, ""nb_messages"": 0}, {""ami_id"": {""$oid"": ""000100000000000000000042""}, ""depuis"": {""$date"": ""2026-06-18T09:06:00Z""}, ""nb_messages"": 0}, {""ami_id"": {""$oid"": ""000100000000000000000096""}, ""depuis"": {""$date"": ""2026-06-20T09:54:00Z""}, ""nb_messages"": 0}, {""ami_id"": {""$oid"": ""000100000000000000000056""}, ""depuis"": {""$date"": ""2026-07-18T23:49:00Z""}, ""nb_messages"": 0}, {""ami_id"": {""$oid"": ""000100000000000000000028""}, ""depuis"": {""$date"": ""2026-08-07T13:54:00Z""}, ""nb_messages"": 0}]";"000200000000000000000002;000200000000000000000003;000200000000000000000005;000200000000000000000006;000200000000000000000007;000200000000000000000008;000200000000000000000009;00020000000000000000000a;00020000000000000000000c;00020000000000000000000e;00020000000000000000001a;00020000000000000000001b";False;False;membre;
00010000000000000000005b;USR-0091;tchiroma_enspd;;Tchiroma;Joseph;;Un cafe, un ordinateur, des projets.;Bamenda;Nord-Ouest;2023-06-10 22:30:00;59;M;retraite;timide_reseau;"histoire;aventure;voyage";"[{""ami_id"": {""$oid"": ""00010000000000000000008d""}, ""depuis"": {""$date"": ""2024-04-13T11:56:00Z""}, ""nb_messages"": 0}, {""ami_id"": {""$oid"": ""000100000000000000000086""}, ""depuis"": {""$date"": ""2024-08-12T05:42:00Z""}, ""nb_messages"": 0}, {""ami_id"": {""$oid"": ""00010000000000000000005a""}, ""depuis"": {""$date"": ""2024-08-19T11:18:00Z""}, ""nb_messages"": 0}, {""ami_id"": {""$oid"": ""00010000000000000000004f""}, ""depuis"": {""$date"": ""2024-12-25T18:55:00Z""}, ""nb_messages"": 6}, {""ami_id"": {""$oid"": ""000100000000000000000058""}, ""depuis"": {""$date"": ""2025-04-30T06:50:00Z""}, ""nb_messages"": 0}, {""ami_id"": {""$oid"": ""00010000000000000000005e""}, ""depuis"": {""$date"": ""2025-08-14T18:54:00Z""}, ""nb_messages"": 0}, {""ami_id"": {""$oid"": ""000100000000000000000056""}, ""depuis"": {""$date"": ""2025-10-12T19:24:00Z""}, ""nb_messages"": 0}, {""ami_id"": {""$oid"": ""000100000000000000000040""}, ""depuis"": {""$date"": ""2026-05-31T00:13:00Z""}, ""nb_messages"": 0}]";"000200000000000000000006;000200000000000000000009;00020000000000000000000a;00020000000000000000000d;00020000000000000000000e;000200000000000000000010;000200000000000000000019;00020000000000000000001a;00020000000000000000001b;00020000000000000000001e";False;True;membre;
00010000000000000000005c;USR-0092;abdo_dla;;Abdoulaye;Joelle;;Amoureux de la nature et de la musique.;Douala;Littoral;2024-10-28 14:28:00;45;F;employe;normal;"technologie;histoire;productivite";"[{""ami_id"": {""$oid"": ""000100000000000000000055""}, ""depuis"": {""$date"": ""2024-11-09T12:52:00Z""}, ""nb_messages"": 0}, {""ami_id"": {""$oid"": ""00010000000000000000000c""}, ""depuis"": {""$date"": ""2024-12-15T13:41:00Z""}, ""nb_messages"": 0}, {""ami_id"": {""$oid"": ""00010000000000000000008e""}, ""depuis"": {""$date"": ""2024-12-15T23:17:00Z""}, ""nb_messages"": 0}, {""ami_id"": {""$oid"": ""000100000000000000000045""}, ""depuis"": {""$date"": ""2024-12-25T20:30:00Z""}, ""nb_messages"": 0}, {""ami_id"": {""$oid"": ""00010000000000000000003a""}, ""depuis"": {""$date"": ""2026-04-13T00:11:00Z""}, ""nb_messages"": 0}, {""ami_id"": {""$oid"": ""00010000000000000000008a""}, ""depuis"": {""$date"": ""2026-04-23T10:24:00Z""}, ""nb_messages"": 0}, {""ami_id"": {""$oid"": ""00010000000000000000004c""}, ""depuis"": {""$date"": ""2026-05-22T22:11:00Z""}, ""nb_messages"": 0}, {""ami_id"": {""$oid"": ""000100000000000000000017""}, ""depuis"": {""$date"": ""2026-06-16T03:56:00Z""}, ""nb_messages"": 0}, {""ami_id"": {""$oid"": ""000100000000000000000089""}, ""depuis"": {""$date"": ""2026-08-22T12:31:00Z""}, ""nb_messages"": 0}]";"000200000000000000000001;000200000000000000000007;000200000000000000000008;00020000000000000000000a;00020000000000000000000b;00020000000000000000000e;000200000000000000000012;000200000000000000000018;000200000000000000000019;00020000000000000000001a;00020000000000000000001b";False;False;membre;
00010000000000000000005d;USR-0093;moha_enspd;;Mohamadou;Paul;;Passionne par la vie et les belles rencontres.;Kribi;Sud;2023-10-09 19:17:00;25;M;ecolier / etudiant;normal;technologie;"[{""ami_id"": {""$oid"": ""000100000000000000000017""}, ""depuis"": {""$date"": ""2024-03-28T16:52:00Z""}, ""nb_messages"": 0}, {""ami_id"": {""$oid"": ""000100000000000000000030""}, ""depuis"": {""$date"": ""2024-10-03T16:43:00Z""}, ""nb_messages"": 13}, {""ami_id"": {""$oid"": ""00010000000000000000007b""}, ""depuis"": {""$date"": ""2024-10-10T20:39:00Z""}, ""nb_messages"": 0}, {""ami_id"": {""$oid"": ""000100000000000000000045""}, ""depuis"": {""$date"": ""2025-03-21T03:49:00Z""}, ""nb_messages"": 0}, {""ami_id"": {""$oid"": ""000100000000000000000046""}, ""depuis"": {""$date"": ""2025-05-03T06:03:00Z""}, ""nb_messages"": 3}, {""ami_id"": {""$oid"": ""00010000000000000000007f""}, ""depuis"": {""$date"": ""2026-01-14T16:08:00Z""}, ""nb_messages"": 0}, {""ami_id"": {""$oid"": ""00010000000000000000003a""}, ""depuis"": {""$date"": ""2026-02-10T14:32:00Z""}, ""nb_messages"": 0}, {""ami_id"": {""$oid"": ""000100000000000000000065""}, ""depuis"": {""$date"": ""2026-07-23T06:28:00Z""}, ""nb_messages"": 0}]";"000200000000000000000007;00020000000000000000000f;000200000000000000000012;000200000000000000000017;000200000000000000000019;00020000000000000000001a;00020000000000000000001b";False;True;membre;
00010000000000000000005e;USR-0094;garba_enspd;;Garba;Sandra;;Un cafe, un ordinateur, des projets.;Yaounde;Centre;2023-09-02 12:38:00;35;F;employe;timide_reseau;"education;mode";"[{""ami_id"": {""$oid"": ""00010000000000000000005b""}, ""depuis"": {""$date"": ""2025-08-14T18:54:00Z""}, ""nb_messages"": 0}, {""ami_id"": {""$oid"": ""000100000000000000000087""}, ""depuis"": {""$date"": ""2026-05-17T19:52:00Z""}, ""nb_messages"": 0}, {""ami_id"": {""$oid"": ""000100000000000000000085""}, ""depuis"": {""$date"": ""2026-08-28T11:27:00Z""}, ""nb_messages"": 0}]";;False;False;membre;
00010000000000000000005f;USR-0095;haman_237;;Haman;Michelle;;Toujours en train d'apprendre quelque chose.;Kribi;Sud;2024-02-27 16:43:00;16;F;ecolier / etudiant;timide_reseau;"philosophie;foi";"[{""ami_id"": {""$oid"": ""000100000000000000000047""}, ""depuis"": {""$date"": ""2024-11-30T13:07:00Z""}, ""nb_messages"": 0}, {""ami_id"": {""$oid"": ""000100000000000000000073""}, ""depuis"": {""$date"": ""2025-09-12T15:02:00Z""}, ""nb_messages"": 0}, {""ami_id"": {""$oid"": ""000100000000000000000084""}, ""depuis"": {""$date"": ""2025-12-09T12:05:00Z""}, ""nb_messages"": 0}, {""ami_id"": {""$oid"": ""00010000000000000000003b""}, ""depuis"": {""$date"": ""2025-12-26T15:05:00Z""}, ""nb_messages"": 0}, {""ami_id"": {""$oid"": ""000100000000000000000050""}, ""depuis"": {""$date"": ""2026-01-12T18:30:00Z""}, ""nb_messages"": 12}, {""ami_id"": {""$oid"": ""000100000000000000000029""}, ""depuis"": {""$date"": ""2026-08-11T21:57:00Z""}, ""nb_messages"": 0}, {""ami_id"": {""$oid"": ""000100000000000000000028""}, ""depuis"": {""$date"": ""2026-08-13T14:38:00Z""}, ""nb_messages"": 0}]";000200000000000000000007;False;True;membre;
000100000000000000000060;USR-0096;ngwa_enspd;;Ngwa;Grace;;Photographe amateur et marcheur invetere.;Yaounde;Centre;2025-01-25 22:59:00;44;F;employe;normal;"education;productivite;aventure";"[{""ami_id"": {""$oid"": ""000100000000000000000006""}, ""depuis"": {""$date"": ""2025-09-30T09:34:00Z""}, ""nb_messages"": 14}, {""ami_id"": {""$oid"": ""000100000000000000000075""}, ""depuis"": {""$date"": ""2025-10-03T05:40:00Z""}, ""nb_messages"": 0}, {""ami_id"": {""$oid"": ""00010000000000000000000b""}, ""depuis"": {""$date"": ""2025-11-22T12:55:00Z""}, ""nb_messages"": 0}, {""ami_id"": {""$oid"": ""000100000000000000000091""}, ""depuis"": {""$date"": ""2026-02-05T21:50:00Z""}, ""nb_messages"": 0}, {""ami_id"": {""$oid"": ""00010000000000000000008e""}, ""depuis"": {""$date"": ""2026-02-09T17:17:00Z""}, ""nb_messages"": 0}, {""ami_id"": {""$oid"": ""000100000000000000000053""}, ""depuis"": {""$date"": ""2026-02-12T23:18:00Z""}, ""nb_messages"": 0}, {""ami_id"": {""$oid"": ""00010000000000000000004d""}, ""depuis"": {""$date"": ""2026-02-22T11:55:00Z""}, ""nb_messages"": 0}, {""ami_id"": {""$oid"": ""000100000000000000000007""}, ""depuis"": {""$date"": ""2026-03-09T04:30:00Z""}, ""nb_messages"": 0}, {""ami_id"": {""$oid"": ""000100000000000000000026""}, ""depuis"": {""$date"": ""2026-04-07T00:57:00Z""}, ""nb_messages"": 8}, {""ami_id"": {""$oid"": ""000100000000000000000034""}, ""depuis"": {""$date"": ""2026-04-27T20:45:00Z""}, ""nb_messages"": 0}, {""ami_id"": {""$oid"": ""000100000000000000000087""}, ""depuis"": {""$date"": ""2026-06-04T03:52:00Z""}, ""nb_messages"": 0}, {""ami_id"": {""$oid"": ""00010000000000000000004f""}, ""depuis"": {""$date"": ""2026-06-11T16:46:00Z""}, ""nb_messages"": 0}, {""ami_id"": {""$oid"": ""00010000000000000000006b""}, ""depuis"": {""$date"": ""2026-06-26T11:26:00Z""}, ""nb_messages"": 0}, {""ami_id"": {""$oid"": ""00010000000000000000002f""}, ""depuis"": {""$date"": ""2026-07-10T08:52:00Z""}, ""nb_messages"": 0}, {""ami_id"": {""$oid"": ""000100000000000000000093""}, ""depuis"": {""$date"": ""2026-07-14T02:19:00Z""}, ""nb_messages"": 0}]";00020000000000000000001e;True;False;membre;
000100000000000000000061;USR-0097;tabe_enspd;;Tabe;Lucrece;;Etudiant le jour, reveur la nuit.;Kribi;Sud;2024-05-24 17:17:00;17;F;ecolier / etudiant;timide_reseau;productivite;"[{""ami_id"": {""$oid"": ""000100000000000000000089""}, ""depuis"": {""$date"": ""2025-05-23T10:07:00Z""}, ""nb_messages"": 0}, {""ami_id"": {""$oid"": ""00010000000000000000003a""}, ""depuis"": {""$date"": ""2026-01-05T04:51:00Z""}, ""nb_messages"": 0}, {""ami_id"": {""$oid"": ""00010000000000000000003c""}, ""depuis"": {""$date"": ""2026-01-08T06:35:00Z""}, ""nb_messages"": 12}, {""ami_id"": {""$oid"": ""000100000000000000000069""}, ""depuis"": {""$date"": ""2026-01-19T16:36:00Z""}, ""nb_messages"": 0}, {""ami_id"": {""$oid"": ""000100000000000000000041""}, ""depuis"": {""$date"": ""2026-07-03T12:02:00Z""}, ""nb_messages"": 0}, {""ami_id"": {""$oid"": ""000100000000000000000042""}, ""depuis"": {""$date"": ""2026-08-10T02:43:00Z""}, ""nb_messages"": 14}]";"000200000000000000000002;000200000000000000000004;000200000000000000000007;000200000000000000000009;00020000000000000000000a;00020000000000000000000e;000200000000000000000012;000200000000000000000018;000200000000000000000019;00020000000000000000001a;00020000000000000000001b";True;True;membre;
000100000000000000000062;USR-0098;ndifor_enspd;;Ndifor;Sylvie;;Toujours en train d'apprendre quelque chose.;Yaounde;Centre;2024-09-08 19:53:00;36;F;employe;normal;"productivite;philosophie;technologie";"[{""ami_id"": {""$oid"": ""00010000000000000000007f""}, ""depuis"": {""$date"": ""2024-09-15T12:32:00Z""}, ""nb_messages"": 0}, {""ami_id"": {""$oid"": ""000100000000000000000047""}, ""depuis"": {""$date"": ""2025-06-10T22:22:00Z""}, ""nb_messages"": 0}, {""ami_id"": {""$oid"": ""000100000000000000000006""}, ""depuis"": {""$date"": ""2025-09-19T04:27:00Z""}, ""nb_messages"": 0}, {""ami_id"": {""$oid"": ""000100000000000000000017""}, ""depuis"": {""$date"": ""2025-10-30T05:55:00Z""}, ""nb_messages"": 0}, {""ami_id"": {""$oid"": ""000100000000000000000036""}, ""depuis"": {""$date"": ""2025-12-16T17:35:00Z""}, ""nb_messages"": 0}, {""ami_id"": {""$oid"": ""00010000000000000000008c""}, ""depuis"": {""$date"": ""2025-12-27T05:02:00Z""}, ""nb_messages"": 0}, {""ami_id"": {""$oid"": ""00010000000000000000008b""}, ""depuis"": {""$date"": ""2026-01-06T03:11:00Z""}, ""nb_messages"": 0}, {""ami_id"": {""$oid"": ""00010000000000000000001b""}, ""depuis"": {""$date"": ""2026-02-18T02:02:00Z""}, ""nb_messages"": 0}, {""ami_id"": {""$oid"": ""00010000000000000000004e""}, ""depuis"": {""$date"": ""2026-04-25T11:50:00Z""}, ""nb_messages"": 0}, {""ami_id"": {""$oid"": ""000100000000000000000010""}, ""depuis"": {""$date"": ""2026-04-29T22:19:00Z""}, ""nb_messages"": 0}, {""ami_id"": {""$oid"": ""00010000000000000000002d""}, ""depuis"": {""$date"": ""2026-08-05T16:04:00Z""}, ""nb_messages"": 0}, {""ami_id"": {""$oid"": ""000100000000000000000079""}, ""depuis"": {""$date"": ""2026-08-27T03:17:00Z""}, ""nb_messages"": 0}, {""ami_id"": {""$oid"": ""000100000000000000000096""}, ""depuis"": {""$date"": ""2026-08-28T09:58:00Z""}, ""nb_messages"": 0}, {""ami_id"": {""$oid"": ""000100000000000000000074""}, ""depuis"": {""$date"": ""2026-09-02T13:27:00Z""}, ""nb_messages"": 0}]";;True;True;membre;
000100000000000000000063;USR-0099;ashu_enspd;;Ashu;Junior;;Etudiant le jour, reveur la nuit.;Garoua;Nord;2023-06-28 21:58:00;47;M;employe;timide_reseau;"productivite;mode";"[{""ami_id"": {""$oid"": ""00010000000000000000008e""}, ""depuis"": {""$date"": ""2025-03-19T02:48:00Z""}, ""nb_messages"": 0}, {""ami_id"": {""$oid"": ""000100000000000000000075""}, ""depuis"": {""$date"": ""2025-06-22T15:31:00Z""}, ""nb_messages"": 0}, {""ami_id"": {""$oid"": ""00010000000000000000002b""}, ""depuis"": {""$date"": ""2025-10-16T05:56:00Z""}, ""nb_messages"": 0}, {""ami_id"": {""$oid"": ""000100000000000000000053""}, ""depuis"": {""$date"": ""2026-01-05T23:30:00Z""}, ""nb_messages"": 0}, {""ami_id"": {""$oid"": ""00010000000000000000007e""}, ""depuis"": {""$date"": ""2026-02-25T14:19:00Z""}, ""nb_messages"": 0}, {""ami_id"": {""$oid"": ""000100000000000000000083""}, ""depuis"": {""$date"": ""2026-03-07T18:37:00Z""}, ""nb_messages"": 0}, {""ami_id"": {""$oid"": ""000100000000000000000080""}, ""depuis"": {""$date"": ""2026-03-13T19:35:00Z""}, ""nb_messages"": 3}]";"000200000000000000000002;000200000000000000000008;000200000000000000000009;00020000000000000000000d;000200000000000000000011;000200000000000000000012;000200000000000000000013;000200000000000000000019;00020000000000000000001a;00020000000000000000001b;00020000000000000000001d;00020000000000000000001e";True;False;membre;
000100000000000000000064;USR-0100;mbah_237;;Mbah;Daniel;;Amoureux de la nature et de la musique.;Douala;Littoral;2024-11-07 19:11:00;45;M;employe;timide_reseau;"philosophie;histoire;nature";"[{""ami_id"": {""$oid"": ""000100000000000000000080""}, ""depuis"": {""$date"": ""2024-11-14T23:44:00Z""}, ""nb_messages"": 0}, {""ami_id"": {""$oid"": ""000100000000000000000052""}, ""depuis"": {""$date"": ""2024-11-23T15:41:00Z""}, ""nb_messages"": 0}, {""ami_id"": {""$oid"": ""000100000000000000000019""}, ""depuis"": {""$date"": ""2024-12-21T03:13:00Z""}, ""nb_messages"": 2}, {""ami_id"": {""$oid"": ""00010000000000000000004f""}, ""depuis"": {""$date"": ""2025-06-12T16:39:00Z""}, ""nb_messages"": 0}, {""ami_id"": {""$oid"": ""000100000000000000000075""}, ""depuis"": {""$date"": ""2025-10-04T07:01:00Z""}, ""nb_messages"": 0}, {""ami_id"": {""$oid"": ""000100000000000000000020""}, ""depuis"": {""$date"": ""2025-10-04T15:55:00Z""}, ""nb_messages"": 7}, {""ami_id"": {""$oid"": ""000100000000000000000085""}, ""depuis"": {""$date"": ""2026-02-18T00:00:00Z""}, ""nb_messages"": 0}, {""ami_id"": {""$oid"": ""000100000000000000000081""}, ""depuis"": {""$date"": ""2026-06-11T03:48:00Z""}, ""nb_messages"": 0}, {""ami_id"": {""$oid"": ""000100000000000000000010""}, ""depuis"": {""$date"": ""2026-09-10T16:04:00Z""}, ""nb_messages"": 0}]";"000200000000000000000009;00020000000000000000000c;000200000000000000000019;00020000000000000000001a;00020000000000000000001c;00020000000000000000001d";True;True;membre;
000100000000000000000065;USR-0101;tanyi_dla;;Tanyi;Arnaud;;Toujours en train d'apprendre quelque chose.;Douala;Littoral;2025-04-04 06:22:00;16;M;ecolier / etudiant;normal;"aventure;mode;histoire";"[{""ami_id"": {""$oid"": ""000100000000000000000068""}, ""depuis"": {""$date"": ""2025-04-22T16:47:00Z""}, ""nb_messages"": 0}, {""ami_id"": {""$oid"": ""000100000000000000000033""}, ""depuis"": {""$date"": ""2025-05-01T08:53:00Z""}, ""nb_messages"": 0}, {""ami_id"": {""$oid"": ""00010000000000000000007f""}, ""depuis"": {""$date"": ""2025-06-13T15:02:00Z""}, ""nb_messages"": 0}, {""ami_id"": {""$oid"": ""00010000000000000000008b""}, ""depuis"": {""$date"": ""2025-08-13T10:12:00Z""}, ""nb_messages"": 13}, {""ami_id"": {""$oid"": ""000100000000000000000076""}, ""depuis"": {""$date"": ""2025-09-01T19:03:00Z""}, ""nb_messages"": 0}, {""ami_id"": {""$oid"": ""000100000000000000000072""}, ""depuis"": {""$date"": ""2025-09-04T21:53:00Z""}, ""nb_messages"": 11}, {""ami_id"": {""$oid"": ""000100000000000000000087""}, ""depuis"": {""$date"": ""2025-09-08T03:08:00Z""}, ""nb_messages"": 0}, {""ami_id"": {""$oid"": ""000100000000000000000006""}, ""depuis"": {""$date"": ""2025-09-22T05:27:00Z""}, ""nb_messages"": 8}, {""ami_id"": {""$oid"": ""000100000000000000000085""}, ""depuis"": {""$date"": ""2025-10-24T00:48:00Z""}, ""nb_messages"": 0}, {""ami_id"": {""$oid"": ""000100000000000000000013""}, ""depuis"": {""$date"": ""2025-12-11T05:58:00Z""}, ""nb_messages"": 0}, {""ami_id"": {""$oid"": ""000100000000000000000089""}, ""depuis"": {""$date"": ""2026-01-08T22:48:00Z""}, ""nb_messages"": 0}, {""ami_id"": {""$oid"": ""000100000000000000000008""}, ""depuis"": {""$date"": ""2026-02-04T10:35:00Z""}, ""nb_messages"": 0}, {""ami_id"": {""$oid"": ""000100000000000000000010""}, ""depuis"": {""$date"": ""2026-02-25T15:42:00Z""}, ""nb_messages"": 0}, {""ami_id"": {""$oid"": ""000100000000000000000014""}, ""depuis"": {""$date"": ""2026-06-12T06:45:00Z""}, ""nb_messages"": 3}, {""ami_id"": {""$oid"": ""00010000000000000000003e""}, ""depuis"": {""$date"": ""2026-07-08T20:17:00Z""}, ""nb_messages"": 0}, {""ami_id"": {""$oid"": ""00010000000000000000005d""}, ""depuis"": {""$date"": ""2026-07-23T06:28:00Z""}, ""nb_messages"": 0}, {""ami_id"": {""$oid"": ""000100000000000000000037""}, ""depuis"": {""$date"": ""2026-08-26T16:55:00Z""}, ""nb_messages"": 0}, {""ami_id"": {""$oid"": ""000100000000000000000046""}, ""depuis"": {""$date"": ""2026-09-20T23:57:00Z""}, ""nb_messages"": 0}]";"000200000000000000000005;000200000000000000000006;000200000000000000000007;000200000000000000000009;00020000000000000000000c;00020000000000000000000e;000200000000000000000019;00020000000000000000001b";False;False;membre;
000100000000000000000066;USR-0102;achu_dla;;Achu;Mireille;;Ici pour partager de bons moments.;Douala;Littoral;2026-03-26 22:52:00;18;F;ecolier / etudiant;normal;"nature;voyage;foi";"[{""ami_id"": {""$oid"": ""000100000000000000000004""}, ""depuis"": {""$date"": ""2026-04-16T19:40:00Z""}, ""nb_messages"": 0}, {""ami_id"": {""$oid"": ""000100000000000000000009""}, ""depuis"": {""$date"": ""2026-05-17T00:42:00Z""}, ""nb_messages"": 2}, {""ami_id"": {""$oid"": ""000100000000000000000002""}, ""depuis"": {""$date"": ""2026-06-18T02:22:00Z""}, ""nb_messages"": 0}, {""ami_id"": {""$oid"": ""000100000000000000000037""}, ""depuis"": {""$date"": ""2026-06-21T02:12:00Z""}, ""nb_messages"": 0}, {""ami_id"": {""$oid"": ""00010000000000000000008d""}, ""depuis"": {""$date"": ""2026-07-19T22:30:00Z""}, ""nb_messages"": 0}, {""ami_id"": {""$oid"": ""000100000000000000000051""}, ""depuis"": {""$date"": ""2026-07-28T00:13:00Z""}, ""nb_messages"": 0}, {""ami_id"": {""$oid"": ""000100000000000000000096""}, ""depuis"": {""$date"": ""2026-08-11T06:27:00Z""}, ""nb_messages"": 0}, {""ami_id"": {""$oid"": ""000100000000000000000040""}, ""depuis"": {""$date"": ""2026-09-04T05:05:00Z""}, ""nb_messages"": 0}, {""ami_id"": {""$oid"": ""00010000000000000000003e""}, ""depuis"": {""$date"": ""2026-09-16T09:07:00Z""}, ""nb_messages"": 0}, {""ami_id"": {""$oid"": ""00010000000000000000004e""}, ""depuis"": {""$date"": ""2026-09-17T20:07:00Z""}, ""nb_messages"": 0}, {""ami_id"": {""$oid"": ""000100000000000000000013""}, ""depuis"": {""$date"": ""2026-10-01T02:38:00Z""}, ""nb_messages"": 0}, {""ami_id"": {""$oid"": ""00010000000000000000001b""}, ""depuis"": {""$date"": ""2026-10-01T06:23:00Z""}, ""nb_messages"": 0}]";"000200000000000000000006;000200000000000000000007;00020000000000000000000b;00020000000000000000000e;000200000000000000000018;000200000000000000000019;00020000000000000000001a;00020000000000000000001b";True;False;membre;
000100000000000000000067;USR-0103;fru_dla;;Fru;Hans;;Un cafe, un ordinateur, des projets.;Dschang;Ouest;2025-09-01 08:21:00;76;M;retraite;timide_reseau;"voyage;foi";"[{""ami_id"": {""$oid"": ""000100000000000000000056""}, ""depuis"": {""$date"": ""2025-12-04T02:08:00Z""}, ""nb_messages"": 0}, {""ami_id"": {""$oid"": ""00010000000000000000001a""}, ""depuis"": {""$date"": ""2026-01-02T12:49:00Z""}, ""nb_messages"": 0}, {""ami_id"": {""$oid"": ""00010000000000000000004e""}, ""depuis"": {""$date"": ""2026-03-13T21:37:00Z""}, ""nb_messages"": 7}, {""ami_id"": {""$oid"": ""000100000000000000000009""}, ""depuis"": {""$date"": ""2026-06-12T20:43:00Z""}, ""nb_messages"": 0}, {""ami_id"": {""$oid"": ""00010000000000000000004c""}, ""depuis"": {""$date"": ""2026-06-13T20:29:00Z""}, ""nb_messages"": 0}, {""ami_id"": {""$oid"": ""00010000000000000000001b""}, ""depuis"": {""$date"": ""2026-07-24T04:53:00Z""}, ""nb_messages"": 0}]";;True;True;membre;
000100000000000000000068;USR-0104;nfo_enspd;;Nformi;Samuel;;Curieux de tout, expert en rien.;Yaounde;Centre;2024-12-03 00:34:00;14;M;ecolier / etudiant;normal;productivite;"[{""ami_id"": {""$oid"": ""000100000000000000000065""}, ""depuis"": {""$date"": ""2025-04-22T16:47:00Z""}, ""nb_messages"": 0}, {""ami_id"": {""$oid"": ""000100000000000000000020""}, ""depuis"": {""$date"": ""2025-07-23T12:38:00Z""}, ""nb_messages"": 0}, {""ami_id"": {""$oid"": ""000100000000000000000029""}, ""depuis"": {""$date"": ""2025-08-04T11:01:00Z""}, ""nb_messages"": 0}, {""ami_id"": {""$oid"": ""000100000000000000000059""}, ""depuis"": {""$date"": ""2025-08-07T03:36:00Z""}, ""nb_messages"": 0}, {""ami_id"": {""$oid"": ""000100000000000000000005""}, ""depuis"": {""$date"": ""2025-09-10T11:55:00Z""}, ""nb_messages"": 0}, {""ami_id"": {""$oid"": ""000100000000000000000035""}, ""depuis"": {""$date"": ""2025-10-05T18:32:00Z""}, ""nb_messages"": 0}, {""ami_id"": {""$oid"": ""00010000000000000000005a""}, ""depuis"": {""$date"": ""2025-10-14T22:43:00Z""}, ""nb_messages"": 12}, {""ami_id"": {""$oid"": ""000100000000000000000046""}, ""depuis"": {""$date"": ""2025-10-18T23:31:00Z""}, ""nb_messages"": 0}, {""ami_id"": {""$oid"": ""00010000000000000000007e""}, ""depuis"": {""$date"": ""2026-02-22T22:19:00Z""}, ""nb_messages"": 0}, {""ami_id"": {""$oid"": ""00010000000000000000002b""}, ""depuis"": {""$date"": ""2026-02-23T08:56:00Z""}, ""nb_messages"": 0}, {""ami_id"": {""$oid"": ""000100000000000000000074""}, ""depuis"": {""$date"": ""2026-06-06T06:13:00Z""}, ""nb_messages"": 0}, {""ami_id"": {""$oid"": ""000100000000000000000081""}, ""depuis"": {""$date"": ""2026-06-07T16:05:00Z""}, ""nb_messages"": 9}, {""ami_id"": {""$oid"": ""000100000000000000000027""}, ""depuis"": {""$date"": ""2026-07-01T00:28:00Z""}, ""nb_messages"": 0}, {""ami_id"": {""$oid"": ""00010000000000000000004a""}, ""depuis"": {""$date"": ""2026-08-12T03:18:00Z""}, ""nb_messages"": 0}, {""ami_id"": {""$oid"": ""000100000000000000000058""}, ""depuis"": {""$date"": ""2026-08-17T18:02:00Z""}, ""nb_messages"": 6}, {""ami_id"": {""$oid"": ""000100000000000000000021""}, ""depuis"": {""$date"": ""2026-09-09T19:02:00Z""}, ""nb_messages"": 0}]";;True;True;membre;
000100000000000000000069;USR-0105;awah_dla;;Awah;Clarisse;;Passionne par la vie et les belles rencontres.;Yaounde;Centre;2024-11-29 15:17:00;46;F;employe;timide_reseau;"aventure;mode;foi";"[{""ami_id"": {""$oid"": ""000100000000000000000013""}, ""depuis"": {""$date"": ""2025-03-25T03:54:00Z""}, ""nb_messages"": 0}, {""ami_id"": {""$oid"": ""00010000000000000000001f""}, ""depuis"": {""$date"": ""2025-08-27T21:04:00Z""}, ""nb_messages"": 2}, {""ami_id"": {""$oid"": ""000100000000000000000075""}, ""depuis"": {""$date"": ""2025-12-04T10:39:00Z""}, ""nb_messages"": 4}, {""ami_id"": {""$oid"": ""000100000000000000000061""}, ""depuis"": {""$date"": ""2026-01-19T16:36:00Z""}, ""nb_messages"": 0}, {""ami_id"": {""$oid"": ""000100000000000000000025""}, ""depuis"": {""$date"": ""2026-01-27T06:31:00Z""}, ""nb_messages"": 0}, {""ami_id"": {""$oid"": ""000100000000000000000004""}, ""depuis"": {""$date"": ""2026-03-01T23:52:00Z""}, ""nb_messages"": 0}, {""ami_id"": {""$oid"": ""00010000000000000000002d""}, ""depuis"": {""$date"": ""2026-03-30T15:40:00Z""}, ""nb_messages"": 0}, {""ami_id"": {""$oid"": ""00010000000000000000001b""}, ""depuis"": {""$date"": ""2026-05-13T08:24:00Z""}, ""nb_messages"": 0}]";"000200000000000000000004;00020000000000000000000d;000200000000000000000014;000200000000000000000019;00020000000000000000001a";True;False;membre;
00010000000000000000006a;USR-0106;tebo_237;;Tebo;Moussa;;La vie est un voyage, profitez du trajet.;Bamenda;Nord-Ouest;2025-09-30 17:21:00;43;M;employe;timide_reseau;productivite;"[{""ami_id"": {""$oid"": ""000100000000000000000024""}, ""depuis"": {""$date"": ""2026-01-06T16:30:00Z""}, ""nb_messages"": 0}, {""ami_id"": {""$oid"": ""000100000000000000000001""}, ""depuis"": {""$date"": ""2026-08-02T08:16:00Z""}, ""nb_messages"": 8}, {""ami_id"": {""$oid"": ""000100000000000000000050""}, ""depuis"": {""$date"": ""2026-08-10T21:18:00Z""}, ""nb_messages"": 0}]";"000200000000000000000007;00020000000000000000000a;00020000000000000000000e;000200000000000000000012;000200000000000000000018;00020000000000000000001a;00020000000000000000001b";True;True;membre;
00010000000000000000006b;USR-0107;etta_enspd;;Etta;Alain;;Fier d'etre camerounais.;Yaounde;Centre;2024-09-27 00:01:00;32;M;employe;influenceur;"technologie;productivite";"[{""ami_id"": {""$oid"": ""000100000000000000000042""}, ""depuis"": {""$date"": ""2025-01-18T12:11:00Z""}, ""nb_messages"": 0}, {""ami_id"": {""$oid"": ""000100000000000000000001""}, ""depuis"": {""$date"": ""2025-05-18T23:56:00Z""}, ""nb_messages"": 12}, {""ami_id"": {""$oid"": ""000100000000000000000014""}, ""depuis"": {""$date"": ""2025-06-27T16:49:00Z""}, ""nb_messages"": 0}, {""ami_id"": {""$oid"": ""00010000000000000000003e""}, ""depuis"": {""$date"": ""2025-09-16T05:20:00Z""}, ""nb_messages"": 0}, {""ami_id"": {""$oid"": ""000100000000000000000022""}, ""depuis"": {""$date"": ""2025-11-06T09:37:00Z""}, ""nb_messages"": 0}, {""ami_id"": {""$oid"": ""000100000000000000000059""}, ""depuis"": {""$date"": ""2025-11-09T12:07:00Z""}, ""nb_messages"": 0}, {""ami_id"": {""$oid"": ""00010000000000000000008e""}, ""depuis"": {""$date"": ""2025-11-28T06:23:00Z""}, ""nb_messages"": 0}, {""ami_id"": {""$oid"": ""000100000000000000000047""}, ""depuis"": {""$date"": ""2025-12-08T02:20:00Z""}, ""nb_messages"": 0}, {""ami_id"": {""$oid"": ""000100000000000000000012""}, ""depuis"": {""$date"": ""2025-12-20T07:24:00Z""}, ""nb_messages"": 0}, {""ami_id"": {""$oid"": ""000100000000000000000084""}, ""depuis"": {""$date"": ""2025-12-24T20:00:00Z""}, ""nb_messages"": 0}, {""ami_id"": {""$oid"": ""00010000000000000000008b""}, ""depuis"": {""$date"": ""2026-02-01T10:44:00Z""}, ""nb_messages"": 0}, {""ami_id"": {""$oid"": ""000100000000000000000055""}, ""depuis"": {""$date"": ""2026-02-01T14:17:00Z""}, ""nb_messages"": 0}, {""ami_id"": {""$oid"": ""00010000000000000000002a""}, ""depuis"": {""$date"": ""2026-03-04T17:13:00Z""}, ""nb_messages"": 0}, {""ami_id"": {""$oid"": ""000100000000000000000073""}, ""depuis"": {""$date"": ""2026-03-17T02:34:00Z""}, ""nb_messages"": 0}, {""ami_id"": {""$oid"": ""00010000000000000000007f""}, ""depuis"": {""$date"": ""2026-03-24T17:45:00Z""}, ""nb_messages"": 0}, {""ami_id"": {""$oid"": ""00010000000000000000007e""}, ""depuis"": {""$date"": ""2026-04-26T06:05:00Z""}, ""nb_messages"": 0}, {""ami_id"": {""$oid"": ""000100000000000000000086""}, ""depuis"": {""$date"": ""2026-06-02T13:37:00Z""}, ""nb_messages"": 0}, {""ami_id"": {""$oid"": ""000100000000000000000020""}, ""depuis"": {""$date"": ""2026-06-23T22:42:00Z""}, ""nb_messages"": 0}, {""ami_id"": {""$oid"": ""000100000000000000000060""}, ""depuis"": {""$date"": ""2026-06-26T11:26:00Z""}, ""nb_messages"": 0}, {""ami_id"": {""$oid"": ""000100000000000000000081""}, ""depuis"": {""$date"": ""2026-07-02T18:38:00Z""}, ""nb_messages"": 0}, {""ami_id"": {""$oid"": ""000100000000000000000048""}, ""depuis"": {""$date"": ""2026-07-28T14:45:00Z""}, ""nb_messages"": 0}, {""ami_id"": {""$oid"": ""000100000000000000000009""}, ""depuis"": {""$date"": ""2026-08-25T21:22:00Z""}, ""nb_messages"": 0}, {""ami_id"": {""$oid"": ""000100000000000000000072""}, ""depuis"": {""$date"": ""2026-08-28T00:24:00Z""}, ""nb_messages"": 0}, {""ami_id"": {""$oid"": ""000100000000000000000010""}, ""depuis"": {""$date"": ""2026-08-28T22:28:00Z""}, ""nb_messages"": 0}, {""ami_id"": {""$oid"": ""00010000000000000000003c""}, ""depuis"": {""$date"": ""2026-09-05T10:38:00Z""}, ""nb_messages"": 0}, {""ami_id"": {""$oid"": ""000100000000000000000028""}, ""depuis"": {""$date"": ""2026-09-13T21:03:00Z""}, ""nb_messages"": 0}]";00020000000000000000000a;False;False;membre;
00010000000000000000006c;USR-0108;beso_dla;;Besong;Brenda;;Photographe amateur et marcheur invetere.;Yaounde;Centre;2023-08-22 14:19:00;24;F;ecolier / etudiant;normal;"nature;voyage";"[{""ami_id"": {""$oid"": ""000100000000000000000056""}, ""depuis"": {""$date"": ""2024-01-15T05:30:00Z""}, ""nb_messages"": 0}, {""ami_id"": {""$oid"": ""00010000000000000000000c""}, ""depuis"": {""$date"": ""2024-04-12T17:52:00Z""}, ""nb_messages"": 0}, {""ami_id"": {""$oid"": ""00010000000000000000007f""}, ""depuis"": {""$date"": ""2024-08-29T06:27:00Z""}, ""nb_messages"": 0}, {""ami_id"": {""$oid"": ""000100000000000000000003""}, ""depuis"": {""$date"": ""2024-11-17T07:36:00Z""}, ""nb_messages"": 0}, {""ami_id"": {""$oid"": ""000100000000000000000088""}, ""depuis"": {""$date"": ""2025-01-15T01:36:00Z""}, ""nb_messages"": 0}, {""ami_id"": {""$oid"": ""000100000000000000000059""}, ""depuis"": {""$date"": ""2025-03-06T18:44:00Z""}, ""nb_messages"": 0}, {""ami_id"": {""$oid"": ""000100000000000000000013""}, ""depuis"": {""$date"": ""2025-04-14T00:48:00Z""}, ""nb_messages"": 0}, {""ami_id"": {""$oid"": ""000100000000000000000042""}, ""depuis"": {""$date"": ""2025-09-21T22:39:00Z""}, ""nb_messages"": 0}, {""ami_id"": {""$oid"": ""00010000000000000000007a""}, ""depuis"": {""$date"": ""2026-01-18T13:20:00Z""}, ""nb_messages"": 0}, {""ami_id"": {""$oid"": ""00010000000000000000008a""}, ""depuis"": {""$date"": ""2026-02-22T05:55:00Z""}, ""nb_messages"": 0}, {""ami_id"": {""$oid"": ""000100000000000000000011""}, ""depuis"": {""$date"": ""2026-03-25T14:54:00Z""}, ""nb_messages"": 0}, {""ami_id"": {""$oid"": ""000100000000000000000054""}, ""depuis"": {""$date"": ""2026-04-16T22:54:00Z""}, ""nb_messages"": 0}, {""ami_id"": {""$oid"": ""000100000000000000000079""}, ""depuis"": {""$date"": ""2026-05-03T06:19:00Z""}, ""nb_messages"": 2}, {""ami_id"": {""$oid"": ""00010000000000000000007e""}, ""depuis"": {""$date"": ""2026-05-12T18:33:00Z""}, ""nb_messages"": 0}, {""ami_id"": {""$oid"": ""000100000000000000000012""}, ""depuis"": {""$date"": ""2026-05-15T01:44:00Z""}, ""nb_messages"": 0}, {""ami_id"": {""$oid"": ""000100000000000000000087""}, ""depuis"": {""$date"": ""2026-05-24T05:59:00Z""}, ""nb_messages"": 0}, {""ami_id"": {""$oid"": ""000100000000000000000028""}, ""depuis"": {""$date"": ""2026-08-11T00:28:00Z""}, ""nb_messages"": 0}, {""ami_id"": {""$oid"": ""000100000000000000000002""}, ""depuis"": {""$date"": ""2026-09-06T07:21:00Z""}, ""nb_messages"": 0}]";00020000000000000000001a;False;True;membre;
00010000000000000000006d;USR-0109;eyong_enspd;;Eyong;Brice;;Un cafe, un ordinateur, des projets.;Yaounde;Centre;2023-07-18 12:29:00;27;M;employe;timide_reseau;"histoire;nature;philosophie";"[{""ami_id"": {""$oid"": ""000100000000000000000085""}, ""depuis"": {""$date"": ""2024-09-30T01:38:00Z""}, ""nb_messages"": 8}, {""ami_id"": {""$oid"": ""000100000000000000000047""}, ""depuis"": {""$date"": ""2024-10-02T12:33:00Z""}, ""nb_messages"": 0}, {""ami_id"": {""$oid"": ""000100000000000000000087""}, ""depuis"": {""$date"": ""2025-03-17T20:06:00Z""}, ""nb_messages"": 0}, {""ami_id"": {""$oid"": ""000100000000000000000076""}, ""depuis"": {""$date"": ""2025-06-19T21:07:00Z""}, ""nb_messages"": 0}]";"000200000000000000000009;00020000000000000000001a;00020000000000000000001c";True;True;membre;
00010000000000000000006e;USR-0110;ayuk_enspd;;Ayuk;Landry;;Amoureux de la nature et de la musique.;Bamenda;Nord-Ouest;2023-12-18 22:08:00;68;M;retraite;timide_reseau;voyage;"[{""ami_id"": {""$oid"": ""00010000000000000000001d""}, ""depuis"": {""$date"": ""2024-08-31T05:41:00Z""}, ""nb_messages"": 8}, {""ami_id"": {""$oid"": ""000100000000000000000006""}, ""depuis"": {""$date"": ""2024-09-27T18:37:00Z""}, ""nb_messages"": 0}, {""ami_id"": {""$oid"": ""000100000000000000000090""}, ""depuis"": {""$date"": ""2026-02-23T19:05:00Z""}, ""nb_messages"": 0}, {""ami_id"": {""$oid"": ""000100000000000000000076""}, ""depuis"": {""$date"": ""2026-04-13T06:54:00Z""}, ""nb_messages"": 0}]";;True;False;membre;
00010000000000000000006f;USR-0111;taka_dla;;Takang;Prisca;;Ici pour partager de bons moments.;Douala;Littoral;2025-07-16 18:57:00;55;F;employe;timide_reseau;"voyage;technologie";"[{""ami_id"": {""$oid"": ""000100000000000000000011""}, ""depuis"": {""$date"": ""2025-09-01T20:07:00Z""}, ""nb_messages"": 0}, {""ami_id"": {""$oid"": ""00010000000000000000000e""}, ""depuis"": {""$date"": ""2026-01-13T13:54:00Z""}, ""nb_messages"": 0}, {""ami_id"": {""$oid"": ""000100000000000000000072""}, ""depuis"": {""$date"": ""2026-05-15T19:22:00Z""}, ""nb_messages"": 0}, {""ami_id"": {""$oid"": ""000100000000000000000048""}, ""depuis"": {""$date"": ""2026-08-21T08:20:00Z""}, ""nb_messages"": 0}]";"000200000000000000000005;00020000000000000000000a;00020000000000000000000c;000200000000000000000012;000200000000000000000019;00020000000000000000001a";True;False;membre;
000100000000000000000070;USR-0112;enow_dla;;Enow;Vanessa;;Amoureux de la nature et de la musique.;Yaounde;Centre;2024-11-21 00:55:00;48;F;employe;timide_reseau;"education;foi;aventure";"[{""ami_id"": {""$oid"": ""000100000000000000000033""}, ""depuis"": {""$date"": ""2025-01-14T13:47:00Z""}, ""nb_messages"": 0}, {""ami_id"": {""$oid"": ""000100000000000000000037""}, ""depuis"": {""$date"": ""2025-01-25T01:28:00Z""}, ""nb_messages"": 0}, {""ami_id"": {""$oid"": ""000100000000000000000073""}, ""depuis"": {""$date"": ""2025-03-27T15:55:00Z""}, ""nb_messages"": 0}, {""ami_id"": {""$oid"": ""000100000000000000000094""}, ""depuis"": {""$date"": ""2025-08-21T22:34:00Z""}, ""nb_messages"": 0}, {""ami_id"": {""$oid"": ""000100000000000000000001""}, ""depuis"": {""$date"": ""2026-01-25T08:01:00Z""}, ""nb_messages"": 16}, {""ami_id"": {""$oid"": ""000100000000000000000026""}, ""depuis"": {""$date"": ""2026-02-11T12:04:00Z""}, ""nb_messages"": 0}, {""ami_id"": {""$oid"": ""000100000000000000000081""}, ""depuis"": {""$date"": ""2026-03-02T19:21:00Z""}, ""nb_messages"": 0}, {""ami_id"": {""$oid"": ""000100000000000000000077""}, ""depuis"": {""$date"": ""2026-05-10T19:27:00Z""}, ""nb_messages"": 0}, {""ami_id"": {""$oid"": ""000100000000000000000088""}, ""depuis"": {""$date"": ""2026-08-17T10:28:00Z""}, ""nb_messages"": 0}]";;True;True;membre;
000100000000000000000071;USR-0113;egbe_dla;;Egbe;Martin;;Curieux de tout, expert en rien.;Dschang;Ouest;2024-12-18 04:40:00;45;M;employe;timide_reseau;"philosophie;histoire";"[{""ami_id"": {""$oid"": ""000100000000000000000007""}, ""depuis"": {""$date"": ""2025-03-11T11:36:00Z""}, ""nb_messages"": 0}, {""ami_id"": {""$oid"": ""000100000000000000000084""}, ""depuis"": {""$date"": ""2025-11-01T23:29:00Z""}, ""nb_messages"": 0}, {""ami_id"": {""$oid"": ""000100000000000000000020""}, ""depuis"": {""$date"": ""2026-03-05T08:19:00Z""}, ""nb_messages"": 0}]";"000200000000000000000005;000200000000000000000006;000200000000000000000007;000200000000000000000008;00020000000000000000001a;00020000000000000000001b";True;False;membre;
000100000000000000000072;USR-0114;manyi_enspd;;Manyi;Esther;;Un cafe, un ordinateur, des projets.;Douala;Littoral;2025-05-11 10:46:00;38;F;employe;normal;histoire;"[{""ami_id"": {""$oid"": ""00010000000000000000002a""}, ""depuis"": {""$date"": ""2025-07-06T21:28:00Z""}, ""nb_messages"": 0}, {""ami_id"": {""$oid"": ""00010000000000000000008b""}, ""depuis"": {""$date"": ""2025-07-12T08:23:00Z""}, ""nb_messages"": 5}, {""ami_id"": {""$oid"": ""000100000000000000000053""}, ""depuis"": {""$date"": ""2025-08-03T00:45:00Z""}, ""nb_messages"": 0}, {""ami_id"": {""$oid"": ""000100000000000000000065""}, ""depuis"": {""$date"": ""2025-09-04T21:53:00Z""}, ""nb_messages"": 11}, {""ami_id"": {""$oid"": ""000100000000000000000047""}, ""depuis"": {""$date"": ""2025-10-06T14:33:00Z""}, ""nb_messages"": 0}, {""ami_id"": {""$oid"": ""00010000000000000000002b""}, ""depuis"": {""$date"": ""2025-10-13T18:48:00Z""}, ""nb_messages"": 0}, {""ami_id"": {""$oid"": ""00010000000000000000000b""}, ""depuis"": {""$date"": ""2025-12-29T18:45:00Z""}, ""nb_messages"": 0}, {""ami_id"": {""$oid"": ""000100000000000000000004""}, ""depuis"": {""$date"": ""2026-02-01T06:58:00Z""}, ""nb_messages"": 0}, {""ami_id"": {""$oid"": ""000100000000000000000077""}, ""depuis"": {""$date"": ""2026-03-06T04:18:00Z""}, ""nb_messages"": 0}, {""ami_id"": {""$oid"": ""000100000000000000000021""}, ""depuis"": {""$date"": ""2026-03-15T19:23:00Z""}, ""nb_messages"": 0}, {""ami_id"": {""$oid"": ""000100000000000000000055""}, ""depuis"": {""$date"": ""2026-03-21T16:23:00Z""}, ""nb_messages"": 0}, {""ami_id"": {""$oid"": ""00010000000000000000003e""}, ""depuis"": {""$date"": ""2026-04-28T20:10:00Z""}, ""nb_messages"": 0}, {""ami_id"": {""$oid"": ""00010000000000000000007f""}, ""depuis"": {""$date"": ""2026-05-12T14:56:00Z""}, ""nb_messages"": 0}, {""ami_id"": {""$oid"": ""00010000000000000000006f""}, ""depuis"": {""$date"": ""2026-05-15T19:22:00Z""}, ""nb_messages"": 0}, {""ami_id"": {""$oid"": ""000100000000000000000079""}, ""depuis"": {""$date"": ""2026-06-23T05:52:00Z""}, ""nb_messages"": 0}, {""ami_id"": {""$oid"": ""000100000000000000000084""}, ""depuis"": {""$date"": ""2026-07-13T17:01:00Z""}, ""nb_messages"": 0}, {""ami_id"": {""$oid"": ""00010000000000000000008a""}, ""depuis"": {""$date"": ""2026-07-19T12:54:00Z""}, ""nb_messages"": 0}, {""ami_id"": {""$oid"": ""000100000000000000000091""}, ""depuis"": {""$date"": ""2026-07-22T22:46:00Z""}, ""nb_messages"": 6}, {""ami_id"": {""$oid"": ""000100000000000000000076""}, ""depuis"": {""$date"": ""2026-08-01T23:48:00Z""}, ""nb_messages"": 0}, {""ami_id"": {""$oid"": ""000100000000000000000043""}, ""depuis"": {""$date"": ""2026-08-02T14:02:00Z""}, ""nb_messages"": 0}, {""ami_id"": {""$oid"": ""00010000000000000000006b""}, ""depuis"": {""$date"": ""2026-08-28T00:24:00Z""}, ""nb_messages"": 0}]";;False;True;membre;
000100000000000000000073;USR-0115;muke_237;;Mukete;Nadege;;Amoureux de la nature et de la musique.;Douala;Littoral;2024-12-01 19:16:00;54;F;employe;normal;"productivite;philosophie";"[{""ami_id"": {""$oid"": ""000100000000000000000042""}, ""depuis"": {""$date"": ""2025-01-22T15:44:00Z""}, ""nb_messages"": 0}, {""ami_id"": {""$oid"": ""000100000000000000000070""}, ""depuis"": {""$date"": ""2025-03-27T15:55:00Z""}, ""nb_messages"": 0}, {""ami_id"": {""$oid"": ""000100000000000000000047""}, ""depuis"": {""$date"": ""2025-08-17T14:01:00Z""}, ""nb_messages"": 0}, {""ami_id"": {""$oid"": ""000100000000000000000019""}, ""depuis"": {""$date"": ""2025-08-19T19:12:00Z""}, ""nb_messages"": 0}, {""ami_id"": {""$oid"": ""000100000000000000000044""}, ""depuis"": {""$date"": ""2025-08-22T06:48:00Z""}, ""nb_messages"": 0}, {""ami_id"": {""$oid"": ""000100000000000000000086""}, ""depuis"": {""$date"": ""2025-08-24T13:14:00Z""}, ""nb_messages"": 0}, {""ami_id"": {""$oid"": ""00010000000000000000005f""}, ""depuis"": {""$date"": ""2025-09-12T15:02:00Z""}, ""nb_messages"": 0}, {""ami_id"": {""$oid"": ""000100000000000000000076""}, ""depuis"": {""$date"": ""2025-10-07T06:43:00Z""}, ""nb_messages"": 0}, {""ami_id"": {""$oid"": ""000100000000000000000004""}, ""depuis"": {""$date"": ""2025-11-03T22:09:00Z""}, ""nb_messages"": 0}, {""ami_id"": {""$oid"": ""00010000000000000000007f""}, ""depuis"": {""$date"": ""2025-11-23T05:00:00Z""}, ""nb_messages"": 6}, {""ami_id"": {""$oid"": ""000100000000000000000053""}, ""depuis"": {""$date"": ""2025-12-04T14:11:00Z""}, ""nb_messages"": 0}, {""ami_id"": {""$oid"": ""00010000000000000000002b""}, ""depuis"": {""$date"": ""2026-02-06T10:54:00Z""}, ""nb_messages"": 0}, {""ami_id"": {""$oid"": ""000100000000000000000081""}, ""depuis"": {""$date"": ""2026-02-21T05:59:00Z""}, ""nb_messages"": 0}, {""ami_id"": {""$oid"": ""00010000000000000000006b""}, ""depuis"": {""$date"": ""2026-03-17T02:34:00Z""}, ""nb_messages"": 0}, {""ami_id"": {""$oid"": ""00010000000000000000007e""}, ""depuis"": {""$date"": ""2026-04-28T03:33:00Z""}, ""nb_messages"": 0}, {""ami_id"": {""$oid"": ""000100000000000000000055""}, ""depuis"": {""$date"": ""2026-06-01T11:45:00Z""}, ""nb_messages"": 0}, {""ami_id"": {""$oid"": ""000100000000000000000005""}, ""depuis"": {""$date"": ""2026-06-05T15:29:00Z""}, ""nb_messages"": 0}, {""ami_id"": {""$oid"": ""00010000000000000000002a""}, ""depuis"": {""$date"": ""2026-06-11T08:14:00Z""}, ""nb_messages"": 0}, {""ami_id"": {""$oid"": ""00010000000000000000004a""}, ""depuis"": {""$date"": ""2026-06-29T02:50:00Z""}, ""nb_messages"": 0}, {""ami_id"": {""$oid"": ""00010000000000000000008e""}, ""depuis"": {""$date"": ""2026-07-05T07:44:00Z""}, ""nb_messages"": 0}, {""ami_id"": {""$oid"": ""000100000000000000000087""}, ""depuis"": {""$date"": ""2026-07-12T06:58:00Z""}, ""nb_messages"": 0}, {""ami_id"": {""$oid"": ""000100000000000000000041""}, ""depuis"": {""$date"": ""2026-08-13T05:37:00Z""}, ""nb_messages"": 0}, {""ami_id"": {""$oid"": ""000100000000000000000028""}, ""depuis"": {""$date"": ""2026-08-16T18:40:00Z""}, ""nb_messages"": 0}, {""ami_id"": {""$oid"": ""000100000000000000000029""}, ""depuis"": {""$date"": ""2026-09-27T06:55:00Z""}, ""nb_messages"": 0}]";"000200000000000000000001;000200000000000000000005;000200000000000000000006;000200000000000000000007;00020000000000000000000b;00020000000000000000000c;00020000000000000000000d;00020000000000000000000f;000200000000000000000012;000200000000000000000019;00020000000000000000001b;00020000000000000000001e";True;False;membre;
000100000000000000000074;USR-0116;nkwa_237;;Nkwain;Sylvie;;Un cafe, un ordinateur, des projets.;Douala;Littoral;2026-05-14 08:48:00;69;F;retraite;timide_reseau;voyage;"[{""ami_id"": {""$oid"": ""000100000000000000000068""}, ""depuis"": {""$date"": ""2026-06-06T06:13:00Z""}, ""nb_messages"": 0}, {""ami_id"": {""$oid"": ""000100000000000000000008""}, ""depuis"": {""$date"": ""2026-06-16T14:19:00Z""}, ""nb_messages"": 0}, {""ami_id"": {""$oid"": ""000100000000000000000079""}, ""depuis"": {""$date"": ""2026-06-29T09:19:00Z""}, ""nb_messages"": 0}, {""ami_id"": {""$oid"": ""00010000000000000000000b""}, ""depuis"": {""$date"": ""2026-07-16T11:48:00Z""}, ""nb_messages"": 0}, {""ami_id"": {""$oid"": ""000100000000000000000062""}, ""depuis"": {""$date"": ""2026-09-02T13:27:00Z""}, ""nb_messages"": 0}]";;True;False;membre;
000100000000000000000075;USR-0117;for_237;;Forbin;Ulrich;;Passionne par la vie et les belles rencontres.;Yaounde;Centre;2024-02-02 13:32:00;52;M;employe;normal;voyage;"[{""ami_id"": {""$oid"": ""000100000000000000000054""}, ""depuis"": {""$date"": ""2024-11-04T20:07:00Z""}, ""nb_messages"": 0}, {""ami_id"": {""$oid"": ""000100000000000000000029""}, ""depuis"": {""$date"": ""2024-12-30T17:16:00Z""}, ""nb_messages"": 0}, {""ami_id"": {""$oid"": ""00010000000000000000001b""}, ""depuis"": {""$date"": ""2025-03-11T08:46:00Z""}, ""nb_messages"": 0}, {""ami_id"": {""$oid"": ""000100000000000000000093""}, ""depuis"": {""$date"": ""2025-04-27T05:00:00Z""}, ""nb_messages"": 0}, {""ami_id"": {""$oid"": ""000100000000000000000012""}, ""depuis"": {""$date"": ""2025-05-27T23:52:00Z""}, ""nb_messages"": 0}, {""ami_id"": {""$oid"": ""000100000000000000000063""}, ""depuis"": {""$date"": ""2025-06-22T15:31:00Z""}, ""nb_messages"": 0}, {""ami_id"": {""$oid"": ""000100000000000000000057""}, ""depuis"": {""$date"": ""2025-09-24T20:20:00Z""}, ""nb_messages"": 3}, {""ami_id"": {""$oid"": ""000100000000000000000060""}, ""depuis"": {""$date"": ""2025-10-03T05:40:00Z""}, ""nb_messages"": 0}, {""ami_id"": {""$oid"": ""000100000000000000000064""}, ""depuis"": {""$date"": ""2025-10-04T07:01:00Z""}, ""nb_messages"": 0}, {""ami_id"": {""$oid"": ""000100000000000000000013""}, ""depuis"": {""$date"": ""2025-10-23T07:24:00Z""}, ""nb_messages"": 0}, {""ami_id"": {""$oid"": ""000100000000000000000030""}, ""depuis"": {""$date"": ""2025-10-25T10:02:00Z""}, ""nb_messages"": 0}, {""ami_id"": {""$oid"": ""000100000000000000000069""}, ""depuis"": {""$date"": ""2025-12-04T10:39:00Z""}, ""nb_messages"": 4}, {""ami_id"": {""$oid"": ""000100000000000000000047""}, ""depuis"": {""$date"": ""2025-12-15T07:30:00Z""}, ""nb_messages"": 0}, {""ami_id"": {""$oid"": ""00010000000000000000005a""}, ""depuis"": {""$date"": ""2025-12-27T17:35:00Z""}, ""nb_messages"": 0}, {""ami_id"": {""$oid"": ""00010000000000000000004a""}, ""depuis"": {""$date"": ""2026-04-10T08:09:00Z""}, ""nb_messages"": 0}, {""ami_id"": {""$oid"": ""00010000000000000000002f""}, ""depuis"": {""$date"": ""2026-05-31T23:07:00Z""}, ""nb_messages"": 0}, {""ami_id"": {""$oid"": ""000100000000000000000043""}, ""depuis"": {""$date"": ""2026-09-07T19:09:00Z""}, ""nb_messages"": 0}, {""ami_id"": {""$oid"": ""000100000000000000000096""}, ""depuis"": {""$date"": ""2026-09-24T14:40:00Z""}, ""nb_messages"": 0}]";"000200000000000000000003;000200000000000000000004;000200000000000000000005;000200000000000000000008;00020000000000000000000b;000200000000000000000015;000200000000000000000019;00020000000000000000001a;00020000000000000000001b";True;False;membre;
000100000000000000000076;USR-0118;ndeh_237;;Ndeh;Moussa;;Amoureux de la nature et de la musique.;Yaounde;Centre;2024-10-14 04:13:00;37;M;employe;influenceur;"technologie;foi;nature";"[{""ami_id"": {""$oid"": ""00010000000000000000008e""}, ""depuis"": {""$date"": ""2024-12-21T08:47:00Z""}, ""nb_messages"": 0}, {""ami_id"": {""$oid"": ""000100000000000000000042""}, ""depuis"": {""$date"": ""2025-02-01T23:07:00Z""}, ""nb_messages"": 0}, {""ami_id"": {""$oid"": ""00010000000000000000008b""}, ""depuis"": {""$date"": ""2025-03-16T13:33:00Z""}, ""nb_messages"": 12}, {""ami_id"": {""$oid"": ""000100000000000000000049""}, ""depuis"": {""$date"": ""2025-03-31T17:57:00Z""}, ""nb_messages"": 11}, {""ami_id"": {""$oid"": ""000100000000000000000093""}, ""depuis"": {""$date"": ""2025-04-29T12:29:00Z""}, ""nb_messages"": 5}, {""ami_id"": {""$oid"": ""00010000000000000000006d""}, ""depuis"": {""$date"": ""2025-06-19T21:07:00Z""}, ""nb_messages"": 0}, {""ami_id"": {""$oid"": ""000100000000000000000065""}, ""depuis"": {""$date"": ""2025-09-01T19:03:00Z""}, ""nb_messages"": 0}, {""ami_id"": {""$oid"": ""00010000000000000000002a""}, ""depuis"": {""$date"": ""2025-09-11T21:28:00Z""}, ""nb_messages"": 0}, {""ami_id"": {""$oid"": ""000100000000000000000039""}, ""depuis"": {""$date"": ""2025-09-11T22:34:00Z""}, ""nb_messages"": 0}, {""ami_id"": {""$oid"": ""000100000000000000000073""}, ""depuis"": {""$date"": ""2025-10-07T06:43:00Z""}, ""nb_messages"": 0}, {""ami_id"": {""$oid"": ""000100000000000000000022""}, ""depuis"": {""$date"": ""2025-11-22T01:32:00Z""}, ""nb_messages"": 0}, {""ami_id"": {""$oid"": ""000100000000000000000037""}, ""depuis"": {""$date"": ""2025-12-21T12:56:00Z""}, ""nb_messages"": 0}, {""ami_id"": {""$oid"": ""000100000000000000000054""}, ""depuis"": {""$date"": ""2026-01-24T15:12:00Z""}, ""nb_messages"": 0}, {""ami_id"": {""$oid"": ""00010000000000000000000b""}, ""depuis"": {""$date"": ""2026-01-28T13:43:00Z""}, ""nb_messages"": 0}, {""ami_id"": {""$oid"": ""000100000000000000000059""}, ""depuis"": {""$date"": ""2026-03-09T21:29:00Z""}, ""nb_messages"": 0}, {""ami_id"": {""$oid"": ""000100000000000000000024""}, ""depuis"": {""$date"": ""2026-03-19T20:10:00Z""}, ""nb_messages"": 0}, {""ami_id"": {""$oid"": ""00010000000000000000007f""}, ""depuis"": {""$date"": ""2026-03-23T01:40:00Z""}, ""nb_messages"": 0}, {""ami_id"": {""$oid"": ""00010000000000000000006e""}, ""depuis"": {""$date"": ""2026-04-13T06:54:00Z""}, ""nb_messages"": 0}, {""ami_id"": {""$oid"": ""000100000000000000000029""}, ""depuis"": {""$date"": ""2026-05-30T07:54:00Z""}, ""nb_messages"": 0}, {""ami_id"": {""$oid"": ""000100000000000000000041""}, ""depuis"": {""$date"": ""2026-07-04T13:09:00Z""}, ""nb_messages"": 0}, {""ami_id"": {""$oid"": ""00010000000000000000004a""}, ""depuis"": {""$date"": ""2026-07-04T22:05:00Z""}, ""nb_messages"": 0}, {""ami_id"": {""$oid"": ""00010000000000000000001d""}, ""depuis"": {""$date"": ""2026-08-01T04:10:00Z""}, ""nb_messages"": 0}, {""ami_id"": {""$oid"": ""000100000000000000000072""}, ""depuis"": {""$date"": ""2026-08-01T23:48:00Z""}, ""nb_messages"": 0}, {""ami_id"": {""$oid"": ""00010000000000000000002c""}, ""depuis"": {""$date"": ""2026-08-05T02:49:00Z""}, ""nb_messages"": 0}, {""ami_id"": {""$oid"": ""000100000000000000000081""}, ""depuis"": {""$date"": ""2026-08-08T21:06:00Z""}, ""nb_messages"": 0}, {""ami_id"": {""$oid"": ""000100000000000000000035""}, ""depuis"": {""$date"": ""2026-08-11T06:23:00Z""}, ""nb_messages"": 11}, {""ami_id"": {""$oid"": ""000100000000000000000020""}, ""depuis"": {""$date"": ""2026-08-24T08:57:00Z""}, ""nb_messages"": 0}, {""ami_id"": {""$oid"": ""000100000000000000000021""}, ""depuis"": {""$date"": ""2026-08-25T04:08:00Z""}, ""nb_messages"": 0}, {""ami_id"": {""$oid"": ""00010000000000000000001e""}, ""depuis"": {""$date"": ""2026-08-29T09:07:00Z""}, ""nb_messages"": 0}, {""ami_id"": {""$oid"": ""000100000000000000000047""}, ""depuis"": {""$date"": ""2026-09-04T12:46:00Z""}, ""nb_messages"": 0}]";"000200000000000000000007;000200000000000000000009;000200000000000000000018;000200000000000000000019;00020000000000000000001b";True;False;membre;
000100000000000000000077;USR-0119;anye_enspd;;Anye;Laure;;Fier d'etre camerounais.;Garoua;Nord;2023-01-03 10:19:00;37;F;employe;timide_reseau;"mode;aventure;philosophie";"[{""ami_id"": {""$oid"": ""000100000000000000000052""}, ""depuis"": {""$date"": ""2024-06-01T23:20:00Z""}, ""nb_messages"": 0}, {""ami_id"": {""$oid"": ""000100000000000000000051""}, ""depuis"": {""$date"": ""2025-08-28T21:42:00Z""}, ""nb_messages"": 0}, {""ami_id"": {""$oid"": ""000100000000000000000072""}, ""depuis"": {""$date"": ""2026-03-06T04:18:00Z""}, ""nb_messages"": 0}, {""ami_id"": {""$oid"": ""000100000000000000000092""}, ""depuis"": {""$date"": ""2026-04-14T09:02:00Z""}, ""nb_messages"": 0}, {""ami_id"": {""$oid"": ""000100000000000000000003""}, ""depuis"": {""$date"": ""2026-05-06T16:56:00Z""}, ""nb_messages"": 0}, {""ami_id"": {""$oid"": ""000100000000000000000070""}, ""depuis"": {""$date"": ""2026-05-10T19:27:00Z""}, ""nb_messages"": 0}, {""ami_id"": {""$oid"": ""000100000000000000000012""}, ""depuis"": {""$date"": ""2026-07-30T10:40:00Z""}, ""nb_messages"": 12}]";"00020000000000000000000b;00020000000000000000000c;000200000000000000000019;00020000000000000000001a";True;False;membre;
000100000000000000000078;USR-0120;ekema_dla;;Ekema;Ibrahim;;La vie est un voyage, profitez du trajet.;Yaounde;Centre;2023-02-01 14:07:00;75;M;retraite;timide_reseau;"foi;productivite";"[{""ami_id"": {""$oid"": ""000100000000000000000055""}, ""depuis"": {""$date"": ""2024-07-16T07:49:00Z""}, ""nb_messages"": 0}, {""ami_id"": {""$oid"": ""000100000000000000000026""}, ""depuis"": {""$date"": ""2025-04-26T06:15:00Z""}, ""nb_messages"": 0}, {""ami_id"": {""$oid"": ""000100000000000000000083""}, ""depuis"": {""$date"": ""2026-02-22T06:39:00Z""}, ""nb_messages"": 0}, {""ami_id"": {""$oid"": ""00010000000000000000000e""}, ""depuis"": {""$date"": ""2026-03-14T12:34:00Z""}, ""nb_messages"": 0}, {""ami_id"": {""$oid"": ""000100000000000000000057""}, ""depuis"": {""$date"": ""2026-03-31T01:59:00Z""}, ""nb_messages"": 0}]";"000200000000000000000005;00020000000000000000000a;000200000000000000000018;000200000000000000000019;00020000000000000000001b";False;False;membre;
000100000000000000000079;USR-0121;nga_dla;;Ngando;Ange;;Toujours en train d'apprendre quelque chose.;Douala;Littoral;2026-04-13 11:39:00;26;M;ecolier / etudiant;normal;"mode;voyage;productivite";"[{""ami_id"": {""$oid"": ""00010000000000000000006c""}, ""depuis"": {""$date"": ""2026-05-03T06:19:00Z""}, ""nb_messages"": 2}, {""ami_id"": {""$oid"": ""000100000000000000000021""}, ""depuis"": {""$date"": ""2026-05-28T20:05:00Z""}, ""nb_messages"": 0}, {""ami_id"": {""$oid"": ""00010000000000000000003a""}, ""depuis"": {""$date"": ""2026-06-03T20:39:00Z""}, ""nb_messages"": 0}, {""ami_id"": {""$oid"": ""000100000000000000000072""}, ""depuis"": {""$date"": ""2026-06-23T05:52:00Z""}, ""nb_messages"": 0}, {""ami_id"": {""$oid"": ""000100000000000000000074""}, ""depuis"": {""$date"": ""2026-06-29T09:19:00Z""}, ""nb_messages"": 0}, {""ami_id"": {""$oid"": ""000100000000000000000026""}, ""depuis"": {""$date"": ""2026-08-07T18:49:00Z""}, ""nb_messages"": 0}, {""ami_id"": {""$oid"": ""000100000000000000000035""}, ""depuis"": {""$date"": ""2026-08-13T00:06:00Z""}, ""nb_messages"": 0}, {""ami_id"": {""$oid"": ""000100000000000000000041""}, ""depuis"": {""$date"": ""2026-08-25T16:53:00Z""}, ""nb_messages"": 0}, {""ami_id"": {""$oid"": ""000100000000000000000062""}, ""depuis"": {""$date"": ""2026-08-27T03:17:00Z""}, ""nb_messages"": 0}]";"000200000000000000000001;000200000000000000000007;000200000000000000000009;00020000000000000000000b;00020000000000000000000e;000200000000000000000012;000200000000000000000015;000200000000000000000019;00020000000000000000001a;00020000000000000000001b";True;True;membre;
00010000000000000000007a;USR-0122;moue_dla;;Mouelle;Cynthia;;Ici pour partager de bons moments.;Bamenda;Nord-Ouest;2023-07-29 11:40:00;51;F;employe;normal;foi;"[{""ami_id"": {""$oid"": ""000100000000000000000056""}, ""depuis"": {""$date"": ""2024-01-07T23:10:00Z""}, ""nb_messages"": 9}, {""ami_id"": {""$oid"": ""000100000000000000000052""}, ""depuis"": {""$date"": ""2024-05-01T10:27:00Z""}, ""nb_messages"": 0}, {""ami_id"": {""$oid"": ""000100000000000000000006""}, ""depuis"": {""$date"": ""2025-01-29T01:13:00Z""}, ""nb_messages"": 0}, {""ami_id"": {""$oid"": ""000100000000000000000050""}, ""depuis"": {""$date"": ""2026-01-12T11:55:00Z""}, ""nb_messages"": 0}, {""ami_id"": {""$oid"": ""000100000000000000000003""}, ""depuis"": {""$date"": ""2026-01-17T00:06:00Z""}, ""nb_messages"": 0}, {""ami_id"": {""$oid"": ""00010000000000000000006c""}, ""depuis"": {""$date"": ""2026-01-18T13:20:00Z""}, ""nb_messages"": 0}, {""ami_id"": {""$oid"": ""000100000000000000000012""}, ""depuis"": {""$date"": ""2026-03-15T03:31:00Z""}, ""nb_messages"": 0}, {""ami_id"": {""$oid"": ""000100000000000000000018""}, ""depuis"": {""$date"": ""2026-05-04T20:48:00Z""}, ""nb_messages"": 0}, {""ami_id"": {""$oid"": ""000100000000000000000087""}, ""depuis"": {""$date"": ""2026-05-24T10:43:00Z""}, ""nb_messages"": 5}, {""ami_id"": {""$oid"": ""000100000000000000000096""}, ""depuis"": {""$date"": ""2026-08-07T12:31:00Z""}, ""nb_messages"": 0}, {""ami_id"": {""$oid"": ""000100000000000000000089""}, ""depuis"": {""$date"": ""2026-08-08T18:24:00Z""}, ""nb_messages"": 0}, {""ami_id"": {""$oid"": ""000100000000000000000081""}, ""depuis"": {""$date"": ""2026-08-29T09:26:00Z""}, ""nb_messages"": 0}, {""ami_id"": {""$oid"": ""000100000000000000000025""}, ""depuis"": {""$date"": ""2026-09-07T12:27:00Z""}, ""nb_messages"": 0}, {""ami_id"": {""$oid"": ""000100000000000000000083""}, ""depuis"": {""$date"": ""2026-09-25T10:39:00Z""}, ""nb_messages"": 0}]";;True;True;membre;
00010000000000000000007b;USR-0123;bilong_enspd;;Bilong;Michelle;;Etudiant le jour, reveur la nuit.;Yaounde;Centre;2023-02-26 21:19:00;18;F;ecolier / etudiant;timide_reseau;"aventure;education;mode";"[{""ami_id"": {""$oid"": ""00010000000000000000005d""}, ""depuis"": {""$date"": ""2024-10-10T20:39:00Z""}, ""nb_messages"": 0}, {""ami_id"": {""$oid"": ""000100000000000000000020""}, ""depuis"": {""$date"": ""2025-09-15T06:55:00Z""}, ""nb_messages"": 0}, {""ami_id"": {""$oid"": ""000100000000000000000051""}, ""depuis"": {""$date"": ""2025-09-20T00:56:00Z""}, ""nb_messages"": 0}, {""ami_id"": {""$oid"": ""000100000000000000000085""}, ""depuis"": {""$date"": ""2025-09-25T13:47:00Z""}, ""nb_messages"": 0}, {""ami_id"": {""$oid"": ""000100000000000000000050""}, ""depuis"": {""$date"": ""2026-04-12T10:16:00Z""}, ""nb_messages"": 10}, {""ami_id"": {""$oid"": ""00010000000000000000001c""}, ""depuis"": {""$date"": ""2026-08-27T23:38:00Z""}, ""nb_messages"": 0}]";"000200000000000000000004;000200000000000000000007;000200000000000000000008;00020000000000000000000c;00020000000000000000000f;000200000000000000000010;000200000000000000000011;000200000000000000000014;000200000000000000000015;000200000000000000000018;000200000000000000000019;00020000000000000000001a;00020000000000000000001b;00020000000000000000001d";False;True;membre;
00010000000000000000007c;USR-0124;ebel_dla;;Ebelle;Cedric;;Curieux de tout, expert en rien.;Yaounde;Centre;2024-08-23 15:09:00;19;M;ecolier / etudiant;timide_reseau;"voyage;foi";"[{""ami_id"": {""$oid"": ""000100000000000000000019""}, ""depuis"": {""$date"": ""2024-09-20T14:32:00Z""}, ""nb_messages"": 5}, {""ami_id"": {""$oid"": ""000100000000000000000031""}, ""depuis"": {""$date"": ""2024-11-25T09:43:00Z""}, ""nb_messages"": 0}, {""ami_id"": {""$oid"": ""000100000000000000000029""}, ""depuis"": {""$date"": ""2025-08-01T04:30:00Z""}, ""nb_messages"": 0}, {""ami_id"": {""$oid"": ""00010000000000000000004a""}, ""depuis"": {""$date"": ""2025-09-26T21:26:00Z""}, ""nb_messages"": 0}, {""ami_id"": {""$oid"": ""00010000000000000000004e""}, ""depuis"": {""$date"": ""2026-06-18T05:26:00Z""}, ""nb_messages"": 0}]";00020000000000000000001b;False;True;membre;
00010000000000000000007d;USR-0125;elimbi_237;;Elimbi;Samuel;;La vie est un voyage, profitez du trajet.;Douala;Littoral;2024-04-01 08:24:00;20;M;ecolier / etudiant;timide_reseau;"nature;technologie";"[{""ami_id"": {""$oid"": ""000100000000000000000001""}, ""depuis"": {""$date"": ""2024-08-03T02:27:00Z""}, ""nb_messages"": 9}, {""ami_id"": {""$oid"": ""000100000000000000000017""}, ""depuis"": {""$date"": ""2024-10-27T10:20:00Z""}, ""nb_messages"": 5}, {""ami_id"": {""$oid"": ""000100000000000000000032""}, ""depuis"": {""$date"": ""2026-03-28T10:11:00Z""}, ""nb_messages"": 14}, {""ami_id"": {""$oid"": ""000100000000000000000031""}, ""depuis"": {""$date"": ""2026-04-04T01:05:00Z""}, ""nb_messages"": 0}]";;True;True;membre;
00010000000000000000007e;USR-0126;mouk_enspd;;Moukoko;Patrice;;Passionne par la vie et les belles rencontres.;Garoua;Nord;2026-02-03 01:36:00;32;M;employe;influenceur;"technologie;philosophie";"[{""ami_id"": {""$oid"": ""000100000000000000000084""}, ""depuis"": {""$date"": ""2026-02-11T04:59:00Z""}, ""nb_messages"": 0}, {""ami_id"": {""$oid"": ""00010000000000000000008e""}, ""depuis"": {""$date"": ""2026-02-16T09:24:00Z""}, ""nb_messages"": 0}, {""ami_id"": {""$oid"": ""000100000000000000000068""}, ""depuis"": {""$date"": ""2026-02-22T22:19:00Z""}, ""nb_messages"": 0}, {""ami_id"": {""$oid"": ""000100000000000000000063""}, ""depuis"": {""$date"": ""2026-02-25T14:19:00Z""}, ""nb_messages"": 0}, {""ami_id"": {""$oid"": ""000100000000000000000083""}, ""depuis"": {""$date"": ""2026-03-16T16:04:00Z""}, ""nb_messages"": 0}, {""ami_id"": {""$oid"": ""00010000000000000000000b""}, ""depuis"": {""$date"": ""2026-03-23T12:02:00Z""}, ""nb_messages"": 0}, {""ami_id"": {""$oid"": ""000100000000000000000080""}, ""depuis"": {""$date"": ""2026-03-30T09:50:00Z""}, ""nb_messages"": 0}, {""ami_id"": {""$oid"": ""000100000000000000000010""}, ""depuis"": {""$date"": ""2026-04-08T19:38:00Z""}, ""nb_messages"": 2}, {""ami_id"": {""$oid"": ""00010000000000000000003e""}, ""depuis"": {""$date"": ""2026-04-26T05:42:00Z""}, ""nb_messages"": 0}, {""ami_id"": {""$oid"": ""00010000000000000000006b""}, ""depuis"": {""$date"": ""2026-04-26T06:05:00Z""}, ""nb_messages"": 0}, {""ami_id"": {""$oid"": ""000100000000000000000073""}, ""depuis"": {""$date"": ""2026-04-28T03:33:00Z""}, ""nb_messages"": 0}, {""ami_id"": {""$oid"": ""00010000000000000000006c""}, ""depuis"": {""$date"": ""2026-05-12T18:33:00Z""}, ""nb_messages"": 0}, {""ami_id"": {""$oid"": ""00010000000000000000003d""}, ""depuis"": {""$date"": ""2026-05-31T02:32:00Z""}, ""nb_messages"": 0}, {""ami_id"": {""$oid"": ""000100000000000000000081""}, ""depuis"": {""$date"": ""2026-06-03T17:15:00Z""}, ""nb_messages"": 0}, {""ami_id"": {""$oid"": ""000100000000000000000059""}, ""depuis"": {""$date"": ""2026-06-05T06:40:00Z""}, ""nb_messages"": 0}, {""ami_id"": {""$oid"": ""000100000000000000000086""}, ""depuis"": {""$date"": ""2026-06-06T23:29:00Z""}, ""nb_messages"": 0}, {""ami_id"": {""$oid"": ""000100000000000000000014""}, ""depuis"": {""$date"": ""2026-06-15T23:28:00Z""}, ""nb_messages"": 0}, {""ami_id"": {""$oid"": ""000100000000000000000028""}, ""depuis"": {""$date"": ""2026-06-18T10:52:00Z""}, ""nb_messages"": 0}, {""ami_id"": {""$oid"": ""000100000000000000000001""}, ""depuis"": {""$date"": ""2026-06-28T22:41:00Z""}, ""nb_messages"": 10}, {""ami_id"": {""$oid"": ""000100000000000000000006""}, ""depuis"": {""$date"": ""2026-07-13T23:29:00Z""}, ""nb_messages"": 0}, {""ami_id"": {""$oid"": ""000100000000000000000007""}, ""depuis"": {""$date"": ""2026-07-18T11:44:00Z""}, ""nb_messages"": 0}, {""ami_id"": {""$oid"": ""000100000000000000000042""}, ""depuis"": {""$date"": ""2026-07-22T05:41:00Z""}, ""nb_messages"": 13}, {""ami_id"": {""$oid"": ""000100000000000000000022""}, ""depuis"": {""$date"": ""2026-08-19T01:40:00Z""}, ""nb_messages"": 0}, {""ami_id"": {""$oid"": ""00010000000000000000007f""}, ""depuis"": {""$date"": ""2026-08-27T18:05:00Z""}, ""nb_messages"": 0}, {""ami_id"": {""$oid"": ""00010000000000000000002f""}, ""depuis"": {""$date"": ""2026-08-30T09:01:00Z""}, ""nb_messages"": 0}, {""ami_id"": {""$oid"": ""000100000000000000000020""}, ""depuis"": {""$date"": ""2026-09-05T12:10:00Z""}, ""nb_messages"": 0}, {""ami_id"": {""$oid"": ""00010000000000000000002a""}, ""depuis"": {""$date"": ""2026-09-28T03:55:00Z""}, ""nb_messages"": 0}]";"000200000000000000000007;000200000000000000000009;00020000000000000000000a;00020000000000000000000d;000200000000000000000011;000200000000000000000015;000200000000000000000016;000200000000000000000017;000200000000000000000018;000200000000000000000019;00020000000000000000001a;00020000000000000000001b;00020000000000000000001e";True;False;membre;
00010000000000000000007f;USR-0127;dibango_dla;;Dibango;Sandra;;Ici pour partager de bons moments.;Yaounde;Centre;2023-02-18 09:00:00;47;F;employe;influenceur;technologie;"[{""ami_id"": {""$oid"": ""00010000000000000000002a""}, ""depuis"": {""$date"": ""2023-07-29T12:57:00Z""}, ""nb_messages"": 0}, {""ami_id"": {""$oid"": ""000100000000000000000022""}, ""depuis"": {""$date"": ""2023-10-30T06:40:00Z""}, ""nb_messages"": 0}, {""ami_id"": {""$oid"": ""000100000000000000000042""}, ""depuis"": {""$date"": ""2023-11-16T13:49:00Z""}, ""nb_messages"": 0}, {""ami_id"": {""$oid"": ""000100000000000000000059""}, ""depuis"": {""$date"": ""2024-02-18T23:51:00Z""}, ""nb_messages"": 0}, {""ami_id"": {""$oid"": ""000100000000000000000086""}, ""depuis"": {""$date"": ""2024-07-08T11:02:00Z""}, ""nb_messages"": 0}, {""ami_id"": {""$oid"": ""00010000000000000000006c""}, ""depuis"": {""$date"": ""2024-08-29T06:27:00Z""}, ""nb_messages"": 0}, {""ami_id"": {""$oid"": ""000100000000000000000062""}, ""depuis"": {""$date"": ""2024-09-15T12:32:00Z""}, ""nb_messages"": 0}, {""ami_id"": {""$oid"": ""000100000000000000000036""}, ""depuis"": {""$date"": ""2025-06-10T14:08:00Z""}, ""nb_messages"": 0}, {""ami_id"": {""$oid"": ""000100000000000000000065""}, ""depuis"": {""$date"": ""2025-06-13T15:02:00Z""}, ""nb_messages"": 0}, {""ami_id"": {""$oid"": ""000100000000000000000020""}, ""depuis"": {""$date"": ""2025-10-03T23:29:00Z""}, ""nb_messages"": 14}, {""ami_id"": {""$oid"": ""000100000000000000000073""}, ""depuis"": {""$date"": ""2025-11-23T05:00:00Z""}, ""nb_messages"": 6}, {""ami_id"": {""$oid"": ""00010000000000000000008a""}, ""depuis"": {""$date"": ""2025-12-25T08:07:00Z""}, ""nb_messages"": 0}, {""ami_id"": {""$oid"": ""00010000000000000000005d""}, ""depuis"": {""$date"": ""2026-01-14T16:08:00Z""}, ""nb_messages"": 0}, {""ami_id"": {""$oid"": ""00010000000000000000000b""}, ""depuis"": {""$date"": ""2026-02-02T09:22:00Z""}, ""nb_messages"": 0}, {""ami_id"": {""$oid"": ""000100000000000000000047""}, ""depuis"": {""$date"": ""2026-02-26T03:15:00Z""}, ""nb_messages"": 0}, {""ami_id"": {""$oid"": ""000100000000000000000084""}, ""depuis"": {""$date"": ""2026-03-03T16:56:00Z""}, ""nb_messages"": 0}, {""ami_id"": {""$oid"": ""000100000000000000000076""}, ""depuis"": {""$date"": ""2026-03-23T01:40:00Z""}, ""nb_messages"": 0}, {""ami_id"": {""$oid"": ""00010000000000000000006b""}, ""depuis"": {""$date"": ""2026-03-24T17:45:00Z""}, ""nb_messages"": 0}, {""ami_id"": {""$oid"": ""000100000000000000000081""}, ""depuis"": {""$date"": ""2026-04-11T01:59:00Z""}, ""nb_messages"": 8}, {""ami_id"": {""$oid"": ""000100000000000000000072""}, ""depuis"": {""$date"": ""2026-05-12T14:56:00Z""}, ""nb_messages"": 0}, {""ami_id"": {""$oid"": ""000100000000000000000028""}, ""depuis"": {""$date"": ""2026-06-01T23:32:00Z""}, ""nb_messages"": 0}, {""ami_id"": {""$oid"": ""00010000000000000000003f""}, ""depuis"": {""$date"": ""2026-06-02T06:32:00Z""}, ""nb_messages"": 0}, {""ami_id"": {""$oid"": ""000100000000000000000087""}, ""depuis"": {""$date"": ""2026-06-09T05:16:00Z""}, ""nb_messages"": 0}, {""ami_id"": {""$oid"": ""00010000000000000000002b""}, ""depuis"": {""$date"": ""2026-07-26T20:37:00Z""}, ""nb_messages"": 10}, {""ami_id"": {""$oid"": ""000100000000000000000096""}, ""depuis"": {""$date"": ""2026-07-30T04:30:00Z""}, ""nb_messages"": 10}, {""ami_id"": {""$oid"": ""000100000000000000000014""}, ""depuis"": {""$date"": ""2026-08-07T01:50:00Z""}, ""nb_messages"": 0}, {""ami_id"": {""$oid"": ""00010000000000000000007e""}, ""depuis"": {""$date"": ""2026-08-27T18:05:00Z""}, ""nb_messages"": 0}, {""ami_id"": {""$oid"": ""00010000000000000000008e""}, ""depuis"": {""$date"": ""2026-09-08T16:38:00Z""}, ""nb_messages"": 0}, {""ami_id"": {""$oid"": ""00010000000000000000008b""}, ""depuis"": {""$date"": ""2026-09-13T15:26:00Z""}, ""nb_messages"": 0}, {""ami_id"": {""$oid"": ""000100000000000000000043""}, ""depuis"": {""$date"": ""2026-09-19T07:27:00Z""}, ""nb_messages"": 10}]";"000200000000000000000007;00020000000000000000000a;00020000000000000000000b;00020000000000000000000c;000200000000000000000018;000200000000000000000019;00020000000000000000001a";False;True;membre;
000100000000000000000080;USR-0128;njock_enspd;;Njock;Sandra;;Photographe amateur et marcheur invetere.;Yaounde;Centre;2023-02-20 07:24:00;24;F;ecolier / etudiant;timide_reseau;"voyage;foi;mode";"[{""ami_id"": {""$oid"": ""000100000000000000000064""}, ""depuis"": {""$date"": ""2024-11-14T23:44:00Z""}, ""nb_messages"": 0}, {""ami_id"": {""$oid"": ""000100000000000000000018""}, ""depuis"": {""$date"": ""2025-10-29T20:47:00Z""}, ""nb_messages"": 0}, {""ami_id"": {""$oid"": ""000100000000000000000026""}, ""depuis"": {""$date"": ""2025-11-24T09:06:00Z""}, ""nb_messages"": 0}, {""ami_id"": {""$oid"": ""000100000000000000000014""}, ""depuis"": {""$date"": ""2025-12-15T14:00:00Z""}, ""nb_messages"": 4}, {""ami_id"": {""$oid"": ""000100000000000000000063""}, ""depuis"": {""$date"": ""2026-03-13T19:35:00Z""}, ""nb_messages"": 3}, {""ami_id"": {""$oid"": ""00010000000000000000007e""}, ""depuis"": {""$date"": ""2026-03-30T09:50:00Z""}, ""nb_messages"": 0}, {""ami_id"": {""$oid"": ""000100000000000000000028""}, ""depuis"": {""$date"": ""2026-07-18T19:21:00Z""}, ""nb_messages"": 0}, {""ami_id"": {""$oid"": ""000100000000000000000096""}, ""depuis"": {""$date"": ""2026-08-12T20:24:00Z""}, ""nb_messages"": 11}, {""ami_id"": {""$oid"": ""000100000000000000000039""}, ""depuis"": {""$date"": ""2026-08-28T13:43:00Z""}, ""nb_messages"": 0}]";"000200000000000000000007;00020000000000000000000a;00020000000000000000000e;000200000000000000000012;000200000000000000000019;00020000000000000000001b;00020000000000000000001e";True;False;membre;
000100000000000000000081;USR-0129;bek_237;;Bekolo;Prisca;;Passionne par la vie et les belles rencontres.;Dschang;Ouest;2026-02-16 19:56:00;19;F;ecolier / etudiant;influenceur;foi;"[{""ami_id"": {""$oid"": ""000100000000000000000073""}, ""depuis"": {""$date"": ""2026-02-21T05:59:00Z""}, ""nb_messages"": 0}, {""ami_id"": {""$oid"": ""000100000000000000000070""}, ""depuis"": {""$date"": ""2026-03-02T19:21:00Z""}, ""nb_messages"": 0}, {""ami_id"": {""$oid"": ""000100000000000000000096""}, ""depuis"": {""$date"": ""2026-03-17T20:08:00Z""}, ""nb_messages"": 2}, {""ami_id"": {""$oid"": ""000100000000000000000014""}, ""depuis"": {""$date"": ""2026-03-26T07:42:00Z""}, ""nb_messages"": 0}, {""ami_id"": {""$oid"": ""00010000000000000000000b""}, ""depuis"": {""$date"": ""2026-04-06T04:41:00Z""}, ""nb_messages"": 0}, {""ami_id"": {""$oid"": ""00010000000000000000007f""}, ""depuis"": {""$date"": ""2026-04-11T01:59:00Z""}, ""nb_messages"": 8}, {""ami_id"": {""$oid"": ""00010000000000000000002a""}, ""depuis"": {""$date"": ""2026-04-17T04:16:00Z""}, ""nb_messages"": 10}, {""ami_id"": {""$oid"": ""00010000000000000000008e""}, ""depuis"": {""$date"": ""2026-04-19T23:54:00Z""}, ""nb_messages"": 0}, {""ami_id"": {""$oid"": ""000100000000000000000047""}, ""depuis"": {""$date"": ""2026-05-23T07:24:00Z""}, ""nb_messages"": 0}, {""ami_id"": {""$oid"": ""000100000000000000000003""}, ""depuis"": {""$date"": ""2026-05-25T11:07:00Z""}, ""nb_messages"": 0}, {""ami_id"": {""$oid"": ""00010000000000000000007e""}, ""depuis"": {""$date"": ""2026-06-03T17:15:00Z""}, ""nb_messages"": 0}, {""ami_id"": {""$oid"": ""000100000000000000000021""}, ""depuis"": {""$date"": ""2026-06-04T01:05:00Z""}, ""nb_messages"": 0}, {""ami_id"": {""$oid"": ""000100000000000000000068""}, ""depuis"": {""$date"": ""2026-06-07T16:05:00Z""}, ""nb_messages"": 9}, {""ami_id"": {""$oid"": ""000100000000000000000064""}, ""depuis"": {""$date"": ""2026-06-11T03:48:00Z""}, ""nb_messages"": 0}, {""ami_id"": {""$oid"": ""00010000000000000000004a""}, ""depuis"": {""$date"": ""2026-06-11T05:25:00Z""}, ""nb_messages"": 0}, {""ami_id"": {""$oid"": ""000100000000000000000016""}, ""depuis"": {""$date"": ""2026-06-29T00:47:00Z""}, ""nb_messages"": 0}, {""ami_id"": {""$oid"": ""000100000000000000000028""}, ""depuis"": {""$date"": ""2026-06-29T06:14:00Z""}, ""nb_messages"": 9}, {""ami_id"": {""$oid"": ""00010000000000000000006b""}, ""depuis"": {""$date"": ""2026-07-02T18:38:00Z""}, ""nb_messages"": 0}, {""ami_id"": {""$oid"": ""000100000000000000000059""}, ""depuis"": {""$date"": ""2026-07-20T10:31:00Z""}, ""nb_messages"": 0}, {""ami_id"": {""$oid"": ""000100000000000000000022""}, ""depuis"": {""$date"": ""2026-08-07T07:26:00Z""}, ""nb_messages"": 0}, {""ami_id"": {""$oid"": ""000100000000000000000076""}, ""depuis"": {""$date"": ""2026-08-08T21:06:00Z""}, ""nb_messages"": 0}, {""ami_id"": {""$oid"": ""00010000000000000000003e""}, ""depuis"": {""$date"": ""2026-08-10T09:37:00Z""}, ""nb_messages"": 6}, {""ami_id"": {""$oid"": ""00010000000000000000008b""}, ""depuis"": {""$date"": ""2026-08-10T10:54:00Z""}, ""nb_messages"": 14}, {""ami_id"": {""$oid"": ""000100000000000000000042""}, ""depuis"": {""$date"": ""2026-08-14T12:33:00Z""}, ""nb_messages"": 13}, {""ami_id"": {""$oid"": ""00010000000000000000008d""}, ""depuis"": {""$date"": ""2026-08-23T01:05:00Z""}, ""nb_messages"": 10}, {""ami_id"": {""$oid"": ""000100000000000000000032""}, ""depuis"": {""$date"": ""2026-08-25T20:01:00Z""}, ""nb_messages"": 0}, {""ami_id"": {""$oid"": ""00010000000000000000007a""}, ""depuis"": {""$date"": ""2026-08-29T09:26:00Z""}, ""nb_messages"": 0}, {""ami_id"": {""$oid"": ""000100000000000000000020""}, ""depuis"": {""$date"": ""2026-09-09T20:56:00Z""}, ""nb_messages"": 4}, {""ami_id"": {""$oid"": ""000100000000000000000086""}, ""depuis"": {""$date"": ""2026-09-10T10:03:00Z""}, ""nb_messages"": 0}, {""ami_id"": {""$oid"": ""000100000000000000000036""}, ""depuis"": {""$date"": ""2026-09-11T20:32:00Z""}, ""nb_messages"": 0}, {""ami_id"": {""$oid"": ""000100000000000000000084""}, ""depuis"": {""$date"": ""2026-09-27T19:58:00Z""}, ""nb_messages"": 0}]";"000200000000000000000001;000200000000000000000002;000200000000000000000007;00020000000000000000000b;00020000000000000000000d;00020000000000000000000e;000200000000000000000012;000200000000000000000015;000200000000000000000019;00020000000000000000001a;00020000000000000000001b";True;False;membre;
000100000000000000000082;USR-0130;bile_dla;;Bile;Nadege;;Etudiant le jour, reveur la nuit.;Douala;Littoral;2025-12-14 01:28:00;50;F;employe;timide_reseau;"aventure;nature";"[{""ami_id"": {""$oid"": ""00010000000000000000003e""}, ""depuis"": {""$date"": ""2026-02-07T02:42:00Z""}, ""nb_messages"": 0}, {""ami_id"": {""$oid"": ""000100000000000000000026""}, ""depuis"": {""$date"": ""2026-04-29T08:07:00Z""}, ""nb_messages"": 0}, {""ami_id"": {""$oid"": ""000100000000000000000001""}, ""depuis"": {""$date"": ""2026-05-10T12:56:00Z""}, ""nb_messages"": 15}, {""ami_id"": {""$oid"": ""000100000000000000000034""}, ""depuis"": {""$date"": ""2026-06-16T02:01:00Z""}, ""nb_messages"": 0}, {""ami_id"": {""$oid"": ""00010000000000000000004c""}, ""depuis"": {""$date"": ""2026-08-26T22:45:00Z""}, ""nb_messages"": 8}]";"000200000000000000000012;000200000000000000000018;000200000000000000000019;00020000000000000000001b";True;True;membre;
000100000000000000000083;USR-0131;moud_dla;;Moudio;Michelle;;Un cafe, un ordinateur, des projets.;Buea;Sud-Ouest;2026-01-07 05:35:00;27;F;employe;timide_reseau;histoire;"[{""ami_id"": {""$oid"": ""000100000000000000000078""}, ""depuis"": {""$date"": ""2026-02-22T06:39:00Z""}, ""nb_messages"": 0}, {""ami_id"": {""$oid"": ""000100000000000000000063""}, ""depuis"": {""$date"": ""2026-03-07T18:37:00Z""}, ""nb_messages"": 0}, {""ami_id"": {""$oid"": ""00010000000000000000007e""}, ""depuis"": {""$date"": ""2026-03-16T16:04:00Z""}, ""nb_messages"": 0}, {""ami_id"": {""$oid"": ""00010000000000000000004d""}, ""depuis"": {""$date"": ""2026-05-16T21:40:00Z""}, ""nb_messages"": 0}, {""ami_id"": {""$oid"": ""00010000000000000000000e""}, ""depuis"": {""$date"": ""2026-07-11T03:34:00Z""}, ""nb_messages"": 0}, {""ami_id"": {""$oid"": ""000100000000000000000084""}, ""depuis"": {""$date"": ""2026-07-20T09:26:00Z""}, ""nb_messages"": 0}, {""ami_id"": {""$oid"": ""00010000000000000000007a""}, ""depuis"": {""$date"": ""2026-09-25T10:39:00Z""}, ""nb_messages"": 0}]";;True;False;membre;
000100000000000000000084;USR-0132;tamba_dla;;Tamba;Gaelle;;Amoureux de la nature et de la musique.;Buea;Sud-Ouest;2023-07-08 12:43:00;33;F;employe;influenceur;voyage;"[{""ami_id"": {""$oid"": ""000100000000000000000056""}, ""depuis"": {""$date"": ""2024-01-30T13:23:00Z""}, ""nb_messages"": 0}, {""ami_id"": {""$oid"": ""000100000000000000000059""}, ""depuis"": {""$date"": ""2024-05-25T10:28:00Z""}, ""nb_messages"": 0}, {""ami_id"": {""$oid"": ""000100000000000000000003""}, ""depuis"": {""$date"": ""2024-12-07T15:35:00Z""}, ""nb_messages"": 8}, {""ami_id"": {""$oid"": ""000100000000000000000036""}, ""depuis"": {""$date"": ""2025-02-13T12:13:00Z""}, ""nb_messages"": 12}, {""ami_id"": {""$oid"": ""000100000000000000000042""}, ""depuis"": {""$date"": ""2025-05-16T00:17:00Z""}, ""nb_messages"": 0}, {""ami_id"": {""$oid"": ""000100000000000000000024""}, ""depuis"": {""$date"": ""2025-06-26T06:38:00Z""}, ""nb_messages"": 0}, {""ami_id"": {""$oid"": ""000100000000000000000017""}, ""depuis"": {""$date"": ""2025-07-02T12:30:00Z""}, ""nb_messages"": 0}, {""ami_id"": {""$oid"": ""000100000000000000000012""}, ""depuis"": {""$date"": ""2025-07-04T15:19:00Z""}, ""nb_messages"": 0}, {""ami_id"": {""$oid"": ""000100000000000000000086""}, ""depuis"": {""$date"": ""2025-07-26T18:43:00Z""}, ""nb_messages"": 0}, {""ami_id"": {""$oid"": ""000100000000000000000020""}, ""depuis"": {""$date"": ""2025-07-29T23:49:00Z""}, ""nb_messages"": 5}, {""ami_id"": {""$oid"": ""00010000000000000000008a""}, ""depuis"": {""$date"": ""2025-10-21T09:12:00Z""}, ""nb_messages"": 2}, {""ami_id"": {""$oid"": ""000100000000000000000014""}, ""depuis"": {""$date"": ""2025-10-28T22:34:00Z""}, ""nb_messages"": 0}, {""ami_id"": {""$oid"": ""000100000000000000000071""}, ""depuis"": {""$date"": ""2025-11-01T23:29:00Z""}, ""nb_messages"": 0}, {""ami_id"": {""$oid"": ""00010000000000000000005f""}, ""depuis"": {""$date"": ""2025-12-09T12:05:00Z""}, ""nb_messages"": 0}, {""ami_id"": {""$oid"": ""00010000000000000000005a""}, ""depuis"": {""$date"": ""2025-12-13T05:50:00Z""}, ""nb_messages"": 0}, {""ami_id"": {""$oid"": ""00010000000000000000006b""}, ""depuis"": {""$date"": ""2025-12-24T20:00:00Z""}, ""nb_messages"": 0}, {""ami_id"": {""$oid"": ""000100000000000000000096""}, ""depuis"": {""$date"": ""2026-01-17T14:29:00Z""}, ""nb_messages"": 0}, {""ami_id"": {""$oid"": ""000100000000000000000022""}, ""depuis"": {""$date"": ""2026-01-20T22:59:00Z""}, ""nb_messages"": 0}, {""ami_id"": {""$oid"": ""00010000000000000000007e""}, ""depuis"": {""$date"": ""2026-02-11T04:59:00Z""}, ""nb_messages"": 0}, {""ami_id"": {""$oid"": ""000100000000000000000035""}, ""depuis"": {""$date"": ""2026-02-16T08:59:00Z""}, ""nb_messages"": 0}, {""ami_id"": {""$oid"": ""00010000000000000000007f""}, ""depuis"": {""$date"": ""2026-03-03T16:56:00Z""}, ""nb_messages"": 0}, {""ami_id"": {""$oid"": ""000100000000000000000041""}, ""depuis"": {""$date"": ""2026-03-11T02:45:00Z""}, ""nb_messages"": 0}, {""ami_id"": {""$oid"": ""00010000000000000000004c""}, ""depuis"": {""$date"": ""2026-04-13T13:23:00Z""}, ""nb_messages"": 5}, {""ami_id"": {""$oid"": ""000100000000000000000028""}, ""depuis"": {""$date"": ""2026-05-11T17:16:00Z""}, ""nb_messages"": 0}, {""ami_id"": {""$oid"": ""00010000000000000000002b""}, ""depuis"": {""$date"": ""2026-05-24T09:17:00Z""}, ""nb_messages"": 3}, {""ami_id"": {""$oid"": ""00010000000000000000008b""}, ""depuis"": {""$date"": ""2026-06-05T21:29:00Z""}, ""nb_messages"": 4}, {""ami_id"": {""$oid"": ""000100000000000000000043""}, ""depuis"": {""$date"": ""2026-06-13T08:56:00Z""}, ""nb_messages"": 14}, {""ami_id"": {""$oid"": ""000100000000000000000072""}, ""depuis"": {""$date"": ""2026-07-13T17:01:00Z""}, ""nb_messages"": 0}, {""ami_id"": {""$oid"": ""000100000000000000000083""}, ""depuis"": {""$date"": ""2026-07-20T09:26:00Z""}, ""nb_messages"": 0}, {""ami_id"": {""$oid"": ""00010000000000000000002a""}, ""depuis"": {""$date"": ""2026-08-01T07:45:00Z""}, ""nb_messages"": 0}, {""ami_id"": {""$oid"": ""00010000000000000000008e""}, ""depuis"": {""$date"": ""2026-08-16T02:58:00Z""}, ""nb_messages"": 0}, {""ami_id"": {""$oid"": ""00010000000000000000004a""}, ""depuis"": {""$date"": ""2026-09-21T01:42:00Z""}, ""nb_messages"": 0}, {""ami_id"": {""$oid"": ""000100000000000000000081""}, ""depuis"": {""$date"": ""2026-09-27T19:58:00Z""}, ""nb_messages"": 0}]";"000200000000000000000007;00020000000000000000000a;000200000000000000000015;00020000000000000000001a";True;True;membre;
000100000000000000000085;USR-0133;bessala_237;;Bessala;Serge;;Photographe amateur et marcheur invetere.;Buea;Sud-Ouest;2023-05-14 22:20:00;51;M;employe;normal;education;"[{""ami_id"": {""$oid"": ""000100000000000000000029""}, ""depuis"": {""$date"": ""2023-12-29T01:01:00Z""}, ""nb_messages"": 0}, {""ami_id"": {""$oid"": ""000100000000000000000003""}, ""depuis"": {""$date"": ""2024-05-29T04:14:00Z""}, ""nb_messages"": 0}, {""ami_id"": {""$oid"": ""000100000000000000000022""}, ""depuis"": {""$date"": ""2024-07-11T09:34:00Z""}, ""nb_messages"": 0}, {""ami_id"": {""$oid"": ""00010000000000000000006d""}, ""depuis"": {""$date"": ""2024-09-30T01:38:00Z""}, ""nb_messages"": 8}, {""ami_id"": {""$oid"": ""000100000000000000000037""}, ""depuis"": {""$date"": ""2025-05-14T06:26:00Z""}, ""nb_messages"": 0}, {""ami_id"": {""$oid"": ""000100000000000000000086""}, ""depuis"": {""$date"": ""2025-05-30T05:37:00Z""}, ""nb_messages"": 0}, {""ami_id"": {""$oid"": ""000100000000000000000015""}, ""depuis"": {""$date"": ""2025-09-06T19:50:00Z""}, ""nb_messages"": 0}, {""ami_id"": {""$oid"": ""00010000000000000000007b""}, ""depuis"": {""$date"": ""2025-09-25T13:47:00Z""}, ""nb_messages"": 0}, {""ami_id"": {""$oid"": ""000100000000000000000065""}, ""depuis"": {""$date"": ""2025-10-24T00:48:00Z""}, ""nb_messages"": 0}, {""ami_id"": {""$oid"": ""000100000000000000000033""}, ""depuis"": {""$date"": ""2025-11-04T20:31:00Z""}, ""nb_messages"": 0}, {""ami_id"": {""$oid"": ""000100000000000000000089""}, ""depuis"": {""$date"": ""2025-11-06T18:36:00Z""}, ""nb_messages"": 0}, {""ami_id"": {""$oid"": ""000100000000000000000054""}, ""depuis"": {""$date"": ""2026-01-18T22:32:00Z""}, ""nb_messages"": 0}, {""ami_id"": {""$oid"": ""00010000000000000000002b""}, ""depuis"": {""$date"": ""2026-01-27T16:53:00Z""}, ""nb_messages"": 10}, {""ami_id"": {""$oid"": ""000100000000000000000096""}, ""depuis"": {""$date"": ""2026-01-30T11:53:00Z""}, ""nb_messages"": 0}, {""ami_id"": {""$oid"": ""000100000000000000000064""}, ""depuis"": {""$date"": ""2026-02-18T00:00:00Z""}, ""nb_messages"": 0}, {""ami_id"": {""$oid"": ""00010000000000000000005e""}, ""depuis"": {""$date"": ""2026-08-28T11:27:00Z""}, ""nb_messages"": 0}, {""ami_id"": {""$oid"": ""00010000000000000000001e""}, ""depuis"": {""$date"": ""2026-09-11T02:03:00Z""}, ""nb_messages"": 0}, {""ami_id"": {""$oid"": ""000100000000000000000057""}, ""depuis"": {""$date"": ""2026-09-28T11:19:00Z""}, ""nb_messages"": 0}]";"000200000000000000000009;00020000000000000000000e;000200000000000000000012;000200000000000000000014;00020000000000000000001e";True;False;membre;
000100000000000000000086;USR-0134;ottou_237;;Ottou;Alain;;Ici pour partager de bons moments.;Buea;Sud-Ouest;2024-05-07 11:38:00;48;M;employe;influenceur;"nature;foi;histoire";"[{""ami_id"": {""$oid"": ""00010000000000000000002a""}, ""depuis"": {""$date"": ""2024-06-12T19:44:00Z""}, ""nb_messages"": 0}, {""ami_id"": {""$oid"": ""00010000000000000000007f""}, ""depuis"": {""$date"": ""2024-07-08T11:02:00Z""}, ""nb_messages"": 0}, {""ami_id"": {""$oid"": ""00010000000000000000005b""}, ""depuis"": {""$date"": ""2024-08-12T05:42:00Z""}, ""nb_messages"": 0}, {""ami_id"": {""$oid"": ""000100000000000000000055""}, ""depuis"": {""$date"": ""2024-09-10T02:34:00Z""}, ""nb_messages"": 3}, {""ami_id"": {""$oid"": ""000100000000000000000022""}, ""depuis"": {""$date"": ""2024-12-23T21:26:00Z""}, ""nb_messages"": 0}, {""ami_id"": {""$oid"": ""000100000000000000000059""}, ""depuis"": {""$date"": ""2025-03-16T00:53:00Z""}, ""nb_messages"": 0}, {""ami_id"": {""$oid"": ""000100000000000000000085""}, ""depuis"": {""$date"": ""2025-05-30T05:37:00Z""}, ""nb_messages"": 0}, {""ami_id"": {""$oid"": ""00010000000000000000008e""}, ""depuis"": {""$date"": ""2025-06-27T23:43:00Z""}, ""nb_messages"": 0}, {""ami_id"": {""$oid"": ""000100000000000000000084""}, ""depuis"": {""$date"": ""2025-07-26T18:43:00Z""}, ""nb_messages"": 0}, {""ami_id"": {""$oid"": ""000100000000000000000073""}, ""depuis"": {""$date"": ""2025-08-24T13:14:00Z""}, ""nb_messages"": 0}, {""ami_id"": {""$oid"": ""000100000000000000000001""}, ""depuis"": {""$date"": ""2025-10-05T02:17:00Z""}, ""nb_messages"": 13}, {""ami_id"": {""$oid"": ""000100000000000000000014""}, ""depuis"": {""$date"": ""2025-10-16T17:40:00Z""}, ""nb_messages"": 0}, {""ami_id"": {""$oid"": ""000100000000000000000009""}, ""depuis"": {""$date"": ""2025-10-24T04:34:00Z""}, ""nb_messages"": 0}, {""ami_id"": {""$oid"": ""000100000000000000000041""}, ""depuis"": {""$date"": ""2025-12-06T22:20:00Z""}, ""nb_messages"": 0}, {""ami_id"": {""$oid"": ""000100000000000000000004""}, ""depuis"": {""$date"": ""2025-12-11T17:53:00Z""}, ""nb_messages"": 0}, {""ami_id"": {""$oid"": ""000100000000000000000020""}, ""depuis"": {""$date"": ""2026-01-30T17:55:00Z""}, ""nb_messages"": 0}, {""ami_id"": {""$oid"": ""000100000000000000000036""}, ""depuis"": {""$date"": ""2026-04-04T20:44:00Z""}, ""nb_messages"": 0}, {""ami_id"": {""$oid"": ""000100000000000000000042""}, ""depuis"": {""$date"": ""2026-04-07T15:08:00Z""}, ""nb_messages"": 0}, {""ami_id"": {""$oid"": ""000100000000000000000035""}, ""depuis"": {""$date"": ""2026-05-06T17:55:00Z""}, ""nb_messages"": 0}, {""ami_id"": {""$oid"": ""000100000000000000000043""}, ""depuis"": {""$date"": ""2026-05-11T07:13:00Z""}, ""nb_messages"": 0}, {""ami_id"": {""$oid"": ""000100000000000000000024""}, ""depuis"": {""$date"": ""2026-05-28T16:38:00Z""}, ""nb_messages"": 0}, {""ami_id"": {""$oid"": ""00010000000000000000006b""}, ""depuis"": {""$date"": ""2026-06-02T13:37:00Z""}, ""nb_messages"": 0}, {""ami_id"": {""$oid"": ""00010000000000000000007e""}, ""depuis"": {""$date"": ""2026-06-06T23:29:00Z""}, ""nb_messages"": 0}, {""ami_id"": {""$oid"": ""00010000000000000000003e""}, ""depuis"": {""$date"": ""2026-07-15T19:00:00Z""}, ""nb_messages"": 0}, {""ami_id"": {""$oid"": ""000100000000000000000030""}, ""depuis"": {""$date"": ""2026-08-17T00:16:00Z""}, ""nb_messages"": 0}, {""ami_id"": {""$oid"": ""000100000000000000000028""}, ""depuis"": {""$date"": ""2026-09-04T09:28:00Z""}, ""nb_messages"": 0}, {""ami_id"": {""$oid"": ""000100000000000000000039""}, ""depuis"": {""$date"": ""2026-09-05T05:27:00Z""}, ""nb_messages"": 0}, {""ami_id"": {""$oid"": ""000100000000000000000081""}, ""depuis"": {""$date"": ""2026-09-10T10:03:00Z""}, ""nb_messages"": 0}, {""ami_id"": {""$oid"": ""000100000000000000000034""}, ""depuis"": {""$date"": ""2026-09-13T05:24:00Z""}, ""nb_messages"": 0}]";"000200000000000000000003;000200000000000000000004;000200000000000000000005;000200000000000000000007;000200000000000000000009;00020000000000000000000e;000200000000000000000018;000200000000000000000019;00020000000000000000001a;00020000000000000000001b;00020000000000000000001e";False;True;membre;
000100000000000000000087;USR-0135;fouda_237;;Fouda;Grace;;Toujours en train d'apprendre quelque chose.;Yaounde;Centre;2025-03-15 20:14:00;71;F;retraite;normal;education;"[{""ami_id"": {""$oid"": ""00010000000000000000006d""}, ""depuis"": {""$date"": ""2025-03-17T20:06:00Z""}, ""nb_messages"": 0}, {""ami_id"": {""$oid"": ""000100000000000000000047""}, ""depuis"": {""$date"": ""2025-06-13T09:46:00Z""}, ""nb_messages"": 0}, {""ami_id"": {""$oid"": ""000100000000000000000065""}, ""depuis"": {""$date"": ""2025-09-08T03:08:00Z""}, ""nb_messages"": 0}, {""ami_id"": {""$oid"": ""000100000000000000000056""}, ""depuis"": {""$date"": ""2025-09-25T02:59:00Z""}, ""nb_messages"": 0}, {""ami_id"": {""$oid"": ""000100000000000000000012""}, ""depuis"": {""$date"": ""2026-01-23T16:46:00Z""}, ""nb_messages"": 0}, {""ami_id"": {""$oid"": ""000100000000000000000016""}, ""depuis"": {""$date"": ""2026-03-01T18:14:00Z""}, ""nb_messages"": 0}, {""ami_id"": {""$oid"": ""000100000000000000000022""}, ""depuis"": {""$date"": ""2026-05-11T09:34:00Z""}, ""nb_messages"": 0}, {""ami_id"": {""$oid"": ""00010000000000000000005e""}, ""depuis"": {""$date"": ""2026-05-17T19:52:00Z""}, ""nb_messages"": 0}, {""ami_id"": {""$oid"": ""00010000000000000000006c""}, ""depuis"": {""$date"": ""2026-05-24T05:59:00Z""}, ""nb_messages"": 0}, {""ami_id"": {""$oid"": ""00010000000000000000007a""}, ""depuis"": {""$date"": ""2026-05-24T10:43:00Z""}, ""nb_messages"": 5}, {""ami_id"": {""$oid"": ""000100000000000000000060""}, ""depuis"": {""$date"": ""2026-06-04T03:52:00Z""}, ""nb_messages"": 0}, {""ami_id"": {""$oid"": ""00010000000000000000007f""}, ""depuis"": {""$date"": ""2026-06-09T05:16:00Z""}, ""nb_messages"": 0}, {""ami_id"": {""$oid"": ""000100000000000000000089""}, ""depuis"": {""$date"": ""2026-06-13T02:51:00Z""}, ""nb_messages"": 0}, {""ami_id"": {""$oid"": ""000100000000000000000073""}, ""depuis"": {""$date"": ""2026-07-12T06:58:00Z""}, ""nb_messages"": 0}, {""ami_id"": {""$oid"": ""00010000000000000000002c""}, ""depuis"": {""$date"": ""2026-07-30T01:13:00Z""}, ""nb_messages"": 0}]";"000200000000000000000004;000200000000000000000006;000200000000000000000007;000200000000000000000008;00020000000000000000000d;00020000000000000000000e;000200000000000000000018;000200000000000000000019;00020000000000000000001a;00020000000000000000001b;00020000000000000000001d";True;True;membre;
000100000000000000000088;USR-0136;menye_237;;Menye;Joelle;;Etudiant le jour, reveur la nuit.;Bertoua;Est;2023-11-01 22:39:00;74;F;retraite;normal;"histoire;education;voyage";"[{""ami_id"": {""$oid"": ""00010000000000000000001b""}, ""depuis"": {""$date"": ""2024-07-22T10:51:00Z""}, ""nb_messages"": 13}, {""ami_id"": {""$oid"": ""00010000000000000000006c""}, ""depuis"": {""$date"": ""2025-01-15T01:36:00Z""}, ""nb_messages"": 0}, {""ami_id"": {""$oid"": ""000100000000000000000023""}, ""depuis"": {""$date"": ""2025-11-22T03:26:00Z""}, ""nb_messages"": 0}, {""ami_id"": {""$oid"": ""00010000000000000000000b""}, ""depuis"": {""$date"": ""2026-03-11T07:04:00Z""}, ""nb_messages"": 0}, {""ami_id"": {""$oid"": ""00010000000000000000004e""}, ""depuis"": {""$date"": ""2026-03-24T17:32:00Z""}, ""nb_messages"": 0}, {""ami_id"": {""$oid"": ""000100000000000000000028""}, ""depuis"": {""$date"": ""2026-05-23T07:28:00Z""}, ""nb_messages"": 0}, {""ami_id"": {""$oid"": ""000100000000000000000043""}, ""depuis"": {""$date"": ""2026-07-25T07:26:00Z""}, ""nb_messages"": 0}, {""ami_id"": {""$oid"": ""000100000000000000000070""}, ""depuis"": {""$date"": ""2026-08-17T10:28:00Z""}, ""nb_messages"": 0}]";"000200000000000000000005;000200000000000000000007;00020000000000000000000b;00020000000000000000000e;000200000000000000000011;000200000000000000000012;000200000000000000000013;000200000000000000000014;00020000000000000000001a;00020000000000000000001b;00020000000000000000001e";False;False;membre;
000100000000000000000089;USR-0137;ndzana_dla;;Ndzana;Prisca;;Photographe amateur et marcheur invetere.;Douala;Littoral;2024-06-08 11:22:00;31;F;employe;normal;"productivite;technologie;nature";"[{""ami_id"": {""$oid"": ""000100000000000000000058""}, ""depuis"": {""$date"": ""2024-07-19T00:24:00Z""}, ""nb_messages"": 0}, {""ami_id"": {""$oid"": ""000100000000000000000001""}, ""depuis"": {""$date"": ""2024-07-28T16:39:00Z""}, ""nb_messages"": 11}, {""ami_id"": {""$oid"": ""000100000000000000000029""}, ""depuis"": {""$date"": ""2024-11-21T20:40:00Z""}, ""nb_messages"": 0}, {""ami_id"": {""$oid"": ""000100000000000000000052""}, ""depuis"": {""$date"": ""2024-12-05T21:51:00Z""}, ""nb_messages"": 0}, {""ami_id"": {""$oid"": ""00010000000000000000008e""}, ""depuis"": {""$date"": ""2024-12-08T05:46:00Z""}, ""nb_messages"": 10}, {""ami_id"": {""$oid"": ""000100000000000000000055""}, ""depuis"": {""$date"": ""2025-02-03T07:45:00Z""}, ""nb_messages"": 0}, {""ami_id"": {""$oid"": ""000100000000000000000061""}, ""depuis"": {""$date"": ""2025-05-23T10:07:00Z""}, ""nb_messages"": 0}, {""ami_id"": {""$oid"": ""000100000000000000000085""}, ""depuis"": {""$date"": ""2025-11-06T18:36:00Z""}, ""nb_messages"": 0}, {""ami_id"": {""$oid"": ""00010000000000000000008a""}, ""depuis"": {""$date"": ""2025-11-29T04:46:00Z""}, ""nb_messages"": 0}, {""ami_id"": {""$oid"": ""000100000000000000000065""}, ""depuis"": {""$date"": ""2026-01-08T22:48:00Z""}, ""nb_messages"": 0}, {""ami_id"": {""$oid"": ""000100000000000000000012""}, ""depuis"": {""$date"": ""2026-03-25T14:00:00Z""}, ""nb_messages"": 9}, {""ami_id"": {""$oid"": ""000100000000000000000005""}, ""depuis"": {""$date"": ""2026-04-22T05:02:00Z""}, ""nb_messages"": 0}, {""ami_id"": {""$oid"": ""00010000000000000000002b""}, ""depuis"": {""$date"": ""2026-04-29T09:37:00Z""}, ""nb_messages"": 0}, {""ami_id"": {""$oid"": ""000100000000000000000087""}, ""depuis"": {""$date"": ""2026-06-13T02:51:00Z""}, ""nb_messages"": 0}, {""ami_id"": {""$oid"": ""00010000000000000000007a""}, ""depuis"": {""$date"": ""2026-08-08T18:24:00Z""}, ""nb_messages"": 0}, {""ami_id"": {""$oid"": ""000100000000000000000028""}, ""depuis"": {""$date"": ""2026-08-09T01:40:00Z""}, ""nb_messages"": 0}, {""ami_id"": {""$oid"": ""000100000000000000000004""}, ""depuis"": {""$date"": ""2026-08-18T02:48:00Z""}, ""nb_messages"": 0}, {""ami_id"": {""$oid"": ""00010000000000000000005c""}, ""depuis"": {""$date"": ""2026-08-22T12:31:00Z""}, ""nb_messages"": 0}, {""ami_id"": {""$oid"": ""000100000000000000000033""}, ""depuis"": {""$date"": ""2026-09-23T21:47:00Z""}, ""nb_messages"": 0}, {""ami_id"": {""$oid"": ""000100000000000000000041""}, ""depuis"": {""$date"": ""2026-09-26T12:42:00Z""}, ""nb_messages"": 0}, {""ami_id"": {""$oid"": ""000100000000000000000096""}, ""depuis"": {""$date"": ""2026-09-26T16:04:00Z""}, ""nb_messages"": 10}]";"00020000000000000000001a;00020000000000000000001e";True;False;membre;
00010000000000000000008a;USR-0138;ayissi_237;;Ayissi;Wilfried;;Curieux de tout, expert en rien.;Yaounde;Centre;2025-09-01 06:22:00;23;M;ecolier / etudiant;normal;"education;technologie;foi";"[{""ami_id"": {""$oid"": ""000100000000000000000045""}, ""depuis"": {""$date"": ""2025-10-17T07:49:00Z""}, ""nb_messages"": 0}, {""ami_id"": {""$oid"": ""000100000000000000000084""}, ""depuis"": {""$date"": ""2025-10-21T09:12:00Z""}, ""nb_messages"": 2}, {""ami_id"": {""$oid"": ""000100000000000000000032""}, ""depuis"": {""$date"": ""2025-10-30T12:13:00Z""}, ""nb_messages"": 0}, {""ami_id"": {""$oid"": ""000100000000000000000089""}, ""depuis"": {""$date"": ""2025-11-29T04:46:00Z""}, ""nb_messages"": 0}, {""ami_id"": {""$oid"": ""00010000000000000000007f""}, ""depuis"": {""$date"": ""2025-12-25T08:07:00Z""}, ""nb_messages"": 0}, {""ami_id"": {""$oid"": ""00010000000000000000008c""}, ""depuis"": {""$date"": ""2026-01-09T21:15:00Z""}, ""nb_messages"": 10}, {""ami_id"": {""$oid"": ""00010000000000000000006c""}, ""depuis"": {""$date"": ""2026-02-22T05:55:00Z""}, ""nb_messages"": 0}, {""ami_id"": {""$oid"": ""000100000000000000000001""}, ""depuis"": {""$date"": ""2026-03-10T04:05:00Z""}, ""nb_messages"": 9}, {""ami_id"": {""$oid"": ""00010000000000000000005c""}, ""depuis"": {""$date"": ""2026-04-23T10:24:00Z""}, ""nb_messages"": 0}, {""ami_id"": {""$oid"": ""000100000000000000000013""}, ""depuis"": {""$date"": ""2026-04-23T11:41:00Z""}, ""nb_messages"": 0}, {""ami_id"": {""$oid"": ""00010000000000000000000f""}, ""depuis"": {""$date"": ""2026-05-17T10:25:00Z""}, ""nb_messages"": 12}, {""ami_id"": {""$oid"": ""000100000000000000000004""}, ""depuis"": {""$date"": ""2026-05-29T18:27:00Z""}, ""nb_messages"": 0}, {""ami_id"": {""$oid"": ""000100000000000000000072""}, ""depuis"": {""$date"": ""2026-07-19T12:54:00Z""}, ""nb_messages"": 0}, {""ami_id"": {""$oid"": ""00010000000000000000001d""}, ""depuis"": {""$date"": ""2026-08-05T12:26:00Z""}, ""nb_messages"": 0}]";"000200000000000000000004;000200000000000000000007;000200000000000000000019;00020000000000000000001a;00020000000000000000001b;00020000000000000000001d;00020000000000000000001e";True;False;membre;
00010000000000000000008b;USR-0139;messi_enspd;;Messi;Yannick;;Curieux de tout, expert en rien.;Douala;Littoral;2024-12-22 11:39:00;25;M;employe;normal;mode;"[{""ami_id"": {""$oid"": ""00010000000000000000008d""}, ""depuis"": {""$date"": ""2024-12-25T11:31:00Z""}, ""nb_messages"": 0}, {""ami_id"": {""$oid"": ""000100000000000000000076""}, ""depuis"": {""$date"": ""2025-03-16T13:33:00Z""}, ""nb_messages"": 12}, {""ami_id"": {""$oid"": ""000100000000000000000016""}, ""depuis"": {""$date"": ""2025-04-02T23:57:00Z""}, ""nb_messages"": 0}, {""ami_id"": {""$oid"": ""000100000000000000000072""}, ""depuis"": {""$date"": ""2025-07-12T08:23:00Z""}, ""nb_messages"": 5}, {""ami_id"": {""$oid"": ""000100000000000000000024""}, ""depuis"": {""$date"": ""2025-07-29T14:19:00Z""}, ""nb_messages"": 0}, {""ami_id"": {""$oid"": ""000100000000000000000065""}, ""depuis"": {""$date"": ""2025-08-13T10:12:00Z""}, ""nb_messages"": 13}, {""ami_id"": {""$oid"": ""000100000000000000000010""}, ""depuis"": {""$date"": ""2025-12-30T02:44:00Z""}, ""nb_messages"": 0}, {""ami_id"": {""$oid"": ""000100000000000000000062""}, ""depuis"": {""$date"": ""2026-01-06T03:11:00Z""}, ""nb_messages"": 0}, {""ami_id"": {""$oid"": ""000100000000000000000003""}, ""depuis"": {""$date"": ""2026-01-17T06:34:00Z""}, ""nb_messages"": 0}, {""ami_id"": {""$oid"": ""00010000000000000000006b""}, ""depuis"": {""$date"": ""2026-02-01T10:44:00Z""}, ""nb_messages"": 0}, {""ami_id"": {""$oid"": ""000100000000000000000096""}, ""depuis"": {""$date"": ""2026-02-11T17:52:00Z""}, ""nb_messages"": 0}, {""ami_id"": {""$oid"": ""000100000000000000000014""}, ""depuis"": {""$date"": ""2026-05-25T07:44:00Z""}, ""nb_messages"": 0}, {""ami_id"": {""$oid"": ""000100000000000000000043""}, ""depuis"": {""$date"": ""2026-06-01T13:07:00Z""}, ""nb_messages"": 0}, {""ami_id"": {""$oid"": ""000100000000000000000084""}, ""depuis"": {""$date"": ""2026-06-05T21:29:00Z""}, ""nb_messages"": 4}, {""ami_id"": {""$oid"": ""000100000000000000000053""}, ""depuis"": {""$date"": ""2026-07-07T20:59:00Z""}, ""nb_messages"": 0}, {""ami_id"": {""$oid"": ""000100000000000000000022""}, ""depuis"": {""$date"": ""2026-07-30T16:26:00Z""}, ""nb_messages"": 0}, {""ami_id"": {""$oid"": ""000100000000000000000081""}, ""depuis"": {""$date"": ""2026-08-10T10:54:00Z""}, ""nb_messages"": 14}, {""ami_id"": {""$oid"": ""00010000000000000000002e""}, ""depuis"": {""$date"": ""2026-08-13T09:35:00Z""}, ""nb_messages"": 0}, {""ami_id"": {""$oid"": ""00010000000000000000000a""}, ""depuis"": {""$date"": ""2026-08-15T14:12:00Z""}, ""nb_messages"": 0}, {""ami_id"": {""$oid"": ""00010000000000000000007f""}, ""depuis"": {""$date"": ""2026-09-13T15:26:00Z""}, ""nb_messages"": 0}]";000200000000000000000019;False;True;membre;
00010000000000000000008c;USR-0140;mba_enspd;;Mballa;Ange;;La vie est un voyage, profitez du trajet.;Bamenda;Nord-Ouest;2025-05-22 11:52:00;69;M;retraite;timide_reseau;mode;"[{""ami_id"": {""$oid"": ""000100000000000000000005""}, ""depuis"": {""$date"": ""2025-07-09T00:23:00Z""}, ""nb_messages"": 0}, {""ami_id"": {""$oid"": ""000100000000000000000024""}, ""depuis"": {""$date"": ""2025-07-20T12:08:00Z""}, ""nb_messages"": 14}, {""ami_id"": {""$oid"": ""000100000000000000000029""}, ""depuis"": {""$date"": ""2025-10-15T17:03:00Z""}, ""nb_messages"": 0}, {""ami_id"": {""$oid"": ""000100000000000000000062""}, ""depuis"": {""$date"": ""2025-12-27T05:02:00Z""}, ""nb_messages"": 0}, {""ami_id"": {""$oid"": ""00010000000000000000008a""}, ""depuis"": {""$date"": ""2026-01-09T21:15:00Z""}, ""nb_messages"": 10}, {""ami_id"": {""$oid"": ""000100000000000000000038""}, ""depuis"": {""$date"": ""2026-04-11T04:04:00Z""}, ""nb_messages"": 0}, {""ami_id"": {""$oid"": ""000100000000000000000059""}, ""depuis"": {""$date"": ""2026-08-27T17:28:00Z""}, ""nb_messages"": 0}]";"000200000000000000000003;000200000000000000000005;000200000000000000000007;00020000000000000000000b;00020000000000000000000e;000200000000000000000010;000200000000000000000019;00020000000000000000001a;00020000000000000000001b";True;True;membre;
00010000000000000000008d;USR-0141;ntsa_dla;;Ntsama;Arnaud;;Fier d'etre camerounais.;Douala;Littoral;2024-01-21 16:11:00;14;M;ecolier / etudiant;timide_reseau;mode;"[{""ami_id"": {""$oid"": ""000100000000000000000022""}, ""depuis"": {""$date"": ""2024-03-08T06:39:00Z""}, ""nb_messages"": 0}, {""ami_id"": {""$oid"": ""000100000000000000000003""}, ""depuis"": {""$date"": ""2024-03-21T06:41:00Z""}, ""nb_messages"": 0}, {""ami_id"": {""$oid"": ""00010000000000000000005b""}, ""depuis"": {""$date"": ""2024-04-13T11:56:00Z""}, ""nb_messages"": 0}, {""ami_id"": {""$oid"": ""00010000000000000000008b""}, ""depuis"": {""$date"": ""2024-12-25T11:31:00Z""}, ""nb_messages"": 0}, {""ami_id"": {""$oid"": ""000100000000000000000023""}, ""depuis"": {""$date"": ""2025-01-02T02:29:00Z""}, ""nb_messages"": 0}, {""ami_id"": {""$oid"": ""000100000000000000000001""}, ""depuis"": {""$date"": ""2025-09-02T20:10:00Z""}, ""nb_messages"": 11}, {""ami_id"": {""$oid"": ""00010000000000000000000d""}, ""depuis"": {""$date"": ""2026-06-09T02:23:00Z""}, ""nb_messages"": 0}, {""ami_id"": {""$oid"": ""000100000000000000000066""}, ""depuis"": {""$date"": ""2026-07-19T22:30:00Z""}, ""nb_messages"": 0}, {""ami_id"": {""$oid"": ""000100000000000000000081""}, ""depuis"": {""$date"": ""2026-08-23T01:05:00Z""}, ""nb_messages"": 10}]";"000200000000000000000012;00020000000000000000001b";False;False;membre;
00010000000000000000008e;USR-0142;beli_enspd;;Belinga;Grace;;Passionne par la vie et les belles rencontres.;Yaounde;Centre;2023-05-20 21:16:00;22;F;ecolier / etudiant;influenceur;"histoire;foi";"[{""ami_id"": {""$oid"": ""000100000000000000000059""}, ""depuis"": {""$date"": ""2024-04-15T00:33:00Z""}, ""nb_messages"": 0}, {""ami_id"": {""$oid"": ""000100000000000000000042""}, ""depuis"": {""$date"": ""2024-06-16T00:33:00Z""}, ""nb_messages"": 0}, {""ami_id"": {""$oid"": ""000100000000000000000047""}, ""depuis"": {""$date"": ""2024-11-02T03:00:00Z""}, ""nb_messages"": 0}, {""ami_id"": {""$oid"": ""000100000000000000000089""}, ""depuis"": {""$date"": ""2024-12-08T05:46:00Z""}, ""nb_messages"": 10}, {""ami_id"": {""$oid"": ""00010000000000000000005c""}, ""depuis"": {""$date"": ""2024-12-15T23:17:00Z""}, ""nb_messages"": 0}, {""ami_id"": {""$oid"": ""000100000000000000000076""}, ""depuis"": {""$date"": ""2024-12-21T08:47:00Z""}, ""nb_messages"": 0}, {""ami_id"": {""$oid"": ""000100000000000000000014""}, ""depuis"": {""$date"": ""2025-02-11T09:40:00Z""}, ""nb_messages"": 0}, {""ami_id"": {""$oid"": ""000100000000000000000063""}, ""depuis"": {""$date"": ""2025-03-19T02:48:00Z""}, ""nb_messages"": 0}, {""ami_id"": {""$oid"": ""000100000000000000000005""}, ""depuis"": {""$date"": ""2025-04-01T07:38:00Z""}, ""nb_messages"": 0}, {""ami_id"": {""$oid"": ""000100000000000000000012""}, ""depuis"": {""$date"": ""2025-06-05T13:29:00Z""}, ""nb_messages"": 0}, {""ami_id"": {""$oid"": ""000100000000000000000044""}, ""depuis"": {""$date"": ""2025-06-26T09:41:00Z""}, ""nb_messages"": 0}, {""ami_id"": {""$oid"": ""000100000000000000000086""}, ""depuis"": {""$date"": ""2025-06-27T23:43:00Z""}, ""nb_messages"": 0}, {""ami_id"": {""$oid"": ""000100000000000000000022""}, ""depuis"": {""$date"": ""2025-07-31T15:51:00Z""}, ""nb_messages"": 0}, {""ami_id"": {""$oid"": ""00010000000000000000006b""}, ""depuis"": {""$date"": ""2025-11-28T06:23:00Z""}, ""nb_messages"": 0}, {""ami_id"": {""$oid"": ""000100000000000000000036""}, ""depuis"": {""$date"": ""2026-02-07T03:01:00Z""}, ""nb_messages"": 0}, {""ami_id"": {""$oid"": ""000100000000000000000060""}, ""depuis"": {""$date"": ""2026-02-09T17:17:00Z""}, ""nb_messages"": 0}, {""ami_id"": {""$oid"": ""00010000000000000000007e""}, ""depuis"": {""$date"": ""2026-02-16T09:24:00Z""}, ""nb_messages"": 0}, {""ami_id"": {""$oid"": ""00010000000000000000002a""}, ""depuis"": {""$date"": ""2026-03-29T10:35:00Z""}, ""nb_messages"": 0}, {""ami_id"": {""$oid"": ""00010000000000000000004a""}, ""depuis"": {""$date"": ""2026-04-17T00:14:00Z""}, ""nb_messages"": 0}, {""ami_id"": {""$oid"": ""000100000000000000000081""}, ""depuis"": {""$date"": ""2026-04-19T23:54:00Z""}, ""nb_messages"": 0}, {""ami_id"": {""$oid"": ""000100000000000000000021""}, ""depuis"": {""$date"": ""2026-07-01T21:21:00Z""}, ""nb_messages"": 0}, {""ami_id"": {""$oid"": ""000100000000000000000073""}, ""depuis"": {""$date"": ""2026-07-05T07:44:00Z""}, ""nb_messages"": 0}, {""ami_id"": {""$oid"": ""000100000000000000000020""}, ""depuis"": {""$date"": ""2026-08-15T10:53:00Z""}, ""nb_messages"": 0}, {""ami_id"": {""$oid"": ""000100000000000000000084""}, ""depuis"": {""$date"": ""2026-08-16T02:58:00Z""}, ""nb_messages"": 0}, {""ami_id"": {""$oid"": ""000100000000000000000028""}, ""depuis"": {""$date"": ""2026-08-18T21:42:00Z""}, ""nb_messages"": 0}, {""ami_id"": {""$oid"": ""000100000000000000000043""}, ""depuis"": {""$date"": ""2026-09-07T18:40:00Z""}, ""nb_messages"": 0}, {""ami_id"": {""$oid"": ""00010000000000000000007f""}, ""depuis"": {""$date"": ""2026-09-08T16:38:00Z""}, ""nb_messages"": 0}, {""ami_id"": {""$oid"": ""00010000000000000000000b""}, ""depuis"": {""$date"": ""2026-09-13T15:58:00Z""}, ""nb_messages"": 0}, {""ami_id"": {""$oid"": ""000100000000000000000024""}, ""depuis"": {""$date"": ""2026-09-30T20:34:00Z""}, ""nb_messages"": 0}, {""ami_id"": {""$oid"": ""00010000000000000000004d""}, ""depuis"": {""$date"": ""2026-10-01T00:57:00Z""}, ""nb_messages"": 0}]";"000200000000000000000001;000200000000000000000002;000200000000000000000005;000200000000000000000009;000200000000000000000011;000200000000000000000018;000200000000000000000019;00020000000000000000001a;00020000000000000000001b";False;True;membre;
00010000000000000000008f;USR-0143;oyono_dla;;Oyono;Kevin;;Curieux de tout, expert en rien.;Bafoussam;Ouest;2024-03-19 21:28:00;21;M;ecolier / etudiant;timide_reseau;"productivite;nature;philosophie";"[{""ami_id"": {""$oid"": ""000100000000000000000017""}, ""depuis"": {""$date"": ""2024-12-15T00:07:00Z""}, ""nb_messages"": 0}, {""ami_id"": {""$oid"": ""000100000000000000000036""}, ""depuis"": {""$date"": ""2025-01-21T21:21:00Z""}, ""nb_messages"": 0}, {""ami_id"": {""$oid"": ""000100000000000000000001""}, ""depuis"": {""$date"": ""2025-03-06T18:02:00Z""}, ""nb_messages"": 12}, {""ami_id"": {""$oid"": ""00010000000000000000001f""}, ""depuis"": {""$date"": ""2025-05-02T10:42:00Z""}, ""nb_messages"": 6}]";"000200000000000000000007;000200000000000000000019;00020000000000000000001a;00020000000000000000001b";True;True;membre;
000100000000000000000090;USR-0144;ndjodo_dla;;Ndjodo;Eric;;Amoureux de la nature et de la musique.;Yaounde;Centre;2024-07-17 03:51:00;24;M;employe;timide_reseau;"education;nature;philosophie";"[{""ami_id"": {""$oid"": ""00010000000000000000006e""}, ""depuis"": {""$date"": ""2026-02-23T19:05:00Z""}, ""nb_messages"": 0}, {""ami_id"": {""$oid"": ""000100000000000000000002""}, ""depuis"": {""$date"": ""2026-05-24T06:19:00Z""}, ""nb_messages"": 0}, {""ami_id"": {""$oid"": ""000100000000000000000037""}, ""depuis"": {""$date"": ""2026-07-13T15:34:00Z""}, ""nb_messages"": 0}, {""ami_id"": {""$oid"": ""000100000000000000000024""}, ""depuis"": {""$date"": ""2026-08-27T22:58:00Z""}, ""nb_messages"": 0}]";"000200000000000000000007;000200000000000000000008;000200000000000000000018;00020000000000000000001a";True;False;membre;
000100000000000000000091;USR-0145;ass_237;;Assiga;Daniel;;Fier d'etre camerounais.;Bafoussam;Ouest;2024-08-02 17:50:00;79;M;retraite;timide_reseau;"histoire;mode";"[{""ami_id"": {""$oid"": ""000100000000000000000044""}, ""depuis"": {""$date"": ""2024-10-14T04:08:00Z""}, ""nb_messages"": 0}, {""ami_id"": {""$oid"": ""000100000000000000000006""}, ""depuis"": {""$date"": ""2025-09-10T11:15:00Z""}, ""nb_messages"": 0}, {""ami_id"": {""$oid"": ""000100000000000000000049""}, ""depuis"": {""$date"": ""2025-10-26T04:14:00Z""}, ""nb_messages"": 13}, {""ami_id"": {""$oid"": ""000100000000000000000060""}, ""depuis"": {""$date"": ""2026-02-05T21:50:00Z""}, ""nb_messages"": 0}, {""ami_id"": {""$oid"": ""000100000000000000000095""}, ""depuis"": {""$date"": ""2026-02-24T15:25:00Z""}, ""nb_messages"": 0}, {""ami_id"": {""$oid"": ""000100000000000000000041""}, ""depuis"": {""$date"": ""2026-03-09T23:55:00Z""}, ""nb_messages"": 0}, {""ami_id"": {""$oid"": ""000100000000000000000072""}, ""depuis"": {""$date"": ""2026-07-22T22:46:00Z""}, ""nb_messages"": 6}]";"000200000000000000000002;000200000000000000000007;00020000000000000000001a;00020000000000000000001b";False;True;membre;
000100000000000000000092;USR-0146;obam_enspd;;Obam;Alain;;Curieux de tout, expert en rien.;Douala;Littoral;2025-03-17 18:07:00;14;M;ecolier / etudiant;normal;"voyage;histoire";"[{""ami_id"": {""$oid"": ""000100000000000000000013""}, ""depuis"": {""$date"": ""2025-03-29T11:14:00Z""}, ""nb_messages"": 0}, {""ami_id"": {""$oid"": ""00010000000000000000001e""}, ""depuis"": {""$date"": ""2025-08-07T22:45:00Z""}, ""nb_messages"": 0}, {""ami_id"": {""$oid"": ""00010000000000000000005a""}, ""depuis"": {""$date"": ""2026-02-12T22:13:00Z""}, ""nb_messages"": 0}, {""ami_id"": {""$oid"": ""00010000000000000000000b""}, ""depuis"": {""$date"": ""2026-02-18T23:47:00Z""}, ""nb_messages"": 0}, {""ami_id"": {""$oid"": ""00010000000000000000004d""}, ""depuis"": {""$date"": ""2026-03-08T06:21:00Z""}, ""nb_messages"": 0}, {""ami_id"": {""$oid"": ""000100000000000000000077""}, ""depuis"": {""$date"": ""2026-04-14T09:02:00Z""}, ""nb_messages"": 0}, {""ami_id"": {""$oid"": ""000100000000000000000095""}, ""depuis"": {""$date"": ""2026-04-15T08:09:00Z""}, ""nb_messages"": 0}, {""ami_id"": {""$oid"": ""000100000000000000000007""}, ""depuis"": {""$date"": ""2026-05-25T11:47:00Z""}, ""nb_messages"": 0}, {""ami_id"": {""$oid"": ""00010000000000000000004c""}, ""depuis"": {""$date"": ""2026-07-15T09:59:00Z""}, ""nb_messages"": 0}, {""ami_id"": {""$oid"": ""000100000000000000000012""}, ""depuis"": {""$date"": ""2026-09-27T11:53:00Z""}, ""nb_messages"": 0}]";"000200000000000000000002;000200000000000000000007;00020000000000000000000b;000200000000000000000012;000200000000000000000019;00020000000000000000001a;00020000000000000000001b;00020000000000000000001e";True;False;membre;
000100000000000000000093;USR-0147;nyem_dla;;Nyemeck;Landry;;Un cafe, un ordinateur, des projets.;Kribi;Sud;2025-02-27 02:04:00;23;M;ecolier / etudiant;normal;"histoire;foi;education";"[{""ami_id"": {""$oid"": ""000100000000000000000075""}, ""depuis"": {""$date"": ""2025-04-27T05:00:00Z""}, ""nb_messages"": 0}, {""ami_id"": {""$oid"": ""000100000000000000000076""}, ""depuis"": {""$date"": ""2025-04-29T12:29:00Z""}, ""nb_messages"": 5}, {""ami_id"": {""$oid"": ""000100000000000000000001""}, ""depuis"": {""$date"": ""2025-05-01T16:52:00Z""}, ""nb_messages"": 11}, {""ami_id"": {""$oid"": ""000100000000000000000051""}, ""depuis"": {""$date"": ""2025-08-02T06:36:00Z""}, ""nb_messages"": 0}, {""ami_id"": {""$oid"": ""000100000000000000000044""}, ""depuis"": {""$date"": ""2025-10-17T07:45:00Z""}, ""nb_messages"": 0}, {""ami_id"": {""$oid"": ""000100000000000000000043""}, ""depuis"": {""$date"": ""2026-06-01T11:00:00Z""}, ""nb_messages"": 0}, {""ami_id"": {""$oid"": ""000100000000000000000060""}, ""depuis"": {""$date"": ""2026-07-14T02:19:00Z""}, ""nb_messages"": 0}, {""ami_id"": {""$oid"": ""000100000000000000000028""}, ""depuis"": {""$date"": ""2026-09-05T14:09:00Z""}, ""nb_messages"": 0}]";"000200000000000000000007;000200000000000000000011;00020000000000000000001b";True;True;membre;
000100000000000000000094;USR-0148;bayiha_dla;;Bayiha;Hans;;Passionne par la vie et les belles rencontres.;Bafoussam;Ouest;2025-07-16 06:24:00;20;M;ecolier / etudiant;timide_reseau;"education;aventure";"[{""ami_id"": {""$oid"": ""000100000000000000000095""}, ""depuis"": {""$date"": ""2025-08-18T14:04:00Z""}, ""nb_messages"": 0}, {""ami_id"": {""$oid"": ""000100000000000000000070""}, ""depuis"": {""$date"": ""2025-08-21T22:34:00Z""}, ""nb_messages"": 0}, {""ami_id"": {""$oid"": ""000100000000000000000041""}, ""depuis"": {""$date"": ""2026-04-19T00:14:00Z""}, ""nb_messages"": 0}]";"000200000000000000000004;000200000000000000000007;000200000000000000000008;000200000000000000000009;00020000000000000000000b;00020000000000000000000c;00020000000000000000000e;00020000000000000000000f;000200000000000000000011;000200000000000000000012;000200000000000000000015;000200000000000000000016;000200000000000000000019;00020000000000000000001a;00020000000000000000001c;00020000000000000000001e";False;False;membre;
000100000000000000000095;USR-0149;nkodo_dla;;Nkodo;Prisca;;Amoureux de la nature et de la musique.;Douala;Littoral;2023-02-19 01:02:00;46;F;employe;timide_reseau;"nature;aventure;productivite";"[{""ami_id"": {""$oid"": ""000100000000000000000094""}, ""depuis"": {""$date"": ""2025-08-18T14:04:00Z""}, ""nb_messages"": 0}, {""ami_id"": {""$oid"": ""000100000000000000000091""}, ""depuis"": {""$date"": ""2026-02-24T15:25:00Z""}, ""nb_messages"": 0}, {""ami_id"": {""$oid"": ""000100000000000000000092""}, ""depuis"": {""$date"": ""2026-04-15T08:09:00Z""}, ""nb_messages"": 0}, {""ami_id"": {""$oid"": ""000100000000000000000038""}, ""depuis"": {""$date"": ""2026-07-22T09:22:00Z""}, ""nb_messages"": 0}]";;True;True;membre;
000100000000000000000096;USR-0150;evina_enspd;;Evina;Ulrich;;Passionne par la vie et les belles rencontres.;Buea;Sud-Ouest;2026-01-01 09:12:00;22;M;ecolier / etudiant;normal;histoire;"[{""ami_id"": {""$oid"": ""000100000000000000000012""}, ""depuis"": {""$date"": ""2026-01-06T21:44:00Z""}, ""nb_messages"": 0}, {""ami_id"": {""$oid"": ""000100000000000000000084""}, ""depuis"": {""$date"": ""2026-01-17T14:29:00Z""}, ""nb_messages"": 0}, {""ami_id"": {""$oid"": ""000100000000000000000085""}, ""depuis"": {""$date"": ""2026-01-30T11:53:00Z""}, ""nb_messages"": 0}, {""ami_id"": {""$oid"": ""00010000000000000000008b""}, ""depuis"": {""$date"": ""2026-02-11T17:52:00Z""}, ""nb_messages"": 0}, {""ami_id"": {""$oid"": ""000100000000000000000021""}, ""depuis"": {""$date"": ""2026-03-09T23:56:00Z""}, ""nb_messages"": 0}, {""ami_id"": {""$oid"": ""000100000000000000000081""}, ""depuis"": {""$date"": ""2026-03-17T20:08:00Z""}, ""nb_messages"": 2}, {""ami_id"": {""$oid"": ""00010000000000000000000a""}, ""depuis"": {""$date"": ""2026-03-29T05:21:00Z""}, ""nb_messages"": 12}, {""ami_id"": {""$oid"": ""000100000000000000000022""}, ""depuis"": {""$date"": ""2026-05-05T06:06:00Z""}, ""nb_messages"": 0}, {""ami_id"": {""$oid"": ""000100000000000000000029""}, ""depuis"": {""$date"": ""2026-06-18T03:35:00Z""}, ""nb_messages"": 0}, {""ami_id"": {""$oid"": ""00010000000000000000005a""}, ""depuis"": {""$date"": ""2026-06-20T09:54:00Z""}, ""nb_messages"": 0}, {""ami_id"": {""$oid"": ""000100000000000000000004""}, ""depuis"": {""$date"": ""2026-07-09T14:04:00Z""}, ""nb_messages"": 8}, {""ami_id"": {""$oid"": ""000100000000000000000019""}, ""depuis"": {""$date"": ""2026-07-19T22:54:00Z""}, ""nb_messages"": 0}, {""ami_id"": {""$oid"": ""00010000000000000000007f""}, ""depuis"": {""$date"": ""2026-07-30T04:30:00Z""}, ""nb_messages"": 10}, {""ami_id"": {""$oid"": ""00010000000000000000007a""}, ""depuis"": {""$date"": ""2026-08-07T12:31:00Z""}, ""nb_messages"": 0}, {""ami_id"": {""$oid"": ""000100000000000000000066""}, ""depuis"": {""$date"": ""2026-08-11T06:27:00Z""}, ""nb_messages"": 0}, {""ami_id"": {""$oid"": ""000100000000000000000080""}, ""depuis"": {""$date"": ""2026-08-12T20:24:00Z""}, ""nb_messages"": 11}, {""ami_id"": {""$oid"": ""000100000000000000000010""}, ""depuis"": {""$date"": ""2026-08-17T19:27:00Z""}, ""nb_messages"": 0}, {""ami_id"": {""$oid"": ""000100000000000000000062""}, ""depuis"": {""$date"": ""2026-08-28T09:58:00Z""}, ""nb_messages"": 0}, {""ami_id"": {""$oid"": ""000100000000000000000039""}, ""depuis"": {""$date"": ""2026-09-16T02:32:00Z""}, ""nb_messages"": 0}, {""ami_id"": {""$oid"": ""000100000000000000000075""}, ""depuis"": {""$date"": ""2026-09-24T14:40:00Z""}, ""nb_messages"": 0}, {""ami_id"": {""$oid"": ""000100000000000000000089""}, ""depuis"": {""$date"": ""2026-09-26T16:04:00Z""}, ""nb_messages"": 10}, {""ami_id"": {""$oid"": ""00010000000000000000001c""}, ""depuis"": {""$date"": ""2026-09-29T20:46:00Z""}, ""nb_messages"": 0}]";"000200000000000000000006;000200000000000000000007;000200000000000000000009;00020000000000000000000f;000200000000000000000015;000200000000000000000018;000200000000000000000019;00020000000000000000001a;00020000000000000000001b;00020000000000000000001c";True;True;membre;
